,Unnamed: 0,id,username,created_at,note,followers_count,following_count,statuses_count
13,13,106991,GeorgiaLogCabin,2016-12-07T01:27:58.000Z,"you don't have to be from georgia to follow us! news for conservative, libertarian, independent & moderate gay, lesbian & straight republicans #gagop #gapol",14113,6762,18325
61,61,101026,BardParker,2016-12-01T20:55:41.000Z,"i'm guessing that if you don't put something here it's set up to put something here for you, and if you don't want a machine or tech support speaking for you, you should fill this space.",7388,5063,460471
94,94,1086855,JoeMengele67,2019-04-25T16:03:59.000Z,"i am a proud national socialist. ""and the scales were lifted from my eyes.""- adolf hitler. i challenge all white men and women to take up the vengeful sword of the one true god and fight with me against the filthy evil jew and his minions. read: john 8:44. meine ehre hei t treue! 14/88. us navy vet, husband, father and grandpa. my pronouns are fuck you, you degenerate trash. friends, let's not beat around the bush anymore; hitler was admittedly a protestant christian and always will be.",1219,1049,17268
242,242,1109113,Death2TheLeft,2019-05-16T17:13:02.000Z,i like long walks in the woods and jewish expulsions. dark humor parody account rife with edgy antisemitisms and racial bantery. or is it,2677,3276,110081
284,284,1105452,danthemason,2019-05-12T23:38:00.000Z,justice can t be rooted in falsehoodfreedom is non-negotiablethere is objective reality.evil exists.strive for testicular fortitudeachieve pragmatic intelligencedanthemason.com,4527,9230,12531
288,288,101857,SpatialRecognition,2016-12-03T20:25:36.000Z,former pro musicianfringe,1108,1140,110
444,444,1132426,Moonshadow312,2019-06-13T01:20:27.000Z,proudly banned from multiple social media platforms.,1663,2500,2819
479,479,1060065,Jonah210,2019-03-22T19:28:16.000Z,"i am just an average guy who has had his eyes open to the truth, or at least some of it. everything i've ever believed about my country, my world, my species is up for debate. i worship no graven images, no false idols and no human beings, no political parties and no ideologies.",789,1709,7017
499,499,1014484,kirkcp,2019-03-04T21:05:05.000Z,"our people will know peace when the sons of europe raise the dragon against the state of israel and it's international co-conspirators.one people, one struggle, one fight.europa music 3/75 ranger regimentsua sponterltw",2118,2223,26758
796,796,103248,outlawjjsmith,2016-12-06T22:21:38.000Z,"100% trump :chad: usa, wwg1wga, mega, retired air force special operations conservative christian, back the blue, iii% guardians of freedom :qanon: :snek:",5961,9368,17237
803,803,1042584,SirBatman,2019-03-14T03:18:52.000Z,"exposing evil and their lies.not here for personal dm's especially from hookerbot accounts. my long time relationship with catwoman, is well, difficult enough. have information or research you wish to share, send links with info.",5680,5979,214620
808,808,1029091,Archer45,2019-03-10T02:55:24.000Z,"the further a society drifts from the truth, the more it will hate those that speak it. - george orwell",2866,4485,22433
849,849,1184843,Mojo_Risin,2019-07-14T14:23:58.937Z,"i can only show you the door, you are the one that needs to walk through",6159,6226,1571
855,855,1041469,Sslade50,2019-03-14T00:07:38.000Z,"mom, wife, friend to many! loyal to the bone unless you do me wrong! standing up for what is right love my country! protect our constitution and our civil liberties god bless america! #maga truth! freedom warrior patriot and want to protect the 1a & 2a no dm's plz!",3666,5933,7215
910,910,102662,JCHR,2016-12-06T10:04:05.000Z,"we need small government, but big people. destroy globalism and the fraudulent un, who, eu and the wef. claims of man-made climate change are unscientific and covid a tyrannical crime.""no weapon formed against me shall prosper; and every tongue that arises against me in judgment i shall condemn.""re-posts = endorsements.",5124,4973,39901
917,917,1019980,GT777,2019-03-06T15:53:43.000Z,,4226,5093,61079
927,927,117129,racketmensch,2016-12-10T22:58:01.000Z,"""worst public transportation surveillance video release policy ever!""",5043,5328,2754
955,955,1030332,OperationRubicon,2019-03-10T17:31:50.000Z,"in the beginning of a change the patriot is a scarce man, and brave, and hated and scorned. when his cause succeeds, the timid join him, for then it costs nothing to be a patriot. mark twain""those who would give up essential liberty to purchase a little temporary safety deserve neither liberty nor safety."" #militantchristian #maga #wwg1wga i won t follow people with locked accounts!",1972,2297,16386
1256,1256,113146,AnonymousMe2,2016-12-09T06:16:22.000Z,"in the beginning of a change the patriot is a scarce man, and brave, and hated and scorned. when his cause succeeds, the timid join him, for then it costs nothing to be a patriot. mark twain""those who would give up essential liberty to purchase a little temporary safety deserve neither liberty nor safety.""and epstein didn't kill himself.#weaponizedautisti'm the right wing extremist dhs warned you",2430,3343,26953
1355,1355,1012200,uvb,2019-03-04T06:39:41.000Z,"free your mind free the world trump won.love is my source. god is my being . i post what i find interesting, i don t necessarily agree with everything i post, but i won t let my own biases and judgements stop me from sharing other views.i post more than i chat.i follow back all patriots, soldiers and anons. exceptions are complete dickheads and private accounts",1775,2248,8631
1400,1400,1147505,Adamocles,2019-06-30T00:39:10.000Z,nose noticer.,229,276,5899
1437,1437,1034537,BarelyEagle,2019-03-11T22:03:39.000Z,xychaotic neutral you can also find me on twitch:twitch.tv/hasanabi,6863,391,159101
1438,1438,1175979,Line_Doggie,2019-07-11T13:20:18.168Z,"my faith is that; if someone is still alive, there s a reason for their life.",189,137,7347
1442,1442,104448,Tonian,2016-12-06T23:17:10.000Z,"no forgiveness, no mercygenocide they declaredgenocide it will be",2346,2701,19328
1489,1489,1051769,RealBlairCottrell,2019-03-17T15:57:54.000Z,australian. highly censored.diet plans & online coaching telegram: me here:,15306,250,3131
1545,1545,114126,threesevens,2016-12-10T05:47:20.000Z,,72703,545,10189
1550,1550,1054174,Xeynas,2019-03-18T17:46:15.000Z,"nic/gerametuer vocalist, unordained preacher, and technomancer fake jews niggers trannies and pedophiles should all be shot change my mindmy metal cover youtube channel",16,34,453
1672,1672,1106396,FREED0M4AllofUs,2019-05-14T02:15:21.000Z,"just someone living center-right of sanity. trying to see where the clues will take me, while employing a little digital sleight-of-hand to keep the trolls at bay. well read, well versed, but far from perfect. thank god for spell-check, otherwise, i'd probably come off like a mad fool.",1553,1558,35887
1674,1674,1050911,Horsebreath,2019-03-17T02:34:55.000Z,"diminished by their parents sins, our children will hear that citizens sharpened swords by which the parthian foe should have perished, will hear of civil war.which god will the people call to the aid of their falling empire? with what prayer will the cestal virgins beseech their goddess, dead to their litanies?to whom will jupiter assign the role of expiating our sin? horace ode 1.2",529,839,12122
1693,1693,1006294,Kan2,2019-03-02T18:31:18.000Z,in order to discover the character of people we have only to observe what they love. st. augustine,1477,191,1590
1812,1812,1034671,bankersenemy,2019-03-11T22:29:02.000Z,,633,1161,3646
1846,1846,1165719,rightbear,2019-07-10T14:55:56.984Z,,477,517,1
1847,1847,1075755,Tatteous,2019-04-09T23:53:21.000Z,married.i was never into politics until president donald trump showed me how corrupt the swamp really is. it is well past time that we take back our country and give her back the dignity that she deserves.,274,329,6781
1891,1891,1066733,PanShot,2019-03-29T00:50:45.000Z,"""to my way a thinkin', that fella with the pots & pans don't fight fair""",3709,5759,74587
1922,1922,1143159,Terraaqua,2019-06-26T10:02:55.000Z,,-72,-108,7423
1941,1941,1097142,mschutz,2019-05-06T16:57:57.000Z,jesus open up our eyes to the evil of this world,46,101,21
1943,1943,113257,CatWoman6,2016-12-09T12:28:43.000Z,"""i know you won't believe me, but the highest form of human excellence is to question oneself and others."" - socrates",181,411,97
2030,2030,1022792,Just_Sayin,2019-03-07T12:33:20.000Z,"if you think my typos are bad, you should see my cursive writing.",220,81,11695
2096,2096,112235,sangelic777,2016-12-08T09:23:57.000Z,"meme lord.i will probably annoy you.anti-statist voluntarist. areligious. no qtard or state-sponsored nazi provocateurs, please.freedom is ultimately darwinist efficiency.""think for yourselves and let others enjoy the privilege to do so, too."" - evelyn beatrice hall",777,285,18712
2134,2134,1028296,hmto,2019-03-09T20:35:39.000Z,,133,275,4542
2238,2238,107776,MissMaryG,2016-12-07T03:14:48.000Z,"follow and follow back! force them to hear our voices as one!! #americafirst*please follow my group pictures to love it s a brief moment of calmness! i can t wait to see what you share! *author of the book ever enduring - the number after you. working on book 2*proud grandmother to incredibly smart grandchildren. *""the only way to deal with an unfree world is to become so absolutely free that your very existence is an act of rebellion."" - albert camus",4251,7027,1480
2292,2292,1015110,46casper,2019-03-04T23:40:26.000Z,"""i know you won't believe me, but the highest form of human excellence is to question oneself and others."" - socrates",1453,1468,58101
2308,2308,1050545,JetAUS,2019-03-16T22:02:53.000Z,give yourself authority.anzac,314,448,5051
2314,2314,1148650,Alternative_Niallity,2019-07-01T14:39:16.000Z,,219,355,1627
2349,2349,1096071,shanexx,2019-05-05T15:22:22.000Z,,129,295,4075
2370,2370,1014128,Patpend,2019-03-04T19:27:38.000Z,"""congress shall make no law respecting an establishment of religion, or prohibiting the free exercise thereof; or abridging the freedom of speech""patent lawyer and supporter of the u.s. constitution",8764,6931,20820
2376,2376,117798,Greenbeen,2016-12-11T14:58:27.000Z,"please, no chat requests. i won't answer them.",963,1388,22026
2399,2399,1084543,Pale_Horse_Rider_1776,2019-04-21T12:39:51.000Z,,223,328,292
2488,2488,1137235,Opheliasflowers,2019-06-18T17:04:15.000Z,,309,369,6961
2492,2492,102404,w0tn0t,2016-12-05T15:36:48.000Z,"australian conservative.#stopwhitegenocideinsouthafrica #bansharia #banhizbuttahrir #banireaviolence not condonedam anti-islam, lefties, unions. #nevertrustlabor #keeplaborout #nevertrustalbanesepc is a mental illnesstwitter account suspended - they can't handle facts & the truth about the islamic cult",1887,1142,69109
2520,2520,1049993,nonsense_planet,2019-03-16T15:48:27.000Z,"seeking truth in a world full of nonsense.we have 4 divinely inspired writings that we must lean on. the bible, the declaration of independence, the bill of rights, and the constitution.i reserve the right to be wrong. i'll correct it and thank you for showing me. i have no intention to lie.i love words, i will use all of them!red wave riders! #rwr follow back all #rwr except locked.",6194,4464,70282
2522,2522,1007708,Catesby,2019-03-03T00:23:07.000Z,"award winning author, political scientist. green = marxists. covid = scam.english / australian. ex rn and, au law enforcement. supporter of freedom of speech. vehemently opposes communism, islamism, fascism and any other 'ism' which tries to tell me how to live my life. life philosophy 'live and let live'. show me the same courtesy or stand by for a shit storm.",796,166,14448
2600,2600,1091350,SusanGomperts,2019-05-02T20:48:00.000Z,"proud mom of a marine, proud daughter of my mom and dad marines, and huge advocate for common fucking sense that nobody seems to have anymore. also, i'm in maskachusetts and i won't play nice with liberals. i've had it up to here with their nonsense.",1450,959,9760
2632,2632,1145011,smartvalueblog,2019-06-27T17:04:50.000Z,,-229,-150,0
2668,2668,1063516,tallsmall45,2019-03-26T17:54:13.000Z,i may be wrong,3698,9180,54292
2689,2689,1074427,LastTimeOnGab,2019-04-08T01:47:04.000Z,magadonianno apologies for being god's divine creation.conductor of #dawnsdiningcar on x#alllivesmatter #stillmypresident#trumpwonagain #idontconsent,1812,1954,128736
2726,2726,1014912,Patriotrealm,2019-03-04T22:49:08.000Z,"""loyalty to country always. loyalty to government, when it deserves it "" mark twaini have a small blog at patriotrealm.com and our small team of volunteer writers do their best to cover conservative, pro trump issues. we are pro life and pro old fashioned values.patriotrealm.com ifb all patriots.",3141,4426,25763
2729,2729,1044025,ThingsthatChapMyHide,2019-03-14T12:40:47.000Z,"a conservative political animal, armchair theologian, nature girl, and life observer. i look for patterns and try to connect the dots.oh, and this incessant, knee-jerk jew thing here on gab is tiresome; i will mute or block. argue the issues, don t broad-brush an entire people group; it s eye-rollingly juvenile and makes one sound like a moron.no dms.",1650,540,50028
2868,2868,1120138,LYONZEE,2019-05-30T14:43:15.000Z,wwg1wga..100% pro life ..catholic and a proud british man 100% keltic blood i am from these islands and proud ..god bless england and the u.s.a..,10233,9794,309393
2894,2894,1028962,doncroyal,2019-03-10T01:27:26.000Z,"chiropractor, christian, conservative, wwg1wga. founder ptsdresolution project. ptsdgone.com denveradvancedhealth.com",489,932,3293
2911,2911,1117117,Kismeyarse,2019-05-26T04:23:34.000Z,,88,13,7209
2968,2968,1066586,WHYSOHARD,2019-03-28T21:48:00.000Z,=,159,387,822
2982,2982,1029561,captf,2019-03-10T09:40:22.000Z,"god, country, 45 won, fight evil.evil ai ""g i g o, our only hope"", ob1. courage is being scared to death, but saddling up anyway.",4487,9011,4774
3039,3039,102684,bucketoftea,2016-12-06T11:27:54.000Z,"yes, they would. yes, they did.fine and applied links and observationsblow the whistle, already!",230,289,3869
3204,3204,1136864,RealRaptor,2019-06-18T08:55:25.000Z,"author, emt, herbalist, survivalist, and i study marksmanship. if you have any questions on any of these things then please ask.i lived through shtf in the revolution in egypt 2011.",1876,4182,1262
3205,3205,104971,Sheltowee,2016-12-06T23:35:53.000Z,"""in these confines with a monarch's voice cry 'havoc!' and let slip the dogs of war.that this foul deed shall smell above the earth with carrion men, groaning for burial.""from the glens of antrim to the hills of carolina to the mountains of colorado. proud descendant of colonial immigrants. tory, pro-afrikaans, pro-loyalist, pro-european pro-american.spent time throughout the world, in some real shit holes and some real gems.in the words of martin luther, ""here i stand. i can do no other. """,96,77,795
3222,3222,1022503,Minuteman1969,2019-03-07T09:24:06.000Z,"jew haters: i'll delete/block you, nazi scum!.dm me if you want me to follow u back . my ancestry is viking; by way of northern scotland, under thorfinn hausakliuf, 7th earl of orkney. .* commissioned maj gen of citizen militia by the continental congress* gun rights activist & life member of goa & saf, and also member of fpc* hardcore patriot iii%* proud ancap libertarian.join your local militia - defend the republic - preserve the constitution!!",2532,1222,54088
3228,3228,1131572,Ddel,2019-06-12T00:35:01.000Z,,92,195,4720
3315,3315,1034351,markmarkus,2019-03-11T21:34:57.000Z,,1764,2901,22663
3369,3369,1145136,FrankCastlerock,2019-06-27T18:33:51.000Z,,2286,2257,65447
3399,3399,1019605,danmac,2019-03-06T13:39:09.000Z,"just a random low-traffic britbonger with a taste for similar snr follows .if it's a quotepost, please share the love with the original poster also .pureblooded af respecter.my posts often self-destruct.christ is king",901,573,7631
3417,3417,1094435,LennyLadner4581,2019-05-04T14:10:54.000Z,"hard line constitutionalist. the bill of rights of these united states is the law of the land. we need to cut the size, cost, reach and power of government and get out of all entangling alliances. former candidate for us house of representatives from tennessee's seventh district.",2409,3342,35946
3420,3420,1025754,VLADDI,2019-03-08T21:09:57.000Z,"lord god-emperor kaz kl beg, vojvoda and the official account of the real al-shari ""when the time is ripe, a new messiah will come he doesn t have to be a christian, but he will found a new religion that will change the world. - hitler; leni riefenstahl (memoirs, p.g. 211)in the bunker, shortly before his disappearance, an ss officer asked hitler:""mein fuhrer, for whom shall we fight now?""hitler responded: ""for the man who will come.""serrano",4104,9528,150302
3509,3509,1050370,THETOMPREE,2019-03-16T20:05:35.000Z,"european american christian civil rights history organization, ""white/caucasian civil rights"", member of a large group of christian people concerned about our nation and it's people, nra, conservative, 2nd amendment, wwg1wga, established in 2010",4871,9847,36771
3568,3568,1106278,KingCracker1488,2019-05-13T22:21:28.000Z,there are some things a man just can't ride around.,4879,9330,78884
3630,3630,1034357,crankins,2019-03-11T21:35:41.000Z,"remember that a man's just as good as his word, it takes twice as long to build bridges you burned, and thiers hurt you can cause time alone will not heal, keep your nose on the grindstone and out of the pills",4725,7372,71824
3671,3671,108061,robsan40,2016-12-07T04:11:35.000Z,making home based businesses great again! @,1399,1893,18891
3703,3703,102123,ShilohVII,2016-12-04T19:57:43.000Z,- god first - truthseeker - @ - the north country - not = endorsement,1662,782,18733
3806,3806,1142460,41CHEVY,2019-06-25T14:41:27.000Z,"husband, father, grandfather, patriot",935,1581,10824
3835,3835,1013080,SilverCollector,2019-03-04T15:14:49.000Z,"we created the western world and defended it time after time and will save it once again!! multiculturalism is death sentence to western countries... the most precious possession you have in the world is yr own people. caedite eos, novit enim dominus qui sunt eius x@waffenshane",1508,2247,38330
3838,3838,107695,the-erm,2016-12-07T03:01:48.000Z,"""the only valid censorship of ideas is the right of people not to listen."" - power stewart",905,1461,8101
3873,3873,1015189,jimcross,2019-03-05T00:11:10.000Z,purebloodsculptor.,2718,4228,24503
3874,3874,1063745,Slo_one,2019-03-26T21:29:05.000Z,what goes on between two consenting adults is nobody's business but theirs,1844,3202,19072
3883,3883,11539,RalphieBBadd,2016-09-10T01:47:45.000Z,"#woodchipperalljournalists. unapologetically white american nationalist. a true fren. will use the n-word, c-word, j-word, and r-word carelessly, drunkenly. blocked by @a. #14words #whiteisright #iotbw #acidbathgeorgesoros #anchorchainbillgates. hooked the girl. texan by choice. bb gun officianado. pure blood.",7597,848,69753
3884,3884,1141180,815o,2019-06-23T21:51:31.000Z,"i am a real national socialist nigga who is a proud supporter of: my nigga the president fu hrer donald trump, my nigga the future president fu hrer kanye west 2024, and fu hrer adolf hitler. deutsches reich sieg heil! heil hitler! i also proudly support my nigga the filipino president fu hrer roderigo duterte, my nigga the syrian president fu hrer bashar al-assad, my nigga the korean fu hrer kim jong-un, and my nigga the russian president fu hrer vladimir putin! i do not block users, i am not a pussy.",4800,9966,42087
3945,3945,1067491,Lowery,2019-03-29T19:40:13.000Z,"lover of god, truth, freedom.",3379,3738,74719
3999,3999,110116,lucrum-sanguinem,2016-12-07T13:17:53.000Z,conspiracy realist: a critical thinker that sees through the bs after much research. fighting factards wherever they may be. arizona pureblood,1842,545,107098
4027,4027,100917,Kekromancer,2016-12-01T18:42:00.000Z,this sentence is not true.,7835,3639,296845
4032,4032,1126117,Predacon,2019-06-06T16:56:48.000Z,,225,483,880
4044,4044,1105019,jjbcbus,2019-05-12T13:24:20.000Z,,669,879,63098
4059,4059,112265,Doveascendant,2016-12-08T10:09:39.000Z,"i will be wandering the internet to find a free speech site, might let you know.",6379,9640,69726
4066,4066,1060509,ad_victoriam,2019-03-23T06:29:34.000Z,"disillusioned right-wing ex-conservative helicopter-american, anti-fiat maximalist, domestic free speech extremist, noticer.george floyd is dead and mugging ruth bader ginsburg in hell.conservatism is merely slow-motion communism.ich wu rde lieber deutsch sprechen@keepnhgranite ""whiteness is no sin.but cowardice is unforgivable.""1488 + 1776 = 3264 WE MUST DISSENT",972,709,37422
4161,4161,112876,hardrtard,2016-12-08T21:58:26.000Z,,681,1016,802
4166,4166,1127643,JohnathanA,2019-06-07T14:29:52.000Z,,3243,5358,31487
4217,4217,1034538,DemsFearTruth,2019-03-11T22:03:40.000Z,"follow me, i follow you!founder of overpasses for america, 2013i believe god made a hero in all of us, and it's up to us to right the wrongs and stop evilsingle white male, #pureblood",13318,13647,199569
4226,4226,1063298,Aulstrue,2019-03-26T15:08:18.000Z,,1675,2788,97999
4250,4250,102253,spacehonkey,2016-12-05T01:42:34.000Z,---------------------------------------just because my sarcasm is the truth it's still just sarcasm.---------------------------------------the truth can not be racist!---------------------------------------,4048,999,12
4281,4281,106215,Gainsay,2016-12-07T00:27:13.000Z,"faugh a am a direct descendant of the breifne o clerighs, court amanuensis of the breifne kings. under the advice of legal counsel i declare that the entire content and attachments of any and all of my posts are for the purpose of entertainment and that i do not vouch for the veracity of the content. furthermore, i in no way waive any and all of my rights as a free citizen to any individual, group agency, or government.",1141,1390,75
4289,4289,1135394,ToddStarnes,2019-06-16T00:52:47.000Z,todd is a newsmax host. he worked at fox news for more than 15 years. he's on the radio 12 p.m. - 3 p.m. daily. his website is,58811,717,4122
4312,4312,1120859,MelKShow,2019-05-31T15:03:44.000Z,"proud patriot and lover of america, facts, freedom, truth, proven science, family and god! #powertothepeople #greatawakening #truthwarrior #godwins",10518,504,2990
4441,4441,115040,GravelGertie,2016-12-10T10:25:43.000Z,"when i was a child i caught a fleeting glimpse....out of the corner of my eye. i turned to look but it was gone i cannot put my finger on it now, the child is grown the dream is gonecomfortably numb - pink floyd",811,364,11363
4449,4449,1064434,StoningMaryUSA,2019-03-27T11:15:31.000Z,"singer/songwriter/guitarist for stoning mary. we are a heavy rock, grunge, punk influenced band- christians who love liberty and the constitution. reverbnation.com/stoningmaryusaredbubble.com/people/ericalan",723,796,13504
4481,4481,1054075,Pieman211,2019-03-18T16:48:34.000Z,"all lives matter, even the idiots.",1003,752,15262
4501,4501,1148963,last18500,2019-07-02T01:07:01.000Z,the road goes ever on,750,956,6504
4578,4578,1095246,Kkbrown,2019-05-04T23:16:02.000Z,do your best pray that it's blessed let god take care of the rest!!!!,12,44,203
4582,4582,1066456,Falchion,2019-03-28T19:37:29.000Z,"parents should raise their children. not the internet. contribute to your candidates directly. don't give donations through the rnc or dnc. censorship is not a part of the scientific method.i don't judge people based on the color of their skin and i don't want to hear from people who do.married to my one and only forever.check out the fun that doesn't hate you group on and improved paul williams. now, an author!",872,2673,879
4604,4604,1038201,Charmaigne,2019-03-12T23:06:51.000Z,,12,20,9
4605,4605,1109940,Sonofamitch,2019-05-17T04:31:46.000Z,,20,641,17606
4660,4660,1077316,Krackerhonky,2019-04-11T21:53:07.000Z,,303,568,3067
4717,4717,101243,HempOilCures,2016-12-02T02:31:32.000Z,"""when governments fear the people, there is liberty. when the people fear the government, there is tyranny. the strongest reason for the people to retain the right to keep and bear arms is, as a last resort, to protect themselves against tyranny in #j6 christ is king",57655,381576,46024
4839,4839,1103289,brian_yohe,2019-05-10T23:35:15.000Z,"kneel for jesus, stand for the flag. happily married to my high-school sweetheart. live free or die. #2a",1318,2440,4928
4840,4840,1126607,Dkitchenkitch,2019-06-06T21:57:50.000Z,"truth is that which corresponds to reality. ""if there are no absolutes by which to judge the thoughts and actions of society, society becomes absolute.""francis schaeffer",151,235,1042
4863,4863,1175061,DruvianFreemanocci,2019-07-11T02:39:37.843Z,"the truth is a who, not a what...christ is the way, the truth and the life.former gnostic/ paganmy desire is to not be deceived, and to help others do the same. there is a vast web of lies spun. but we are not trapped in a matrix, nor is earth hell.there is a difference between ""just being good at being a man"" , and ""being a good man""learn it. strength, courage, mastery, creativity, and honor. the 5 masculine virtues.",377,605,7155
5017,5017,1035575,wcstout25,2019-03-12T02:10:47.000Z,"maga2020 god is #1, jesus is lord. housewife, mother, grandmother. #wwg1wga #greatawakening",2766,4431,4239
5118,5118,1135363,democratdummy,2019-06-15T23:53:17.000Z,"i have all my faith in god.the communist /zionist nwo illuminati , skull and bones , ccp and the treasonist government have us running scared in a covid psyop! we are in a 4th dimensional war. covid was created from snake venom ! #redpill #thegreataeakenimg ho1.us #outoftheshadows watch "" out of the shadows"" oan",7415,8427,197723
5203,5203,103609,Projection,2016-12-06T22:38:53.000Z,"let not anyone pacify his conscience by the delusion that he can do no harm if he takes no part, and forms no opinion. bad men need nothing more to compass their ends, than that good men should look on and do nothing. he is not a good man who, without a protest, allows wrong to be committed in his name, and with the means which he helps to supply, because he will not trouble himself to use his mind on the subject. john stuart mill (1867)",3446,2424,25638
5286,5286,114673,Kadiyania,2016-12-10T08:15:13.000Z,"biology and geology are my hobby. #irish , i'm a mc . || ""you may stop this individual, but you can't stop us all... after all, we're all alike. +++the mentor+++ || #warez proud american and national socialist.",3610,7226,3554
5296,5296,1061131,MindVirus,2019-03-24T00:18:54.000Z,free speech absolutist! biden is not a president of anything! bjj 18 years. no clot shot or demon needle for me. #pureblood #notmypresident #bjj #fuckrinos,1143,2355,4045
5303,5303,1023277,condew,2019-03-07T17:21:07.000Z,,2416,326,104288
5382,5382,1085001,Stanleymitchell90,2019-04-22T10:49:31.000Z,notable notice-ologist,8002,571,70995
5386,5386,1017889,thefederaldeathtrap,2019-03-05T22:30:29.000Z,"the thing collectivists don't seem to understand, is the individual dies last.long live the individual !nobody wants to save you.you must save yourself.invest in tangible, finite resources.collect seeds and metals.can foods and dry meats. return to nature.",168,190,2661
5487,5487,1032008,JASONAGA,2019-03-11T06:34:07.000Z,sick to death of the un bullshit in the world all they do is take our tax money then throw us dangerous immigrants that want to kill us. here because of twatternazi jail,1630,2889,5833
5650,5650,1095044,Shoegun,2019-05-04T20:52:49.000Z,"american patriot #maga the bible precedes the constitution. god is our leader....#obama is the master spy #wwg1wgashogun(s) were chinese and japanese army leaders.since neither, i'm for god's army. non violent seditionist.",6377,10000,60072
5821,5821,1029606,chefykins1,2019-03-10T10:12:46.000Z,60 + year old disabled ex hippy chef from ontario,3019,2668,76670
5828,5828,107110,JanettaDoe,2016-12-07T01:43:22.000Z,"i am gail eiceman @eicemangail on twitter. it's my 3rd account after getting suspended twice for speaking truth. let's go down the rabbit hole to see what we can find, shall we. can you handle the truth?truth always comes to the surface for all to see, whether people like it or not. i will always stand for god's truth & faithfulness that sustains me.i don't chat!",1363,1506,43739
5880,5880,1123054,ENJIE,2019-06-03T19:27:01.000Z,,3923,6735,41078
5911,5911,1105558,GermaniaDog,2019-05-13T02:47:04.000Z,,1686,1727,85014
5942,5942,1177475,tradtiger,2019-07-12T03:29:05.062Z,"former journalist, legislative aide, substitute teacher; baseball dad of a college pitcher -- who's now a pitching coach; retail associate; traditional archery hunterdisclaimer: all posts or reposts - previously or forthcoming - are for entertainment purposes only.fyi: some ""reposts"" are merely for my own viewing later, not necessarily endorsements.",2481,4219,30238
6020,6020,113634,JulyDolphin,2016-12-09T21:27:54.000Z,"made in usa patriot born free save our children beachoholic god bless the us #godwins conservationist sea turtle guardian #maga dolce far niente faith, hope, love & light rp = endorse dm",3433,2247,59108
6047,6047,1113269,NED-1,2019-05-20T22:31:06.000Z,,160,171,3102
6401,6401,1045830,Jooe,2019-03-14T23:38:50.000Z,,63,80,2315
6503,6503,1075018,TemplarBob,2019-04-08T23:18:29.000Z,"i am a constitutional conservative. christian morals and live and let live philosophy. i believe islam is a cult not a religion. i believe the vast majority of the government is totalitarian and only cares about themselves. i believe hillary belongs in leavenworth.lastly, the templar s and the knights hospitalars defended the the holy land from the cult of islam. jesus was a jew, christianity was born from judaism. if the jews are evil, then i ll find out when i get where i am going.",783,720,12930
6632,6632,1070447,sam99l,2019-04-02T19:46:05.000Z,"25""an appeal to heaven "" does do be interesting thingy | verified extremist content posts/reposts and follows, don't necessarily equal endorsementpronouns: your highness/his excellency mathew 10:22check out me channel poihaps?youtube |",982,2197,11498
6711,6711,1101884,Stickwoman,2019-05-09T15:40:24.000Z,"i am a smirky gal. i follow back, but it might not be the same day bio is pinned below. btw, if ur following me cause u think i have to buy bitcoin, ur dead wrong! poorer than a church mouse, i am. if u can't be bothered to follow me back, most generally, u won't be followed either...",6862,8864,22252
6823,6823,1060831,SlippingHalo,2019-03-23T16:57:52.000Z,"metalhead ---------------------------------------save our children i am a wn who loves her race. 14 words always. christian's fighting amongst ""heathens"" and vice versa when we are trying to save our white race is pathetic and despicable. it will lead to our doom. either stand together or die. reposts and follows do not necessarily imply endorsement.",971,1322,10474
6855,6855,11810,Akatomdavis,2016-09-10T13:21:11.000Z,"tom loves god, america, his kids and grandsons, and his wife of 40 + years. he s all about maga, 2a and life ! , all in one ! plus a vietnam vet as well ......ifb....god bless this great nation !",14159,12243,30467
6875,6875,1119590,nolongerlib1,2019-05-29T16:00:14.000Z,"christian, constitutional conservative, pro-life. thought criminal.",1384,1341,26844
6877,6877,1122124,retroguygaming,2019-06-02T09:33:50.000Z,"me? i'm a britisher who refuses to be cowed by big tech. i grew up loving toons from america's golden age, and these days try to make my contributions based upon the stuff i loved as a kid. i'm an upcoming indiedev leading the celessteel project, a comic and videogame project based on 80s saturday morning cartoons.if you enjoyed classic gi joe, transformers, he-man, thundercats etc go ahead and follow me, my projects are based on that exact wholesome era along with 80's culture...",1797,5779,220
6920,6920,1079725,LouBator,2019-04-13T17:38:43.000Z,"a proud arizonan, a proud american. note...if your account is locked, please don't follow me, as i will delete you.",536,391,34069
6935,6935,1081391,user29A,2019-04-16T02:14:58.000Z,world is roundmoon landings realclimate alarm is pseudoscience chemtrails are realjews are invasive parasitespureblood vaxfree - do not any vax your kidswhole foods/raw/keto/carnivorefascist national socialismwe must secure...make vax-free white babies now!,56,157,132
6953,6953,1139113,realityexposer,2019-06-21T06:08:02.000Z,,61,78,561
7022,7022,1124556,riustan,2019-06-05T21:36:58.000Z,"all lives matter""you don't know what you have until it's gone."" the future does not belong to globalists, the future belongs to patriots, the future belongs to sovereign and independent nations, -donald john trumpa true king searches for what he can give -mufasa",3414,161,161108
7044,7044,1082515,SnydersSoapbox,2019-04-18T00:56:47.000Z,"i'm a reformed baptist. i've been a corrections officer since 1995. i recently retired after 26 years. i've been married to the same wonderful woman since 1991. i am the writer, and owner of where i review bibles, christian books, and write articles on the christian faith. i'm not here to argue, or prove any point. i'm here to share with others who are like minded. if you don't like/agree with something i've posted, keep scrolling. otherwise, i'll block you.",882,508,17439
7167,7167,1124976,EvaAnna,2019-06-06T01:04:47.000Z,,-147,-77,7181
7211,7211,108979,Energymancer,2016-12-07T08:06:42.000Z,"""censorship is the tool of those who have the need to hide actualities from themselves and from others."" - charles bukowski",1486,2537,12370
7212,7212,1143255,awake_a_f,2019-06-26T13:05:47.000Z,"jesus christ is lord!""...male and female created he them.""ex-republican, never have been a democrat. pro constitution./pol/us army 87-91 63b1pi denounce the talmud. if you don't have a source, you're probably lying.",320,468,3914
7317,7317,1085077,euroknight,2019-04-22T14:09:40.000Z,proud american of european descent. i believe in making america great again and white again as well as europe! 14 words!!,640,1347,3856
7324,7324,1052516,Pilix8,2019-03-17T23:14:05.000Z,,3686,7523,10771
7334,7334,1091239,Notekz,2019-05-02T18:59:22.000Z,"islam is israel s broom the holocaust is a lie.always block jews.flerfers get muted, they are liars.",3925,2961,144091
7340,7340,1058315,Tayai,2019-03-21T06:52:13.000Z,white superiorityanglo-hessianslaughterer of sacred cows,2462,699,36606
7364,7364,1099165,CassandraNeph,2019-05-07T16:21:34.000Z,question everything. slow down. breathe. embrace your divinity.,926,1810,1337
7372,7372,115170,Trinacria,2016-12-10T11:01:04.000Z,"nothing will change until tyrant heads are rolling in the gutters.bolsheviks, commies, socialists, traitors, fuck off. private accounts, hiding your followers, pet posters; no sense of humor; want only nice & polite posts; terminally hip? follow somebody else. do not burn your bridges before you come to them. i block back. no lists. no trains.genuine counterfeit ai generated posts.pureblood in texas.",3811,3367,71652
7475,7475,1091961,KM62,2019-05-03T04:07:27.000Z,"a conservative truth seeing patriot that supports freedom of speech, trump, and the u.s. constitution.",3471,196,117954
7678,7678,1147223,bpbenedict,2019-06-29T17:22:29.000Z,,296,747,4877
7679,7679,1080140,Necromonger1,2019-04-14T06:46:17.000Z,knowledge makes man unfit to be a slave. spiritual freethinker,12939,7100,-450
7688,7688,1033493,Trex44820,2019-03-11T19:38:30.000Z,"#maga #wwg1wga #trump20202024 retired, maintenance tech, motorcycle builder. 11 year member of machinist & aerospace union usmc 75-79lifer member american veterans motorcycle club",3782,3101,87669
7792,7792,1014874,Rajagra,2019-03-04T22:41:26.000Z,"everything that's going on now is about un agenda 2030. in 2020 they started a ten year plan to install the means of absolute control over humanity - a digital id social credit system disguised as a health pass. our quality of life will be slashed. our human rights will be converted to privileges that we must pay for or earn through obedience. cash will go, so escape will be nearly impossible.",282,288,2408
7799,7799,1125931,TyrannyResistance,2019-06-06T14:53:27.000Z,the white christian defense federation,4819,4729,91647
7842,7842,1032643,turtleswolverine,2019-03-11T13:51:36.000Z,wife mother homemaker homeschooling traditionalist white european nationalist natsoc racist living the 14 words,1461,1382,10488
7891,7891,1121279,5__G,2019-05-31T23:51:11.000Z,"world government is here. it s neither communism or capitalism but the worst of both, a dictatorship by so called experts, a pseudo scientific cult who s priestly adherents give themselves away in this new world order by wearing a mask of silence at the altar of technocracy.!the opposition to this dictatorship, the croaking frogs, well, they appear to be all here, boiling away in the one pot. a deep state echo chamber, that is, until they turn up the heat - welcome to @5__g s gab page.!",1062,1072,12426
8017,8017,109965,Aurora3,2016-12-07T12:43:17.000Z,"rebel, bohemian. devoted to truth and beauty and kindness, wolves, waterfalls and grace, grandeur and german shepards. #2a and firing squads and #savethechildren and purebloods. i will die on my feet before i live on my knees!",1372,1347,6296
8069,8069,1137406,NorwegianQ,2019-06-18T22:00:15.000Z,hoping maga at some point will turn into mega (making earth great again).,708,1345,3614
8261,8261,1033646,JewsHateTruth,2019-03-11T19:58:58.000Z,"pureblood pro-truth, life, liberty, justice & happiness. rabbi yosef- ""goyim were born only to serve us. without that, they have no place in the world."" while talking to jews, trump said - ""we have to get the people of our country, to love israel more. i have to tell you that"". trump said - ""i recommend take the vaccines. i did it. it's good. take the vaccines."" bobby fischer (iq 187) - ""i'm hoping a revolution happens in america & the jews will get kicked out of power.""",3943,5060,14264
8297,8297,1094792,BlondeUniverse,2019-05-04T18:03:48.000Z,"oh please underestimate me!#italian #blondeismagic #patriotmohave co, arizona, usa *enfp* commercial re broker by day mystic also by day rocker even in my sleep let the show begini've been ready just an indie conservative blonde!""i intend to broadcast from this ship24 hours a day til the day i diethen a couple days after that!""** if you can't engage me publicly, don't dm me in private**** if you are selling something i will not follow back, otherwise i will**",1520,2093,5405
8376,8376,1097545,BlackCrimesMatter,2019-05-06T22:48:16.000Z,i'm an original content creator that's been banned on bitchute and odysee for waking up too many goyim.,5981,523,3488
8637,8637,1007544,Lorenzot1990,2019-03-02T23:39:40.000Z,"republics are created by the virtue, public spirit, and intelligence of the citizens. they fall, when the wise are banished from the public councils, because they dare to be honest, and the profligate are rewarded, because they flatter the people, in order to betray them.--joseph story, 1833",1057,299,35674
8983,8983,1136405,fracasintent,2019-06-17T17:16:55.000Z,i am white.jesus is my lord.the jews are antichrist.the jews are antiwhite.i am anti-jew.,1410,1379,20591
9033,9033,1103074,eleete,2019-05-10T19:26:28.000Z,,4058,7694,793
9035,9035,109679,Voltergeist,2016-12-07T11:36:15.000Z,death to clown world.,1542,1906,24418
9104,9104,1007983,HockeyGoon,2019-03-03T01:38:06.000Z,i have 3 children and have not slept for 76 hours. banned from twitter. banned from facebook. banned from icq. nobody ever got banned from icq.telegram t.me/mayorofmitchieville,256,208,1493
9294,9294,1110987,vikinglife,2019-05-18T01:53:53.000Z,"was hitler right or wrong? please, make up your mind!people are telling me, that hitler was right about jews, gypsies, homosexuals and other degenerates, gun laws, animal rights, etc.. and then they want me to believe that he was completely wrong about polish and russian people and that it is perfectly fine, that they are invading white homelands.you sir/madam are larping.",720,654,21745
9425,9425,107125,StopFundingisrael,2016-12-07T01:45:18.000Z,"public intelligence analyst, radio host and dedicated to exposing nwo infiltration of society. exposing zionist crimes in society is american-australian son of a vietnam vet: steve johnson. big fan of bill cooper, harry harrison and nikola teslas' work.",11107,52814,13821
9494,9494,11557,DarthWheatley,2016-09-10T02:24:12.000Z,personality sphere | fueled by memes | sarcastic asshole anti-herolocation: in spaaace,2063,784,8253
9525,9525,10021,Grumpy_Hoosier,2016-09-06T00:52:05.000Z,"retired reagan/thatcher conservative; oif/oef veteran. #nra life member. i believe in #1a, #2a and the whole bill of rights for all americans. deplorable dreg.",6923,5016,66949
9558,9558,1132750,Joensanford,2019-06-13T10:07:29.000Z,"here for the memes and the citizen generated news. do not chat me up and then try to sell me something. not bitcoin, not the impending monetary doomsday. nothing. not a dating site either. friendly folks are welcome.",1834,540,61782
9610,9610,1038971,Tashi5062,2019-03-13T10:15:31.000Z,open minded critical thinking people are like streams of flowing water going somewhere.close minded people are like pools of stagnant water going nowhereg n p 1950,379,347,13670
9615,9615,102813,RedeemedPatriot6,2016-12-06T19:59:34.000Z,"god country duty us army (ret'd) veteran, iii%, lifenra, fl ga sc sheriffs associations. christian, southern, american. trump won #fjb my ""pronouns"" are #1a/#2a ***rps/likes are not endorsements or vetting. disregard = block. ***""dislike"" w/o explanation = block. no crypto, floozies or ig bimbos.fed disclaimer: nothing posted here is ever any call to any specific action, especially illegal acts",3836,2965,58013
9697,9697,1014957,Biggdog,2019-03-04T23:04:03.000Z,"vietnam grunt,piss on commies let's go brandon! halal kosher pork ummm.i love my totem pole",2434,2888,106030
10248,10248,1125166,SirBluecheck,2019-06-06T03:14:21.000Z,"what if diversity isn't a strength? what if diversity, in fact, brings about destruction of a nation? we are learning the answer in real-time.---------my prediction? diversity--lack of whiteness--will destroy every country that ""enjoys"" it. worse, it is an intentional (((process))) with a specific goal, the ending of any significant white remnants.",313,768,2319
10312,10312,1153,Spacebunny,2016-08-20T16:37:56.000Z,"christian, carnivore, animal loving, homeschooling mother, and wife. gender equality denier.",9552,173,15114
10386,10386,11494,EarlyGirlSC,2016-09-09T23:25:15.000Z,reactionary thought criminal larping as a suburban mom. wasp descended from pre-revolutionary stock. christian. southerner. mostly harmless. #nicecrew. 2016er. author links: charlottesville e. lee for kids:,6595,2621,47047
10457,10457,109665,Fisher21,2016-12-07T11:34:00.000Z,"christian, father, not a globalist, always an american, free speech, 2a, intermittent fasting, fasting, anti-antifa, anti-communist, anti-mask, now anti-vax, now living in the freestate of florida, in the end we win",769,654,2702
10513,10513,1005037,ViertesReich,2019-03-02T14:46:10.000Z,"christian traditionalist and retired youth pastor; wn/ns. pf affiliate. us coast guard vet.defeat never - victory forever 1488. for the ra! globally! ! we will never capitulate. death before dishonor.no more brother wars for israhell! our ancestors chose martyrdom before compliance with evil. cuckserfs, you better learn quick, choose a side or it will be chosen for you.reclaim america! total ins reksh( )n#nopoliticalsolution",739,459,6503
10531,10531,1103292,grandmacaesar,2019-05-10T23:37:34.000Z,keeping an eye on the filthy lying media owners and their minions.,337,338,7379
10579,10579,1118446,Mobilememphian,2019-05-28T03:40:12.000Z,"please join my telegram channel too: keyboard warrior, #americafirst patriot and constitutionalist inspired by bill cooper & g. edward griffin contributing to #thegreatawakening! #maga #electionintegrity #saveamerica #wwg1wga #nonwo #noagenda2030 #nogreatreset #healthfreedom #banchemtrails #bangeoengineering",3307,2087,42147
10825,10825,101038,Oceandesertocean,2016-12-01T21:10:48.000Z,,5040,5730,7165
11001,11001,1057428,Smoker78,2019-03-20T17:19:53.000Z,"engineer. proud of my german and scots heritage. paternal line has been in the new world since early 1700s. i work locally to help create community via fellowship, buy local and from those who value western tradition, and be a voice in local representation.god fearing and loving. outdoorsman, traditionalist, family man, continual learner.",388,261,5421
11006,11006,105874,GrayHawk,2016-12-07T00:07:21.000Z,"#maga #2a #gabvets pureblood. vet. i do not respond to chat requests or dm'si lost all my guns and ammo overboard during a tragic boating accident on a very deep lake. don't make the mistake of thinking i'm stupid just because i live in the sticks. i do maths and physics.i do not follow ""eggs"". i will block idiots (flat earthers) in a new york minute - go waste someone else's time.",2506,3016,6845
11058,11058,1072088,EddieC,2019-04-04T21:46:29.000Z,"only a sinner saved by gracethis is my story,to god be the glory,i'm only a sinner saved by grace!",526,853,4348
11110,11110,1048185,devildoge9,2019-03-15T18:35:09.000Z,"retired usmc, 29 yrsformer ne sports fan. no mas.good bourbon, cuban cigars, us history, constitutionalist #sigsauer #maga #prolife #americafirst",813,839,1120
11259,11259,102462,mememayo96,2016-12-05T18:44:50.000Z,deplorable maga constitutional conservative i love president trump i miss rush limbaugh let's go brandon f*ck joe biden fjblgb,8048,7179,1151
11355,11355,1153199,TopsInAmericaTD,2019-07-06T20:46:53.738Z,"i self-identify as a maskless, disease free american, immune to fake diseases with a mind smart enough to know the vaccine is the tip of the spear in killing billions of people. if you mis-identify me, you re violating and offending me in a manner that hurts me to the core. if you talk to me about the fake virus or the killer vaccine in any way that is contrary to what i know/believe, then you are by default mis-identifying me and you will be dealt with accordingly. p.s. - there is no virus.",1026,663,4525
11496,11496,1086430,TruthNOLies,2019-04-25T01:54:39.000Z,"christian wife of a veteran mom grandma gun loving law abiding american constitutional conservative patriot i speak truth stand for and in truth! i will die to protect america for future generations of americans!#multiculturalism is white #genocide no bitcoin or other sales! 1st gab life was ""suicided"", april 2019thanks to everyone for their ""likes"" and other opinions!",1612,1802,45517
11518,11518,11573,AgendaOfEvil,2016-09-10T03:48:02.000Z,"religion of peace or agenda of evil, what is islam, what does it want, what is the media not telling you?",12824,10776,182293
11556,11556,11400,luther,2016-09-09T18:32:44.000Z,"...bornagain child of god... to anger a conservative, lie to him. to anger a liberal, tell him the truth. -teddy roosevelt ...",27900,27424,225
11636,11636,115644,JQuest2000,2016-12-10T12:54:09.000Z,"all truth passes thru three stages: - 1st, it is ridiculed - 2nd, it is violently opposed - 3rd, it is accepted as self-evident - arthur schopenhauer",3640,1032,2470
11685,11685,1054355,Loudmouthedjerk,2019-03-18T19:34:09.000Z,"grumpy old man screaming into the void.steals your memes and yer dubloons. nothing personnel, kid",1057,820,18244
11742,11742,104433,AmericaBeautiful,2016-12-06T23:16:37.000Z,"follower of jesus christ * thank you president trump, q and qteam, admiral rogers & general flynn! you saved america.plan to save the world: #lovemycountry ? #godblessamerica we are praying for @realdonaldtrump, #trumparmy 1000% #kag & maga, #bluelivesmatter #stopterror abe #draintheswamp",8327,7220,82907
11900,11900,101633,Hammerman2016,2016-12-02T23:53:24.000Z,"""when you have strict censorship of the internet, young students cannot receive a full education. their view of the world is imbalanced. there can be no true discussion of the issues."" - ai weiwei",2723,2450,37383
12308,12308,1133512,Linda9447,2019-06-13T21:19:52.000Z,,433,67,65143
12385,12385,1094731,CalamityJade,2019-05-04T17:24:53.000Z,"""truth is treason in an empire of lies"" - orwell",979,667,38094
12409,12409,1077028,talin_ra,2019-04-11T16:44:23.000Z,"hail odin!i swear like a sailor, if that bothers you, tough shit!but don't sub to me and then bitch that i swear too much!",545,626,36469
12434,12434,109648,JennCox,2016-12-07T11:29:19.000Z,the jew calls me goyim.the muslim calls me infidel. jesus calls me his. 100% pro-jesus pray for the patriots world wide. #savethechildren #godblessamerica i don t feed trolls. gabbing since 2016.#banballotharvesting #msmistheenemyofthepeople #quitsprayingus i'm just a #happyhousewife ... need a sandwich?unvaxxed. unapologetic. zero white guilt or shame how can i be braver than 60-70% of the population?!?!,3572,2442,41435
12436,12436,1101299,SuzzieCarey,2019-05-09T00:46:00.000Z,"i do not answer any personal messagesi came on gab to share information and to gather information. also very vocal when i see injustice.i support president trump. i don't like what the democrats have done to our country and all thecorruption i see at local, state and federal levels. we need to bring back god back to our dailylives. we can not win this war without him. its time to clean house. its long overdue. thank you. private accounts will be blocked.",2097,1590,80901
12551,12551,1088665,Lovstuhagen,2019-04-28T00:12:04.000Z,"orthodox christian, post-right traditionalist. army vet. husband, father.",618,1058,6736
12552,12552,1023710,CondZero,2019-03-07T20:57:53.000Z,"conservative, patriot, diy'er. ""not a bot, just allergic to authoritarianism."" "" america first = billionaires first. healthcare? last. workers rights? nowhere. ""building a future that doesn t suck."" ""supporting: not whatever this is. "" there is no plan b. #antivaxx #pureblood #constitutionalist life's a journeyfollowing the breadcrumb trail of metadataconnecting the dotstrying to make sense of it all",2442,2209,43875
12799,12799,1113789,Buhr_Chuck,2019-05-21T13:35:23.000Z,"conservative christian patriot & trump supporter because he accomplished more than republicans promised for decades! ex-democrat since 1980. second generation nra life member. husband, father, grandfather and king shepherd dad",7184,8980,23550
12811,12811,1155669,H_S_Thompson_Gunner,2019-07-07T18:10:32.687Z,,10956,10210,10589
13001,13001,1125919,MaryQuick,2019-06-06T14:48:10.000Z,"when tyranny becomes law, resistance becomes duty.no direct messaging.",2905,3176,139158
13027,13027,1143846,Sp1der44,2019-06-26T23:27:19.000Z,"audio engineer, podcast host, it nerd, lover of music and enlightenment, rebel, renaissance man.",1767,2133,8172
13206,13206,1052697,MaelstrohmBlack,2019-03-18T00:23:24.000Z,"the reverend maelstrohm black is a thelemite, a musick composer and producer, a creator of dark poetry, a stoner and",7,44,208
13293,13293,1103338,shashaptl,2019-05-11T00:39:09.000Z,"i am a conservative, christian american. i read my bible, i believe in the 2nd ammendment, and i believe in free speech!i follow back most public accounts.",1675,1977,2505
13898,13898,1064721,NicoleMorgan,2019-03-27T16:12:23.000Z,"alternative media journalistwe herd sheep, we drive cattle, we lead people. lead me, follow me, or get out of my way. ~george s. patton",2489,2720,46721
13964,13964,1121367,geli2j,2019-06-01T03:10:19.000Z,#trump2020landslide #redwaveriders : #ny#godwins,1074,1248,8451
13977,13977,1042021,JimQoolaidJones,2019-03-14T01:26:07.000Z,,1108,975,22875
14241,14241,1068129,VitaminD47,2019-03-30T15:00:15.000Z,,1329,214,166033
14369,14369,1039368,NazbolGrindr,2019-03-13T14:46:34.000Z,#nafo will make #ukraine fabulous again,780,368,28399
14504,14504,1005722,LGcommaI,2019-03-02T16:54:25.000Z,professional mathematician. doctorate in (a subarea of) mathematics from a german university.,707,1002,2220
14613,14613,1024312,RandomKiwi007,2019-03-08T01:17:21.000Z,":non-resident-settlor:@randomkiwius on xquestion the narrative dna not ""marked"" by modrna - yeah right graphics-sites.google.com/site/redseacro...",726,1011,1569
14664,14664,1106108,10ztalk,2019-05-13T17:44:46.000Z,-buy soc accrss politics crypto,7904,7762,13686
14680,14680,107463,Uncuck,2016-12-07T02:25:28.000Z,"""we take the hits in order to show who dishes them out. that's our strategy ."" alain soral",1915,2832,9472
14805,14805,1093331,BasedSkeptic,2019-05-04T00:16:36.000Z,"deist, celt, indigo, and outspoken skeptic of organized/mainstream religion.",1268,130,31990
14859,14859,10735,Marko,2016-09-07T16:52:03.000Z,me on,1214,371,29080
15116,15116,1111239,FreedomPatriot55,2019-05-18T11:11:04.000Z,,4799,5816,83910
15206,15206,1086570,StFerdinandIII,2019-04-25T08:39:43.000Z,"no to islam, globalism, nwo, un-who, kill gates, pharma, fake science no to cv 19 religious fascism no to big science, big gov't, fake news. #brexit,#maga, anti-islam, anti-eu, anti-warming, anti-state, catholic, cdn-brit, it professional, mock 'science' that is fiction; super-states, snowflakes, low iqs who prattle about warming, fascists who support muhammadanismdefend white civilisation",880,1239,12983
15243,15243,1043854,Hilko60,2019-03-14T11:20:34.000Z,"hello i followed to many nice gabbers i can t follow over 10.000 ""in a time of universal deceit, telling the truth is a revolutionary act."" - george orwell under the advice of legal counsel i declare that the entire content and attachments of any and all of my posts are for the purposes of personal entertainment, and that i do not vouch for the veracity of th",7788,9958,479792
15307,15307,1048294,jbr514,2019-03-15T19:31:27.000Z,"patriot, father, recent ex-kommyfornian.i usually follow back unless you seem like an asshole...#letsgobrandon #pureblood #fjb #redpill #antifeminist #nationalist #patriot#usa",363,400,5415
15323,15323,1133518,BreakingRealNews,2019-06-13T21:21:26.000Z,"hi patriots: 5 things you must know about ukraine vs russia war... 1.-nato broke their ""minsk treaty with russia"" in multiple occasions and issues like nato agreed not to expand their military forces on the russia borders and they have. they are mobilizing nato armies and military equipment to their allies on the borders with russia.to read full article let's connect at: email: info@ascensionacademy.us",44,112,116
15343,15343,1141558,JREUKPatriot,2019-06-24T08:29:10.000Z,"filthy animal freak please, they are my pro-nouns reeeeeeeeeee #uksaltyarmy hunting commies 24/7#1 health & nutrition writer/publisherfb twitter amazon banned internationally published wildlife photographer. all dogs#wwg1wgaworldwidebring it, commies!!!#thetablockchain #thetaq",350,560,3136
15441,15441,1133604,Ladihawk33,2019-06-13T22:22:21.000Z,"god, country, family, constitution #wwg1wgaww i stand for the flag & kneel for god... i stand with president trump & praise god for giving us a strong president... who is q (jfkjr?)... i back the blue & our military god protect us all... banned from twitter 01/08/2021... we are in this together - hold the line... follow me i follow back...",7747,7249,27692
15532,15532,1034628,Thegle,2019-03-11T22:22:01.000Z,"devoted patriot and #q fag. happily married. no dms. i no longer argue with people who refuse to research.all racist slop gets blocked, i don t care what color you are. #wwg1wgaww #ncswic",2045,2265,14367
15651,15651,1183672,USmade,2019-07-14T02:26:15.597Z,"a sinner-forgiven by jesus , married, i love our great republic, pro-life, pro-police, animal activist, pro-2nd amendment, if you are reading this, god bless you! i follow back! i don't do messages. ps. 1 thessalonians 5:17 - pray without ceasing.",4582,5739,48082
15908,15908,1014938,JOHANJHA,2019-03-04T22:59:22.000Z,"""stopping leaks is a new form of censorship."" - julian assange",204,361,26754
16296,16296,1147712,nephroVIP,2019-06-30T07:10:07.000Z,eine moralische referenzierung der fehler unserer vergangenheit ist volksverhetzung.Zpielarten deZ menZchen Zind kein eigentum einer ideologiZchen gruppe und bedu rfen keines Zchutzes vor kritik.flugschreiber sumer triptan der am liebsten voltaire schreibtreptil ass sumer triptaneliminator sumer triptandevice infection control agent sumer triptansimiokrates augur x spca sar-balthasar honker-gollumpestilandsermeine profilbilder sind weg !!!!,1492,5678,60751
16333,16333,1107805,ethelred_the_ill-advised,2019-05-15T15:30:31.000Z,,79,13,5245
16622,16622,1008774,MichaelArchangel,2019-03-03T06:16:27.000Z,the time is short fellow patriots. this winter the usa will be under attack on several fronts. the vaxdemic will start killing millions. biden will put us under national lock down. a total vax mandate for the whole usa. the economy will collapse. and that's just the start. we need to band together now. archangelskyfire@protonmail.com corpus christi tx,9545,9463,55712
16718,16718,1025332,Imaginary-canary,2019-03-08T15:57:48.000Z,"appalachian american. be not overcome of evil, but overcome evil with good. -romans 12:21",3155,2623,50347
16939,16939,1084248,Chloros,2019-04-20T20:24:42.000Z,"somewhere in north east arkansas where people still believe in jesus. not racist but not offended by words, anti-lgbtpervert, supporter of logic, anti-woke, music fan, lover of nature but not dirty hippies. it's ok to be white, black, asian, etc, but it's not ok to be an asshole.",493,207,8423
17303,17303,1060746,Terrona,2019-03-23T14:33:48.000Z,,658,379,27259
17362,17362,1047580,MikeABQ,2019-03-15T14:10:27.000Z,coward veteran/bitter evangelical the giants and trolls win! let us die on the right side with father odin. cs lewis,116,868,1913
17469,17469,1152857,Javanka_is_Rasputin,2019-07-06T19:41:32.838Z,"(he/himmler)blood is thicker than ink. genetics and genealogy are reality. the only legitimate basis for a nation is shared ancestry, not any document or creed.people of every race on earth need to realize that the jews are out to exploit, exterminate, or enslave everyone.making fascism fun again. shameless meme thief, plagiarist and reposter. proud resident of the most nordic state in the union.",914,1556,7051
17934,17934,117416,TheTruthIsOutThere2016,2016-12-11T03:10:14.000Z,"""censorship is telling a man he can't have a steak just because a baby can't chew it."" - mark twain",817,773,41184
17956,17956,1089237,QuietEarp,2019-04-28T23:20:34.000Z,"i find your lack of an avatar.. disturbing. tiffany you need to move more, he s looking bored! si es goya, tiene que ser bueno. ""ah, the kekronomicon, the mysterious tome penned by the mad arab apu alfeelsbad."" - julio",1764,2573,124483
17965,17965,100767,Malon,2016-12-01T15:51:28.000Z,"je mehr ich u ber den covid-""impfstoff"" lerne, desto mehr erschliesst sich mir die ungeheure bosheit und der alles leben verachtende zersto rungswille seiner erschaffer.",1393,1225,25623
17976,17976,1186140,NielsAnker,2019-07-14T23:32:52.549Z,"norwegian, viking, conservative!",442,952,16
17984,17984,111639,TIA,2016-12-07T23:20:38.000Z,"likes: liberty, guns, bible, truth. was leftard & militant atheist - finally grown up. don't hate people, hate what they do (christian principles). have done military service. also, like making things, being outdoors, my dogs. dislikes: wing-nuts, pc, media, censorship, globalism, communism",1915,1950,9020
17989,17989,1033871,GabbyBaer1,2019-03-11T20:25:39.000Z,old enough to want an improved future for all of the world and humanity. working on ideas to create new energy sources and local communications.,14,96,4450
18073,18073,1099382,1488Mussolini,2019-05-07T19:06:12.000Z,fed up european american nationalist who wants his country back !,3151,1267,169881
18103,18103,114744,PearlsOfLogic,2016-12-10T08:44:11.000Z,we were all born behind enemy lines. jesus is our extraction point and our city of refuge. pure blood ~ constitutional conservative ~ proud white supremacist ~ proud american nationalist ~ 1st & 2nd amendment,13513,1887,86659
18136,18136,1046353,Werewolf1381,2019-03-15T04:31:20.000Z,"fun-loving, hard drinking, sarcastic asshole. politically incorrect and unapologetic. libertarian, capitalistic , humanistic, cynical and skeptical.",963,1197,43940
18144,18144,1068652,Deplorabledude,2019-03-31T09:26:19.000Z,born and raised here in the good o usa! pro 1a 2a,5010,5118,138583
18171,18171,118106,salis333,2016-12-11T20:35:47.000Z,"""the only valid censorship of ideas is the right of people not to listen."" - power stewartmom to 3, grandma to 6. can't talk about work, since they frown (and fire) for social media connections and comments. (talk about censorship!) #maga voted trump/pence 2016. follow me on rumble please.",5369,5410,28433
18191,18191,111799,MichaelBluesFanSince67,2016-12-08T01:15:45.000Z,'the sun will rise tomorrow; it s your attendance of the event that is uncertain.' ...kldgodusa wife#pureblooddoberman pinscherk9 4life1a/2a h&k mt extremely right wing iii%extremely toxic,1433,2143,5146
18234,18234,1113132,covatospur,2019-05-20T18:16:42.000Z,"i agree with about 15% of gab, but it's an important 15%.",497,461,18928
18382,18382,1148996,huphaco2015,2019-07-02T02:17:17.000Z,"huphaco - chuye n cung ca p ca c sa n pha m: ca m bie n a p sua t - ca m bie n nhie t o - bo chuye n o i ti n hie u - ca m bie n sie u a m ca m bie n che nh a p - o ng ho o a p sua t o ng ho o lu u lu o ng - ca m bie n o mu c... xua t xu cha u a u- g7 ta i thi tru o ng vie t namco ng ty tnhh ky thua t tu o ng hu ng pha tso 12 - u o ng 310, rosita khang ie n , p. phu hu u , q.9 - tp hcm ie n thoa i: 0978 79 55 66website: hoa.nguyen@huphaco.vn",21,189,162
18470,18470,1013285,Crawford,2019-03-04T15:58:12.000Z,"free speech period,fuck your feelings.once in the 30s and 40s they burned books and banned speech,then they went on to burn bodies! hhc 4/6inf.regmnt.5th inft.div.mechanized.11-c-10,86-89,,r.n. for 26 years and counting.not eating bugs or drinking the koolaide.",2285,3067,17790
18579,18579,1081638,brody42,2019-04-16T13:56:29.000Z,"remember, there are more of us than there are of them...and they know it.",552,785,3132
19010,19010,108161,Cranky2Sticker,2016-12-07T04:30:08.000Z,"they call me ""cranky"" i'm one of the old normal people... sick of the me me me's an a subzero tolerance fer stupid people !!!daily prayer: lord please, protect me from stupid people. husband otr trucker, retired ff/medic,#2a, foto voter id, ssn660 (ndfy)stupid people shouldn't be allowed to breed !proud to be what i am: a white,trump supporting, conservative ridgerunner....lgbpure blood !!!!",1946,2206,5568
19037,19037,1012353,intodeep61,2019-03-04T08:21:27.000Z,#wwg1wga,2231,2894,25573
19151,19151,1102157,MeeJane,2019-05-09T22:12:23.000Z,,1225,569,16677
19285,19285,1036447,comfyfren,2019-03-12T09:15:08.000Z,,170,181,8
19321,19321,1069657,Hatefulpumpkin,2019-04-01T17:41:27.000Z,"""a worldly, wise, guide who has been around the pond a time or two. frog mama is not only wise...she has a rep for being hot also"" - one of my mutuals who certainly wouldn't lie",764,744,5144
19336,19336,1034423,dustintempleton,2019-03-11T21:45:48.000Z,"brand development, smb consulting, seo and web design for small business & personal",122,146,1849
19343,19343,1142714,unschooling,2019-06-25T23:15:28.000Z,"unschooling is living & learning! truth seeker, freedom fighter, minimalist, children's rights",739,938,824
19348,19348,1124641,cozybear,2019-06-05T22:23:14.000Z,,374,510,1573
19397,19397,116714,rilli,2016-12-10T18:56:11.000Z,"""censorship is saying: 'i'm the one who says the last sentence. whatever you say, the conclusion is mine."" - ai weiwei",247,339,385
19577,19577,1009953,StormFrog,2019-03-03T14:22:26.000Z,|| we the people need to be the people ||- hours and hours of devotion.repeat.-music is contagiousmore so than measles- who let the frogs out (*honk* *honk* *honk-honk*) -never give up!,1700,2994,1581
20108,20108,116296,MartaVonRunge,2016-12-10T15:57:27.000Z,"patriot, conservative, christian, pure blood, empath. i am taken, do not dm melooking to hook up.",5481,3241,140044
20139,20139,116665,WildBill_inTN,2016-12-10T18:27:07.000Z,"#maga, trump supporter 100%, #draintheswamp, #q, conservative, constitution loving american. jesus is coming back soon, be ready. wwg1wga. pure blood . unvaxed. untested. will remain so. veteran digital soldier.",2636,129,26761
20241,20241,108121,Alethiometer,2016-12-07T04:22:33.000Z,"""i know you won't believe me, but the highest form of human excellence is to question oneself and others."" - socrates i'm a proud parent & patriot so i created ppsf patriot parent security force. we must organize & create a system to keep american children from being a target at school i have the program and it has 40 years of success 40 years so why haven't american children been protected?? it's a simple plan doesn't cost a lot it worked for 4 generations but not for american children why?",485,670,110
20302,20302,118249,stopcensorship,2016-12-11T23:02:12.000Z,"i believe in the way of truth and love. all throughout history, there have been tyrants and murderers. for a time, they can seem invincible. but in the end, they always lose. always.mohandas gahndi",2241,3081,92
20314,20314,1005280,Annben,2019-03-02T15:36:35.000Z,"texas. suspended on twitter. ""there were times when people would burn books because they didn't like what people were doing."" - michael berryman",2537,2753,72344
20412,20412,1066683,samm-ee,2019-03-28T23:46:56.000Z,,646,554,11775
20458,20458,107568,Blessingstoyou,2016-12-07T02:41:18.000Z,dear nazi brother/sister repent for your truth has woven within the doctrines of demons. the fruits of your beliefs are hatredthis is not the way of christ. 1st john 3:15 if you hate your brother you are a murderer and have no eternal life within you. lifeafterhate.org,1388,1534,30776
20465,20465,1012292,RedPillMGTOW,2019-03-04T07:33:41.000Z,"""a man can be himself only so long as he is alone; and if he does not love solitude, he will not love freedom; for it is only when he is alone that he is really free."" arthur schopenhauer",1336,846,81394
20539,20539,105936,nontzie1,2016-12-07T00:10:02.000Z,"""when you have strict censorship of the internet, young students cannot receive a full education. their view of the world is imbalanced. there can be no true discussion of the issues."" - ai weiwei",508,255,7541
20598,20598,1095039,eire-szoll,2019-05-04T20:46:59.000Z,"it is easier to get normies to recognize an empty lie than a pregnant truth. here *mostly* for solid memes and the chuckles. if ye cannae enjoy the haverin' nor ken it, ye can hae the decency to trundle off quiet like.",401,124,5658
20605,20605,1090624,AteFengErs,2019-05-01T14:38:18.000Z,"who the hell is that? one bastard goes in, another one comes out.",1459,1267,53386
20618,20618,1088991,LiterallyHotler,2019-04-28T13:50:31.000Z,1st and 2nd amendment enthusiast. navy vet. noticer. fema region v my,836,843,2621
20636,20636,1064932,LeeSutterlin,2019-03-27T19:28:31.000Z,"unreconstructed aryan nationalistjust say no to zogthe northwest american republic is the way forward.northwest front on gabnorthwestfront.infodenver calirado, for now.",846,188,15675
20779,20779,1041476,toppopyeah,2019-03-14T00:08:12.000Z,"i don't care if ur left right or centre, i only see nationalists and globalists and if ur a globalist u can fuck off to globalistan twitch channel:",148,167,1767
20791,20791,1157893,delinfielkar,2019-07-08T20:00:05.950Z,"godless dutch revisionist. defying the chosen ones, holocaust heretic, questioning 911, the climate is changing since the world came into existence.#holocaustianity #jewsonly #holohoax #nineeleven #climatechange rp's do not equal endorsement.all religions are ridiculously sillyinternet archive",783,77,14108
20796,20796,1106913,Sussex,2019-05-14T20:12:46.000Z,darles chickens easter worshipper & noticer,174,176,4346
20848,20848,1065273,Landser1,2019-03-27T23:42:14.000Z,there is a deep state. it is led by jooo billionaire's. they are wreaking havoc on the entire planet. you fight or enjoy your and your children s servitude!,2132,1935,9181
20944,20944,1096926,freemanjack,2019-05-06T12:09:18.000Z,"sod the like button, if what i write resonates, hit that repost, i'm not interested in a popularity contest.",429,369,13408
20985,20985,1088433,Scs168,2019-04-27T17:34:34.000Z,"1955 aryan christian ,usn veteran ,truck driver, carpenter, framer, drywaller, property manager, broker husband and born again christian spreading the works of jesus one person at a time. my church is with everyone i meet, god is in everyone. let them know everytime you speak. remember if my opinion makes you cry, you may be too feminine. be like water not snow",1439,1302,19667
21110,21110,1001634,N8errific,2019-03-01T20:19:36.000Z,here because it s the only place that has proven to be free speech.,32,40,943
21218,21218,1003543,Aetherreal,2019-03-02T05:47:01.000Z,"neet, weeb, anime enjoyer, noticer, fatigued, racist# nearly everything i post is ai generated-christ is king.",456,431,4089
21219,21219,111246,CG63,2016-12-07T19:23:35.000Z,"i've still got a twatter acct, but, why slum it? ""the welfare of humanity is always the alibi of tyrants""albert camus#trumplican#pureblood #hysteriverse was coined by mr. assange in 2017 to properly describe our ridiculous reality.it remains an accurate description just as much as his silenced voice remains the most relevant.",1389,1446,34505
21257,21257,1058917,ManOWarMelvin,2019-03-21T17:35:45.000Z,,-79,-19,8953
21265,21265,1058327,T0TALFR33D0M,2019-03-21T07:05:08.000Z,,135,309,1114
21709,21709,1155565,QuriousQat,2019-07-07T17:28:22.614Z,,518,380,39885
21710,21710,1091797,HurricaneJefe,2019-05-03T02:11:25.000Z,,170,141,2650
21963,21963,107581,Zaklog,2016-12-07T02:42:50.000Z,"they can't stop the signal, mal. they can never stop the signal. - mr. universe, serenityi aim to misbehave. - malcolm reynolds,",784,174,17675
21992,21992,1145696,tessalebaron,2019-06-28T03:12:05.000Z,"winston churchill called democracy ""the worst form of government except for all those other forms that have been tried""",1606,3400,2617
22146,22146,11343,CaptainButthurt,2016-09-09T15:09:43.000Z,"the final frontier. these are the voyages of the starship pepeprise. its continuing mission to explore strange new methods of reee, to seek out based content and new dank memes, to boldly go where no anon has gone before...",1669,385,21795
22247,22247,1175094,Kimmy1970,2019-07-11T03:12:40.357Z,love the republic!matthew 5:44 psalm 34:18,383,40,13418
22259,22259,1048082,EduardoGonzalezPalomar,2019-03-15T17:39:33.000Z,con la saludable vocacio n de anteponer el sentido al - -,1212,3281,6638
22286,22286,1084862,ClaireNSDAP,2019-04-22T03:30:56.000Z,"nationalist dissidence - ns falangist - french legitimate royalist - anti-zionist - anti feminism - for the white catholic and pagan france, europe and usa - against art and surrogacy and lgbt adoptions - fsspx - former sportcars press officermeine ehre hei t treue - gott mit",2520,5444,5401
22666,22666,11185,KishinD,2016-09-09T05:34:32.000Z,"""if liberty means anything at all, it means the right to tell people what they do not want to hear."" george orwell-i serve the god of truth and lifewe've run out of political solutionsteam white survival : genes > memessworn enemy of illusionspioneer of possibilitywhite person appreciator-hope is a dream - will is a choice-if christianity had any chance of uniting white people, why haven't they united christians yet?",536,437,16716
22706,22706,1144112,NotBergStein,2019-06-27T02:51:54.000Z,please write to:political-prisoner-alfred schaeferjva landsberghindenburgring 1286899 landsberg am lechgermany-dipl.ing. wolfgang fro hlich(released after 15 years!)austria,276,541,81
22807,22807,1156956,CIntelMedia,2019-07-08T08:15:20.363Z,joining the dots to #freethemind.all that is posted is informed opinion and should be considered entertainment. #knowyourenemy,396,294,8897
22858,22858,113126,MysticMadman,2016-12-09T04:44:31.000Z,"i've been here forever...~ jarhead clan/0311~ generation x-er~ i have one life, and i am entitled to defend it in any way i see fit against those who would do me harm. if there is a single principle that has animated this realm since the time of the emperor justinian, it is that.- charles c w cooke",1564,408,7225
22863,22863,102592,andreas_sewell,2016-12-06T02:48:14.000Z,"your imagination... ...the enemy of my enemy is also my enemy.no state solution advocate.two semitic corpses in one grave.choose moral authority for once, little moralfaggot.every mosque/synagogue/church is rightfully repurposed into an abortion clinics for those respective undesirables.do not be a slaughter victim moralfaggot.",1232,771,130992
22867,22867,1157831,DirtyThirty,2019-07-08T19:24:34.188Z,"live for nothing, or honk for something.your call lads.",307,255,5620
22900,22900,1089010,NordicSaxonWarriors,2019-04-28T14:39:11.000Z,"the most precious possession you have in the world is your own people.and for this people, and for the sake of this people, we will struggle and fight, and never slacken, never tire, never lose courage, and never lose faith.~adolf hitler-""we must secure the existence of our people and a future for white children. Because the beauty of the White Aryan Women must not perish from the Earth.""",833,390,3276
22914,22914,1066545,christgnosis,2019-03-28T21:00:54.000Z,most banned anon on twitter. follow my,188,39,138
22966,22966,1052217,Machnik,2019-03-17T20:26:13.000Z,the truth will be revealed #infowarswe the people fight for freedom stand for human life bitcoin noobturning to god in a godless society,497,269,8337
23203,23203,101928,AnnKelly,2016-12-04T01:51:14.000Z,workers rights political activist millennial womanist geopolitics culturalist advisor traveler futurist healthnut plantmom lover usa europa,3467,252,37991
23362,23362,105871,im_frank,2016-12-07T00:07:14.000Z,"steely-eyed denizen of the deep""liberal rational thought"" is the ultimate oxymoron. . .usn (ret) - navy diver (dv) - submarines (ss) - surface (sw) - mine warfare (mw) - dav strong (100%)",2967,3856,27441
23387,23387,110030,DAL1,2016-12-07T12:58:50.000Z,"""when you have strict censorship of the internet, young students cannot receive a full education. their view of the world is imbalanced. there can be no true discussion of the issues."" - ai weiwei",1656,1963,12367
23826,23826,112130,Gavran,2016-12-08T06:16:31.000Z,"world is full of mystery and we all find different ways to solve it. love books, nature, sifi science and real freedom so you may say i'm equally traditionalist and futurist.",186,243,222
23870,23870,11205,abacusnemo,2016-09-09T06:22:01.000Z,"evidence-led atheist and patriot. conservative. islam must be exposed as the hateful and extreme ideology it is. there are too many evil aspects of islamic practice to mention here, but one of the most objectionable is the nightmarish way it tortures animals to death with its disturbing 7th century non-stun halal slaughter practices. i love pork scratchings & bacon. the old fake gods are much more fun than the new fake gods, no comparison. leftists: you know what you are.",1345,344,71660
23876,23876,1023397,DmskiHomestead,2019-03-07T18:10:14.000Z,"homestead, countryside life, blacksmithing, woodworking, gardening, simple life.instagram channel",74,7,398
23880,23880,1128559,HB1000,2019-06-08T13:22:33.000Z,"here for the truth. prepared for the fight ahead.i am- the female of the species rudyard kipling (1865-1936) as i do understand it, laws, commands, rules and edicts are for those who have not the light which makes plain the pathway. he who has god's grace in his heart cannot go astray. anne hutchinsondeus non irridetur god is not mocked (gal 6:7).",675,650,15418
23896,23896,1005362,RagexPrince683,2019-03-02T15:50:37.000Z,"""stopping leaks is a new form of censorship."" - julian assange",9,9,19
23949,23949,1176423,BelannF,2019-07-11T18:29:33.652Z,"gettr acct @belannf - follow me there - love my god, family and country - together we win - let's unite for freedom",11867,11764,35344
23952,23952,1033488,gjslobe,2019-03-11T19:37:22.000Z,"god, family, country. digital soldier, patriot. #maga united with patriot's around the world. god gives us the right to be free people. #wwg1wga family is everything. ifb patriots, those who follow me. don't play games like others on sm, if you unfollow me, i will unfollow, will not follow again. not after numbers, but friends, sharing interests. rocket city, usa home of rsa",3470,3434,18295
23972,23972,1035757,Kanaheik,2019-03-12T03:02:49.000Z,"i am a christian conservative. i am a diesel technician by trade. father of 4 daughters, all are grown up.",511,452,3953
24038,24038,1019443,DoomerGuy,2019-03-06T12:05:10.000Z,"""they [the jews] work more effectively against us, than the enemy's armies. they are a hundred times more dangerous to our liberties and the great cause we are engaged in... it is much to be lamented that each state, long ago, has not hunted them down as pest to society and the greatest enemies we have to the happiness of america."" george washington",2401,271,14550
24112,24112,102449,0thought0,2016-12-05T18:02:37.000Z,socialism is an alternative to capitalism as potassium cyanide is an alternative to water. ludwig von,438,373,9480
24172,24172,1161626,q1w2e3r4,2019-07-10T05:21:24.192Z,"i am a native of the midwest,raised on a farm,currently employed in manufacturing.i am politically conservative,pro 2a,pro1a,pro constitution.maga voter. i like colt firearms,pre '64 winchesters,older remingtons,smith and wesson pre trigger lock only,and semi-auto,high capacity rifles.",2599,2608,74182
24319,24319,1127618,PatrolBear811,2019-06-07T14:07:38.000Z,"god, family, country just the basics. freedom isn't free and thank you to all the patriots. wwg1wga!",1230,997,48406
24352,24352,1086795,DonErnestoFuerte,2019-04-25T14:40:24.000Z,,402,218,36704
24546,24546,1127033,IamLisaSalinas,2019-06-07T03:10:39.000Z,christian. married. not a real libertarian. dog mom. it's a safe bet that pretty much all memes are stolen.,2380,3140,31245
24608,24608,1155277,SlaveNation,2019-07-07T14:54:21.698Z,"there is a war brewing inside america. let it brew. find a wartime candidate for president.craft and deception shall contend with freedom and justice. issue no apologies, accept no excuses. don't hibernate but let our presence haunt them.ex- big outfit cowboy, western defector.",943,287,24246
25079,25079,1156362,IBWP2,2019-07-08T01:05:54.872Z,,265,637,1967
25466,25466,104203,yophotoman,2016-12-06T23:07:38.000Z,"""what we learn from history is that no one learns from history."" -- friedrich nietzsche",1879,1667,7493
26031,26031,1084852,usfreespeech1776,2019-04-22T02:59:12.000Z,| all posts on this channel are taking place within and/or referring to the minecraft universe. minecraft cost cash but minetest is free.,706,818,13409
26141,26141,1073972,RightWingPunk,2019-04-07T06:28:31.000Z,sieg heil it s okay to be proud to be whitetwitter: @right_wing_punk,619,211,858
26150,26150,1123374,Saint-Tarrant,2019-06-04T07:55:09.000Z,principle > self any day,759,102,24213
26155,26155,1186099,WhiskeyBeer,2019-07-14T23:09:40.256Z,">yes i am a whiskey beer.>1488, a good year for beer.>drink me, not the koolaid >forefathers shared more in common with adolf hitler than any conservatives in last 100 years.>both were visionaries hated for wanting a white nation.",507,612,6404
26261,26261,1027489,Emeraldwitch,2019-03-09T16:14:22.000Z,"devoted house wife & mother to the sweetest baby boy proud irish, truther, pro-life, shy introvert, conservative, proud to be white, nationalist, anti-feminist, anti-immigration, pro-capital punishment, animal lover, proud ginger poetry blog:",311,253,3470
26568,26568,101638,blove65,2016-12-03T00:05:59.000Z,"navy nam vet, 65 - 71, dlgn 35, wife retired usaf nurse, live like you mean it! bacon!",2004,596,50963
26846,26846,107966,Q1295tinman,2016-12-07T03:51:15.000Z,"i am a political nonconformist! right now, trump is ""still"" my president! i respect all interested in freedom and seeking truth. i value unity over party politics. parties are how they divide us. i am an 8kunfag, researcher and patriot.#maga #kagtelegram - - -",367,315,987
26879,26879,1063105,RAR2,2019-03-26T12:53:24.000Z,"hope for the best, plan for the worst.",321,231,6534
26918,26918,108992,trestradapalma,2016-12-07T08:10:57.000Z,the great grandson of the first cuban president - a dedicated georgist,1417,1006,14253
26955,26955,1110884,AmericanOne,2019-05-17T23:10:39.000Z,"citizen slave no more....still working hard to spread the word about this constitution thing. should be called ""a non citizen"".",117,79,13606
26980,26980,1136346,MasterSergeant2008,2019-06-17T15:48:49.000Z,retired us army 11b5v/18e1972 plymouth satellite sebring plus (470 stroker v8)hens are liars. only you can prevent cultural marxism. blocked by @chucknellis and matt bracken for pointing out jewish malfeasance.#jewsaretheproblemwhites are the solution.,889,156,33629
27069,27069,1117042,Houndkeeper,2019-05-26T01:08:04.000Z,"from south central ky. live in north ky ,son , father, u.s. marine. libertarian/conservative.",44,57,376
27381,27381,1118057,AmericanTimes-News,2019-05-27T13:42:10.000Z,"local news for americans-first, beginning with",66,142,332
27459,27459,102425,reign99,2016-12-05T16:59:35.000Z,"devotion to the truth is the hallmark of morality; there is no greater, nobler, more heroic form of devotion than the act of a man who assumes the responsibility of thinking. ayn rand, atlas shrugged--join the group, hate on communism,",494,152,4461
27526,27526,113850,wjappe,2016-12-10T05:11:47.000Z,"delusional religious people, liberals esp progressives, drug warriors, ppl that don't respect others rights & gov't have serious delusions of what is right&wrong.&about reality. those that don't see how wrong it is to lie about, steal and kill those in palestine have fake morals or just haven't any empathy toward any peoples other than their own tribe.",383,457,3736
27780,27780,1126984,CuddlyBear,2019-06-07T02:36:05.000Z,"praise jah you people!jews killed jesus! (matthew 27:25)you're either maga or you're against us.no mercy. no quarter. no exceptions.blue is the new red.stay away from anything artificial, especially intelligence.there is great redemption at the end of a rope.pray for peace, prepare for war.police=kgb. fuck all you blue line faggots!avoid the group red wave riders and behizy. they don't support free speech.",1837,511,98345
27872,27872,110520,Natty_Bumppo,2016-12-07T14:59:52.000Z,descendant of potato famine survivors. i'll take me fookin' reparations in jameson's.,468,469,12751
27921,27921,1096573,WhiteRationalism,2019-05-06T01:16:47.000Z,the 14 words - we must secure the existence of our people and a future for white children. because the beauty of the white aryan woman must not perish from the if you're not naming jews i'm not following back.claiming ignorance on the issue of jewish subversion is willful ignorance not lack of knowledge.,987,570,17281
28049,28049,1054488,PissJuggernaut,2019-03-18T21:00:50.000Z,"(entp/chaotic good)be mindful allowing others to cultivate and harvest your beliefs, hatred or self-esteem",125,147,3989
28050,28050,1027949,SirJeffrey,2019-03-09T18:28:10.000Z,"the world is under a deep dark canaanite spell. beware that, when fighting monsters, you yourself do not become a monster, for when you gaze long into the abyss, the abyss gazes also into you.",180,334,2097
28099,28099,1099989,frjohnwhiteford,2019-05-08T02:30:02.000Z,"preferred pronouns: thee, thou, thy, thine",2379,721,2210
28408,28408,1147267,krynnotaur,2019-06-29T18:32:10.000Z,shrugged. consent is not optional. you cannot make atlas move a god damn thing he does not agree with moving.*i* am not right in /your/ head.,23,25,7200
28674,28674,1027617,NBAustinBooks,2019-03-09T16:46:12.000Z,"husband. author. gritty fiction, hard-hitting non-fiction. available on amazon",106,38,1184
28686,28686,10022,captain,2016-09-06T00:52:49.000Z,"take no part in the unfruitful works of darkness, but instead expose them. ephesians 5:11 photos and other images not mine.",1658,239,11945
28709,28709,1176037,buffyputastakeinem,2019-07-11T13:57:06.431Z,"""jesus said to them, if god were your father, you would love me, for i have come here from god. i have not come on my own; god sent me. why is my language not clear to you? because you are unable to hear what i say. you belong to your father, the devil, and you want to carry out your father s desires. he was a murderer from the beginning, not holding to the truth, for there is no truth in him. when he lies, he speaks his native language, for he is a liar and the father of lies.""",647,228,18736
28788,28788,113586,elspeth62,2016-12-09T20:07:23.000Z,"my mission isn t to quash debate it s to show that the mainstream media aren t mainstream, that their feigned objectivity isn t objective, and that open, rigorous debate is a positive good in our society. ~andrew breitbart",4560,219,22578
28904,28904,1140704,Antizionist2019,2019-06-23T10:08:18.000Z,,484,24,95195
29088,29088,1106025,snixy,2019-05-13T16:05:23.000Z,,1686,272,195961
29125,29125,1031365,ChickenInvasion,2019-03-11T01:18:54.000Z,recovering astrophysicist. code monkey. lazy proofreader. lend me your f-16s.,1312,823,39559
29310,29310,109572,70JS,2016-12-07T11:12:26.000Z,"""think for yourselves and let others enjoy the privilege to do so, too."" - evelyn beatrice hall#bitcoin #ethereum #cardano #vechain #kucoin #sol #avax",2512,2714,97416
29502,29502,114418,AlvinB1959,2016-12-10T06:47:16.000Z,"""imperfect"" christian - usaf veteran (80 to 86). gab is not a dating site, you start that crap and i'll block you jiffy quick - constitutional american patriot - if you hate christian & american values - get out of the usa",3879,2158,111735
29539,29539,111021,kabster,2016-12-07T17:50:15.000Z,"""the only people who don t want to disclose the truth are the people with something to hide. ~barry soetoro~aka barack obama - (quote from the man who has hidden the most)------------------------------------------@kabster on truthsocial & x but @gab is home i was kicked off twitler before it was c l------------------------i'll probably make a meme for ya if you ask nicely._____________",2861,1604,57829
29950,29950,1072095,Mac691,2019-04-04T21:57:16.000Z,#qanon #globalpatriotsunite #digitalsoldiers #wwg1wga #jfkjrlives #kga #savethekids #donaltrump19thpresidentoftheunitedstates#bidennotmypresident #trump2024 #1amendment #2amendment#patriotsholdtheline #wethepeopleanonup.com/@mac691,6213,8697,584
29986,29986,1097775,LynxGabber,2019-05-07T00:06:07.000Z,":gabby: when i saw, how that by all occasions rebellious israel had played the harlot, i cast her away, and gave her a bill of divorcement: yet her rebellious sister judah was not afraid, but she went also and played the harlot. (jeremiah 3:8)",5820,121,23013
30038,30038,1025541,MissAlantee,2019-03-08T18:21:44.000Z,i'm done being lied to and penalized for living. when will you people join me in a tax rebellion? the only way you'll control the 'de facto' govt is by stopping the flow of if you want to take back your power then quit paying taxes! he who controls the controls the politics. it must be done!we have no queen!we have no govt!more importantly this 'quasi autonomous entity' acting as the govt has no legal authority to govern anymore than it has the jurisdiction to govern!,611,532,14779
30227,30227,1084222,supno,2019-04-20T19:19:21.000Z,"! !i am the thing that defeats the evil that has escaped the matrix. we will tell you the real truth that makes all conspiracy theories ridiculous. if you want the truth, you must follow me! the war against evil has reached its climax, time is running out for all of you!",445,305,15601
30255,30255,1075182,dbzgal04,2019-04-09T05:18:51.000Z,,1251,212,39598
30264,30264,1144533,JohnDickey,2019-06-27T09:39:01.000Z,"the usa is not a democracy. article iv, section 4 of the u. s. constitution starts out, ""the united states shall guarantee to every state in this union a republican form of government....""i live in northern idaho, single, conservative, high moral values, atv rider, do not belong to any political party or religion.",175,248,1644
30276,30276,1090620,alternate_distance_reiki,2019-05-01T14:23:53.000Z,#retired #reiki3 mostly a series of posts to_from the #alternate #distance #reiki #team#keywords are @alternate_distance_reiki #usui #shiki #ryoho #globalist #infection #coronavirus #outbreak #pandemic #firefauci #trump #virus #fire%g #energy #healing #method#usui #mikao #sensei #taichi #bioweapon #yang #yang24 #yang37 #martialarts @alternative_health_reiki #chin #wuhan #covid19 #firefauci #fauci #mask #unmask #manmade,58,61,7747
30342,30342,1028762,Henry61,2019-03-09T23:50:18.000Z,"twitter, trap echt niet in de sprookjes van elon musk, twitter gaat weer richting de oude weg.ik zie weer profielen om het niets verwijdert worden.een multi miljardair die iets gratis weggeeft, je geloofd in wonderen?",177,203,1842
30396,30396,1004706,gammalsvensk,2019-03-02T13:15:58.000Z,"germany can no longer be reformed. we need a truly sovereign government, a peace treaty, democracy from below with politicians elected for a limited period of time who have specialist knowledge, and above all we need to get out of the ""peace-making"" nato.",178,170,3862
30425,30425,1049503,Ponerologe,2019-03-16T08:49:17.000Z,".be kind to the frightened, for they have been deceived..seid freundlich zu den vera ngstigten, denn sie wurden betrogen..",396,531,4407
30524,30524,1117996,Bienespitzerschnabel,2019-05-27T11:52:49.000Z,,792,1076,23884
30540,30540,1024791,Schmuckeremit,2019-03-08T06:47:08.000Z,"#12jahre3monateund9tage #germangenius #deutscheschicksale #holyshit #deutscheschicksale seit januar 21 mit (monat)seit mitte august 21: #deutscheschicksale +jahr(21, 46, 71, 96 ff)monatnutzt mullvad vpn.",526,482,44573
30709,30709,1182335,BavarianHunt,2019-07-13T16:04:46.459Z,"kommunismus ist der tod der seele. es ist ein system vo lliger anpassung und darauf ausgelegt, die tyrannei allgemeingu ltig zu machen.",90,64,16
30720,30720,1047364,cylonwarrior,2019-03-15T12:05:03.000Z,,821,883,25329
30908,30908,1038626,RealMachineGunBarbie,2019-03-13T04:09:51.000Z,christ is king ~ always burn the ships ~ here for the culture war ~ those who come to disturb our peace & dethrone our laws are aliens & enemies forever.,197,652,828
30932,30932,1063361,SleepyBowhunterMAGA1,2019-03-26T15:55:02.000Z,-usa1st-say goodbye 2 all rights if u lose 2nda-#buildthewall-jesus isthe way the truth & the life-dms will not get reply,1298,1270,2738
31221,31221,115601,JoeHNewYork,2016-12-10T12:45:04.000Z,usmc chu lai 69/70 teaparty #istandwithisrael conservative cursing christian. no sharia. libs don't like me i don't argue with maggots crucesignatus pope urbanii was the best pope. no dms chats i block them,4317,4616,29674
31261,31261,1147239,wzrubicon1,2019-06-29T17:50:20.000Z,"the native bear symbol represents strength, family, vitality courage and health. the bear is thoughtful and independent, with little need for fellowship. the bear is also self-contained and strong-willed in nature. a bear is of great support and comfort to those who crave human company simply for personal reassurance rather than for the simple pleasure of being with friends. he makes lonely periods of life far easier.",1171,1125,43234
31284,31284,1079305,Chuckiebrown,2019-04-13T04:54:02.000Z,,256,309,13408
31668,31668,117253,smuggly,2016-12-11T00:25:11.000Z,"""i know you won't believe me, but the highest form of human excellence is to question oneself and others."" - socrates",280,173,16525
31883,31883,101274,dleetr,2016-12-02T03:56:00.000Z,"a manifestation of our people's contempt for our chains.i don't advocate violence, my more radical posts should not be seen as doing so. i do however have no problem with the legitimate gods given right to self defense and this reason amongst many, makes me a white nationalist.thankyou.",2266,1029,61309
31886,31886,1000263,MossyHammer,2019-03-01T14:51:01.000Z,,148,168,2448
32007,32007,1126288,TK421SC,2019-06-06T18:44:06.000Z,"ironically always at my post...note: followers welcome, but shoot me a note that you did cause i forget to check my requests (i have settings that require me to approve all followers",207,357,5066
32258,32258,1119751,StormHeld,2019-05-29T22:06:26.000Z,"part time person. his story; 42+yrs homeless.hispanic/scotch-irish. recovering, child abuse survivor, renaissance artisan. living with severe near fatal head trauma from work related accident as a stage tech, insurance providers, medical community and workingman's comp, let 'heal' with the injuries, fighting the injured.trusting opioid docturd pushers almost perishing during sackler opioid crisis after 2 back 2 back surgerieswhat's left of my mind, is speaking*posts are not endorsements*",101,6,16503
32314,32314,1017590,Monkeytail,2019-03-05T20:39:40.000Z,"""when you hit rock bottom, there is always a leprechaun with a pot of gold at the end of the rainbow""~remc",401,560,4153
32389,32389,1136106,CWF,2019-06-17T06:36:39.000Z,"satanist.whiter than you.ally to good, anti ""semite"".ai slop enthusiast.",25,13,2491
32552,32552,1138676,TehMalachi,2019-06-20T16:33:28.000Z,"congratulations, you just let them take over your country.purebloodi noticed a long time ago. guitarist, gamer, outdoor fun *disclaimer* all statements made are sarcastic and satire. i do not support any acts of mindless violence.",862,503,3660
32573,32573,1180009,Wakawe55,2019-07-13T01:12:51.083Z,"christian, not rich, i don't send money to people i have never met. i pray for the destruction of the enemies of god. abortion is part of the worship service to molech/satan.1/4 swedish 3/4 german.",388,402,8925
32681,32681,1029116,Theunitedspot,2019-03-10T03:13:24.000Z,we bring memes to life. over 800 videos on youtube retweeted twice by president trump we just wanna make you laugh. follow us today. thanks for watching,2317,1055,5486
32712,32712,1127931,psycho,2019-06-07T19:52:36.000Z,i'd go to the moon in a nanosecond! the problem is we don't have the technology to do that anymore. we used to! but we destroyed that technology...and it's a painful process to build it back again.,528,640,4086
33121,33121,1102288,T124T,2019-05-10T01:58:25.000Z,not accepting anymore friends but thanks for the consideration,126,139,3831
33143,33143,1010815,Schnozzenstein,2019-03-03T19:40:02.000Z,"""the only way to deal with an unfree world is to become so absolutely free that your very existence is an act of rebellion."" - albert camus",701,1234,5848
33267,33267,1026633,Stray_Mongrel,2019-03-09T07:39:09.000Z,"jesus really likes you! june 24, 2022: proof that god answers prayer.and jesus answered them, have faith in god. truly, i say to you, whoever says to this mountain, be taken up and thrown into the sea, and does not doubt in his heart, but believes that what he says will come to pass, it will be done for him. therefore i tell you, whatever you ask in prayer, believe that you have received it, and it will be yours.(mark 11:22-24)",437,434,44414
33314,33314,1125573,Sagmetox,2019-06-06T09:30:47.000Z,kiwi dad gardner defend the right to offend wwg1wga,2007,1646,37451
33318,33318,1056218,volatile_struct,2019-03-19T21:08:04.000Z,"only the small secrets need to be protected. the big ones are kept secret by public disbelief.. it's flat folks. ""as the true method of knowledge is experiment, the true faculty of knowing must be the faculty which experiences.""",277,275,9964
33439,33439,116690,Stickyhammer,2016-12-10T18:46:42.000Z,"""i might disagree with your opinion, but i'm willing to give my life for your right to express it."" - voltaire""in a time of universal deceit - telling the truth is a revolutionary act."" orwell/blairthe search for the truth is not for the squeamish!",299,416,301
33449,33449,1077666,ThrobbingBiscuitFlinger,2019-04-12T01:04:01.000Z,"redpill proctologist since 2008. ron paul is my spirit animal. will send nudes, but not of me. my preffered racial slur is white cheddar honky cracker.prounouns: huge/hung#nicecrewlapidaryjewelerleatherman",523,313,3392
33523,33523,1185531,unconscionableAdmin,2019-07-14T19:34:33.882Z,"a christian, a husband, a father.christian nationalist.#bigeva dissident",638,455,5594
33838,33838,1122099,unit13,2019-06-02T07:34:31.000Z,"copyright disclaimer : under section 107 of the copyright act 1976, allowance is made for ""fair use"" for purposes such as criticism, comment, news reporting, teaching, scholarship, and research. fair use is a use permitted by copyright statute that might otherwise be infringing. non-profit, educational or personal use tips the balance in favor of fair use.",3386,3049,1225
33880,33880,1075168,Ih8uJack,2019-04-09T04:36:40.000Z,hater of jack | lover of trump & freedom | #patriot | #trump2020 | #maga | #kag | videographer | meme maker | @ih8ujack aka / i'hate'you'jack / | | #loyalty | fb god | #saveourchildren | #qpatriot | q sent us | #q | #anon | expect us | #thegreatawakening | #wwg1wga |________________________________follow me | i follow backtwitter refugee| aka @ kmf 44k | aka @ ih8uj ack 59.2k | aka @ fujack187 1.2k | aka kdot |,7753,7908,7685
33941,33941,1029482,Darksavior,2019-03-10T08:23:55.000Z,having a drink while watching the world burn.,472,219,690
33975,33975,1102155,JeffHUlrcih,2019-05-09T22:06:47.000Z,"i am a husband, father, technologist, musician, and a certified chaplain. visit my website where hope abounds:",318,342,403
33993,33993,1101062,Foamwraiths,2019-05-08T19:53:17.000Z,"ask me about my vow of silence..i eat things that w'd eat me if they c'd. including cows..all is parody, hyperbole, litotes, puns, exaggeration, licensed insanity, spoken metaphorically & passionately, not to be taken literally nor genuinely threatening..diagnosed with dementia, not legally accountable for what i write. .regardless of what you *think* my posts mean, i implore you, ~do *not* take any unlawful action immediately or in the near future.~.",298,290,6840
34034,34034,1112133,Arbitrage,2019-05-19T11:15:34.000Z,advocate of freedom and libertyaustrian school economics,286,333,3985
34072,34072,103202,mattrs,2016-12-06T22:19:23.000Z,beliefs are perception filters!,190,266,37
34103,34103,1183262,NotReallyFrench,2019-07-13T23:23:07.184Z,"glory to thee, o christ, our god and our hope, glory to thee!it is truly meet to bless thee, o theotokos, ever blessed and all blameless, and the mother of our god. more honorable than the cherubim, and beyond compare more glorious than the seraphim, thou who without corruption gavest birth to god the logos, true theotokos, we magnify thee. ***it s okay to be whiteno dms, please and thanks",789,496,22473
34112,34112,1121640,Philipp,2019-06-01T13:02:00.000Z,,171,59,5118
34369,34369,114510,AttyJ,2016-12-10T07:16:45.000Z,it's better to keep your mouth shut and appear stupid than open it and remove all doubt - mark twainvisit news aggregator for patriots.sadly in #shithole #sanfrancisco,816,1457,1281
34407,34407,1176509,Tazbitter,2019-07-11T19:13:07.442Z,,369,600,1435
34536,34536,1064633,SandyJB,2019-03-27T15:03:51.000Z,"christian, patriot, mom, pro-lifer, artist, gardener hope is being able to see that there is light despite all of the darkness. desmond tutupersonal pronouns- ruger, sig sauer, winchester, h&k2 chronicles 7:14ephesians 6:12",1652,1565,31926
34619,34619,1096698,Susan_ishere,2019-05-06T04:44:49.000Z,"from queensland, australia married. christian. ""jesus christ is king"" 2nd chronicles ch7v14 if my people who are called by my name will humble themselves and pray and seek my face, and turn from their wicked ways, then i will hear from heaven, and will forgive their sins and heal their land.",1422,1177,11141
34738,34738,100746,phoenixTPR,2016-12-01T15:28:58.000Z,"hello! my name is phoenix. i'm an american, defender of the constitution, capitalist, and a lover of freedom. ""when governments fear the people, there is liberty. when the people fear the government, there is tyranny."" thank you to anyone that likes/re-posts my posts :)",6256,7222,6640
35033,35033,112220,no_mark_ever,2016-12-08T08:57:12.000Z,'i have overcome the world' - jesus christ,963,527,3526
35084,35084,1071845,JustOndieki,2019-04-04T15:50:27.000Z,christian. believer of the cross. born again.john /daily inspirations group: ceo on twitter,6529,587,15765
35555,35555,112564,Sheergem,2016-12-08T16:22:33.000Z,"widowed and heart broken pure bloodq = question everything awakened and prepared, consider my posts as mostly satire.""the only way to deal with an unfree world is to become so absolutely free that your very existence is an act of rebellion."" - albert camus",3719,1190,212686
35563,35563,114812,Mr_History123,2016-12-10T09:14:49.000Z,"the goal is world peace,,,,, when there is liberty and justice for all people of earth,,, that requires good government for all,,,",235,24,15378
35622,35622,1076184,Ferrari27,2019-04-10T15:05:33.000Z,a h herregud. ma jeg skrive noe her og.,352,500,10395
35713,35713,100632,MrNone,2016-12-01T13:45:47.000Z,my liberty is not granted by some dickhead in a suit.have a nice day,742,1072,11733
35787,35787,117339,CollectivistDelusion,2016-12-11T01:50:07.000Z,"the sin which is unpardonable is knowingly and wilfully to reject truth, to fear knowledge lest that knowledge pander not to thy prejudices. aleister crowley, magick: liber aba: book 4",224,721,1481
36002,36002,10927,DavidJames,2016-09-08T10:32:41.000Z,"david has his several shows a week including saxon s creed radio show, rabbit hole radio show, the midweek news report, news bytes, fireside chat with david james and word of the most high. david is a real truther with zero compromise.",612,339,15329
36028,36028,1087682,Acityonahill,2019-04-26T14:17:05.000Z,"...for god is in heaven, and thou upon earth: therefore let thy words be few. ecc. 5:2 kjvthe first rule is to keep an untroubled spirit. the second is to look things in the face and know them for what they are. marcus aurelius what do i need to do...and can you do it for me. otis, back to the barnyardyes. yes i am phineasi wish things were back to normal. timmyan ape is an ape, not by deeds but by spirit. a stacker is a stacker not by buying but by holding. these answers i giveth to you.",112,35,2137
36096,36096,1115077,uneQuivocallyAmy,2019-05-23T15:13:24.000Z,2 times suspended on twit for being a conservative who brought doj plane news. aka curiouscamo here i go again...,7794,1325,1787
36350,36350,109322,Buttnugget,2016-12-07T10:04:31.000Z,"""just the facts, ma'am"" - sgt. joe friday",208,67,3378
36457,36457,1095434,CatBandit,2019-05-05T01:56:22.000Z,"conservative american heterosexual boomer. lifelong motorcycle love affair. attended (but poorly educated in) junior-college. united states naval air veteran. retired owner/operator of my own insurance agency and real-estate brokerage - also - retired adobe systems certified instructor, help-author, web-developer, you know ... stuff like that.",552,415,6632
36632,36632,1126817,Robismaga,2019-06-07T00:17:45.000Z,"romans 8 35-39. my eyes are open, my ears are listening and my soul is waiting. not looking for hookups, happily married. if you're not on a list, you're not doing it right.",455,400,5294
37064,37064,110391,Rad-er-Cad,2016-12-07T14:20:50.000Z,"degrees in: physics and computer sciencefavorite quote: ""only two things are infinite, the universe and human stupidity, i'm not sure about the former."" albert einsteini am not an anti-vaxer. what i am is anti-experimental-medical-treatment. #1a #2a",4112,4037,58595
37093,37093,1155328,ionracas,2019-07-07T15:17:07.276Z,rip craig robertson (murdered by the fbi),256,222,6985
37107,37107,1121067,Bigbillo,2019-05-31T19:31:17.000Z,,100,91,4352
37128,37128,1101849,Sarum,2019-05-09T14:53:27.000Z,u.s. army major (r). patriot and commie killer extraordinaire. staunch defender of western civilization and thought.my real handle is the american jaeger but am ready to cut some blood eagles on the deserving. advocate for the traditional german hunting culture. remember rhodesia! save the boer in south africa. and always remember it's more than ok to be white. my mantra - hate this country? then go back to the shithole from whence you came..,285,242,1936
37315,37315,1142687,BIGSCHMOOL,2019-06-25T22:19:45.000Z,,349,364,10058
37469,37469,1061663,ccshowme,2019-03-24T18:01:24.000Z,,381,673,4614
37555,37555,110439,VFL87,2016-12-07T14:36:18.000Z,"husband, presbyterian, engineer. live not by lies.",117,179,541
37722,37722,1098701,car_done,2019-05-07T10:45:19.000Z,"msgt. (ret), parker-hannifin (ret) . in the woods daily. love to cut/split wood. the woods is my gym. griddle cooking and deep frying are a way of life! twitter limp wrists banned me... my memes are on x formally twitter at: @car_done",2593,2607,140827
38048,38048,104539,nocompulsoryvaccination,2016-12-06T23:20:45.000Z,"""censorship is the child of fear and the father of ignorance."" - laurie halse anderson",429,713,1032
38104,38104,1058756,romanse,2019-03-21T15:00:41.000Z,,1723,144,245231
38136,38136,1016341,Clarity44,2019-03-05T09:57:09.000Z,"""the only valid censorship of ideas is the right of people not to listen."" - power stewart",636,326,42921
38186,38186,1125221,SG5280,2019-06-06T04:04:40.000Z,"si vis pacem, para bellum.",1097,161,33584
38289,38289,102940,rebel1ne,2016-12-06T22:04:34.000Z,gab is fake and gay. see you later.,4703,4119,19032
38517,38517,1069041,retrojedi,2019-03-31T22:17:12.000Z,,64,108,468
38875,38875,1107792,BonkyJones,2019-05-15T15:10:43.000Z,"sacramental christ follower. husband. father. fighter. scholar. technician. director. dissident. lover of fine scotch, smooth gin, green mountains, cool rivers, blue skies, and warm apple pie. already blocked by a boomer on gab and proud of it.",73,115,1026
38921,38921,1036410,woltzh,2019-03-12T08:53:47.000Z,,280,178,2660
39040,39040,1064197,dakaroo,2019-03-27T05:40:20.000Z,"christian , patriot , veteran, retired, father & rider . i'm all about freedom, and delivering a fail to the great reset!",767,1284,3197
39085,39085,1015361,The_Natavists,2019-03-05T01:19:54.000Z,accelerate!!!!!!,920,1030,12601
39157,39157,1067133,LOCDOC,2019-03-29T10:17:27.000Z,navy / retired / #kag / #blessed / pray without ceasing / #rom 8:28 / #ky,4069,4043,10934
39656,39656,1048450,ICuckWhiteSupremacists,2019-03-15T20:52:15.000Z,"if you are blocked, it's because you are repetative or double post.",21,7,9086
39831,39831,1155661,Fatcat69,2019-07-07T18:07:22.984Z,constitutional conservative.born of democrat stock. fought in the battle against abortion '73. began waking up... parents became reagan republicans. i joined the tea party movement and attended many here in ohio. my sign read t axed e nough a lready! partyandgive me liberty--not debtand look where we are today!remember braveheart's last word to mankind!it's what it's all about!,236,97,12660
40219,40219,1165603,rightcheer,2019-07-10T14:07:40.851Z,part of a fringe minority with unacceptable views.taking photos and weaponizing,30,98,329
40334,40334,1186225,Ladyluv,2019-07-15T00:22:11.304Z,"the love of animals, nature and truth",613,670,2678
40374,40374,1068414,VrijeWereld,2019-03-30T23:45:08.000Z,vrijewereld.orgciviele inlichtingendienst - geopolitiek & exopolitiek / civilian #intelligence agency - #geopolitics & #exopolitics // #free #books #greatawakening #dutch,371,305,6654
40654,40654,1042449,Kaptain_Krawdad,2019-03-14T02:46:14.000Z,nerd. chef. lover of music. fisherman. river valley dweller.married to @kristbelldisclaimer: expect satirical posts,112,67,2609
40736,40736,107103,dekojones,2016-12-07T01:42:26.000Z,psp certified (professional shit poster),399,419,4386
40753,40753,116636,DickDickstein,2016-12-10T18:12:20.000Z,"""i just want to tell you both good luck. we're all counting on you."" - dr. rumack--""tellin' the truth is what makes people trust ya'""~byron sully--most openly ignored humanitarian problem in the world today. 50 million slaves. not a single mention by the media. trump drops 20k human traffickers into cuffs, and we are told that everything we say is ""baseless"", everything they accuse of is projection, and every single one of us has a phone made by enslaved men, women, and kids.",636,679,7146
41264,41264,114818,Krickitt,2016-12-10T09:16:38.000Z,"i am a proud mother of 5, grandmother of 7! i am also a proud conservative with a few libertarian leanings. was a liberal when i was coming of age in the 70s, of course, but i grew up. i am from texas, and have lived in arizona for the last 33 years. i love my president trump.",1059,1567,2898
41298,41298,1028643,spk1,2019-03-09T23:06:04.000Z,in god we trust from a forest fan,151,327,1110
41526,41526,1149673,Mcpureblood,2019-07-03T00:05:46.000Z,"not here to debate you.. if you dont agree or are tooo fucking retarded to see the horrid truth, dont judge me, have a look at your own delusions. and fuck off",1697,281,154475
41539,41539,1016170,randomthot,2019-03-05T08:21:58.000Z,"""the only way to deal with an unfree world is to become so absolutely free that your very existence is an act of rebellion."" - albert camus",272,67,980
41546,41546,1178745,Gladio2,2019-07-12T18:53:39.631Z,i'll do you a deal goyim,603,443,11802
41677,41677,102471,BaronHitlerdeRotschilde,2016-12-05T19:09:44.000Z,"el famous presidento of the albinos christians super xtrem giga terror group banditos ai e ai e ai e caramba spaghettos y mozarellatinox!voat was shut it down by extremely hateful mossad a 25th december to defecate on good people christians cuz we know too mush about their spies and money and alot like alefantis and his slave goyim alexandra tydings from the show hercules, which was a ""laying eggs"" with dc pizzagate alefantis de rotchkike taking the babies for extrem giga extrem hateful savagery!",710,394,19305
42592,42592,1010394,corwin155,2019-03-03T16:59:08.000Z,#menwalkaway radical centrist humanist free speech absolutistintp white male bachelormgtow supporterpro life / anti vax spiritual not religiousanti-marxist/fascist anti-global government freedom supporter#menwalkaway,206,250,27780
42597,42597,1085933,MADAGAIN,2019-04-24T02:21:06.000Z,"old stock canadian white colonialist boomer .. i seen a loser win and a sad man grin , i heard an honest man lie ** no trains please !",1884,108,25607
42605,42605,113461,PrayerforSerenity,2016-12-09T16:44:56.000Z,"""once people stop believing in god, the problem is not that they will believe in nothing; rather, the problem is that they will believe anything."" ~ c. s. lewis",2735,752,91209
42632,42632,1044113,CatwomanMN,2019-03-14T13:23:13.000Z,"minnesota patriot! proud patriot, freedom lover, protector of little ones, law & order, 2a, 1a, constitution=100% freedom, under minnesota tyranny#trumpwon2020 #wwg1wga #backtheblue #lawandorder #trump2024 #timwalzisatyrantantifa are terrorists #americafirst #nofakevax#q #j6hostages #pelosiplannedj6",730,905,6841
42635,42635,101571,jonrappoport,2016-12-02T21:05:18.000Z,free-lance investigative reporter for over 35 years. nomorefakenews.com since 2000. same handle on substack and twitter. subscribe: free email list:,7253,700,2604
42884,42884,1013099,verystern,2019-03-04T15:18:31.000Z,eternal vigilance is the price of liberty.think for yourself. question authority.wwg1wga!mia/pow never forget.,313,304,8451
43054,43054,1093976,convictedcowtipper,2019-05-04T07:02:11.000Z,"wwg1wga, usaf, tcto manager, glorified f4d technician manual librarian avionics section f 4 d, usaf reserve, intel winnie, army national guard, s 2 shop, then wheel mechanic oms 10, then went legs, rto, then m60 gunner, to team leader to squad leader, closing out my miltary experience as platoon daddy for battalion motorized scouts, my fire arms at the end was a 45 colt and a m40...",705,873,6721
43706,43706,1105493,1219patrickm,2019-05-13T00:26:37.000Z,my pronouns are: told/you/so constitutional conservativeclassical school of economics: limited governmentthe us is a constitutional republic and thankfully not a democracy.to the flat earther's show me one scientific peer reviewed paper.,146,103,139
43820,43820,108989,MadMonk,2016-12-07T08:08:58.000Z,"""if liberty means anything at all, it means the right to tell people what they do not want to hear."" - george orwell",268,465,2099
44133,44133,1068587,TrueSoulution,2019-03-31T05:47:40.000Z,christian minister; ethnic jew: /messenger/teacher/servant of god his christ our lord and his holy spirit,2100,2284,15974
44948,44948,1075670,BlinkForward,2019-04-09T21:49:15.000Z,liberty minded free thinkerprogrammer and musicianfree hk twdown with nk & ccpcan i shit post here?,22,73,293
45112,45112,1061525,foundring,2019-03-24T14:16:06.000Z,musician/logophile/free thinker,883,68,556
45148,45148,1028430,BadGoy95,2019-03-09T21:32:32.000Z,"new to gab. yes, i am the wewuz_kangz from bitchute. anyone else claiming to be is a fraud.if you wish to support the channel, please donate to one of the following:xmr: 87zfqgkf9fcutcmzcieejhduek67fnptm6xsazesv6buw8uxy9oemvcqqdtopnhhinkfxwi3nqssd7utdzts6sq3vjijcneother crypto addresses:",336,272,1994
45173,45173,1155997,Northern_Home_Southern_Soul,2019-07-07T20:53:59.140Z,"american born and raised. i hate leftist and all they stand for. .truth is all i seek and seeking/speaking the truth in all things is why i'm here. .please note, just because i may post things or connect dots that some wackos deem racist/ sexist/ anti-semitic/ islamophobic / homophobic / etc... that dosen't mean i'm any of those things. those labels were invented to censor discussion & attack with nonsense, instead of a reasoned response or debate.",1011,130,8967
45219,45219,1182259,Eiji_Kishigami,2019-07-13T15:36:04.793Z,relatively based takes on peripheral issues,34,55,230
45270,45270,1026417,curvycom,2019-03-09T04:31:32.000Z,i'm just a guy...,35,52,1125
45374,45374,105016,RavenKing,2016-12-06T23:37:16.000Z,"pronouns: kill/er. poyb 3 , :ak: constitutionalist, 2a freedom practitioner. competitive shooter: 3-gun/nrl/prs/uspsa/ipsc. motorcycle fanatic, musician, classic literature, wannabe poet, collector of old manual typewriters. cat whisperer. fan of the old ways. #christisking #poyb #fren #pureblood pro-#paralleleconomy . psalm 4:3. arizona",639,299,7161
45446,45446,1046256,Dromas,2019-03-15T03:27:14.000Z,"professional cyber viking. i ve come to raid your castle posts, conquer your beautiful vista pictures, and steal your anime wifus!",191,119,10585
45495,45495,101334,Pip,2016-12-02T08:08:22.000Z,"""the only sensible way to live in this world is without rules"" when you live hard, played hard and it's time to slide into that 6ft pit you're still hollering ""man that was some ride""",1453,504,96415
45526,45526,1148841,VadaBackman,2019-07-01T20:41:31.000Z,"huge trump supporter. i oppose open borders & illegal immigration, & the insanity from the left along w/ the deep state. i have always been grateful to be an american and am extremely grateful to be married to my first & only love w/ two grown children & five grandchildren.",140,42,4597
45600,45600,1137226,Qzillian,2019-06-18T16:58:47.000Z,"american patriot, gardener, gearhead, biker #wwg1wga researcher turned to home gardening to relax, supply food due to foreseen supply shortages & to repair my health. i like to share my experience in hopes of helping others do the same. contact philly369garden@protonmail.com",98,206,981
45712,45712,1165935,LPBaron,2019-07-10T17:05:07.512Z,"senior catholic missionary, knight of columbus (4th degree) author, founder, pro-bono spiritual direction, pro-bono it consulting for christian projects. (english, portugues, espan ol, italiano: )",63,45,90
45806,45806,106573,AlColes,2016-12-07T00:50:27.000Z,,1452,443,8562
45845,45845,1048893,Xoxlova,2019-03-16T00:46:57.000Z,"retired american physician, christian patriot, author of sparky: surviving sex magick and angels over moscow. reformed maternal/infant healthcare in ussr. ran underground railroad for trafficking victims in russia for ten years. the header pix is one of our billboards against human trafficking in moscow. mom of two with four cheeky grands.",2216,424,10862
45864,45864,1129542,LynBH,2019-06-09T18:54:36.000Z,"devoted wife, mother, and grandmother of a beautiful baby girl! i am a follower of jesus, he is my lord and savior. anon and constitutional christian conservative. may god bless and protect our great real potus, military, nation and her citizens. i love our country! we are all in this together friends! #kek #savethechildren #godwins i do not use the chat feature on this site.",1543,140,43365
46023,46023,1132836,Alderamin,2019-06-13T12:02:08.000Z,"no party represents us, representative democracy is dead.if i always looked on the bright side of life, i'd go blind.socially conservative, economically distributist. native technobabble speaker.ip's priorities are inverted; it does not protect moral integrity.switch to a unixlike os, cut soy and corn syrup out of your diet.aliens are already here, have been here for a long time, and more of them are showing up soon.i recommend reading this:",200,91,3928
46065,46065,1066572,Snagsby,2019-03-28T21:32:57.000Z,"tu ne cede malis, sed contra audentior ito.",267,259,2753
46105,46105,118351,mindheart,2016-12-12T01:02:41.000Z,"once a computer engineer.for six years, i was a happy hermit living in a tiny house in oregon, rewilding a grazed-out horse meadow and turning it into a beautiful food forest.now i have to move because the owners of this place don't like my conservative, unvaxxed self.see the top pinned post for more.thank you!",749,1010,261
46798,46798,1076920,Disciple777,2019-04-11T14:42:07.000Z,deus vult,652,300,23736
46928,46928,11722,finestcuts,2016-09-10T08:55:06.000Z,"not new here but haven't been an active user. here to learn from and support freedom loving people, ready to stand for liberty. i follow back.",4409,5456,476
47030,47030,1083080,Blugill67,2019-04-18T20:35:26.000Z,,1772,1182,19307
47166,47166,1037706,4you,2019-03-12T19:25:34.000Z,,79,276,328
47725,47725,1104168,LukeOfTheDesert,2019-05-11T18:35:04.000Z,,218,245,2536
47913,47913,11460,Intuitive_Barbie,2016-09-09T20:46:16.000Z,"~all over the map~can i use the ""c"" word now? we live on a prison planet; open wide your eyes avid player of hunger games - valaki keeps pushing forward, don't matter the pain.fluent in emo jii hate your 7 pinned gabs.save your children!!!",2193,1437,57394
47948,47948,11502,goingsunny,2016-09-10T00:13:47.000Z,...,324,423,192
48476,48476,1079893,Golfflog4,2019-04-13T22:38:42.000Z,,923,683,20934
48653,48653,11760,DannyH,2016-09-10T11:01:10.000Z,striving to make life more like a beer comercial,3248,2993,5588
48905,48905,1082931,BHmathmetician,2019-04-18T16:04:47.000Z,"math nerd, spreadsheet guru, financial models, truth seeker, end the fed.",306,133,11226
48914,48914,1046084,Lordgriffen2019,2019-03-15T01:46:10.000Z,"i don't want trumptards,magafags,shabbos goys or jews following this",401,69,16474
49318,49318,1071767,cyberxspeed,2019-04-04T14:16:50.000Z,"sinner saved by grace through faith. part-time nerd/geek. a rabid fate grand order player. jrocker. ""be watchful, stand firm in the faith, act like men, be strong. let all that you do be done in love."" - 1 corinthians 16:13-14 ""a fool takes no pleasure in understanding, but only in expressing his opinion."" - proverbs 18:2",176,348,2828
49325,49325,1177313,GJPhilip,2019-07-12T01:28:01.234Z,just out of jail for civil rights activities.straightfollower of christhusband of one woman.not a white supremacist (sorry),1219,690,6877
49343,49343,1111134,Willian_Blake,2019-05-18T06:58:18.000Z,"unburdened by what has been!! ex english pat living in new zealandhusband father grandfather ugly, stupid, poor people should not be allowed to have children. alan b'stard from the new statesman",492,791,9196
49490,49490,113170,Freyja,2016-12-09T07:49:30.000Z,the nazi next door,1204,241,5351
49630,49630,1034264,Somerset,2019-03-11T21:20:20.000Z,,490,42,26295
49678,49678,1154118,Nikki_Butler_Part_2,2019-07-07T03:57:00.561Z,"pro-white, nationalist, anti-sjw, pureblood and unapologetic atheist.""whenever any form of government becomes destructive of these ends, it is the right of the people to alter or to abolish it, and to institute new government""-------------for legal purposes, all posts and content produced by this account do not necessarily reflect the views of the account holder.i do not condone any unlawful acts or unlawful violence of any kind.",131,134,2034
49922,49922,1124464,CullenBohannon,2019-06-05T20:34:30.000Z,"you respect women, you take your hat off at the table, don t never start a fight, don t run from one neither, forgive, forget, speak true",52,71,413
50613,50613,1111618,SIMIZDAT,2019-05-18T20:19:44.000Z,"stolen elections have catastrophic consequences. de-corporatize and de-fagat yourself from the degenerate clown world. build the parallel economy. we believe in the constitution. they shit on it. decentralize power, bust-up academia, & msm, defund community organizations. teach the bill of rights. be ready because they are coming for your life. enemies in war, in peace friends. ephesians 6-12.",571,641,3348
50634,50634,1059734,Solweig,2019-03-22T11:31:50.000Z,"on gab only, nowhere else! 'follow you, follow me' thing should not be mandatory anywhere on 'social medias'. only posts, comments, so 'contents' should matter! :) it is no measure of health to be well adjusted to a profoundly sick fr society. somewhere in time, before the year 1717, and after the year 1717... in .",17,17,22915
51078,51078,1057316,SamiSosa,2019-03-20T15:31:49.000Z,"wife - mother - americanwe the people always we are many, we are strong, we are america!",211,303,431
51162,51162,1050474,Joey_Linoleum,2019-03-16T21:08:50.000Z,"peace, love, dope...and cars, old cars...and gold and silver...and boobies...gotta have the boobies.",227,248,1382
51438,51438,107048,Hard,2016-12-07T01:35:10.000Z,"ad hominem attacks is low iq territory. people with high iq do not debate or discuss points with ad hominem attacks. if ""faggot"" and ""retard"" is one of your go to responses to what people have to say, sorry but you are just as low iq as any ""nigger."" watch any christopher langan debate and he never resorts to ad hominem attacks.",329,311,4387
51558,51558,1147636,SalamAhmed,2019-06-30T04:13:44.000Z,i am a guy who love komputers and kosmos uhh and biology.,72,176,725
51877,51877,1147129,PatriziavonderLahn,2019-06-29T15:19:18.000Z,"freiheit als belohnung fu r gehorsam ist keine freiheit, sondern dressur.-birgit kelle-jeder dumme ist fest u berzeugt.jeder fest u berzeugte ist dumm.-baltasar gracia n-",375,87,24200
52229,52229,1119247,Skyecharm,2019-05-29T03:15:36.000Z,"tip: use gab as a hashtag search engine by editing this url: & auzzie patriot ""the lack of your best hurts everything.""are you doing your best to educate your friends, family and colleagues on the massive hidden deception by the corporate media & powerful elite who influence how most people think?",205,164,3723
52456,52456,1148013,altopinions,2019-06-30T18:12:21.000Z,"""on the jews and their lies"" by martin",250,304,4649
52481,52481,1073114,SheenaParks,2019-04-06T01:05:32.000Z,,569,270,3941
52685,52685,1092628,robertedson,2019-05-03T15:20:11.000Z,,301,692,3234
53284,53284,1098860,AlGorbachev,2019-05-07T13:24:42.000Z,"""the frens justify the memes"" series on telegram, odysee, rumble, bitchute, gabtv, clouthub and youtube!",946,656,1210
53583,53583,1117982,Gift_ofthe_Gab,2019-05-27T11:18:06.000Z,,344,368,2733
53808,53808,1076446,islamonaused,2019-04-11T00:34:53.000Z,[islam ... a mind/soul/spirit virus ]. [islam ... a hate group ].[islam ... not a religion ].(and thereafter you get an anal injection from your allah five ((5) at least) times a day for life ... usually includes extras from your imam - guaranteed). another jew created soul control scam !!! [a caucasian's private account ... no new followers],12,21,1543
53977,53977,10462,SecularBlasphemy,2016-09-06T20:36:34.000Z,"right-wing. catholic. i enjoy tech, gaming and culture wars. pro-white, pro-everyone.please note that if you followed me because of my catholic sentiment, the opinions i have in addition to that will likely set your hair on fire.",492,284,7085
54068,54068,1133591,Ghis1964,2019-06-13T22:13:46.000Z,,321,266,26130
54179,54179,111412,WitnessTestimony,2016-12-07T21:01:41.000Z,fear the lord and depart from evil. it shall be health to thy navel and marrow to thy bones.,380,382,4258
54357,54357,1115753,RealRussellJones,2019-05-24T06:42:33.000Z,"*private account*just a normal guy surviving the day and make things what may be consider impossible, possible.",15,68,221
55071,55071,118240,Alice_F,2016-12-11T22:54:53.000Z,"ethno-european nationalist, advocate of all sorts of nationalisms against globalism i am meme maker, constant learner and conservative woman of swiss ethnicity. i am against jewish supremacy, cultural marxism and modern days toxic feminism that destroys the lives of women and kills our birthrate. i want here on my page open-minded people from all groups: pro/anti christianity /islam /religions, pro /anti trump/putin/hitler, all people of any ethnic group who oppose the white-genocide project",3458,141,7534
55118,55118,1049328,Surfingranny4DJT,2019-03-16T05:43:00.000Z,"trump supporter, conservative christian, widow, mother, grandmother, great-grandmother, at 85 yrs young! independent, outspoken. kicked off both twitter & fb for posting truth that they called 'hate speech'. please... f word not allowed!!",3926,1998,70691
55713,55713,1014426,Saftgold,2019-03-04T20:47:36.000Z,"fo rdert was der freiheit dient, zerschmettert was ihr schadet"" - 1affe",165,190,3886
55960,55960,117051,Asymmetric,2016-12-10T22:02:11.000Z,out of balance at this time!,192,287,3790
56524,56524,1121386,Kamikaze_Raven,2019-06-01T03:38:40.000Z,", ; ,",127,181,2541
56590,56590,1069078,WhitePeoplePress,2019-03-31T23:27:33.000Z,non-political and family-friendly publisher of books and,587,255,204
56909,56909,109683,Blueblood,2016-12-07T11:36:53.000Z,georgia southern sports fan.,23,54,328
56945,56945,1105764,BC_Man,2019-05-13T09:39:21.000Z,account no longer used. please see,505,620,5230
57027,57027,1098897,jbrayali,2019-05-07T13:54:45.000Z,,42,318,522
57068,57068,1153097,WeimarAmerica,2019-07-06T20:22:29.692Z,"hitler wasn t evil and national socialism was extremely successful, and was a family oriented, altruistic system , which eliminated debt slavery and the influence of the jewish banking cartels. the war was against germany mainly because of their economic and social transformation. we live in a degenerate age that is sold as progress. this is not progress. original gabber since 2016 with new account. homesteader / prepper / outdoorsman / white nationalist",2961,333,25848
57384,57384,1089595,EmperorHusband,2019-04-29T15:13:54.000Z,"care about the continuation of your own people you share a history and culture with. dont let them tell you you're a hater because you love your own. don t listen to cucks and anti-whites. european peoples are beautiful, resourceful and unique. preserve european people.",1408,561,3198
57413,57413,118057,ctwatcher,2016-12-11T20:01:22.000Z,"""get off your ass and take your country back."" unknowni'm in co where malfeasance is running mad, i voted president trump for not being a politician, knew it the moment he said he was running. i will vote for him again unless he murders someone. knowledge is freedom.",2059,1122,46105
57428,57428,1159030,davistrip,2019-07-09T09:56:25.762Z,the light of liberty across the world,85,124,151
57651,57651,115585,SmailsGroyper,2016-12-10T12:39:18.000Z,noticing things and #boomerposting.teetotaling since 12/4/20. does that make you mad?,1585,778,813
57684,57684,1066386,RealThug4Life,2019-03-28T18:29:59.000Z,,69,132,138
57776,57776,103746,potboys,2016-12-06T22:44:45.000Z,alien mmxxv #canadafirst #americafirst #ukfirst,11069,6302,802
58058,58058,102679,AllTogetherNows,2016-12-06T11:16:48.000Z,"""in a time of universal deceit, telling the truth is a revolutionary act."" - george orwell. conservative for trump.follows and posts are for personal entertainment only. i do not vouch for the veracity of any content.",7847,8075,21019
58239,58239,113858,jroddakota,2016-12-10T05:14:34.000Z,,676,298,92
58648,58648,1117609,mrsbirdieb,2019-05-26T21:54:28.000Z,confessional christian constitutional conservative small family business owner:,2006,2377,4575
58837,58837,1048799,wcloetens,2019-03-15T23:57:08.000Z,"those who make conversations impossible, make escalation inevitable.",1220,367,22784
60763,60763,1063039,FNS369AndEihwaz,2019-03-26T11:56:07.000Z,"saxon heathen, american, survivalist.there is no knowledge that is not truth. there is no truth that is not power. if you arent winning with the truth, it has no power, so its not really winning.",253,139,10362
61320,61320,102358,Uniquornity,2016-12-05T12:34:44.000Z,christian. apologetics. internet marketing. husband of one and father of two beautiful daughters.,490,1162,388
61389,61389,1007927,eggs0ul,2019-03-03T01:18:12.000Z,"""just because it's in print doesn't mean it's the gospel."" - michael jacksonpro-brexit populist, minarchist, classical liberal.",479,868,12434
61935,61935,104926,polomare,2016-12-06T23:34:27.000Z,"bio edit: rumors of america's death have been greatly exagerrated! #maga #mahain the words of don jr., ""this white house is fire!"" former bio below:persecuted twitter refugeei support #flexit #texit and any other us state's efforts to tell the current administration to take a hike.america has been mugged and left to die in the middle of the street by democrat leadership. biden is an illegitimate, compromised fraud.----the ""vaccine"" is the virus.",1164,817,22906
62040,62040,1037584,aefirestone,2019-03-12T18:47:23.000Z,"i am a zoomer, christian, artist, and writer that loves art, literature, video games, and hates politics and cringe. proud virginian :confederateflag: pure bloodowner of storyteller administrator of virginia news gab groupmostly post stuff on weekends.",520,92,8694
62404,62404,102738,Allegory,2016-12-06T15:42:21.000Z,"""all censorships exist to prevent anyone from challenging current conceptions and existing institutions."" - george bernard shawviolence is the supreme authority from which all authority is derived.",56,121,621
62751,62751,1007244,indiffrrent,2019-03-02T22:17:31.000Z,i love canada and all its patriots!,95,114,267
62756,62756,1102034,MamVPapillon,2019-05-09T19:11:27.000Z,,1007,663,47618
62955,62955,1036385,LonnyWedell,2019-03-12T08:37:44.000Z,"god, family, & country #livefreeordie #istandwithisrael #socialismsucks a slave depends on others, a free man can do the job alone. left facebook by choice life banned by twitter",170,318,520
63394,63394,1028252,TrueDepth,2019-03-09T20:18:01.000Z,"pro freedom for real americans :us:we must defend ourselves from jewish elitists and deport all recent 3rd world invaders and anchor babies!!hitler told the truth in his speeches. listen to them and judge for yourself.right values such as family, what's good for our children, honor, strength, honesty, competition, private property, and free markets without jewish charging interest on money and other schemes.insulting and namecalling are not valid arguments and mean you lost",314,330,14195
63916,63916,1084149,paulmuaddib61,2019-04-20T16:15:44.000Z,,639,741,676
63960,63960,1038186,Wuffings88,2019-03-12T23:01:13.000Z,i'm a fanatical national socialist and odinist ! ns- skin head. nslf-,238,205,1955
63961,63961,1142777,sonsoflibertymedia,2019-06-26T01:08:34.000Z,,544,62,17680
64188,64188,1147346,JHGuillot,2019-06-29T20:33:15.000Z,i am #catholic #christian #catolico #prolife husband and father of 3 kids i #followback #catholicgabsuscribe to my channel of youtube: me on twitter:,302,290,3450
64315,64315,1014080,mellyrn,2019-03-04T19:20:05.000Z,"internutter 3rd classlooking for a ""trans"" person who has never had childhood vaccinations",192,160,3802
64694,64694,1108976,TheEvilNick,2019-05-16T15:20:59.000Z,,216,218,7747
65617,65617,1135574,LeandraJ,2019-06-16T08:38:57.000Z,"faith: born again christian/devout follower of the bible. family: former homeschool mom of 3 successful, god-fearing sons. freedom: pro constitution, guns/life/speech. former cancer researcher, knit, crochet, art (draw, watercolor, oil), keyboard, bible study, prayer warrior",503,543,377
65841,65841,1002123,inthe303,2019-03-01T21:52:51.000Z,"...tyranny must be fought to retain freedom...#1776 the people cannot be all, and always, well informed. the part which is wrong will be discontented, in proportion to the importance of the facts they misconceive.",490,157,2199
65848,65848,104423,AaronMagro,2016-12-06T23:16:10.000Z,"former everything. current nobody. loved by very few, hated by most and i like it that way.veteran living with radiation exposure from #k2 #uzbekistan. degree in exercise and sports science and nutrition. follower of jesus christ.rev 3:9censorship is the tool of those who have the need to hide actualities from themselves and from others."" - charles bukowski",510,97,4235
65860,65860,114672,VKEvilution,2016-12-10T08:14:48.000Z,"truck driver, pc gamer, wrench monkey, interested in all things explody and buzzy.@vkevilution:social: 9gag, funnyjunkgame: steam, epic, gog, battle.net, windows/xbox live",219,158,2153
65871,65871,117198,BlackPilled,2016-12-10T23:46:12.000Z,your trusty flashlight for the dark corners of the internet.,53909,201,1767
65910,65910,1059292,__autistic4life,2019-03-22T01:02:30.000Z,"have much to say, but don't say much. chronic reposter, meme hunter. high functioning autist. guaranteed to be inappropriate, literal, attempted restrained shit talker, most likely will let my aspie flag fly. please stfu re: grammatical, spelling, inaccurate memes meant for satire. idgaf anymore. by now, everyone knows autocorrect, should be fluent in slanglish, are able to figure it tf out & comprehend the jist, you know wtf i mean/meant, & no, there's no stance. if it makes me laugh, i post.",1036,486,38087
66009,66009,1022085,RWE2,2019-03-07T04:36:51.000Z,"love truth, justice, peace and freedom. oppose war, terror and regime change. reject the one-dimensional left/center/right universe. put humanity above ethnicity, openness above ideology, and people above profits. i value constructive dialogue and seek out common ground.",451,368,15251
66091,66091,1054351,TheEndOfEverything,2019-03-18T19:30:57.000Z,"resistance to leftism, liberalism and multiculturalism is never futile. it's natural. my youtube channel:",425,375,2029
66250,66250,101527,SimonDK,2016-12-02T18:50:07.000Z,the smallest minority on earth is the individual. those who deny individual rights cannot claim to be defenders of minorities. ayn rand,223,225,7168
66277,66277,115278,BoaPeep,2016-12-10T11:28:12.000Z,"a sheep, lost in clown world. may the wool be removed from my eyes, by the shepherd be found.",434,442,1217
66550,66550,1064704,READER59,2019-03-27T16:01:29.000Z,"doesn t matter my sex, my age, my ethnic background, my net worth, my hair color, my height or weight, my marital status, my religion or lack thereof, my health status, all you need to know is in what i write....that is how i make assessments of you.",48,84,1839
66678,66678,1051061,mondroneking,2019-03-17T04:31:12.000Z,northern neighbor to the greatest country on earth. proud supporter of the greatest document ever written - the united states constitution.recently reformed libtard and fake news hater...thank you president trump,28,98,420
66862,66862,104529,Ramstein13,2016-12-06T23:20:15.000Z,trump is your president,1819,1574,11360
67094,67094,1092483,JimmyLiberty1776,2019-05-03T13:24:21.000Z,"just a conservative boy living in a commie democrat world. pronouns: what/the/fuckinterests: god, pitbulls, guns, freedomanti-vaxx af",86,234,916
67100,67100,1148315,Buddy53,2019-07-01T04:27:30.000Z,,316,422,3973
67127,67127,116852,MrEyesonthelies,2016-12-10T20:03:49.000Z,"""what is freedom of expression? without the freedom to offend, it ceases to exist."" - salman rushdie",44,96,508
67135,67135,111325,FranklinFreek,2016-12-07T20:11:31.000Z,"the way to whip an enemy is to ""git 'em skeered, and then keep the skeer on'em."" - nathan bedford forrestpronouns: was/were",1440,239,54654
67631,67631,1145503,bastardexecutioner,2019-06-27T23:45:46.000Z,,218,276,3096
67652,67652,1074219,hyperiousX,2019-04-07T17:36:10.000Z,"pro 2nd amendment | sanctuary cities are illegal | fuck your 'pronouns' to identify |fuck censorship, sjw's and npc's | fuck your feelings if it interferes with my rights | 17,965 days and counting stuck behind enemy lines in commiefornia |",1209,170,20242
68253,68253,1039932,StoryThreader,2019-03-13T18:57:07.000Z,"kidney donor, dadparental kidnap survivoractor, director, author, scriptwriterhappily married and love our dogs!what else is there?!",168,207,1102
68359,68359,1061418,CraftyCopywriter173,2019-03-24T11:00:58.000Z,"creator of the subliminal hit piecedale l. sims is a stealth sales strategist based in grand rapids, michigan. former marketing coordinator, army pao, print reporter, editor-in-chief, and radio ad",186,314,1098
68475,68475,1041361,Wahoo2,2019-03-13T23:52:04.000Z,preacher of truth !,425,755,1085
68596,68596,1093636,Scipio-Africanus,2019-05-04T03:34:58.000Z,we must secure the existence of our people and a future for white children!follow me on x - @scipioreturns14,1680,618,17704
68598,68598,1038500,Michael_Whitewolf,2019-03-13T02:42:53.000Z,the white race will rule the earth again..step 1: putting our race-first step 2: make white babies step 3: white ethnostates step 4: become u bermenschen step 5: total imperialism step 6: white planet paradise step 7: cosmic imperialism step 8: white godhood .christcucks unleashed: planet world wide:,513,40,2002
68618,68618,1124999,Hench4Life,2019-06-06T01:19:28.000Z,,370,346,10306
68971,68971,1138936,yafer,2019-06-21T02:18:50.000Z,"white american country boyjesus is the wayroman catholicu.s. navy vet the earth is flat and stationarylike the bible says the babylonian talmud is the whore of babylon from the book of revelations adolf hitler is the mostlied-about man in history ""anti-semitism"" means believing what your forefathers said about jews instead of what jews say about your forefathers flat earth international flat earth research",2323,77,37910
69238,69238,1037145,80sDude,2019-03-12T15:40:57.000Z,the analog kid/digital man jesus is lord and think for yourself.,110,65,2078
69312,69312,108213,LibertyLioness,2016-12-07T04:41:45.000Z,the people never give up their liberties except under some delusion. edmund burke#digitalsoldier #patriot,1572,1671,4485
69490,69490,1084078,Tylere,2019-04-20T12:53:06.000Z,australia needs an immediate immigration referendum,298,111,519
69494,69494,1132486,Antifeminist_One,2019-06-13T02:51:50.000Z,make the poz a little less safe.,70,113,1448
69655,69655,1185844,Funar,2019-07-14T21:11:44.878Z,"dad, husband, technologist, gamer, programmer, educator, conservative...",222,119,985
69748,69748,1015888,JadeKraken,2019-03-05T05:27:50.000Z,just some random frog on the internet.,153,58,2476
70312,70312,113471,Ohio_Buckeye_US,2016-12-09T16:56:31.000Z,"independent voter...legal immigrant, happily married, mom, prolife, nra, daytrader, small business owner. ""the hardest language for some to speak is the truth""",1755,1867,790
70323,70323,1000682,spec-ops,2019-03-01T16:23:33.000Z,"""fide sed cue vide""""satire is traditionally the weapon of the powerless against the powerful. satire is a lesson, parody is a game. satire is, by definition, offensive""gen x the powers that be hate gab which is why i'm here.progressivism is the communism of our time but is much more insidious as it's modelled on religioni don't care about your politics, religion, ideology, or belief system i don't need to listen. but all are welcome to talk to me .",1133,1200,27409
70725,70725,1030915,Gregoryno6,2019-03-10T23:00:08.000Z,"australian, with a keen interest in politics local and global. born in melbourne, now resident on the other west coast, ie, perth.i meme, and i",593,103,19512
70781,70781,106237,kaijuru,2016-12-07T00:28:25.000Z,mandate open carryelectoral college by countyall terrorism is state sponsoredin terrorism the act of violence is a distraction from traitors in office waiting to change the laws,860,612,35375
70782,70782,1080897,CCoinTradingIdeas,2019-04-15T08:13:12.000Z,"i am a pureblood.it's all just for entertainment. never vote for a woman ""...both mainstream and alternative media are, to a very large extent, part of the controlled dialectic put forth by the ruling class. it helps to maintain a division of society, promulgated by useful idiots and true believers of either side s dogma."" *** i am feared and hated by #flatearth'tards ***be a humanitarian and stop all foreign aid!",568,104,25579
70908,70908,106644,Ms_TXOriginal,2016-12-07T00:57:01.000Z,"8th generation texan #speakfreely #kag #itsokaytobewhite #2a #cos i live able to look in the mirror each day. i say what i mean & mean what i say. traditions, honor, morals, loyalty, trust & respect. if you lack any of those, i do not have time to waste on you.",1736,2019,3246
70922,70922,1148615,greatgeezer,2019-07-01T13:36:09.000Z,,60,105,1247
70965,70965,1027244,Wildcard369,2019-03-09T15:30:18.000Z,"it's the jewstkdproudly anti-semiticit's okay for whites to fight back.don't argue with evil, destroy it.",888,398,13028
71040,71040,1007389,NormalRedneck,2019-03-02T22:52:32.000Z,war is when the government tells you who the bad guy is.revolution is when you decide for yourself. -benjamin franklin,128,205,1858
71168,71168,1101486,kcross57,2019-05-09T04:35:07.000Z,"bible-believing, born again christ-follower awaiting his return, pro 2nd amendment and conservative living in kansas. i am a retired mental health clinician and enjoy studying god's word, apologetics and listening to born again christ following shepherds preach god's word.",331,379,2045
71401,71401,107472,SLCBagpiper,2016-12-07T02:26:37.000Z,"historian and political scientist by education. veteran army paratrooper by training. self-producing, diy-musician and busker by profession. constitutional conservative in philosophical outlook. lds by religion. scrapper by temperament. nihil sub sole novum",1376,720,4256
72235,72235,1143769,Otakuterrorismus,2019-06-26T22:11:02.000Z,ecofascist | esoteric keionist | | latinx | incredibly racist | noticer | pronouns: he/tler,551,55,4838
72353,72353,1158946,nyirokcsomo,2019-07-09T08:39:31.292Z,adolf hitler was sent to us by god himself.soundcloud:,211,31,861
72592,72592,1029788,Ravodunna,2019-03-10T12:34:01.000Z,"an aussie, christian. i stand for free speech and critical thinking.one of my favourite quotes is ""when you feel like giving up - give up on giving up!""i'm also on mewe: rumble: rumble.com/user/ravodunnabitchute: odysee: main",952,1395,3426
72872,72872,1062718,PatriotPrivateEye,2019-03-26T04:30:47.000Z,@sallyride on truthsocial @sallyride_ on titter,22,85,120
73109,73109,1130469,BoogieFinger2020,2019-06-10T19:16:12.000Z,"@boogiefinger on twitter since 2011, banned from twitter in 2018locked out of my other gab account",427,199,19592
73257,73257,117983,Wutevuh,2016-12-11T18:41:37.000Z,#christian #conservative % #maga 4 #trump #savethechildren#constitution #1a #2a #prolife #israel #border #military #molonlabe #leo #ccot #q #stopislam #draintheswamp #dtmagfollow me: wutevuh -twitter banned on j8 @wutevuh gettr /truthsocial @wutevuh on clouthub /telegram #saveamerica #trumpwon,1974,1999,16693
73279,73279,1076214,OffendU,2019-04-10T16:06:11.000Z,i am no one!,43,77,383
73408,73408,1179679,Pickuptruckdude2,2019-07-13T00:04:06.931Z,am carrot but a pumpkin!!!!!,563,161,779
73691,73691,1082411,LibSick2020,2019-04-17T21:12:34.000Z,"counting down to 1776 redo - time to gather, in pubs in homes in bass boats - secure you neighborhood- practice.",1455,282,94220
73785,73785,10773,JaneyMack,2016-09-07T21:33:35.000Z,"""move along, pal. i haven't upgraded to misery yet."" - maisie mcgrane",1997,2008,1015
73856,73856,1033668,Adam_Ruff,2019-03-11T20:01:32.000Z,,104,74,1075
74144,74144,1030456,perhms,2019-03-10T18:30:58.000Z,,25,88,1109
74158,74158,1147742,chancefrw,2019-06-30T08:30:58.000Z,"i am chance, @music__man is my alternate account.",3,2,10
74181,74181,1121322,LuzzBrightBeer,2019-06-01T01:14:21.000Z,,85,71,2685
74241,74241,1013292,JoshMoss,2019-03-04T15:59:41.000Z,"""censorship is saying: 'i'm the one who says the last sentence. whatever you say, the conclusion is mine."" - ai weiwei",41,119,314
74568,74568,1098275,Bkwilsey,2019-05-07T04:18:09.000Z,,833,2744,61
74643,74643,1008943,polHansEmik-Wurst,2019-03-03T07:24:24.000Z,"dzg.onealfred polgar: ""es ist schwierig, menschen hinters licht zu fu hren, sobald es ihnen aufgegangen ist.""",24,10,1967
74758,74758,1025260,blueboyjob,2019-03-08T14:50:31.000Z,,36,132,1435
75811,75811,1058512,psignosis,2019-03-21T11:04:10.000Z,"thanks for checking in.weekday forex trader. to learn forex, click",322,9,7828
75937,75937,1067283,memerdaddy,2019-03-29T14:11:51.000Z,"january 6th veteranwhite trash arkansanpro-white, pro-freedomdon't support gays or trannies at allblack lives don't mattertruckergamerlevel",333,517,2853
76011,76011,1006878,PacaPlan,2019-03-02T20:42:05.000Z,"""all censorships exist to prevent anyone from challenging current conceptions and existing institutions."" - george bernard shaw",52,23,3392
77401,77401,1155679,garciamoreno,2019-07-07T18:15:59.755Z,"caminante no hay camino, se hace camino al andar.200 an os de mentiras. 200 an os de kulturkampf.para superar al marxismo es necesario subvertirlo. co mo un ejercicio de judo mental, hay que usar su propia inercia en su contra. marx no supo llevar la lucha de clases a su conclusio n lo gica final, hecho evidenciado en la praxis ma s que en la teori a, que las elites y capitales globalizantes usari an su ideologi a totalitaria para construir un futuro deshumanizante, industrial y explotador.",167,369,149
77519,77519,1054368,stevesmithagain,2019-03-18T19:41:39.000Z,"jesus is the way, the truth and the life.believe on him today.today is the day of salvation!",198,218,1480
77746,77746,1150123,Clemsnman,2019-07-03T14:57:18.000Z,,70,83,2371
78035,78035,1130841,altCensored,2019-06-11T04:12:11.000Z,"unbiased community catalog of 131k+ ""limited state""/censored youtube videos, including deleted content: ""we show what they hide""",379,169,75
78050,78050,1096185,Viau,2019-05-05T17:31:37.000Z,"lover of family, life, family, freedom and liberty. when you come to the fork in the road, take it yogi berra",231,311,1364
78519,78519,1063718,tnmady,2019-03-26T21:02:09.000Z,#trump2020,115,304,381
78655,78655,1092892,littlegiant3,2019-05-03T18:33:05.000Z,obnoxious hypotenuse...laughter and hugs are medicine,162,18,7077
78712,78712,100447,CryptoJewsOfGab,2016-12-01T11:22:43.000Z,meh,364,8,26731
79066,79066,1037581,TierraPlanaMedellin,2019-03-12T18:45:30.000Z,,84,106,475
79081,79081,1184338,Grimdahl,2019-07-14T09:59:37.629Z,vill kunna va ga do gammal i detta vackra land.,918,2330,477
79083,79083,1185166,Critical_Swede,2019-07-14T16:43:02.676Z,"sarcastic, ironic, sceptic, swedish truthseeker that absolutely hate injustice and oppression the road to salvation starts with babysteps then followed by a leap of faith",861,1591,506
79199,79199,1046620,Paulos,2019-03-15T06:13:32.000Z,,187,43,476
79364,79364,1112446,quak102,2019-05-19T19:40:45.000Z,,1089,129,31550
79397,79397,11541,BlackKemper,2016-09-10T01:55:03.000Z,**my audiobooks etc.**,1269,481,9504
79661,79661,1102709,American_Sons,2019-05-10T12:13:35.000Z,:merica: by birth / oath ... southern by his grace! god family :merica: country ... i 'll defend & protect ... won't apologize for it! turn the other cheek type ... not hardly! control your mind ... or someone else will warning: profile image & avatar may change at any given moment! #americafirstalways #allrightsreserved #termlimits #wwg1wga #repostanator #sultanofshare #theearlofecho i follow back,472,526,2839
79771,79771,110522,11m,2016-12-07T15:00:21.000Z,fascist flame thrower of peace | neon national socialist | hamas respecter | racist uncle | huey p. long for emperor,726,184,9332
80140,80140,1088331,Jafelco,2019-04-27T13:57:07.000Z,"directed enrgy brain fog due to radar tracking is prevalent. fbi contractors are doing it for tracking, experiments and suppression.. i will do a video on how activists and journalists are targeted imperceptibly for surveillance et. al.check out #secrecymywebsite: jameslico.com",234,458,1415
80686,80686,1144676,Sierrafox,2019-06-27T11:58:20.000Z,"dans un monde rempli de tromperies, demi-ve rite s et manipulations, le besoin de ve rite est une noble que te. un voyage qui nous emme ne dans les recoins les plus sombres, mais qui nous donne l espoir d'en sortir avec des re ponses... la route est seme e d embu ches, or la recherche de transparence et de justice est un appel que nous devons tous entreprendre pour nous-me mes, nos enfants, l avenir et le monde",167,232,10465
81295,81295,1104193,UknknownTrumpSupporter,2019-05-11T18:54:35.000Z,#unknowntrumpsupporter unknowntrumpsupporter@trumpunknown,149,352,225
81336,81336,114479,SahmomMN,2016-12-10T07:08:02.000Z,repeal the 19thubi amor ibi oculus ...and she shall laugh in the latter day. psalm,360,366,7549
81441,81441,1131588,DeeGonzcher,2019-06-12T01:25:18.000Z,happily retired,75,85,107
81727,81727,116762,Trumplican,2016-12-10T19:17:25.000Z,"i support my president 100%. i don t expect him to be perfect as i am far from it. i may question some decisions that i may not understand but will never turn my back on him. god bless america, our military and president trump. #infowars #maga#freeassange#pardonmichaelflynn#rogerstoneisinnocent#presidenttrumpisinnocent#pardonrogerstone#trump2020#kag",2138,637,50161
81948,81948,10633,peterdukephoto,2016-09-07T05:10:34.000Z,all news is made up. some of it is true.,775,79,350
82157,82157,1003809,Ls400,2019-03-02T07:32:36.000Z,they perish because they refused to love the truth and so be saved. for this reason god sends them a powerful delusion so that they will believe the lie.,710,682,22635
82229,82229,1131988,Guds_Barn_i_Jesus_Namn,2019-06-12T13:50:26.000Z,"jesus christ created me a new and pure heart in my soul back in the year 2013, after i had been locked up in psych ward for several months.islam is the religion of satan, group where i share prophecies/warnings and information.. vk.com/public182074982#endtimedeceptions",693,2744,1001
82230,82230,1137318,weymo,2019-06-18T19:24:12.000Z,,45,86,219
82785,82785,10381,courrielche,2016-09-06T18:06:39.000Z,"co-host of red pilled america, an iheartradio original storytelling podcast. rts/fllws/likes not endorsement. info@redpilledamerica.com",163,73,85
82914,82914,1049346,FuryForth,2019-03-16T05:59:12.000Z,"descendant of german russian kulak never forget the holodomor (starvation) genocide where more died in ukraine at the hands of the bolshevik satanic jews, than from holocaust!",203,267,2851
82956,82956,1122242,jzac_man2,2019-06-02T14:37:49.000Z,,108,136,3445
83080,83080,1145443,CaelM,2019-06-27T22:50:33.000Z,,714,103,298
83113,83113,1061320,kit2000,2019-03-24T07:07:31.000Z,,685,483,13613
84111,84111,112196,Rustlemasta,2016-12-08T08:14:11.000Z,my name is flabba wabba babba jabba noongah.blocked by andrew torba (@a) for being based & demanding answers over the death of gabby the frog.also on twitter:,1241,209,12284
84333,84333,113550,HarleyRoseTX,2016-12-09T19:18:46.000Z,"""i prefer peace. but if trouble must come, let it come in my time, so that my children can live in peace."" ~ thomas paine ~ #texas ~ #normalwoman ~ i am white. america first! no apologies. no guilt.widow of vietnam veteran",1186,643,18029
84496,84496,1052374,Project_Liberty,2019-03-17T21:55:33.000Z,i follow back accounts with original content. i don't follow accounts that repost too much or have extremely repetitive posts.q or q+ give me hope and i will spread the message.,239,117,7630
84579,84579,1114549,Straman,2019-05-22T16:38:29.000Z,"i am a christian flatearther, a biblical student of our father's word and of shepherds chapel.",274,165,8874
84893,84893,1011782,PastorPump,2019-03-04T02:50:02.000Z,,318,307,2594
84950,84950,1077640,EagleTalon,2019-04-12T00:51:20.000Z,,68,115,150
85581,85581,1113377,Evan_Troxel,2019-05-21T01:57:23.000Z,2nd timothy 4:2 broadcast/investigative journalist. eagle scout. unl broadcasting alum (2016). #journalismisdeadmy website: telegram: (public channel) & @evantroxel (private chat)twitter: @evan_troxelpublic facebook page (@evantroxel10): @evantroxel,1883,263,8828
85778,85778,116700,gg2016,2016-12-10T18:51:26.000Z,"truth social: @honeybadger_1twitter: gigiv1969unfiltered usmc pilot's spouse. 2a supporter. president trump is still my president.just say no to vaccines, fake presidents, fake deaths (newtown, babbitt, etc), communism, marxism, socialism, made in china, fascistbook, twatter, gingertwat (psaki), cia/cnn, the felonious bureau of insurrections, and, of course, their master, satan.",962,1002,6540
86122,86122,1101016,Mr151,2019-05-08T19:09:42.000Z,my god my family my countrywwg1wga patriots have no color magakag,395,392,6028
86241,86241,1069243,Deepgreenbear,2019-04-01T04:36:49.000Z,"jesus freak, husband, father, teacher, happy bear!",354,502,5082
86395,86395,100820,MitchFreeze,2016-12-01T16:49:05.000Z,old school rap star,362,679,1023
87524,87524,105011,GreenPus,2016-12-06T23:37:05.000Z,american. constitutionalist. politically incorrect. deal with it.i post / follow 100% political content only.delete facebook / twitter / google / amazon. starve the beast.click bait & spam = blocked and reported.the only reason to disarm the people is if you are planning to do something you should be shot for.,409,376,5395
87602,87602,1060155,saraswati,2019-03-22T21:27:49.000Z,rightwing ayn rand objectivist trans punk bombshell waiting for the next revolution to get on with it already,560,641,9811
87776,87776,1149785,Teresa-Q-2020,2019-07-03T03:25:16.000Z,"bornagain jesus georgia i do not respond to dm's no locked accounts patriot, single support military & law inforcement. only two genders thank you to all who follow me, ifbp wwg1wga...maga...kagcondemnation without investigation is evidence of indoctrination",1103,1138,1202
87860,87860,1064944,Libertas_Verita,2019-03-27T19:39:29.000Z,"i'm proud to say, i was permanently suspended from twitter for supporting president trump. i follow back all patriots #trumpwon2020a staunch constitutionalist #maga #prolife #kag vietnam era veteran 95b #patriot #1a #2a i'm a proud pureblood.",1309,1715,1654
88088,88088,1042435,LittleMissPaceSetter,2019-03-14T02:43:47.000Z,8 times twitter ban champion! proud aussie patriot & grandma to 2 amazing little boys. soon to have my 8th pacemaker implanted....my theme song is kickstart my heart by motley crue.,505,581,1565
88307,88307,117846,RolfNelson,2016-12-11T16:06:59.000Z,"""never forget your assets, just because you acquired some new liabilities."" - art, from the stars came backachmed",1758,149,35391
88578,88578,100429,A_Dynastic_Lug,2016-12-01T11:04:42.000Z,"""wise man plays the foolprancing jesters boundless whimuniverse embraced""""a truly wise man never plays leap frog with a unicorn.""gautama buddha""i like tall men. i like to turn them into small men."" aikido sensei",97,51,2086
89191,89191,1094304,Dread_naught,2019-05-04T12:29:44.000Z,tell the truth but don't,85,92,1993
89282,89282,103034,theMoot,2016-12-06T22:11:26.000Z,satire 100%.i identify as an ethiopian jew.my pronouns are nigger/kike.off grid since 2010.99.99% of humanity is retarded.,745,173,21362
89647,89647,1149778,CopBlaster,2019-07-03T03:12:08.000Z,fight police state tyranny by exposing the tyrants online. if you've ever been less than 100% completely satisfied with law enforcement sign up,18,15,431
89657,89657,1024653,UltramegaJew,2019-03-08T04:46:28.000Z,access to whites is not a human right.- national populist- counter-semitic pattern recognizer- pure blood- noticing cultural incompatibility is not racism- i supported trump but he catered to blacks and jews way too much.,1068,70,11202
89925,89925,1040181,stone_719,2019-03-13T19:59:54.000Z,@coram_deo__ from twitter,447,593,37
90057,90057,1101010,ptool,2019-05-08T19:03:33.000Z,,240,105,6557
90198,90198,1131964,SkepticalProfessor,2019-06-12T12:59:36.000Z,"goodhart's law""when a measure becomes a target, it ceases to be a good measure.""question everything and see what remains.#covidchaos #maskmania #stimulusstupidity #notallowedonparler #governmentgaffegrapheneos user. learning linux. undercover academic.reader of rex murphy, victor davis hanson, jordan peterson, and the mises institute primarily.",458,780,4827
91332,91332,116412,LiberalUtopia,2016-12-10T16:34:55.000Z,"liberal utopia: what your world would be if everything liberals wanted, they got. open the door at the bottom of its elysium fac ade and take a glimpse of",286,247,6687
91360,91360,1000232,electromagneticpulsebomb,2019-03-01T14:44:53.000Z,2a.,72,148,452
91405,91405,1116699,ImakeArt,2019-05-25T13:03:34.000Z,"wife, mother, artist, grateful to be an american citizen.",627,142,25932
91480,91480,109282,Busybusybees,2016-12-07T09:54:02.000Z,"*america is being destroyed.*our government is trying to kill us.*covid is a bioweapon and the ""vaccine"" is a suicide shot.*ivermectin works.*china owns biden *trump let us down by walking away.*the cdc, fda, fbi, cia are corrupt.*it's usually not a conspiracy theory it's a conspiracy. *america first*veterans*1a and 2a *secure our borders*stop all immigration *voter id laws *term limits for congress and scotus*break up big tech",593,572,11324
91598,91598,107764,missdandelion,2016-12-07T03:12:23.000Z,hi! i'm bogie bogart . chihuahua mix. mama said i look like a mini rin tin tin a patrotic pup. mama's a picsart addict too.,453,187,1478
92244,92244,1001466,Thought-Criminal,2019-03-01T19:49:59.000Z,"""a conservative is one who wants to save his money, a national socialist is one who wants to save his race."" george lincoln rockwell",497,113,16192
92274,92274,1018848,jackgaddis,2019-03-06T05:28:57.000Z,"revolt against the modern world, not because it is modern, but because it is evil.",206,96,2646
92950,92950,111589,Whicket,2016-12-07T22:47:08.000Z,"reject evileverything inflicted upon us since we arrived on this planet has been inflicted by fruad, and man's courts have finally agreed with god.we are the highest authority on this planet till the king arrives and it is high time we acted like it!i clam my authority, and i intend to exercise it!i do not comply!some of god's people are called to rebuild the wall with one hand on the bricks and mortar and the other hand on their weapons of war.",3711,3481,74345
93251,93251,1127863,Mission612,2019-06-07T18:29:35.000Z,"ephesians 5:11and have no fellowship with the unfruitful works of darkness, but rather reprove them.for christ and covenant",89,40,5045
93881,93881,1066972,Wollie,2019-03-29T06:18:20.000Z,,9,33,19
93990,93990,1080028,IBEuropa,2019-04-14T02:18:14.000Z,ib europa - bewahrung der ethnokulturellen identita t und schaffung einer patriotischen zivilgesellschaft. folgt uns gerne auch auf unseren anderen kana len:truthsozial:truthsocial.com/@ib_europegettr: gettr.com/user/ib_europetwitter: twitter.com/ib_europe92gab: gab.com/ibeuropatelegram: t.me/ibeuropa,972,224,2313
94109,94109,1054884,CervantesGalan,2019-03-19T01:26:25.000Z,el caballero americano cervantes gala namerican-hispanic. traditionalist. independent liberal conservative centrist constitutionalist. bible-believing protestant. creationist & fundamentalist. y que?,66,227,1688
94406,94406,1028625,zproxy,2019-03-09T22:57:25.000Z,you have 1 new account warningclick to viewhey gab @support? whats with the retarded warning?artificial intelligence limited hangout ?? chao ad ordoyoutube.com/user/zproxy,208,125,12353
94414,94414,1149288,Jstar1,2019-07-02T13:12:32.000Z,"god loving/fearing, bible believing(kjv) pro2a, gun loving, anti-abortion, daughter of us navy vet (gunner class), patriotic american from texas(forgive my language on some posts..im a work in progress in that area..god is still working on my mouth)question everythingwwg1wga! trump2q2q!",1224,1303,23367
94903,94903,104315,ChristopherEnoch,2016-12-06T23:12:06.000Z,loving god. studying scripture.,169,146,2191
94920,94920,1087283,Ilion,2019-04-26T01:39:43.000Z,"if you hate blacks or jews simply because they are blacks or jews, don't bother following me ... i'll just block you once i see your mindset.also, before you post or repost something that is going to make it into my feed, ask yourself if that gratuitous 'fuck' is really necessary. i assure you that it isn t ... and i m going to unfollow and block you.",520,514,11093
95158,95158,1017506,falseflaginfo,2019-03-05T19:53:07.000Z,true patriotism is questioning your government because you love your,292,164,3872
95221,95221,1090094,TrutherNationalist,2019-04-30T13:29:05.000Z,,234,113,7113
95640,95640,1034075,Lucifer,2019-03-11T20:50:48.000Z,"i keep your star light, i control you, pull your strings, you do what i do!",251,178,3178
96203,96203,1060293,GabsolutelyFabulous,2019-03-23T01:19:06.000Z,"female. 49 years old.----------------------------------------your taxes were used by your government to target gab and other free speech platforms and collect your data, smear the platform and slander its users.read about it",1161,41,31
96380,96380,1178817,SwedenPatriot17,2019-07-12T19:48:45.823Z,a swedish patriot that support patriotic leaders who put their people and safety first#thegreatawakening #wwg1wga#godschildrenarenotforsale#soundoffreedom,555,709,4667
96560,96560,118443,SkayM,2016-12-12T03:02:18.000Z,graphic designthomistreality/truth/good v dystopia/lies/evil,493,102,13176
96678,96678,1154145,Remuhs,2019-07-07T04:18:51.842Z,born again bible believer.following and reposting does not equal total endorsement.,311,221,12496
96915,96915,1186246,StillRoseMagdalene,2019-07-15T00:34:59.698Z,,1632,105,63005
97905,97905,1011513,4TrueTime,2019-03-04T00:33:46.000Z,"""all censorships exist to prevent anyone from challenging current conceptions and existing institutions."" - george bernard shaw",841,408,33300
98393,98393,1128904,KristenHinkson,2019-06-08T22:31:32.000Z,instagram .... @artandsoulandpoetryfacebook ....pinterest ... telegram ... all under my name i m currently banned on two twitter accts for posting about graphene oxide in vax,549,208,11818
98774,98774,1088375,BmerBob,2019-04-27T15:50:09.000Z,,34,159,625
98876,98876,1176407,MaxDenken,2019-07-11T18:13:36.263Z,"film/tv professional, formerly university lecturer. since 2007 a hundred articles published in us and european blogs and webzines to help turn the trimtab of this predictable titanic plus two books, ""the camp of the sane and the camp of the saints"" and the novel ""eros & thanatos; a hollywood story"" with two more currently cooking. wide interests but will not discuss the jq with nazizoids, antisemitism/racism with adl-splc types, islam with muslims, and the bible with fundamentalists.",302,57,6964
99113,99113,1181996,LORENADAILEY,2019-07-13T13:39:01.537Z,god family usa,74,60,1250
99223,99223,1010878,SarahLowrey,2019-03-03T20:10:40.000Z,"""if liberty means anything at all, it means the right to tell people what they do not want to hear."" - george orwell",2807,91,58961
99268,99268,1184004,AJNovaScotia,2019-07-14T06:19:31.578Z,"ex-pat brit living in nova scotia. designer, photographer, traveler, freedom lover, anti-dictatorship & authoritarianism, especially under the guise of public health #stopthegreatreset",623,545,4316
99445,99445,1001261,Kenanon,2019-03-01T19:01:16.000Z,"""what is freedom of expression? without the freedom to offend, it ceases to exist."" - salman rushdie",142,69,1533
99457,99457,1030897,MarkMcGuire,2019-03-10T22:54:20.000Z,"i'm appalachian, i'm aryan and proud of it. a true patriot to my race and nationand i'm really good at stuff.",1103,159,40003
99537,99537,1134533,Potpourri,2019-06-14T19:51:54.000Z,a fact merely marks the point where we have agreed to let the investigation cease. bliss carman,66,124,1685
99570,99570,1144989,DominiqueRebel,2019-06-27T16:45:19.000Z,"formerly hotep sophiaabundance is the root of all progress! birthing into eternal wisdom w/ common sense! child of light by the most high god, touched by divine wisdom, guided by the ancestral army of yahawashi. #anthroposopy x #spiritualite#sourdough baker & #fermenter brewer#claircognizant #intuitive #mba #dba #farmer",1158,275,35059
99765,99765,1137513,AmyBee66,2019-06-19T02:23:14.000Z,no one of consequence.american.lover of free speech.,857,117,32681
99994,99994,1073094,totorowk,2019-04-06T00:27:51.000Z,"have some tea while you enjoy life, friends, and family! to your health, harmony, and prosperity! #maga #wwg1wga #draintheswamp #saveourchildren #nesaragesara #japan #qajf take charge of your health and activate your body's own stem cells! start towards the path to better health! learn how:",421,486,7219
100977,100977,1027666,Morrell,2019-03-09T16:57:28.000Z,\\\ f y m m \\\,3,14,22
101378,101378,1009328,Ragnarokrag,2019-03-03T10:00:55.000Z,"let us be clear: censorship is cowardice. ... it masks corruption. it is a school of torture: it teaches, and accustoms one to the use of force against an idea, to submit thought to an alien ""other."" but worst still, censorship destroys criticism, which is the essential ingredient of culture.",302,112,1610
101472,101472,1103957,arieladrianancajas,2019-05-11T16:04:54.000Z,u of u urban ecology supporter of president trump orgullo filipino traditional catholic,67,146,982
102101,102101,1031391,wheeleze,2019-03-11T01:30:25.000Z,"i'm an unorthodox christian who's here for the memes and some spicy conversation. i'm always on the lookout for an attendant, so if your interested in helping a cripple out, hit me up. yea, yea, i'm fucked up, but hey, i'm consistent!a lot of people really need to read the bible.permanently suspended from the twatter.not/happening",259,303,2663
102293,102293,1104456,TrumpCountry2024,2019-05-11T22:46:32.000Z,trump will be president 2024. the raid on mar-a-largo by the corrupt top brass at the alphabet agencies will be exposed for their corruptness.,61,123,262
102782,102782,10964,newsblurt,2016-09-08T13:32:59.000Z,newsblurt - we watch the world 24/7! new york / los,333,441,16
103291,103291,1157866,GENNIE,2019-07-08T19:40:16.732Z,,969,83,58862
104572,104572,111032,QuestioningItAll,2016-12-07T17:58:37.000Z,"""stopping leaks is a new form of censorship."" - julian assange and so as twitter et al start to censor free speech, time to gab away from them. donald j trump is the president until jan 20th 2025",68,113,262
104681,104681,1051126,ouspensky,2019-03-17T05:31:38.000Z,"all study, all thinking and investigation must have one aim, one purpose in view, and this aim must be attaining consciousness",116,30,1084
104772,104772,104878,4cminewswire,2016-12-06T23:32:19.000Z,"it is never the truth that we should fear it is the other stuff and the only thing we have to fear is fear itself because it robs you of the ability to live life outside of denial and lies. #4cminewswire, #4cminews, #4cmitv, #4cm2020,",1217,52,25879
105702,105702,1079641,TherealMJ,2019-04-13T15:21:46.000Z,i was named matthew after the lords prayer. .stop being a lazy fuck.,122,199,4566
106233,106233,1038166,TENNESSEEHONEY,2019-03-12T22:52:30.000Z,"""i pledge allegiance to the flag and to the republic for which it stands, one nation, under god, indivisible, with liberty, and justice for all."" i m passionate about serving god, people and country! i stand with those who seek gods face and with all those who seek freedom, happiness, prosperity and those who seek to know truth. america the beautiful! on christ the solid rock i stand, all other ground is sinking sand, selah",91,123,2982
107649,107649,1116276,econoday,2019-05-24T22:11:31.000Z,economic events and analysis,71,38,2553
107743,107743,1146057,ronrmorris,2019-06-28T13:38:24.000Z,"no permission is given for use of my likeness or information in any way.block reasons: calling names, use cuss words, or become obnoxious it's evident you have nothing worthwhile to say. ------ bio -----as a disciple of yshwh, son of the great i am (yhwh), i do not hide behind a false name / avatar as only cowards do that, not disciples. the usa constitution is the supreme law of the land. interpretations are not needed or required. it says what it says.",210,105,8247
108366,108366,115940,Lil_Fokkerz,2016-12-10T14:09:39.000Z,,189,367,3133
108502,108502,1049566,ToksDavid,2019-03-16T09:56:54.000Z,yoruba | lagosian | nigerian | national organicist | essentialist | twitter: @go_finger |gab: @neo_harambist,56,203,184
108528,108528,103070,cherifleury,2016-12-06T22:13:23.000Z,anger is a gift.,67,214,10
108626,108626,106854,CrusadesOClock,2016-12-07T01:15:18.000Z,creator of,312,281,646
108653,108653,118311,unbiasedwisdom,2016-12-12T00:16:01.000Z,"he who doesn't know history is doomed to repeat itthere are lies, there are damned lies, there are statistics.",512,192,14955
108689,108689,109084,GTKJ,2016-12-07T08:41:04.000Z,"gettoknowjesus remember the most important 2 royal laws are: 1. thou shalt love the lord thy god with all thy heart, and with all thy soul, and with all thy mind. 2. hereby perceive we the love of god, because he laid down his life for us: and we ought to lay down our lives for the brethren.",36,93,56
108699,108699,110707,ANP14,2016-12-07T16:00:17.000Z,the american nazi partywe are the only sincere and professional national-socialist organization in the united states.,2457,264,2427
108700,108700,1135774,Muhdred,2019-06-16T18:20:36.000Z,"#ta #n550 #leeds #74csm #onenorth #chairofurisk #northernorthodoxy #northernconfederacyplease also vist: is a #pronorthern, #counterjew and #counterfactual channelintended for information drops, dead jew count and based posts.",452,258,12243
109471,109471,109595,gbkthaddock,2016-12-07T11:16:30.000Z,"""perilous to us all are the devices of an art deeper than we possess ourselves""",2320,29,71457
109609,109609,117702,Lythia,2016-12-11T12:53:31.000Z,"freedom, truth & justice!""i am not bound to win, but i am bound to be true. i am not bound to succeed, but i am bound to live by the light that i have. i must stand with anybody that stands right, and stand with him while he is right, and part with him when he goes wrong."" abraham lincoln",72,221,219
109653,109653,1038152,RetardNoticer,2019-03-12T22:45:06.000Z,"everywhere you look, you may notice a retard.",869,66,7049
109673,109673,1105885,R2RO,2019-05-13T12:56:37.000Z,follow me for more dead memes.,72,37,1994
109737,109737,1029585,Jomaha,2019-03-10T09:55:28.000Z,npub1hc8xx349zm99dw4mj5lpav2f2u70cxsv5ymdq0ckm9crlm0rzyusszpkzltrailapark trash. with class and power.,18,18,1244
109799,109799,110236,EasyStreet,2016-12-07T13:43:42.000Z,deep down you know the politicians writing the laws are corrupt and are only interested in serving themselves.,2988,104,34028
110209,110209,106909,NoTangos,2016-12-07T01:19:57.000Z,"as ronald reagan famously said, freedom is a fragile thing, and it s never more than one generation from extinction. take reagan s words to heart as you train up your children. your fight for freedom today will mean nothing if the next generation does not know to keep it.",2394,2643,6591
110594,110594,1061672,Woke2Reality,2019-03-24T18:17:46.000Z,"john 319this is the verdict: light has come into the world, but people loved darkness instead of light because their deeds were evil. 20everyone who does evil hates the light, and will not come into the light for fear that their deeds will be exposed.",515,461,18908
111723,111723,111033,Miss-Information,2016-12-07T17:59:18.000Z,the price of apathy towards public affairs is to be ruled by evil men. plato,412,142,18722
112522,112522,1132161,LePetitCastor,2019-06-12T18:23:18.000Z,anti-re gime juif supre maciste et parasitaire. habite dans la zone d occupation juive nomme e que bec.,274,29,14579
112587,112587,1148997,Larggie_Slims,2019-07-02T02:19:37.000Z,it's about sending a message,103,168,2794
112602,112602,1060268,Financialpro,2019-03-23T00:31:24.000Z,post #backtoafrica into existence.,196,214,2907
112752,112752,104160,acmcbvps,2016-12-06T23:05:47.000Z,"""i know you won't believe me, but the highest form of human excellence is to question oneself and others."" - socrates",71,167,3583
112776,112776,1003669,istyping,2019-03-02T06:37:41.000Z,conspiracy realist,2,8,12
113559,113559,1092045,tjfortch,2019-05-03T05:27:38.000Z,empowering minds: from language mastery to financial! i can show you how money works so that your money works for you!,47,100,795
113565,113565,117683,NetelTV,2016-12-11T12:26:23.000Z,daily headlines covering all manner of topics news technology science god end times escritures & much more!,5,25,4570
113701,113701,1059342,Rico1791,2019-03-22T02:06:03.000Z,there comes a time in your life whereyou have to hoist the black flag and start cutting throats.,349,289,4718
113703,113703,1083125,Mrs86Young,2019-04-18T21:50:13.000Z,"hello i'm amber, chef, mum of 2, horse loving, beach loving professional flirt from england. always happy to follow back. email: ambereleneyoung@gmail.com",261,210,476
114034,114034,1121743,thereallouistbruno,2019-06-01T16:08:42.000Z,"this is the official gab account of louis t. bruno, author of the disintegrating bloodline, the michael project, apocalypse soldier, and the data chase. louis can be found on instagram, minds, and twitter.",29,43,861
114627,114627,115003,747,2016-12-10T10:15:30.000Z,queen of the skies #captain #aviation & #aerospace #ai prompt engineer mechanical #engineer writes in:,854,693,175
114761,114761,1138738,Culper1,2019-06-20T18:41:24.000Z,"i identify as a child of god! jesus is my savior, trump is my president, america is my home. all trolls will be blocked without warning!",907,1164,14565
114922,114922,1140205,Lord_Solar_Macharius,2019-06-22T18:38:57.000Z,,146,66,1205
115766,115766,1038716,PaulVMontefusco,2019-03-13T05:41:12.000Z,,308,96,4250
116094,116094,1,e,2016-08-10T05:58:24.000Z,,9658,164,2159
116284,116284,1100743,aryangirl88,2019-05-08T15:33:09.000Z,blood & soil | racially pure | do your duty | we are the ruling people,184,164,185
116570,116570,1037139,ColaPoweredGamer,2019-03-12T15:36:02.000Z,"visit for new, old and even obscure video game reviews.",130,26,1133
116836,116836,100025,Nigel_Penticton,2016-12-01T03:56:28.000Z,"this day i call the heavens and the earth as witnesses against you that i have set before you life and death, blessings and curses. now choose life, so that you and your children may live",189,43,1850
117423,117423,101166,LionsOmega,2016-12-02T00:43:28.000Z,"suspended once from twitter, second time banned forever as lionsomega clever & witty after i ve posted. repost a lot bc i don t assume everyone is getting all the same info. i ll also repost some trains bc i believe we all need to stick together & follow each other.us navy vet. prolife. pro israel. do not follow if you re prejudiced! #q #wwg1wga #holdtheline #maga #savethechildren #thegreatawakening#1a free speech#2a molon labe no porn |",2660,2578,15083
117645,117645,1051670,MarciaSol,2019-03-17T14:58:41.000Z,informed enough to know their names. innocent enough to be shocked at the crap they do,904,161,31934
117652,117652,1180649,VetsAgainstDomesticEnemies,2019-07-13T04:33:49.360Z,"must be read, through and through!",51,49,1466
117671,117671,1018080,TruthSeeker9718,2019-03-05T23:48:00.000Z,"""think for yourselves and let others enjoy the privilege to do so, too."" - evelyn beatrice hall",120,121,3829
117674,117674,1083621,RedactThis,2019-04-19T17:56:55.000Z,the eagle doesn t fly with the crow,270,281,3565
117706,117706,1132054,susyredfield,2019-06-12T15:35:50.000Z,anti cultural marxism & anti feminism | love usa & europa | femininity| 20 years old | ns |pro-white #tradlife #whiteunity,128,124,378
117747,117747,1083113,author_sm,2019-04-18T21:41:14.000Z,,52,48,1012
117798,117798,1080480,BCBlonde,2019-04-14T18:22:25.000Z,"#dualcitizenship permanently banned from fb & twitter anti communism, socialism, liberalism & those demonrats equally & alike pro first & second amendmentpro freedom of speech & personal thoughtpro to go where i please & self governance rules are for other people",575,421,7934
117939,117939,1030325,CaptainCrapper,2019-03-10T17:29:07.000Z,machiavellian reactionary libertarian #maga supporter. i'm kind of an asshole. banned 30+ times from twitter,97,165,653
118242,118242,1060778,Perdomo,2019-03-23T15:37:43.000Z,born in cuba. soldier of fortune ever since i was knee-high to a grasshopper.,65,107,267
118244,118244,1026954,Mbtrump100,2019-03-09T13:44:14.000Z,"white male irish decent 100% trump supporter.dog lover..i own 3 dogs, 2 minpins and a pittie... got along with everyone till obama divided this country..support the police at all times..they have a thankless job..",5,5,32
118546,118546,1067936,iamhue,2019-03-30T09:12:17.000Z,,25,58,2100
118619,118619,1147727,ZippyTheChicken,2019-06-30T07:41:11.000Z,free hugs :o)christian... conservative...meme generatorroad crosserviolence is for wars not for politics... anyone that tries to convince you otherwise is not on the side of what is right.. the pen is mightier than the sword... your mind is your strongest weapon... don't let agent provocateurs influence you. the only thing in life that matters is your relationship with god.since the election i am back on twitter/x but i will never give up on gab because they gave me a home when x banned me,676,87,5966
118724,118724,1149434,x22report,2019-07-02T18:01:20.000Z,x22 report is a daily show that will cover issues surrounding the economic collapse. join me and many others to fight for what is rightfully ours.x22 report website:,143533,9,6858
118794,118794,112330,QuiteFrankly,2016-12-08T12:07:52.000Z,"a nightly talk show for current events, the human condition, and the mysteries of the universe.live weeknights at 7pm est on quitefrankly.tv",8275,46,897
118811,118811,10736,Raheem,2016-09-07T17:00:48.000Z,"editor in chief, the national pulse -",132611,14,1640
118884,118884,1092838,Woodys360View,2019-05-03T17:59:39.000Z,"hand crafted political memes, plus occasional posts of cars, guns, bikini models and other stuff i like. maga :merica: hashtags: #woodysmemes #woodyslolz #woodysvidz #woodysrides #woodysfreedom #woodysbabes #woodyscoolstuff #woodysvistas",1952,66,17985
118896,118896,1073848,RedIceTV,2019-04-07T00:45:11.000Z,"independent alt-media with @henrikpalmgren & @lanalokteff. we are #proeuropean, anti-globalist & we always follow the truth. 100% independent, supported by our members. sign up all our links at campsite:",13406,23,2046
118946,118946,1186026,EnkiVzla,2019-07-14T22:20:45.828Z,"repu blico con alberto franceschi, hispanismo . security consultant, disip expert in police and criminalistics.",671,1377,110
119124,119124,111176,RobertBeadles,2016-12-07T18:54:06.000Z,"robert beadles aka crypto beadleschristian, father, husband, patriot, big business builder, and benjamin franklin s great-nephew.canceled from wikipedia, youtube, twatter, linkedin, censored on facebook, and others. welcome to 1984 #overthetarget #hereforthefammy a on",12940,64,3918
119212,119212,1143329,niabarron27,2019-06-26T15:41:30.000Z,truth ninja that s all.tossed from freakbook.they don t like truthers.,320,55,14613
119323,119323,1052620,markvolovar,2019-03-17T23:47:15.000Z,i am a humble meme farmer tending to my crops.,5078,23,539
119375,119375,1106201,EMichaelJones,2019-05-13T20:07:25.000Z,"this is the official account of dr. e. michael jones: amazon best selling author, lecturer, and editor of @culturewarsmag books:",17426,61,1634
119489,119489,1008911,Eric_Striker,2019-03-03T07:06:44.000Z,,1359,27,50
119507,119507,1108330,Gary54,2019-05-16T04:25:50.000Z,writer.................. in toronto.websitesfrightlibrary.orgtheologicalvignettes.com/,178,16,3908
119801,119801,1053782,AUEthnostate,2019-03-18T13:32:28.000Z,"i am a nationalist. as such, i believe that our race is our nation. the original, meaning of the word, nation, meant a people. it had nothing to do with a particular geographical boundary.the #ethnostate is real ! it is here now, already in our spirit, blood and soil",254,339,262
119815,119815,1071474,loustung,2019-04-04T06:01:49.000Z,,452,3,20863
119884,119884,1065008,ChristianOutreach316,2019-03-27T20:30:59.000Z,,181,0,3899
119954,119954,1019,TexasVet,2016-08-20T01:43:46.000Z,"some people say that there is a certain swagger about me, which in texas is usually just referred to as telegram channel: telegram chatroom:",24761,3694,8084
120022,120022,1186111,Wilhelm_Strasse,2019-07-14T23:14:25.701Z,"i'm a british patriot who shares the truth about the world we live in, those who control it and their planned agenda.",856,18,18988
120545,120545,1051257,Duquesne,2019-03-17T08:10:08.000Z,,26,63,340
120613,120613,1100020,APlebeian,2019-05-08T02:57:50.000Z,"somewhere in the hawkeye stateif you embrace collectivist ideology, examples being ""its the jooos"" or ""its the blacks"" or ""its the <other race>"" just go awaygot no time for people with an iq of -75do not replace evil with evilreplace evil with goodevery government is evil",35,32,429
120711,120711,107387,AMDWaters,2016-12-07T02:14:55.000Z,leader of for britainhartlepool,5333,30,347
120759,120759,1041392,eCol11,2019-03-13T23:56:51.000Z,jesus christ is god.,207,121,6140
120813,120813,1099478,Lyst0n,2019-05-07T20:20:40.000Z,,297,4,2219
120814,120814,1034218,sirjaime,2019-03-11T21:11:55.000Z,just an old stoner.,295,4,30487
120838,120838,1133600,Real_Man,2019-06-13T22:19:32.000Z,we have seen and testify that the father has sent the son to be the savior of the world. 1 john 4:14,76,84,1308
121073,121073,1116928,JuliansRum,2019-05-25T21:10:10.000Z,,214118,107,847
121172,121172,1177647,WesternManOrg,2019-07-12T06:02:48.231Z,modernity is a tribe of pygmies furiously trying to bury the giants that came before them so as not to feel inadequate. westernman.org,93,104,280
121212,121212,1004408,goanna,2019-03-02T11:23:06.000Z,im a born and bred patriotic australian and that makes me indigenous to australia. :o),277,56,7996
121266,121266,106692,socialistmop,2016-12-07T01:01:13.000Z,"maker of memes, conservative, mocking the left via satirical songs and parody videos,",74,47,8
121290,121290,110256,LilyKek,2016-12-07T13:49:18.000Z,"marvel not, my brethren, if the world hate you. john 3:13 blessings to you!",2604,736,7721
121335,121335,1082462,SowbellyCanoe,2019-04-17T23:00:47.000Z,i`m a singing drummer who now plays acoustic guitar. i survived two close encounters with ufos with missing time. if you`ve seen any strange ufos let me know. i came here because i heard gab was the last social media site that allows free speech. i`ve been banned everywhere. i hate liberals.here`s my new youtube channel,1081,31,27684
121365,121365,1105266,KingKrawFish,2019-05-12T19:03:42.000Z,,106,9,6222
121441,121441,1012826,Baahubali,2019-03-04T13:44:55.000Z,i am,66,199,995
121483,121483,1044135,POschiff,2019-03-14T13:30:33.000Z,#pureblood,932,77,19725
121546,121546,1184642,Sverigebilden,2019-07-14T12:40:48.367Z,fo lj a ven #svpol #migpol,1284,186,4786
121579,121579,1042819,Tiberious,2019-03-14T04:14:55.000Z,'globohomo' is just normie-speak for 'international organized - learn to notice the nose too.no patience for miga cucks or bullshit.,201,7,10609
121609,121609,1125303,LightMakesRight,2019-06-06T05:12:56.000Z,"who knows what evil lurks in the hearts of men?""i know. i know the strange tides on which destiny ebbs and flows; i know that fate sometimes needs a guiding hand; i know how to place the pieces on the board; i know what has been, and what must be; i know the greater game.""...> on gab since 2016 <",287,32,959
121618,121618,1176718,Oikophobia,2019-07-11T19:54:13.663Z,"if you are truly the better man or woman (ubermensch), you are in control of your emotions. the use of obscenities and childish name calling is beneath you. be the adult in the conversation.chat:",701,38,15685
121633,121633,1144436,BEstleader,2019-06-27T07:20:09.000Z,,160,187,2188
121644,121644,1075080,Sonix711,2019-04-09T01:50:35.000Z,"= lots of free #vb6 apps i made - source code included - 'crypto blockchain update automation software', etc (all kinds other apps)... 'no spyware / adware / crapware', promise (seriously, no bs). website = not = gives 'stupid browser error' nowadays... :) ...'whatever'.... :)am 'shitposter' from 'cryptoland'--- #btc since 2012 --- public profile, dont dox, thanx !!! :)",129,187,2928
121962,121962,1156442,mk_fain,2019-07-08T01:54:14.518Z,"radical feminist, vegan, writer.",33,16,59
121964,121964,1185323,TheRiteNews,2019-07-14T18:09:35.171Z,website : about news and news gathering.twitter:,538,147,3141
121987,121987,1138579,senatuspopolusqueromanus,2019-06-20T13:30:05.000Z,italian citizen.anti-tikkunolamisti probably have (at least) 50 iq points more than you.,333,29,26175
122001,122001,1058622,Texashillbilly,2019-03-21T13:11:58.000Z,truth teller.not now & never have been a sheep.,133,5,10865
122025,122025,1124253,visible,2019-06-05T16:34:02.000Z,,294,1,942
122128,122128,100802,HonorGuard,2016-12-01T16:30:03.000Z,"""if you think you can or you think you can't you are correct on both accounts. "" -- henry ford",899,1,4103
122226,122226,1071477,karmel,2019-04-04T06:03:52.000Z,,174,39,5931
122249,122249,114977,Linda_Allen,2016-12-10T10:07:09.000Z,"""censorship is telling a man he can't have a steak just because a baby can't chew it."" - mark twain",2383,291,27988
122291,122291,1019894,SnapperTrx,2019-03-06T15:24:35.000Z,visit my guilded,157,44,4124
122498,122498,1178386,solyedad,2019-07-12T14:53:07.022Z,mi reino por unas galletas con mantequilla #yotambie nvineaqui porbou,449,496,718
122665,122665,104402,EmmaBovary,2016-12-06T23:15:30.000Z,western civchristianitytraditioncommon sensehomeschoolinggardeningarthappily married,582,192,8401
122935,122935,1064960,Brighteon,2019-03-27T19:50:23.000Z,"brighteon.com is a ""free speech "" video sharing platform. this page promotes the videos and channels published on our",1942,3,33574
122952,122952,1074408,RevRock,2019-04-08T01:04:56.000Z,,73,41,15423
123047,123047,1001802,TheDruidKing,2019-03-01T20:47:16.000Z,"half highlander, half suburban, half funny.all scottish, all british, all european. detest the snp and the eu. highly sceptical of all authorities.d-_-b love music.i identify as sarcastic-bemused and my adverbs are 'intelligently/rightly'. stick your pathetic pronouns (so yesterday) up your new or remaining hole. please respect my personal liberty, that i'm forcing on you.also",341,44,8631
123065,123065,10574,Travis_Hawks,2016-09-07T00:52:23.000Z,"""this man, hawks, he's a lunatic. you know that, right?"" -- deplorablegreg",4244,441,57320
123376,123376,1092980,KimHogan,2019-05-03T19:43:57.000Z,,177,29,6255
123439,123439,1003789,Chestercat01,2019-03-02T07:22:30.000Z,lion,1385,36,21799
123476,123476,1128358,Opinionated_white_male,2019-06-08T06:27:26.000Z,,66,16,2045
124089,124089,1125639,JohannavdArk,2019-06-06T10:45:38.000Z,boervrou.,105,123,111
124130,124130,1065836,robert19594,2019-03-28T09:50:31.000Z,"ich stelle fragen, weil ich antworten will. auf der suche nach der wahrheit. you can also find me on twitter - man findet mich auch auf twitter",62,52,157
124318,124318,1076550,RJizzo,2019-04-11T03:25:44.000Z,,12,16,517
124329,124329,1029542,Go_Coup,2019-03-10T09:20:01.000Z,"the world is losing its saiyanity. gohan, help goku.",165,0,8489
124369,124369,114991,carbonunit,2016-12-10T10:11:30.000Z,"""censorship is saying: 'i'm the one who says the last sentence. whatever you say, the conclusion is mine."" - ai weiwei",667,3,76410
124459,124459,1027356,NamelessHereForevermore,2019-03-09T15:49:31.000Z,you are not a victim; you're a volunteer.every flavor of socialism is faggotry.,197,184,124
124461,124461,110198,themarketswork,2016-12-07T13:35:17.000Z,cfa charterholder. contributor @epochtimes. articles at epoch times:,22525,66,290
124467,124467,1177951,brookefederline,2019-07-12T10:23:03.043Z,,182,148,693
124476,124476,1175538,Transplant_experiment,2019-07-11T09:22:01.345Z,"observer. time is an illusion.""i know that i know nothing."" socrates",536,95,9150
124596,124596,1034002,MR_AntiSemite,2019-03-11T20:42:24.000Z,make anti-semitism great again,243,27,1338
124755,124755,1135509,TunnelRabbit,2019-06-16T05:53:36.000Z,tunnel rabbit,228,1,4355
124775,124775,1039804,shadraque,2019-03-13T18:26:11.000Z,"minuteman, christo-chauvanist-fascist-monarchist, usa patriot and independent contractor, veteran of us volunteer armed services, jihadi veteran, meme war veteran, western civ, proud white man, natsoc+",323,600,2984
124841,124841,1036058,RicketyRocket,2019-03-12T05:11:29.000Z,anti-federalist,572,299,20980
124899,124899,1095717,HecdoMondo,2019-05-05T06:39:00.000Z,"i'm not actually a wizard, i just play one on tv. #gamer, fan of #horror, #sciencefiction, #anime, unpaid critic, shocked by the state of #starwars, #alllivesmatter #christian #pureblood #maga #myaudible #whatimwatching #mypaintings #jackieboy #holeinmyhearti never check dms.'if you are going through hell, keep going.' winston churchill nihil prodest timeat virum.'beep bop boop'",1975,214,127150
125049,125049,1098448,Freedomstein,2019-05-07T06:26:31.000Z,just another mammal trying to understand the universe.what is true is freeing.,75,0,1779
125088,125088,108175,Enkidu_G,2016-12-07T04:31:50.000Z,"when you are lied at, the truth is not far away, it is the opposite of the lie!dumbness doesn't protect from the disastrous impact of geoengineering!",87,3,2407
125439,125439,1008817,lubenut,2019-03-03T06:34:15.000Z,"i follow back all patriots! british brexit farage trumpcabal hunter! ex british forces, cold war veteranknew rudolf hessencountered the communists dailydigital soldierbanned everywhere#nesara #gesaraq",567,685,1658
125694,125694,1150439,offensivememes,2019-07-03T21:26:05.000Z,images with funny captions---disclaimer: some of the memes presented on this page might be fictitious.,1383,4,2227
125809,125809,1102890,jamiefarrington,2019-05-10T15:36:48.000Z,"just a wretch saved by christ-a nobody whose worth is found in christ.a husband to my beautiful 8th grade crush, who of course did not reciprocate feelings, until 7 years later.a father, biblically bringing up 3 daughters who have to live in this depraved world.mortgage loan broker (hi, ia)primal health coach,degreed chefwine consultantnmls# 2318580, ia lic# 49299",37,104,401
125862,125862,1015439,ZionismIsTheNewWorldOrder,2019-03-05T01:51:17.000Z,,222,194,4078
125962,125962,1011372,Deuce,2019-03-03T23:24:06.000Z,"""censorship is telling a man he can't have a steak just because a baby can't chew it."" - mark twain",347,469,3949
126000,126000,1003192,sean6399,2019-03-02T03:31:52.000Z,"""masculine republics give way to feminine democracies, and feminine democracies give way to tyranny.""-aristotle",93,6,6350
126098,126098,1030344,SuperEarth,2019-03-10T17:36:05.000Z,c'mon!!!,174,50,4364
126107,126107,1013577,fourpaws,2019-03-04T17:09:01.000Z,love liberty love cats love catturd life is good because god is almighty,550,1,12880
126227,126227,1107447,Rhodok,2019-05-15T07:09:26.000Z,,63,18,2874
126238,126238,1125086,Dunbal,2019-06-06T02:13:18.000Z,i don't follow back. follow at your own risk.,308,0,40835
126898,126898,1027256,Philosopherstew,2019-03-09T15:31:51.000Z,"jesus truther. ethical vegan, humble love, peaceful free speech justice worker, spiritual, anti-greed capitalism: peace begins with who, how and what ethical energy you consume. epitaph of humanity: the reckless use of fictions. our capitalism greed to kill our planet. elites are psychopathic hoarding capitalists and pedophiles. delusions will eventually kill humanity on our planet. a materialistic world run by hoarding money is sin. rich demons make hell on earth, but jesus saves our sin spirit",444,472,27771
126985,126985,114252,NoelFritsch,2016-12-10T06:08:53.000Z,husband | father| unsolicited accountability partner to elected officials | maga | amfirst | liberty | nationalfile.com,1835,19,68
127033,127033,1081646,Small_loanof1m_immigrants,2019-04-16T14:03:34.000Z,"when #discohonkferno becomes law, dancing becomes duty.#thomashonkerson #clowntideworldwide #cluwnelivesmatter",167,4,16035
127427,127427,110626,Gaby,2016-12-07T15:34:12.000Z,literature. politics. finance. dfw. followed by @a. #gabgaby,234,54,85
127430,127430,113113,PaulMEdwards,2016-12-09T04:02:54.000Z,"jesus believing, liberty advocating, motorcycle riding, corvette driving, geek extraordinaire!opinions are mine alone.""censorship is the child of fear and the father of ignorance."" - laurie halse anderson",58,95,9775
127556,127556,1084421,PhantomShadow,2019-04-21T05:03:33.000Z,maker of fuckumentaries.inventor of the nancy pelosi cuckoo clockTMarchitect of fecal ventriloquism,1501,145,1384
127615,127615,11372,DeseretRebel,2016-09-09T16:36:38.000Z,"gabbing about video games, politics, astronomy and whatever else fits my fancy. falo portuge s mas sou americano. formerly maga hero.****""the only legitimate use of a computer is to play games."" - eugene jarvis",1265,212,8072
127616,127616,1155395,kylemockeridge,2019-07-07T15:54:50.026Z,,54,11,3153
127704,127704,1038667,ShareDevil,2019-03-13T04:50:16.000Z,"sharing the wealth of knowledge & opinions...also music videos, movies & memes... check out sharedevil bitchute & subscribe.. free to follow on gab &",72,33,28600
127845,127845,1048165,BQQM,2019-03-15T18:22:05.000Z,"everyone's an outlaw, til it's time to do outlaw shit.gotta doubt my doubts, and believe my beliefs.one follows no man, but rather, follows facts.i answer to the man in the mirror, and god at the end of the day, and don't intend to disappoint either.my posts are for edification purposes, and to incite others to think for themselves.trust nothing i post. do your own researchnon sibi sed patriae. in tempestate venit. veritas liberabit vos.wwg1wga",1489,0,31138
127872,127872,1086634,RobertPlant,2019-04-25T10:22:52.000Z,,256,0,15256
127958,127958,1075398,cardo7,2019-04-09T13:39:30.000Z,,5,15,4071
128094,128094,1140849,Jean-Baptiste,2019-06-23T13:25:14.000Z,"si vous e tes franc ais ou francophone il y a un #gabfrance et/ou un groupe gab pour nous ==>> everywhere and always is only the screen of the jewish dictatorship.""""la de mocratie partout et toujours n'est que le paravent de la dictature juive."" louis ferdinand ce line. #14wordsma chaine youtretube :",398,278,3300
128100,128100,118534,ironwand,2016-12-12T06:24:16.000Z,jack black at stormfront: @lighttheway16 at twitter (ironwand banished from twitter and youtube) banned by most msm outlets.check out my blogs: the traitor within: gallery: madhouse update: videos at bitchute:,1148,1256,10626
128325,128325,112781,deplorableglenn101,2016-12-08T20:15:13.000Z,"#godandcountry supporter of #1a, #2a, #5a, #14a, #nra #maga #wwg1wga. fighter. tryna make a permanent move from twitter. 3 times imprisoned by fb... hey!",162,244,285
128521,128521,107680,USCFHQ,2016-12-07T02:58:57.000Z,"civilian authority of we the people - 1st branch of government & force of last resort - with a mission to maintain the 8 integrated teams of the uscf civil defense grid & establish constitutional safe zones (csz) in every state & county to protect against terrorism, tyranny & natural disasters.web prep guide guide",258,1,547
129090,129090,1094125,Rooooo,2019-05-04T10:03:11.000Z,anti-loaf pro meatloaf wars,720,132,33018
129332,129332,115920,IAWTP,2016-12-10T14:05:55.000Z,"follow by @genflynn on twitter.twitter: suspendedanalyst | author | tech junkie | freedom fighter | #deplorable | my hero is truth. my home is liberty. my life is law. my sword is justice. ~ i am we the people.original gabber since 12/7/16#donewithstupid #endevilwhere we go one, we go all.",2280,1452,4146
129508,129508,1138286,Plumfrog97,2019-06-20T03:33:38.000Z,"#endsextrafficking #savethechildren""give me liberty or give me death"" ~patrick henry#trumpwon2020byalandslideif your gonna worry, don't pray.if your gonna pray, don't worry.#holdtheline""we the people are the rightful masters of both congress and the courts, not to overthrow the constitution but to overthrow the men who pervert the constitution."" ~ abraham lincoln",1317,1572,2456
129609,129609,1092932,Rabbit_seventeen,2019-05-03T19:07:36.000Z,beach bunny from venice ca ig @rabbit__seventeen twitter @putoelkeleaestolastoftheanalogkids.com telegram @rabbitse7enteen,141,82,76
129699,129699,1101320,HEJB,2019-05-09T01:10:41.000Z,"cereal sacred cow killermemes; stills, gifs, video.",649,125,4150
129802,129802,1113130,kodeb8,2019-05-20T18:15:22.000Z,andrew torba is a retard and so are you if have a gab pro account,24,24,215
129918,129918,1029286,_Wardy_,2019-03-10T05:17:59.000Z,aka @_wardy_ ex twitter | #wwg1wga,41,69,18
130286,130286,1185545,LUomoMascherato,2019-07-14T19:42:07.733Z,non posso dire molto. sono un uomo. e sono mascherato la verita e inverosimile - eraclitorifiuto il paradigma dell uomo-soia,309,69,1959
130577,130577,1114012,Coulterculture,2019-05-21T21:03:30.000Z,"kim coulter is a devoted wife and mother, an ardent advocate for american patriots, and actively engaged in defending traditional values and constitutional freedoms. she has been featured on infowars, timcast, national file, armed american radio, chrissie mayr podcast, two classy gentlemen, and steak for breakfast podcast. as the founder of the gun rights organization ""motivated armed gun owning americans,"" she continues to champion her cause. connect with kim on social media via @coulterculture",82,18,79
130684,130684,1091779,truth999,2019-05-03T01:57:08.000Z,the unsecured world future will not be ours by letting insanity and destruction continue,111,58,195
130826,130826,100389,CaseyT,2016-12-01T10:25:39.000Z,"unveiled: mil r&d tech editor, psaanon. fighting weather wars. dark at times. 9th gen american (1711), grandmother, christ-ian#bigpicture#weatherwars #lawandorder #usmc brat. america and the constitution rule!",722,581,3248
131313,131313,1057082,SaucyBread,2019-03-20T11:38:23.000Z,----------------------------------------------.::status::. online.::agent::. dennis.::digits::. 1488.::rank::. corparal lft soldier marshal officer.::current op::. shill on ----gab----offlineofflineofflinegod bless america!-----------------------------------------------,56,20,4055
131317,131317,1009780,VeganRenaissance,2019-03-03T13:07:16.000Z,"""censorship is a necessary good to achieve a vegan world"" - vegan renaissance.not a parody account, only feds from the meat industry call me that.",237,93,4888
131789,131789,1092951,GENSTOMPYRASS,2019-05-03T19:20:40.000Z,"ex usn/fmf, world traveler, writer, inventor, recording artist, cartoonist & an opinionated sob & right to attila the hun. a religious free thinker & pro sumerian. racially & culturally selective....dont denigrate mine & i wont piss on yours.>[welcome to america]<israel's largest colonyalso my bumper sticker""welcome to america, the fastest growing 3rd world country on planet earth"".... and where greedy companies make money by accident as they could not do so on purpose.",576,95,67167
131815,131815,107219,LRagoczy,2016-12-07T01:55:15.000Z,"the heart, like the mind, has memory. and in it are kept the most precious keepsakes. lineage to 1620 mass, founding fathers sar #usaf #vietnam #veteran pacificnw erau-ms aero engineer single all veterans welcome the path to enlightenment is as sharp and narrow as a razor's edge",770,378,8287
131853,131853,114930,judenfresser,2016-12-10T09:55:47.000Z,,204,47,10
132071,132071,1002868,Observer64,2019-03-02T01:51:57.000Z,"it is time for the world to choose. liberty or death! those are our only options! there is no in-between there is no safety without liberty, stop being cowards and choose liberty, life and freedom!know this, government is mind control. our obedience is their power. when government has become evil it is our responsibility to disempower it by disobeying it. they are powerless without our obedience, this is how we can change our predicament and purge evil.",236,67,7327
132119,132119,1148736,palewriter,2019-07-01T16:47:50.000Z,"christian, father, grandfather",115,123,472
132630,132630,113648,sunshine703,2016-12-09T21:55:05.000Z,"""censorship is telling a man he can't have a steak just because a baby can't chew it."" - mark twain",916,334,26722
132712,132712,1066485,SchultzB,2019-03-28T20:14:00.000Z,"i'm older than the state of hawaii, we've seen this game before. i believe 100% in president trump, and you never quit...ever. trump 2020/2024 ! set up my gab account march 2019 as my alamo.",229,70,3200
133066,133066,1106809,FullMetalJava,2019-05-14T16:46:59.000Z,we believe great coffee can lead to a greater purpose. we provide support to those who serve and have served our great nation by giving back to veterans and constitutional rights groups and more.,277,382,1192
133363,133363,101862,Shumphrey7180,2016-12-03T20:45:35.000Z,"twitter: @ohioamerican ""the only way to deal with an unfree world is to become so absolutely free that your very existence is an act of rebellion."" - albert camus",969,409,4598
133377,133377,1080048,SnowWhite1488,2019-04-14T03:16:57.000Z,national socialist. happily married mother of 4.#namethejew #exposethenose please don t dm me & be weird.,124,86,283
133378,133378,101060,ellenpai,2016-12-01T21:46:13.000Z,"""you can avoid reality, but you cannot avoid the consequences of avoiding reality. ""- ayn rand",180,47,2811
133609,133609,110537,milkncooks,2016-12-07T15:04:01.000Z,"conspiracy theorists that make house music, obviouslynew music >",551,26,134
133682,133682,108734,Terexen,2016-12-07T06:52:16.000Z,"""when you have strict censorship of the internet, young students cannot receive a full education. their view of the world is imbalanced. there can be no true discussion of the issues."" - ai weiwei",18,15,319
134163,134163,1117682,DocHol,2019-05-27T00:13:42.000Z,time...,25,112,81
134538,134538,116434,dem_apples,2016-12-10T16:46:20.000Z,"""censorship is the tool of those who have the need to hide actualities from themselves and from others."" - charles bukowskitwitter is a disgusting application and needs to be shut down!",55,16,670
134570,134570,102015,Kal-El,2016-12-04T11:33:46.000Z,"join the boycott to save our country ------ usa is in a big mess, time to wake up, get active, support and defend traditional usa from the white genocide agenda of the globalists. has to be done with brains by cancelling all msm products - cancel all your cable/streaming tv services now. boycott apple-disney-google",92,53,838
134680,134680,1115230,JillGrow,2019-05-23T18:09:41.000Z,been alone so long it's hard to believe there are others who can see it too. no conspiracy theory; conspiracy fact. #wwg1wga,201,141,3467
134831,134831,1121958,Uninverted,2019-06-02T00:28:51.000Z,staying right-side up in an upside-down world.,3,16,13
135662,135662,11517,EuroRaver,2016-09-10T01:10:36.000Z,we live in !,667,973,625
135720,135720,1050648,Susudio,2019-03-16T23:20:34.000Z,in the body of christrev 3:10gen x,1059,29,5443
135869,135869,1111462,BoldDaddy1,2019-05-18T16:31:06.000Z,proud father of two sons & one grandson. independent with a strong love for our constitution. knuckle dragger with a decent iq.,338,350,4307
136001,136001,1093611,00Skeleton,2019-05-04T03:18:37.000Z,a deplorable since 1161,195,66,7572
136052,136052,10935,Momof5,2016-09-08T11:02:29.000Z,"""there was times when people would burn books because they didn't like what people were doing."" - michael berryman",318,160,1036
136150,136150,103770,YosemiteSam,2016-12-06T22:46:06.000Z,"usaf veteran, engineer, software developer before i retired. firearms and now ccwp holder enthusiast, backpacking and hunting. proud servant to a very demanding cocker spaniel. gab investor.",181,205,264
136364,136364,1129597,Kelamaty,2019-06-09T20:13:08.000Z,just a red pilled scotsman. you can also find me on telegram and,346,103,796
136672,136672,1120825,QAnonNewsHub,2019-05-31T14:04:05.000Z,"serving the awakened with relative news, spiritual support & sardonic commentary. asshattery ... extra bonus.gab: @qanonnewshub | gettr: @e3cents",1081,56,183
136981,136981,1130281,LPVP,2019-06-10T15:19:06.000Z,"extension to my bitchute main channel lpvp, reacting to old dr who trip through to make a donation to my give send go account? click the link right here,",255,95,3148
137391,137391,11150,warhorse_03826,2016-09-09T03:49:14.000Z,"three percenter. oathkeeper, 1st granite state irregulars. sons of stark. ""live free or die, death is not the worst of evils."" followback is not an endorsement.",2052,2203,7367
137396,137396,1028443,AintJack,2019-03-09T21:40:00.000Z,"when you were born, you cried and the world rejoiced. live your life so that when you die, the world cries and you rejoice. cherokee",819,207,30025
137476,137476,1182930,Checkpoint_Charlie,2019-07-13T20:54:43.332Z,"get some rest pam, you look tired.",163,186,1402
137714,137714,1046971,Paul_Sven,2019-03-15T08:30:02.000Z,"avid blogger and multiple online business owner. deals with crypto and affiliate marketing. hates globalists, wef, bill gates and politicians who are not serving the",73,23,1731
137749,137749,1033210,SlobbyVonFoole,2019-03-11T18:50:32.000Z,"ephesian 2:8-9i make comments about things is see on this platform. don't like my posts? then don't follow me. i hate having to block or mute people so please don't be a dick. *some of you seem to thrive on it. sorry for the typos. between my phone and i, well, let's just say we try. i'm bought by the blood. ephesians 2:8-9",314,243,7059
137827,137827,1180244,n2185x,2019-07-13T02:15:07.139Z,"truth seeker, via (as much as possible) the scientific method. i will follow evidence wherever it leads. i am utterly unafraid of arriving at any conclusion, no matter how unpopular or unpleasant, if the evidence and logic demands it. i demand rigorous consistency of evidence and argument: if it violates logic or is internally contradictory then it's invalid, period. and if the evidence is contradicted by other equally valid evidence then i will be unable to arrive at a conclusion from it.",81,14,3950
138014,138014,1016414,WakeUpEternals,2019-03-05T10:28:25.000Z,"my fellow creators.if you want to go home.you must let go of absolutely everything and return to yourself, return to innocence.meditate on what that means.the answer is within you.",60,89,18
138072,138072,11520,Arve_Sylvester,2016-09-10T01:19:54.000Z,to post all things good. woken!,1118,59,86883
138301,138301,1001952,WolfiesFineHoneyJstFine,2019-03-01T21:17:58.000Z,"now my eyes are open i cannot sleep, why? oh why? didn't i just take the blue pill?",276,30,21341
138499,138499,10153,Tankmanbrad,2016-09-06T04:53:29.000Z,"i dont do follower accepts any more.here is link to 1900+ files exposing fraudulent covid globalist agenda, free to access, end of archiving was feb 2023, im done 'helping': dropbox sux, trying box now: doesnt force u into acct just to read the files, take screenshots until proper sharecanada officially showed the world its been overrun and turned into a #dictatorship. #sanctioncanada#boycottcanadafeb.2023, canada was fkd perma",256,9,41971
138749,138749,1051973,Sulla_,2019-03-17T18:03:30.000Z,,170,72,7717
139584,139584,1130574,fog_cardinal,2019-06-10T22:04:19.000Z,i am the one.find me.,255,499,2488
139885,139885,1124746,XtremeRealityCheck,2019-06-05T23:04:25.000Z,,875,1,95
140173,140173,1059876,jph24,2019-03-22T14:57:21.000Z,,34,8,153
140569,140569,1008736,LilyDawn,2019-03-03T05:51:54.000Z,it's easier to fool people than to convince them that they have been fooled.,281,581,2971
140732,140732,1120528,heavilyarmedclown,2019-05-31T03:57:21.000Z,,57,25,163
141172,141172,107446,grego,2016-12-07T02:23:40.000Z,home sweet home.#qanon@praying-medic@sharylattkisson,4986,143,3970
141173,141173,1068728,NoFuture68,2019-03-31T12:38:28.000Z,,5,3,308
141680,141680,1150330,CrystalWind,2019-07-03T19:37:36.000Z,,20,14,14782
141704,141704,1067382,audanwill,2019-03-29T16:24:49.000Z,,40,15,414
141956,141956,113673,razed,2016-12-09T22:42:18.000Z,mainly here for news and the occasional discussion. #gabfam,114,102,204
142021,142021,1031564,Steinsburg,2019-03-11T02:34:54.000Z,,195,93,3693
142062,142062,1185706,peristeris,2019-07-14T20:22:47.607Z,,58,29,1095
142312,142312,1067198,anthonylarme,2019-03-29T11:51:15.000Z,"no to mandatory vaccines, no to immunity passports, and no to masks/lockdowns/censorship/police-state! the great awakening to abolishing globalist tyranny rather than the great reset!",17,27,9309
142404,142404,1057528,Truthisawesome,2019-03-20T18:56:14.000Z,"anti-marxist, pro-animal-rights, factory farming is just as perverted as child prostitution. if you're going to eat animals you should hunt your own or just go vegan. many of our ancestors were strict vegetarians.challenge-me.our bitchute channel is banned in half the world - rumble channel -",351,309,15915
142862,142862,1078611,JournalistEW,2019-04-12T16:21:31.000Z,"we're a journalism advocacy group, supporting all who enlighten, correct and re-educate. this profile is run by our intern jesse from",58,43,18
142967,142967,1049372,awr2,2019-03-16T06:25:19.000Z,"""let us be aware in these infant years of our beloved republic, there are those who wait to celebrate our failure. be not disheartened; this will always be so.""",26,7,2641
143481,143481,1127645,USAnon,2019-06-07T14:31:56.000Z,"we are first patriots, q's anons or us anons, a collective of digital soldier's fighting a digital warfare ""for our great nation aginst the cabal satanic group of elites! without the us the world would be a far more dark and sinister place. we are legon we can forgive but, we dont forget, expect us. were always watching, always awake, we can here you breath! wwg1wga.",1084,59,1794
143502,143502,1136453,ProfFlitwick,2019-06-17T18:47:12.000Z,,66,48,6615
143503,143503,1118319,GeorgM,2019-05-27T23:07:45.000Z,,57,1,3494
143527,143527,1111393,Akakgak,2019-05-18T14:55:16.000Z,online effluencer.reply guy. kinda troll. kinda not.,214,74,6015
143816,143816,1055319,AngryLotus,2019-03-19T07:52:29.000Z,i'm fuckin' angry!,147,23,7141
143830,143830,1093915,EnlightenedA,2019-05-04T05:55:45.000Z,"worshipper of greatest gods and goddess al-lat, al-mannat, al-uzza, zeus, venus, appollo, diana, isis, odin, ram, krishn .....my religion is to crush evil abrahmic religions and communism and i demand my freedom of religion to practice. follow me, i am better than abram, moses, jesus, mo'mad, karl marx, lenin, stalin and mao.",188,25,38561
143881,143881,107888,elzed,2016-12-07T03:34:36.000Z,a healthy distrust of elite power and executive authority or gtfo.,156,37,2974
143940,143940,1095505,Sabretooth,2019-05-05T02:45:57.000Z,,23,16,848
144169,144169,107415,TheEthicalSkeptic,2016-12-07T02:19:46.000Z,trade corporate & national infrastructure strategypostgrad systems science & engineeringus naval intelligenceceoentxethical philosophy of sciencedissident,648,2,15
144586,144586,1120865,abobakr,2019-05-31T15:15:04.000Z,,76,86,193
144635,144635,1069080,Pseudo_Nym,2019-03-31T23:31:09.000Z,"hello!i am a simple man in a world that is constantly trying to get rid of ethnically european white men. you may see a lot of content (from me) regarding that reality as i can now see it much more clearly than i could many years ago.you can find my videos on considered myself to be an evangelical christian for a time, but i'm definitely not evangelical anymore. i still generally consider myself christian, but my views have changed.",23,23,91
145423,145423,1038342,metricinthehouse,2019-03-13T00:40:53.000Z,"family, morals, freedom, truthseeker, question everything!, i like doing fun shit too !",193,146,1084
145434,145434,1013196,SimonShrimp,2019-03-04T15:36:21.000Z,friends...lend me your ears...,47,2,629
145456,145456,1030564,Qincel,2019-03-10T19:29:55.000Z,follow the white celibate rabbit #qincel,157,168,3339
145458,145458,102371,Kuros,2016-12-05T14:04:28.000Z,southern sorority sister with the spirit of 1776.,53,75,320
145647,145647,112173,GigiBowman,2016-12-08T07:18:39.000Z,business manager at uncoverdc.comjoin our gab group here:,303,55,3481
145668,145668,1087306,MinistryJesus,2019-04-26T02:15:02.000Z,"i am in school for ministry, i have a lot of websites and i am learning how to make videos right now. mainly i am always working on my relationship with jesus.",90,7,1734
146074,146074,1067070,FreeChoppahRides,2019-03-29T08:47:00.000Z,"""my pain is constant and sharp and i do not hope for a better world for anyone"" - patrick bateman i swear by my life and my love of it that i will never live for the sake of another man, nor ask another man to live for mine. - john galtpatrick bateman + ragnar danneskjold = patnar dannesmann",117,24,5541
146140,146140,103711,infowars3,2016-12-06T22:43:27.000Z,"""democracy is the worst form of government, except for all other forms tried."" - sir winston churchill",3474,9,33
146243,146243,1088503,PrayThe15DecadeRosary,2019-04-27T20:06:35.000Z,go to endtimes.video for biblical apocalyptic prophecy documentaries!,57,49,7321
146261,146261,1114869,UMADTHOBRUH,2019-05-23T06:20:36.000Z,lol teets,13,2,3139
146592,146592,1061235,redstormonline,2019-03-24T03:37:34.000Z,"christian, conservative, ginger nerd with homesteading aspirations.",142,33,5358
146972,146972,1126964,Trusty_Possum,2019-06-07T02:19:28.000Z,"trust the possum for all the news you could possibly use. the possum posts articles with sources from the left, from the right, from all around the world, and from everywhere in the usa. his opinionated snark is just a bonus.",491,25,17851
147049,147049,1115213,Isc00t2,2019-05-23T17:59:46.000Z,,614,121,18915
147100,147100,1022779,AtomKelly,2019-03-07T12:27:21.000Z,,62,70,721
147128,147128,1146938,TheClimateRealist,2019-06-29T11:04:24.000Z,"it doesn't matter how beautiful your theory is, it doesn't matter how smart you are. if it doesn't agree with experiment, it's",129,26,331
147794,147794,1139276,AmericanShieldmaiden,2019-06-21T08:46:01.000Z,#americanprowhitenetworkamericanprowhitenetwork.comgab group: it's okay to be whitegab group: pro-white activism(groups no longer moderated.),291,144,1537
147911,147911,107544,Tankster,2016-12-07T02:37:22.000Z,"""the only way to deal with an unfree world is to become so absolutely free that your very existence is an act of rebellion."" - albert camus",380,436,197
148209,148209,1143789,crabcakes111,2019-06-26T22:37:39.000Z,,66,23,1757
148266,148266,116010,techx,2016-12-10T14:28:35.000Z,"if all of the dead allied soldiers could see their countries now, they would have thrown down their weapons and fought with the germans - david irving",294,61,1572
148371,148371,1011996,generic_username,2019-03-04T04:14:56.000Z,i'm pretty much a nobody.,1993,91,1358
148731,148731,1185028,Flicked,2019-07-14T15:36:43.218Z,"curious, passionate, inquisitive, freedom loving, southern born american who loves life and enjoys meeting with like minds.",612,135,1931
148803,148803,1125961,RandomCaucasian,2019-06-06T15:11:56.000Z,let us throw off everything that hinders and the sin that so easily entangles. let us run with perseverance the race marked out for us. we were. we are. we shall be. blame it on our blood or on our destiny.,628,308,221
148879,148879,1003874,Dill95,2019-03-02T08:02:15.000Z,they want us dead,300,306,10476
148883,148883,1121375,EntropyDevs,2019-06-01T03:19:26.000Z,taking streaming to the next level,642,66,461
148897,148897,108318,Monteen,2016-12-07T05:02:53.000Z,if anyone would like to help us keep rats on the table by making a tax deductible donation. :),142,144,754
248,248,1013116,slacker24l7,2019-03-04T15:21:56.000Z,"senior software developer. expert in machine learning. studies human behavior, psychology, neuroscience. expert in natural language process and a patent in determining the level of factuality in the written word.",3,6,3585
1060,1060,1038466,Ricklap,2019-03-13T02:19:26.000Z,,190,12,11218
1211,1211,1185525,KBirgerH,2019-07-14T19:33:04.440Z,,22,29,3231
2000,2000,1132483,gregvan,2019-06-13T02:42:27.000Z,,78,21,11775
2086,2086,1095575,Superdavebeastula,2019-05-05T03:57:08.000Z,,48,103,3209
2447,2447,1088604,FRIEND_OF_GOD,2019-04-27T22:31:19.000Z,,1,0,247
2860,2860,1083262,Anon8792,2019-04-19T03:15:15.000Z,,32,7,2217
3207,3207,1133601,Douchemaster_Flex,2019-06-13T22:22:00.000Z,,1,6,16
