account_id	exact_level_found
1	0
27	5
31	3
51	2
248	0
251	2
265	0
311	4
361	0
371	0
381	0
528	0
624	0
632	0
719	2
749	2
760	0
777	2
811	0
815	0
891	0
970	2
978	0
1019	3
1153	1
1535	0
1759	0
1899	1
1983	0
2018	0
2176	2
2255	3
2427	5
2557	0
2648	0
2674	0
2710	0
2826	0
2978	2
3020	0
3099	2
3146	2
3230	1
3319	0
3477	2
3736	1
3828	4
3836	0
3997	2
4249	2
4307	2
4411	5
4519	0
4830	1
4984	0
5012	4
5029	1
5110	3
5117	2
5124	1
5196	2
5204	0
5220	2
5291	1
5477	0
5602	1
5686	0
5712	2
5980	2
6072	2
6088	1
6158	0
6194	2
6398	0
6435	1
6470	5
6495	0
6555	2
6623	0
6943	1
7106	0
7217	0
7334	0
7436	1
7449	2
7492	0
7652	0
7687	2
7876	2
8004	2
8007	0
8226	2
8337	2
8369	0
8373	0
8391	2
8448	0
8459	4
8576	5
8589	0
8605	5
8640	2
8713	3
8836	0
8998	2
9008	2
9046	0
9131	2
9145	0
9218	1
9232	0
9283	2
9290	5
9305	0
9318	0
9373	2
9379	2
9398	0
9416	0
9475	5
9479	0
9534	2
9749	3
9944	2
9972	5
10021	5
10022	0
10153	4
10381	0
10462	0
10574	1
10633	0
10735	4
10736	2
10773	0
10927	0
10935	0
10964	1
11150	0
11185	4
11205	2
11343	4
11372	2
11400	0
11460	2
11494	0
11502	0
11517	0
11539	1
11541	2
11557	2
11573	0
11722	2
11760	0
11810	1
11991	2
12003	0
12039	1
12056	1
12141	0
12192	2
12277	1
12306	0
12321	1
12407	4
12425	1
12439	5
12474	0
12611	1
12990	0
13114	0
13199	0
13580	1
13622	0
14052	0
14070	2
14117	2
14194	0
14196	0
14210	0
14211	0
14228	0
14276	2
14400	1
14431	4
14479	1
14525	0
14624	1
14661	1
14679	1
14691	2
14698	2
14703	3
14715	3
14727	2
14756	2
14816	0
14827	2
14947	0
15058	4
15078	0
15311	0
15331	1
15346	1
15632	0
15766	2
15838	0
16196	2
16327	4
16617	2
16728	3
16758	1
16762	0
16836	0
16864	2
16897	5
16901	0
16914	0
17033	0
17110	1
17121	1
17176	0
17378	3
17392	0
17477	0
17574	4
17607	3
17739	0
17745	0
17751	1
17753	0
17786	1
17834	2
17938	0
17942	0
17959	0
17983	1
18092	2
18114	1
18141	1
18179	4
18242	1
18311	4
18332	0
18347	0
18567	0
18625	2
18682	1
18688	0
18788	2
18802	0
18830	1
18842	0
18861	0
18930	0
19031	0
19135	0
19188	4
19215	0
19264	1
19335	0
19339	2
19351	0
19388	0
19429	2
19432	0
19449	0
19469	2
19472	2
19513	0
19515	0
19592	0
19613	1
19618	0
19620	1
19655	1
19657	2
19753	0
19873	0
19901	2
19959	1
20201	4
20502	1
20945	1
21034	1
21071	5
21108	2
21139	2
21144	2
21172	2
21174	0
21179	2
21188	0
21357	0
21461	0
21472	0
21519	1
21545	1
21679	2
21868	0
21880	0
21962	1
22421	0
22542	4
22782	1
22902	2
23020	1
23028	2
23048	0
23122	0
23142	0
23146	3
23163	0
23288	4
23291	3
23337	1
23554	4
23697	0
23703	0
23810	1
24068	2
24077	0
24143	0
24175	2
24205	0
24265	2
24267	1
24270	0
24299	1
24436	2
24600	2
24805	0
24835	3
24853	5
24859	1
24868	3
25032	0
25086	0
25251	2
25272	3
25419	0
25578	2
25585	0
25610	4
25647	2
25798	1
25826	2
25919	2
25964	1
25989	2
26300	1
26327	4
26391	0
26601	2
26677	0
26793	0
26876	0
26942	0
26995	4
27025	1
27265	1
27303	4
27468	0
27555	0
27584	5
27693	1
27825	1
28024	0
28083	1
28150	2
28233	4
28236	1
28444	0
28449	0
28498	1
28904	2
29351	4
29411	0
29474	0
29492	1
29549	1
29592	0
29669	1
29691	0
29808	0
29901	0
30048	1
30081	0
30088	2
30339	2
30450	0
30511	0
30602	2
30614	0
30632	0
30660	1
30755	0
30824	0
30852	0
30877	2
30885	0
30888	5
30894	0
30920	2
30968	0
30985	1
31029	2
31130	3
31194	2
31278	4
31320	2
31328	1
31511	5
31585	3
31661	4
31677	0
31690	4
31952	2
31962	0
31965	4
31984	0
32043	4
32094	2
32192	2
32347	5
32399	2
32412	0
32444	1
32469	2
32632	1
32713	1
32765	0
32860	0
32866	2
33064	0
33092	0
33135	1
33149	1
33553	5
33645	2
33651	2
33676	2
33750	1
33846	2
33856	2
33919	0
34008	1
34102	0
34385	5
34496	5
34582	4
34749	1
35211	4
35332	3
35363	2
35422	1
35454	0
35472	2
35485	2
35577	0
35710	1
35792	0
35907	1
35923	2
35976	2
36080	0
36136	0
36224	1
36320	1
36361	0
36448	4
36534	0
36630	0
36647	2
36663	2
36721	0
36746	0
36870	2
36900	3
36943	2
36972	1
37002	4
37032	2
37034	2
37061	0
37196	2
37422	0
37443	1
37496	0
37500	5
37585	4
37627	2
37629	2
37689	2
37802	0
37814	5
37992	2
38004	0
38146	2
38181	0
38289	0
38331	1
38413	1
38548	1
38549	0
38602	4
38630	1
38669	0
38876	3
38987	4
39098	0
39111	4
39120	1
39121	0
39187	0
39197	2
39330	2
39350	0
39458	2
39459	2
39577	2
39653	2
39668	2
39929	0
39943	2
40003	2
40032	0
40153	5
40224	0
40253	2
40322	0
40662	1
40730	0
40781	5
40837	0
40839	2
40955	0
40963	0
41007	2
41062	2
41112	0
41193	0
41304	2
41352	2
41432	0
41438	0
41491	0
41565	0
41747	0
41840	2
42004	2
42015	0
42035	0
42188	0
42196	5
42287	1
42297	5
42398	4
42552	2
42607	4
42610	0
42683	1
43082	1
43189	1
43408	2
43432	1
43654	2
43665	3
43861	2
43891	4
44088	4
44165	4
44238	1
44282	1
44311	0
44362	1
44559	0
44728	5
44820	3
44829	2
44857	1
44860	0
44923	1
44953	2
44986	0
45018	0
45164	2
45170	2
45209	5
45378	2
45517	0
45589	4
45624	0
45764	2
45796	2
45917	0
45966	2
45968	0
45969	2
46026	0
46094	5
46097	2
46410	5
46571	0
46574	0
46644	0
46679	1
46708	0
46831	0
46925	2
46972	0
46973	4
47022	2
47032	4
47075	0
47129	1
47170	0
47421	1
47436	2
47446	0
47664	1
47731	4
48017	1
48043	0
48067	2
48148	2
48262	0
48379	0
48469	2
49605	2
49767	4
49782	0
49871	2
50472	5
50547	0
50784	2
51266	0
51726	2
51796	4
51911	2
52203	1
52357	0
52467	0
52479	0
52495	5
52529	1
52837	0
52839	2
52849	0
53011	0
53287	2
53295	0
53444	0
53557	2
53609	5
53652	0
54211	1
54227	2
54251	1
54289	0
54374	0
54777	1
55236	0
55280	0
55290	0
55336	2
55440	4
55457	0
55517	4
55633	0
55668	2
55710	2
55915	2
56106	2
56108	2
56195	4
56210	2
56239	0
56280	2
56285	2
56292	1
56317	0
56338	0
56578	1
56617	0
56704	0
56708	1
56736	2
56785	0
56800	0
56817	2
56851	0
56877	4
56932	2
56951	0
57001	0
57065	2
57092	1
57113	0
57118	1
57202	1
57213	2
57215	1
57231	0
57238	5
57241	1
57249	2
57259	2
57419	0
57437	2
57450	0
57472	0
57725	0
57764	0
57826	0
57898	2
57923	0
58036	2
58067	2
58237	0
58306	2
58386	0
58411	2
58464	1
58481	2
58498	2
58503	2
58601	5
58623	2
58664	4
58683	0
58972	3
59104	2
59189	0
59250	0
59272	2
59318	0
59394	2
59463	5
59639	2
59692	2
59824	0
59897	0
59898	1
59906	0
59917	1
60042	5
60069	2
60143	1
60206	2
60259	0
60327	1
60367	1
60499	2
60516	1
60638	0
60654	3
60832	0
60881	0
60911	0
61024	0
61121	4
61129	2
61133	2
61251	1
61268	2
61279	4
61493	2
61519	1
61600	2
61646	2
61699	0
61747	2
61754	1
61772	0
61787	0
61801	2
61876	0
61967	1
62014	2
62266	2
62352	0
62408	1
62449	0
62629	3
62790	0
62819	0
62860	2
62867	5
62900	2
62921	1
62934	4
63126	5
63238	0
63283	2
63290	1
63295	2
63334	0
63434	0
63443	2
63468	0
63489	1
63539	2
63562	0
63594	1
63650	2
63782	5
63843	2
63857	0
64165	0
64222	2
64226	0
64236	0
64287	0
64313	2
64387	2
64390	2
64420	0
64463	1
64470	2
64499	1
64506	0
64653	2
64690	0
64821	2
64827	4
64860	2
64959	1
65047	2
65054	2
65077	2
65158	0
65278	2
65369	1
65434	2
65523	0
65827	0
66071	3
66105	1
66204	2
66224	2
66268	2
66363	1
66388	0
66399	1
66497	2
66629	0
66643	2
66649	2
66704	0
66732	2
66751	3
66768	3
66815	0
66845	2
66965	0
67046	2
67060	1
67112	2
67155	2
67217	1
67410	0
67417	1
67420	1
67478	0
67651	0
67705	2
67783	0
67793	2
68080	0
68103	2
68116	1
68127	4
68355	0
68457	0
68587	0
68657	0
68680	2
68683	0
68819	0
68870	2
68952	0
68954	2
68994	0
69076	0
69157	2
69218	4
69385	1
69531	1
69568	0
69576	4
69659	1
69855	2
69935	0
69977	4
70019	1
70086	2
70138	1
70140	0
70149	2
70161	3
70263	0
70272	1
70283	0
70347	0
70377	5
70418	5
70457	1
70495	2
70706	2
70750	3
70757	0
70818	1
70913	0
71183	1
71450	2
71461	1
71508	2
71524	3
71557	0
71956	2
71969	0
72106	2
72109	5
72148	0
72161	1
72265	1
72318	0
72338	0
72348	1
72419	2
72772	4
73015	4
73215	2
73226	5
73272	0
73555	0
73567	1
73568	0
73615	0
73672	3
73797	1
73826	2
73827	0
73981	2
74062	2
74169	3
74350	0
74375	3
74558	1
74655	2
74668	3
74698	2
74740	0
74787	0
74811	2
74893	1
74903	2
74985	1
74995	2
75025	2
75364	1
75389	2
75405	1
75514	0
75668	4
75670	1
75721	2
75775	5
75851	2
75853	2
76001	0
76092	1
76116	2
76142	2
76192	0
76226	2
76241	2
76330	2
76337	0
76341	0
76404	2
76494	2
76523	2
76559	4
76595	2
76599	2
76611	2
76778	2
76912	4
76917	2
77016	2
77068	5
77104	1
77231	0
77288	2
77337	1
77389	2
77404	4
77432	2
77475	5
77499	4
77569	1
77630	4
77647	2
77691	0
77757	0
77796	2
77864	2
77950	0
77978	2
78069	5
78080	0
78161	4
78182	1
78211	2
78314	0
78361	2
78432	2
78563	1
78572	2
78595	2
78602	0
78612	0
78631	2
78664	5
78675	0
78687	1
78707	0
78809	2
78815	3
78871	0
78977	0
79043	5
79047	2
79154	0
79194	2
79245	0
79284	2
79353	0
79422	2
79505	0
79627	0
79638	2
79660	0
79694	0
79775	0
79801	3
79825	1
79898	0
79907	2
79909	0
79921	2
80114	2
80198	0
80200	2
80285	0
80326	2
80357	0
80490	2
80524	0
80530	4
80536	0
80549	1
80583	2
80599	0
80612	2
80628	2
80712	0
80730	1
80750	1
80758	2
80812	2
80874	0
80879	2
80972	2
80985	2
81012	3
81055	0
81120	2
81197	1
81218	2
81364	0
81370	0
81456	5
81589	2
81815	2
81859	0
81934	2
82171	1
82255	2
82375	2
82427	3
82501	0
82892	2
83024	2
83158	0
83159	0
83186	2
83207	4
83286	5
83338	1
83850	0
83961	5
83964	2
84038	0
84118	1
84323	0
84353	1
84432	0
84520	2
84705	5
84823	2
84854	0
84888	2
85021	0
85219	0
85235	2
85266	5
85452	2
85642	1
85647	1
85701	2
85815	0
85847	0
85856	0
85938	4
86023	2
86152	0
86228	0
86310	0
86324	0
86357	0
86476	4
86604	2
86605	2
86645	2
86875	0
86893	0
86901	2
86988	1
87202	3
87262	2
87327	2
87533	0
87590	2
87648	4
87683	0
88060	2
88120	0
88143	1
88175	0
88184	2
88553	0
88669	0
88676	0
88733	2
88772	5
88908	1
88917	2
88942	5
88972	2
88991	0
89044	2
89106	2
89405	2
89433	3
89690	0
89781	0
89837	5
89848	2
89850	2
89851	5
89860	0
89883	1
90008	1
90027	0
90065	0
90082	0
90270	2
90370	0
90506	2
90588	2
90697	0
90818	1
90883	0
90919	0
90993	0
91338	2
91492	0
91498	1
91581	0
91602	1
91618	2
91763	1
91767	2
91784	0
91813	2
91824	2
91985	2
91989	2
92126	0
92138	0
92209	1
92280	5
92419	2
92427	0
92551	2
92671	5
92698	2
92718	2
92737	2
92771	0
93019	3
93041	2
93045	0
93160	0
93161	1
93281	2
93301	0
93311	1
93386	0
93396	0
93407	0
93609	0
93657	1
93752	0
93767	0
93805	0
93829	0
93884	0
94058	2
94150	0
94226	0
94275	0
94348	0
94434	2
94444	0
94461	2
94634	0
94957	0
95003	2
95048	2
95233	1
95264	0
95301	0
95332	4
95370	5
95397	1
95421	2
95454	0
95504	2
95557	0
95562	0
95578	3
95687	2
95763	3
95787	0
95925	0
96194	0
96327	1
96335	0
96349	0
96392	2
96659	0
96788	2
96825	2
96826	2
96895	0
96949	0
96996	2
97029	1
97173	4
97210	1
97238	2
97299	2
97405	2
97517	0
97684	2
97787	2
97797	5
97803	2
97891	0
98146	3
98169	2
98272	2
98279	0
98305	2
98322	0
98391	2
98595	2
98765	0
99027	0
99092	2
99181	0
99214	0
99268	1
99396	5
99434	1
99482	5
99583	2
99665	1
99763	4
99887	2
99922	2
100025	2
100389	2
100429	1
100447	0
100632	5
100746	2
100767	2
100802	0
100820	0
100917	4
101026	5
101038	2
101166	1
101243	3
101274	2
101334	2
101571	2
101633	4
101638	0
101857	5
101862	2
101928	4
102015	2
102123	2
102253	4
102358	0
102371	1
102404	2
102425	1
102462	2
102471	5
102592	0
102662	2
102679	1
102684	0
102813	2
102940	1
103034	2
103070	1
103202	2
103248	2
103609	1
103711	0
103746	0
103770	2
104203	0
104315	0
104402	4
104423	2
104433	0
104448	0
104529	2
104539	0
104878	2
104926	0
104971	5
105011	4
105016	0
105871	5
105874	0
105936	1
106215	4
106237	2
106573	2
106644	0
106692	0
106854	0
106909	1
106991	2
107048	1
107103	0
107110	0
107125	2
107219	0
107387	1
107415	0
107446	0
107463	0
107472	2
107544	0
107568	2
107581	1
107680	2
107764	1
107776	0
107888	4
107966	0
108061	2
108121	0
108161	5
108213	3
108318	0
108734	0
108979	2
108989	2
108992	2
109084	0
109282	0
109322	5
109572	0
109595	2
109648	3
109665	2
109679	1
109683	0
109965	0
110030	2
110116	3
110198	0
110236	1
110256	2
110391	0
110439	1
110520	0
110522	4
110537	0
110626	1
110707	3
111021	0
111032	0
111033	1
111176	2
111246	2
111325	0
111412	2
111530	0
111589	2
111639	1
111799	0
112130	0
112173	2
112196	1
112220	0
112235	2
112265	1
112330	0
112564	2
112781	0
112876	2
113113	2
113126	0
113146	2
113170	3
113257	0
113461	2
113471	2
113550	1
113648	0
113673	1
113850	2
113858	0
114126	2
114252	1
114418	0
114479	1
114510	0
114672	0
114673	2
114744	2
114812	2
114818	0
114930	0
114977	2
114991	4
115003	0
115040	2
115170	0
115278	2
115585	0
115601	4
115644	1
115920	3
115940	0
116010	0
116296	0
116412	0
116434	2
116636	1
116665	3
116690	0
116700	2
116762	1
116852	0
117051	5
117129	2
117198	2
117253	2
117339	1
117416	2
117683	1
117702	0
117798	0
117846	4
117983	3
118057	1
118106	0
118240	3
118249	0
118311	1
118351	2
118443	4
118534	1
118650	2
118704	0
118829	0
119142	0
119338	0
119453	0
119554	4
119555	2
119600	0
119643	0
119681	5
119934	4
120046	1
120105	0
120183	2
120220	5
120226	2
120393	0
120414	4
120418	0
120461	0
120587	0
120731	2
120814	0
120872	1
120886	4
120906	0
121001	0
121013	4
121075	2
121196	4
121204	0
121213	2
121352	1
121395	2
121464	0
121466	0
121491	0
122053	2
122105	1
122168	4
122293	1
122402	2
122443	4
122502	0
122614	4
122684	0
122702	2
122745	0
122812	2
122852	0
122860	1
122870	1
122884	5
122889	0
122914	4
122922	2
122965	0
123006	1
123093	1
123143	2
123188	3
123405	2
123617	2
123636	2
123647	0
123696	2
123705	2
123725	0
123931	0
123933	2
124135	1
124145	2
124201	0
124210	4
124291	0
124314	5
124320	0
124347	2
124369	0
124386	0
124431	0
124482	2
124571	2
124621	0
124649	0
125015	5
125035	0
125113	0
125149	2
125180	2
125292	2
125457	3
125478	0
125647	1
125648	4
125676	2
125811	2
125854	4
125886	2
126000	2
126004	2
126025	5
126080	1
126158	0
126206	2
126223	3
126367	4
126411	0
126493	0
126517	5
126548	1
126654	2
126687	2
126886	1
126961	0
127147	0
127149	2
127389	0
127520	1
127586	0
127708	2
127811	0
127828	2
128012	2
128057	3
128060	5
128109	2
128215	1
128317	2
128370	2
128543	3
128564	0
128616	0
128855	0
128982	2
129070	0
129084	0
129296	0
129316	0
129326	0
129368	0
129441	2
129498	1
129800	3
129857	0
130032	0
130081	0
130275	2
130309	2
130336	2
130701	0
130723	5
130756	1
130785	5
130789	0
130794	0
130807	2
130868	4
130883	0
130900	1
130904	2
131059	0
131125	0
131165	5
131350	0
131426	0
131436	1
131467	5
131584	0
131605	0
131715	2
131737	5
131787	0
131818	3
131939	2
131974	2
132121	2
132217	2
132454	0
132807	2
132823	0
132847	2
133026	2
133313	0
133334	2
133351	0
133472	2
133473	3
133826	2
133835	3
133852	3
133915	1
133928	1
134094	5
134112	3
134134	5
134142	0
134164	0
134171	2
134178	2
134425	2
134467	0
134673	0
134690	0
134751	0
134798	0
134911	2
135028	0
135048	2
135067	2
135139	4
135555	0
135839	0
136089	1
136573	2
136653	2
136723	4
137321	4
137758	2
137803	2
137807	4
138041	0
138200	2
138243	0
138277	0
138337	2
138361	1
138411	0
138498	4
138599	0
138710	0
138813	2
138824	5
138845	4
138920	0
138940	2
139152	4
139253	4
139365	1
139409	1
139433	0
139541	0
139967	0
140103	2
140148	4
140166	2
140321	2
140332	2
140414	2
140707	4
140791	1
141008	2
141077	4
141116	2
141395	1
141548	0
141592	2
141945	4
142059	5
142281	2
142304	2
142351	2
142385	0
142410	2
142438	2
142612	4
142770	4
142781	0
142859	0
142873	0
142887	0
143238	1
143259	0
143261	2
143275	0
143436	2
143543	1
143590	0
143591	0
143747	0
143764	4
143782	2
143875	4
144196	2
144225	0
144233	0
144301	0
144520	1
144575	5
144621	0
144805	2
144851	2
144967	1
145100	1
145213	2
145269	0
145364	0
145379	5
145465	0
145467	5
145537	0
145556	0
145913	1
145927	0
145956	0
145964	0
145966	2
146048	2
146119	2
146228	0
146446	0
146466	0
146529	1
146569	2
146604	1
146672	0
146923	0
146939	0
146941	0
147002	1
147006	1
147083	4
147214	4
147232	0
147469	0
147483	2
147502	1
147549	0
147585	0
147649	4
147700	0
147826	2
148039	0
148128	0
148288	0
148297	2
148475	1
148502	2
148561	2
148882	1
148932	5
148953	2
149075	0
149139	2
149145	0
149295	0
149302	0
149311	2
149356	0
149467	5
149575	0
149576	0
149644	2
149658	2
149720	2
149742	5
149790	0
149808	3
149834	5
150242	2
150298	1
150322	2
150393	1
150403	0
150449	1
150517	0
150576	2
150731	0
150746	2
150763	0
150791	1
150908	0
150961	0
151232	0
151342	4
151343	1
151474	0
151544	2
151618	0
151674	0
151732	5
151799	0
151800	0
151838	1
152000	1
152164	4
152180	0
152198	1
152241	0
152302	5
152365	4
152444	0
152520	2
152646	1
152655	1
152752	5
152798	0
152909	2
152985	2
152995	2
153069	2
153134	0
153443	4
153485	2
153812	0
153927	2
153930	0
153967	1
154004	1
154154	1
154166	5
154287	1
154371	4
154389	5
154392	0
154541	2
154549	1
154566	2
154731	4
154801	1
154941	0
154984	0
155042	2
155103	2
155411	4
155489	1
155553	4
155731	4
155810	2
155871	0
156059	4
156098	1
156115	0
156259	2
156398	2
156573	2
156638	1
156815	1
156872	4
156962	2
157149	0
157282	0
157313	0
157399	4
157412	2
157528	3
157568	2
157601	3
157993	4
158328	3
158398	4
158562	0
158683	0
158863	0
158969	0
159165	0
159272	2
159360	0
159464	0
159486	0
159546	2
159566	0
159839	2
159922	2
159935	2
160131	2
160237	2
160294	0
160348	5
160446	3
160845	2
161030	2
161078	2
161241	2
161396	0
161426	5
161593	0
161598	2
161711	2
161744	5
161810	2
162120	0
162215	0
162273	2
162295	1
162303	0
162333	4
162376	2
162382	0
162423	2
162527	0
162570	1
162851	5
162896	0
162977	2
163236	0
163378	0
163519	0
163534	0
163638	0
163669	0
163759	2
163916	0
163925	2
164182	0
164215	5
164306	0
164318	1
164431	4
164499	5
164557	2
164592	2
164663	1
164686	1
164693	2
164727	2
164834	1
164944	0
165027	2
165038	3
165109	0
165149	2
165181	2
165208	0
165267	2
165375	1
165423	2
165511	1
165666	1
165746	2
165934	0
166071	2
166147	0
166364	2
166370	3
166492	0
166515	2
166677	0
166707	0
166721	0
166829	0
167009	5
167043	2
167098	5
167118	2
167144	2
167175	1
167263	0
167303	2
167427	2
167631	2
167698	0
167883	0
167973	1
168031	2
168057	0
168119	3
168183	0
168272	0
168405	2
168430	1
168432	0
168529	4
168582	2
168620	1
168678	2
168782	5
168822	1
168897	2
168909	2
169194	1
169200	2
169235	2
169265	2
169359	0
169561	2
169618	1
169887	0
169891	0
169935	0
169952	0
170007	5
170056	0
170142	2
170333	2
170398	1
170560	2
170634	0
170716	5
170740	1
170751	4
170800	1
170814	0
171039	0
171141	1
171255	0
171325	0
171429	5
171491	5
171568	4
171678	0
171682	2
171695	3
171733	0
171926	2
172120	4
172260	0
172331	0
172437	0
172505	1
172594	5
172664	1
172678	4
172697	1
172760	5
173053	0
173083	2
173127	0
173172	2
173652	1
173901	0
174051	2
174300	5
174936	0
175060	0
175125	0
175159	0
175783	0
175800	0
175864	2
175967	1
175974	0
176014	0
176298	0
176414	1
176459	1
176562	0
176839	4
176870	2
177045	2
177074	2
177622	5
177985	2
178157	4
178217	0
178386	0
178764	2
179029	2
179159	1
179441	2
179507	1
179561	0
179722	2
179737	4
179788	3
179873	2
180007	3
180237	2
180555	0
180593	2
180607	2
180632	1
180745	0
180804	1
180873	2
181053	5
181195	1
181536	2
181565	0
181804	0
181806	2
181853	1
181882	0
182064	0
182109	2
182150	2
182169	2
182374	2
182390	1
182437	4
182481	2
182761	0
183128	0
183208	0
183546	0
183633	4
183721	0
184023	2
184203	0
184479	1
184537	0
184766	0
185113	2
185143	0
185312	1
185341	0
185679	2
185785	1
186356	4
186577	2
186769	0
186801	2
186980	0
188642	2
188706	3
188742	4
188784	5
189219	2
189399	0
189450	5
189552	0
189581	2
189617	0
189886	0
190201	2
190528	2
190814	5
190823	2
190862	2
191104	2
191154	0
191270	0
191387	2
191477	0
191671	0
192076	0
192287	0
192464	2
192873	0
192901	1
192919	0
192938	2
193048	0
193185	2
193201	5
193380	2
193392	0
193421	2
193521	2
193533	2
193598	5
193632	4
193650	2
193692	2
193762	2
193785	2
193870	0
194026	4
194260	2
194267	0
194343	4
194397	2
194527	0
194719	0
194827	2
194857	0
194891	1
194996	2
195174	0
195328	2
195545	5
195639	1
195652	0
196087	2
196177	2
196457	0
196681	2
196752	2
196870	2
196911	2
196916	4
196953	1
197037	2
197053	2
197082	0
197592	2
197695	2
197742	0
197778	0
197879	0
198036	1
198055	2
198145	2
198151	4
198163	2
198306	3
198394	2
198544	3
198557	0
198742	2
198752	1
198765	1
199057	0
199067	5
199074	2
199229	2
199269	1
199481	0
199506	3
199552	0
199618	2
199813	1
199991	1
200000	1
200040	0
200076	1
200324	0
200478	0
200503	0
200539	2
200548	0
200575	0
200684	0
200791	1
201008	0
201385	3
201470	2
201519	2
201719	3
201978	0
202136	5
202288	2
202305	1
202421	2
202719	1
202865	4
202984	0
203024	1
203139	2
203163	3
203475	1
203564	1
203914	2
203986	0
204420	0
204608	1
204774	4
204817	2
205016	3
205151	0
205169	1
205304	3
205428	0
205448	0
205627	0
206269	0
206642	0
206666	0
206924	2
206980	0
207194	2
207229	2
207245	0
207443	0
207581	1
207809	1
207829	1
207840	0
207914	2
208017	0
208267	0
208290	2
208299	0
208361	2
208482	1
208515	1
208577	0
208620	0
208896	0
208936	2
208998	3
209070	2
209275	0
209328	2
209365	4
209367	4
209494	0
209539	0
209556	5
209740	2
209747	1
210181	0
210198	4
210274	2
210400	0
210550	4
210595	2
211203	0
211482	1
211642	0
211673	1
211748	2
211917	2
211967	1
212088	3
212217	0
212548	0
212667	5
212668	2
212773	0
213098	0
213200	1
213326	2
213351	2
213390	5
213402	2
213883	2
213910	2
214399	0
214464	0
214783	2
214796	0
214887	2
214911	0
215041	2
215176	0
215216	0
215350	2
215596	0
215667	0
215806	0
215932	0
215999	5
216137	2
216160	0
216260	0
216382	3
216475	2
216676	2
217116	5
217150	1
217444	1
217496	2
217565	1
217648	2
217658	0
217884	5
217965	4
218067	1
218142	0
218673	4
219001	0
219005	3
219599	2
219985	2
220019	2
220107	2
220187	2
220294	0
220334	0
220387	2
220564	0
220648	2
220666	2
220707	2
221035	0
221074	0
221101	2
221109	5
221121	0
221135	2
221146	4
221190	0
221802	2
221936	2
222189	2
222209	0
222235	2
222280	3
222481	5
222860	2
223091	2
223332	2
223356	1
223481	1
223822	0
223906	2
223975	5
224113	0
224561	0
224623	4
224913	1
224945	2
225203	0
225452	1
225480	0
225687	1
225708	0
225767	1
225998	2
226022	2
226062	0
226132	0
226634	2
226777	0
226809	2
227278	4
227457	0
227488	2
227658	2
227677	1
227890	0
228086	5
228121	2
228215	0
228451	0
228992	1
229128	2
229283	2
229317	2
229406	5
229621	2
229646	2
229698	0
229865	0
229989	0
230062	0
230071	0
230163	5
230251	1
230296	0
230410	1
230424	2
230435	2
230617	0
230629	0
230787	5
231193	0
231472	2
231715	0
231752	0
231994	1
232020	2
232147	3
232387	2
232430	1
232871	2
232952	3
233064	0
233106	0
233240	5
233387	0
233671	3
233854	0
233982	4
233997	2
234003	1
234013	0
234022	0
234449	4
234546	4
234574	2
234927	0
234963	0
234971	0
235184	2
235570	2
235594	2
235893	2
236058	2
236091	0
236256	0
236427	0
236750	0
236853	0
237517	3
237671	0
238426	0
238485	2
238679	0
238816	2
238903	0
239222	1
239719	0
239901	3
239980	0
240227	4
240339	0
240776	0
240972	0
241087	0
241117	0
241231	2
241295	5
241309	0
241372	0
241467	0
241575	0
241881	5
241893	5
241939	1
242334	2
242518	2
242588	4
242683	2
242904	1
242912	2
242922	0
243319	1
243678	5
243745	0
244139	1
244580	0
244682	1
244792	0
244829	2
245008	2
245043	2
245264	2
245428	1
245554	0
245684	0
245784	0
246236	0
246296	2
246316	2
246426	0
246574	2
246687	0
246833	2
246946	4
247017	0
247222	2
247448	0
247759	0
248141	1
248346	0
248357	0
248479	1
248697	0
248704	3
249160	0
249303	2
249331	0
249786	2
249938	3
249987	0
250125	0
250243	2
250286	1
250415	0
250432	3
250462	1
250567	0
250694	0
251014	0
251090	0
251242	1
251250	0
251253	2
251463	0
251841	1
251852	2
252013	1
252592	0
252666	0
252832	1
252880	0
253136	2
253253	0
253310	0
253793	5
253938	2
254443	3
254975	2
254983	5
255281	0
255486	2
255562	0
255716	0
255755	0
255829	1
255987	1
256252	1
256267	2
256318	1
256327	0
256510	4
256640	0
256745	3
257272	1
257491	2
257777	0
258024	1
258337	0
258526	1
258572	0
258765	0
258790	1
259118	0
259121	0
259198	0
259804	2
260321	5
260373	4
260389	1
260582	1
260604	1
260685	0
260700	0
260758	0
260907	2
260908	0
261019	1
261288	2
261400	1
261424	0
261445	4
261559	5
261602	2
261648	5
261802	0
262032	3
262071	2
262243	2
262322	2
262661	3
263042	0
263666	0
263834	4
263838	5
264121	2
264514	1
265195	0
265216	2
265373	5
265447	0
265538	0
265804	1
266121	2
266133	2
266415	0
266466	2
266490	2
266544	2
266659	5
266809	5
267162	1
267479	0
267514	4
267771	0
267941	0
267950	5
268407	2
268456	1
268885	2
269412	0
269606	1
269737	1
269741	1
269895	3
270258	0
270650	5
270749	0
270900	2
270942	0
271007	4
271128	2
271154	1
271312	2
271551	2
271557	0
271828	4
271829	0
272388	2
272541	4
272846	2
273106	0
273324	0
273469	0
273551	2
273596	1
273685	4
273916	2
274084	0
274544	0
274647	1
275307	0
275513	5
275774	0
275817	4
275900	2
275903	2
275939	5
276355	0
276551	0
276565	2
276718	0
276747	1
276979	1
277327	2
277369	5
277373	2
277640	2
277707	1
277760	1
277853	2
277856	2
278109	0
278148	0
278406	0
279039	2
279305	0
279586	0
279652	0
279932	4
280158	0
280194	0
280562	2
280571	5
280660	4
280764	2
281240	2
281858	2
282065	4
282141	0
282346	5
282403	1
282499	0
282599	0
283137	4
283161	0
283252	2
283310	0
283354	1
283416	2
283435	1
283668	1
283847	5
283856	3
283868	2
284079	2
284130	2
284213	0
284249	2
284300	2
284921	3
285012	0
285912	2
285952	0
286013	0
286238	0
286458	2
286535	0
286664	2
286936	0
287203	2
287284	5
287314	1
287350	1
287619	0
287735	0
288423	2
288483	2
288544	2
288779	1
288796	1
289019	0
289397	1
289454	2
289476	0
289668	2
289782	0
290220	2
290226	2
290261	2
290384	2
290575	2
290877	0
291026	0
291062	3
291171	2
291429	5
291460	1
291469	0
292749	2
292886	0
293080	1
293540	1
293558	0
293798	2
293813	0
293846	3
293971	0
294030	5
294553	4
294608	2
294763	0
294812	3
295005	3
295202	0
295400	2
295412	2
295437	4
295794	2
295994	2
296294	0
296302	0
296384	4
296464	0
296795	5
296921	1
297127	1
297194	2
297239	2
297361	0
297534	0
297553	1
297573	2
297734	1
297979	2
298207	0
298353	0
298608	2
298663	2
298695	1
299263	1
299300	2
299410	1
299512	2
299732	1
300395	0
300558	2
300607	0
300612	0
301738	2
301752	5
301968	0
302255	0
302614	0
302661	5
302679	2
302903	0
302936	4
302944	0
302954	0
302961	4
303118	2
303216	2
303378	2
303428	2
303430	0
303491	0
303799	2
303884	0
303976	0
304410	4
304466	0
304549	1
304651	1
304696	2
304747	0
304858	1
304913	0
305078	1
305224	0
305501	2
305524	2
305590	0
305716	0
305828	0
305830	0
305860	2
306090	0
306296	0
306377	2
306846	2
306928	2
306977	4
307096	1
307107	4
307204	4
307324	2
307343	0
307357	2
307428	0
307451	2
307464	4
307516	0
307672	0
307715	2
307835	2
307926	2
307939	2
307989	2
308167	1
308717	0
308740	4
308975	0
309079	2
309168	0
309227	2
309259	3
309306	2
309340	0
309489	0
309535	2
309939	3
309979	0
310023	0
310084	0
310124	1
310236	0
310248	3
310258	0
310414	1
310547	2
310650	1
310655	0
310725	0
310729	2
310791	2
310862	1
310891	2
310932	2
311402	2
311589	1
311882	1
311962	0
311994	0
312090	1
312132	0
312157	0
312243	2
312245	1
312266	0
312445	0
312492	2
312511	4
312594	2
312650	2
312769	1
312804	2
312987	2
312996	0
313008	3
313039	0
313044	2
313204	2
313212	2
313457	0
313593	0
313841	2
313958	3
313962	2
314308	4
314352	0
314429	2
314557	1
314668	2
314689	1
315196	2
315543	0
315696	0
315838	2
315999	0
316018	2
316049	2
316113	0
316756	1
317072	0
317465	0
317668	0
317730	2
317996	0
319452	2
319596	2
319666	1
320054	5
320128	1
320174	0
320489	1
320562	5
320766	2
321019	2
321052	0
321126	3
321153	0
321184	2
321212	1
321440	2
321485	0
321627	4
321762	2
321865	4
321872	0
321876	0
321908	0
322021	0
322098	5
322208	2
322224	2
322279	2
322450	1
322498	0
322512	4
322550	0
322587	2
322605	3
322659	2
322800	2
322868	2
322877	2
322942	0
322959	5
322975	1
323035	3
323038	0
323094	2
323122	4
323247	0
323294	1
323303	2
323389	2
323443	2
323499	0
323571	2
323720	0
323969	2
324028	2
324206	1
324306	1
324455	2
324479	0
324486	2
324511	4
324569	3
324608	3
324660	4
324762	2
324884	1
324902	1
325056	1
325181	0
325224	0
325320	0
325425	4
325539	0
325553	2
325614	0
325707	1
325857	5
325917	3
326187	2
326194	3
326239	1
327158	2
327427	2
328215	2
328455	5
328781	0
328834	0
329007	2
329200	0
329215	1
329301	3
329375	2
329383	2
329461	0
329534	5
329692	1
329779	0
329909	0
330238	0
330325	0
330528	1
330556	2
330646	2
330717	2
330906	1
331007	5
331263	0
331364	0
331392	0
331487	0
331515	2
332025	5
332101	4
332296	1
332426	1
332463	0
332898	1
333017	5
333271	2
333433	2
333440	0
333569	4
333710	1
333841	1
333981	2
334054	1
334081	2
334402	5
334693	2
334732	4
334758	0
334833	2
334939	1
335125	2
335263	0
335363	1
335446	0
335591	2
335630	0
335862	2
335996	0
336012	2
336082	1
336168	2
336437	1
336550	0
336620	2
336919	0
337076	2
337257	0
337525	1
338310	2
338380	0
338528	0
338569	2
338573	0
338619	4
339108	2
339142	4
339223	0
339495	5
339572	5
339891	0
340206	2
340629	2
341248	1
341500	4
341580	0
341719	4
341756	4
341828	0
341899	2
342105	1
342119	2
342120	2
342230	2
342287	2
342349	0
342391	0
342400	1
342683	0
342719	2
342730	2
342779	1
342896	5
342908	2
342915	0
343005	2
343187	1
343326	4
343330	1
343553	0
343564	5
343636	2
343844	1
343852	0
343861	2
343883	1
343909	0
343934	4
344145	0
344334	0
344572	0
344601	0
344643	2
344701	0
344852	0
344989	0
345212	1
345230	3
345259	2
345557	4
345892	0
345996	2
346044	0
346341	2
346580	0
347058	2
347059	0
347191	2
347272	3
347297	2
347346	2
347674	1
347817	4
347957	2
348158	0
348179	0
348307	4
348385	2
348548	2
348555	0
348561	2
348714	1
348724	3
348928	2
349136	1
349157	0
349384	0
349399	2
349492	3
349657	1
349685	0
349857	4
349865	1
349971	1
350031	1
350068	0
350105	2
350159	2
350179	2
350232	0
350330	0
350428	1
350441	2
350623	1
350704	0
350895	0
350912	2
351134	2
351439	0
351499	0
351679	0
351722	5
351969	2
351973	5
352079	5
352095	2
352250	1
352645	0
352807	2
353154	1
353168	0
353169	2
353218	2
353228	2
353285	0
353404	4
353507	2
353574	1
353595	2
353632	1
353653	1
353680	1
354072	0
354086	2
354110	2
354233	0
354772	2
354886	1
355194	2
355338	4
355407	1
355415	2
355717	2
355925	0
356312	0
356867	1
356959	0
356998	0
357002	0
357643	0
357653	0
357713	0
357847	0
358214	2
358222	4
358282	0
358569	1
358666	1
358734	2
358892	1
358918	1
358954	4
359012	1
359231	2
359233	0
359799	0
360096	2
360680	1
360708	2
360980	1
361279	1
361314	0
361740	2
361914	2
362332	1
362645	0
362964	2
363014	0
363147	0
363369	2
363663	2
364153	5
364235	0
364752	5
364865	0
365027	0
365196	0
365243	0
365394	0
365576	2
365956	0
366001	2
366229	5
366320	2
366323	1
366454	0
366488	0
366735	1
366867	2
366892	4
367114	1
367230	2
367263	2
367369	2
367418	0
367445	0
367733	2
367843	1
368003	5
368229	2
368546	2
368556	4
368609	0
368671	0
368801	1
368845	0
368981	1
369166	4
369192	0
369304	2
369678	2
369801	0
369893	0
369901	2
370120	0
370136	0
370442	2
370866	0
370982	0
370996	2
370998	0
371016	0
371130	0
371272	3
371278	1
371437	0
371894	0
372257	5
372360	2
372578	0
372768	1
372797	0
372813	2
373088	0
373119	2
373140	0
373250	1
373297	2
373330	4
373403	5
373404	2
373405	3
373627	0
373685	0
373867	2
373973	4
374236	1
374581	2
374810	0
375006	0
375425	2
375720	3
376229	0
376276	1
376536	0
376805	2
377094	0
377195	0
377497	2
377522	0
377590	3
377598	0
377675	4
377770	0
377933	0
377985	2
378055	4
378494	1
378508	2
378784	2
378829	0
379140	2
379146	2
379252	2
379312	4
379322	0
379375	0
379589	1
379597	0
379632	1
379678	0
379700	2
379705	2
379766	5
379861	2
379910	0
380074	2
380202	4
380353	2
380495	0
380953	1
380963	0
380965	0
381077	0
381114	2
381181	0
381228	2
381264	2
381384	0
381435	2
381536	0
381730	2
382010	2
382402	1
382406	0
382611	4
382647	2
382740	5
382789	3
382799	1
382956	1
383003	5
383049	2
383056	1
383071	5
383086	2
383158	2
383262	0
383462	0
383552	0
383613	2
383614	5
383650	1
383651	2
383679	1
383804	0
383883	2
384109	2
384217	0
384676	0
384701	2
384780	2
384824	2
384855	0
385140	0
385162	0
385293	2
385353	5
385414	2
385440	0
385490	0
385567	4
385670	2
385699	4
385875	5
386031	5
386157	4
386334	0
386503	2
386587	1
386702	2
387120	4
387128	1
387323	0
387419	0
387700	2
387757	0
387916	1
387979	0
388307	2
388365	2
388410	3
388432	0
388601	2
389010	0
389077	2
389106	0
389152	0
389202	0
389344	0
389376	1
389386	2
389452	1
389808	2
389847	0
390029	3
390036	1
390313	0
390359	1
390409	1
390556	1
390582	2
390883	2
391050	0
391115	1
391141	0
391836	0
391857	2
391936	0
392334	2
392411	1
393059	4
393332	2
393366	0
393379	2
393383	1
393501	4
393657	2
393709	2
393880	2
393957	0
393971	2
394030	2
394070	0
394296	0
394327	0
394333	0
394353	4
394616	0
394745	2
394773	0
394793	1
394913	0
394936	0
395405	4
395472	3
395530	0
395570	2
395575	2
395600	0
395625	2
395632	2
396041	2
396145	2
396450	2
396739	0
396749	4
397023	2
397081	0
397255	1
397781	0
397997	0
398357	4
398500	1
398598	2
398613	0
398687	2
399187	0
399406	2
399556	0
400209	2
400719	0
400848	0
400873	1
400977	0
401016	2
401171	0
401331	0
401353	2
401424	0
401472	5
401478	2
401952	0
401999	0
402331	0
402364	0
402431	2
402477	2
402711	0
402910	2
402919	2
403145	5
403304	0
403309	0
403501	1
403557	2
403780	2
403854	1
403986	2
404095	2
404171	2
404280	2
404537	0
404726	1
404997	2
405002	5
405127	0
405417	0
405480	0
405669	2
405727	0
406148	0
406251	2
406611	2
406940	4
406960	0
407083	0
407405	2
407828	4
408254	2
408859	0
409064	2
409161	2
409254	4
409325	3
409449	2
409553	2
409570	0
409587	2
409699	0
409742	0
409787	2
409833	0
409876	2
410135	2
410237	0
410412	2
410456	2
410477	2
410631	0
410657	2
410690	1
410734	2
410881	1
410951	1
410973	3
410989	2
411014	0
411371	0
411494	2
411921	1
412116	0
412138	4
412148	0
412150	2
412205	2
412294	2
412394	2
412483	2
412595	2
412667	2
412727	0
412796	2
412981	1
413161	4
413196	1
413267	2
413716	0
413721	0
413759	1
413910	2
414314	1
414320	2
414409	0
414544	2
414661	0
414673	0
414730	0
414754	0
414866	2
414935	0
415226	0
415315	2
415401	0
415511	0
415797	2
415853	0
415865	2
415927	2
415937	2
415978	0
416025	4
416084	0
416306	1
416310	2
416316	2
416942	1
417050	2
417056	0
417172	2
417250	5
417468	2
417555	2
417649	3
417844	0
417878	0
417973	2
417988	0
418048	4
418049	2
418101	0
418160	2
418167	1
418644	2
418729	2
418801	2
418879	0
418887	3
419063	2
419168	0
419247	1
419312	2
419315	4
419348	0
419390	2
419434	1
419604	0
419679	2
419872	1
420308	0
420355	5
420542	2
420558	0
420624	0
420677	2
420684	1
420953	2
421139	0
421377	0
421507	4
421667	5
421720	2
421731	2
421815	5
421894	2
421906	1
422022	0
422169	0
422174	1
422209	2
422368	0
422713	2
422756	2
422821	1
422916	0
422918	2
422971	2
423109	2
423110	0
423143	3
423508	5
423750	2
424337	1
424389	1
424399	0
424466	0
424505	2
424593	0
424697	0
424948	4
425165	3
425495	2
425739	1
426524	2
426796	1
426897	2
427158	0
427361	0
427413	0
427518	1
427529	3
427554	2
427737	2
427759	0
427763	2
427895	2
428027	2
428137	5
428245	0
428250	1
428365	2
428708	0
428872	1
428977	0
429035	2
429060	2
429357	0
429444	2
429709	0
429917	1
429984	3
429986	2
430119	2
430231	2
430273	0
430319	2
430325	2
430436	0
430445	1
430491	2
430546	0
430665	0
430870	2
430995	0
431108	0
431242	0
431559	5
431609	4
431650	1
431662	2
431680	2
431706	0
431708	3
431905	2
431921	0
431935	2
432175	4
432269	4
432552	2
432571	0
432785	2
432823	1
433164	1
433279	0
433320	0
433674	0
433734	0
434039	0
434180	1
434207	0
434457	1
434499	2
434516	4
434605	3
434642	0
434657	2
434666	2
434875	1
434970	2
435015	2
435126	0
435143	2
435237	3
435306	0
435319	2
435472	2
435568	0
435696	0
435854	1
436234	0
436333	0
436614	1
436668	2
436697	2
436740	2
436982	2
437047	0
437082	0
437183	0
437264	1
437300	0
437350	3
437457	4
437504	0
437711	0
437756	0
437809	0
438007	2
438094	0
438113	2
438137	4
438184	0
438202	2
438515	1
438724	1
438875	0
439462	0
439578	2
439736	2
439783	0
439911	1
439980	2
440075	2
440443	4
440569	2
440902	0
440919	0
440986	0
441146	0
441325	4
441330	0
441379	0
441532	0
441747	3
442194	0
442408	2
442433	5
442580	2
442588	2
442599	2
442793	1
442794	5
442815	2
442818	0
442823	0
442859	0
442902	0
443239	0
443272	0
443423	2
443450	0
443688	1
443693	0
443708	0
443873	0
443900	0
444457	4
444532	3
444652	0
445426	0
445491	4
445688	2
446026	0
446097	2
446326	0
446709	2
447091	3
447742	2
447743	2
447828	0
448095	2
448097	2
448168	3
448893	0
448953	1
449138	0
449418	0
449647	2
449865	0
449867	4
449884	1
449898	0
449916	0
450001	2
450082	0
450100	0
450186	3
450563	0
450659	5
451237	1
451334	2
451794	2
452152	0
452318	0
452378	4
452393	2
452646	2
452731	2
453015	1
453143	0
453461	0
454330	0
454437	2
454858	0
455289	2
455406	0
455652	5
455853	0
456019	0
456688	0
457125	1
457321	0
457697	0
458107	1
458305	2
458316	1
458442	2
458636	0
459068	0
459071	1
459199	5
459212	2
459264	2
460535	0
461162	4
461846	0
461941	0
462002	2
462130	2
462198	4
462480	1
462649	4
462789	2
462876	2
462898	5
463161	2
463294	0
463345	0
463699	2
463734	5
464012	0
465038	2
465222	5
465248	0
465276	0
465449	0
465664	0
465990	1
466168	1
466327	0
466415	1
466540	0
466558	2
466812	4
466944	4
467079	3
467155	2
467317	2
467410	0
467635	0
467651	2
467832	2
467883	2
468618	2
468703	0
468793	2
468800	1
468919	0
468994	2
469017	1
469199	0
469300	2
469818	0
469939	0
470080	2
470474	2
471354	0
471656	0
471719	0
471978	0
472698	2
472898	2
473532	0
473577	0
473837	1
474033	0
474035	3
474202	0
474263	2
474581	3
475332	1
475447	3
475505	2
475612	4
475910	2
475957	4
476260	4
476402	2
476542	0
476596	0
476825	3
476979	2
477331	0
477478	2
477616	2
477840	4
478067	0
478492	0
478809	0
479288	4
479708	0
479795	5
479862	3
479945	0
480091	2
480175	1
480397	0
480666	2
480690	0
480691	0
481036	0
481165	1
481778	1
481817	2
482079	0
482300	2
482632	0
482702	3
482944	5
482994	0
483506	0
483718	1
483721	2
483809	2
484359	2
484485	2
484505	2
484616	1
485191	0
485459	3
485646	1
485877	2
485965	0
486062	2
486261	1
486795	4
487370	2
487417	0
487443	0
488132	2
488412	1
488475	0
488487	1
489324	4
489505	2
489532	2
489739	1
489801	1
490180	5
490206	0
490685	0
490696	0
491146	2
491348	2
491433	0
491911	0
492468	0
492504	2
492625	4
492642	1
493358	0
493585	3
494202	0
494785	0
494850	2
496897	2
497006	5
497504	0
497777	2
498453	2
498810	2
499012	1
499014	2
499042	0
499254	0
499363	5
499461	1
499616	0
499634	1
499800	1
499842	0
500131	1
500466	0
500578	2
501127	4
501429	2
501534	0
501592	2
501824	0
501967	0
502447	1
502621	0
502707	0
502711	0
502733	2
503103	0
503360	0
503578	1
503670	0
503751	2
503763	2
504000	2
505090	0
505577	0
506259	1
506744	0
506948	2
507158	1
507196	1
507837	0
508138	0
508334	2
508657	2
508715	2
508777	1
508834	0
508967	0
509111	4
509318	3
509401	1
509410	0
509411	5
509421	4
509504	0
509657	2
509731	2
509940	2
510305	2
510328	0
510606	2
510642	0
510801	2
511171	2
511246	2
511380	4
511400	5
511542	1
513175	2
513240	1
513338	0
513375	0
513491	1
513558	0
513702	5
513705	0
513854	1
513882	0
513963	0
513976	2
514046	5
514066	2
514107	2
514186	0
514377	0
514467	2
514489	2
514525	1
514528	0
514622	1
514821	0
514859	2
514949	2
514971	4
515028	3
515299	0
515373	2
515374	0
515456	2
515540	0
515632	2
515730	1
515875	2
516281	2
516513	2
516859	4
516931	0
517116	2
517209	0
517347	1
517429	1
517529	0
517615	0
517651	0
517713	2
518091	0
518218	1
518674	0
518785	5
518828	2
518829	0
519048	4
519258	1
519403	0
519814	2
520093	0
520156	1
520348	2
520590	2
520611	2
520649	0
520720	0
520779	0
520803	2
520934	2
521045	0
521494	0
521514	2
521705	4
521778	2
522073	1
522525	0
522801	0
522817	0
523804	0
524055	2
524096	2
524161	0
524285	0
524287	5
524295	2
524511	2
524597	0
524725	1
524747	0
524934	2
524938	5
525232	2
525307	2
525567	1
525633	2
525782	0
525795	1
525846	2
525944	2
525969	2
526059	2
526199	2
526298	0
526320	1
526447	2
526574	4
526682	2
526748	4
526821	2
526968	2
526970	2
527014	4
527151	4
527441	0
527451	2
528631	1
528635	2
528809	2
528846	0
528879	2
529116	4
529127	1
529338	0
529340	3
529437	2
529443	1
529452	4
529455	3
529594	2
529694	1
530250	2
530291	2
530705	2
531239	0
531249	2
531298	0
531562	0
531585	0
531604	5
531807	0
531808	3
532016	2
532293	4
532336	2
532507	5
532749	5
532761	2
532953	2
533044	1
533152	2
533251	2
533320	0
533575	0
533579	0
533759	3
533807	0
533914	2
533938	2
534540	2
534611	1
534678	0
535045	2
535496	1
535525	2
535644	0
535678	2
535686	2
535824	1
536148	0
536227	3
536368	2
536468	0
536476	2
536502	1
536724	1
536877	2
536998	1
537273	2
537462	2
537572	0
537653	2
537697	2
537775	2
538457	2
538680	0
539819	0
539860	2
540220	2
540235	2
540332	0
540533	1
540650	0
541953	2
543018	3
543130	5
543452	0
543487	1
543703	1
543723	0
543868	2
544702	0
545380	5
545679	1
546084	0
546102	0
546122	0
546193	0
547003	2
547026	2
547115	0
548325	0
548515	2
548725	0
548785	1
548863	2
548866	0
548880	4
548882	2
549074	1
549396	4
549484	0
549578	2
549740	3
550266	3
550300	3
550460	2
550511	2
550514	1
550577	0
550614	1
550803	2
550940	0
551005	2
551244	2
551305	3
551419	0
551423	0
551463	0
552247	2
552819	1
552825	2
552947	0
553193	2
554276	0
554610	0
554709	2
555578	2
555608	0
556117	0
558770	2
559125	0
559230	5
559689	1
559708	2
559836	3
560130	0
560383	0
560415	2
561119	0
562208	2
562311	2
562591	0
563334	1
563489	0
563598	2
563850	2
563968	3
564050	2
564349	0
564373	2
564424	0
564711	2
564715	2
564749	2
564848	1
564910	2
565101	0
565252	4
565400	2
565401	2
565533	0
565608	2
565748	4
566190	0
566209	0
566454	0
566619	0
566969	3
567200	2
567618	2
567643	2
567656	0
567703	0
568116	0
568747	1
568841	0
569377	4
569797	2
569920	0
569940	2
570309	2
570551	0
570624	3
570684	0
570740	0
570817	2
570910	0
571142	2
571153	1
571235	0
571541	5
572310	2
572448	2
573028	2
573226	2
573420	0
573538	2
574061	0
574915	1
574988	0
576401	1
576823	0
577079	0
577194	0
577473	0
577709	5
577728	3
577993	1
578030	2
578229	1
578824	2
578855	0
578881	1
578998	0
579000	0
579058	0
579881	3
580270	2
580279	2
580354	1
580463	4
580820	2
581028	0
581223	2
581369	0
581470	1
581744	2
582419	1
582538	2
582585	4
582644	1
582994	1
583278	1
583469	0
583477	0
583761	0
584016	3
584166	1
584185	0
584462	2
584685	2
584775	2
584854	0
584948	0
585416	2
586128	1
586373	2
586698	2
586827	0
587203	4
587341	0
587821	2
587963	5
588219	4
588252	1
588301	2
588303	0
588670	0
588696	0
589148	4
589348	0
589593	0
589682	2
589730	5
589912	2
589996	0
590059	2
590475	0
590513	5
591033	0
591048	2
591213	1
591344	1
591417	5
591423	5
591541	5
591656	2
591807	2
592083	2
592126	2
592305	0
592392	2
592667	1
592698	0
593430	2
593459	0
593521	2
593858	2
594790	2
594914	3
595190	2
595406	2
595472	2
595573	5
595606	2
595612	0
595722	2
596033	0
596202	0
596439	2
597210	0
597341	2
598127	1
599993	0
600145	1
601366	1
601544	1
602831	0
603325	2
603433	0
603434	2
603998	2
604481	0
605106	2
605458	1
605598	0
605666	0
606118	2
606133	2
606648	0
607477	2
607793	2
607882	0
608181	2
608790	1
609209	2
615328	2
616623	0
617545	0
622375	1
623091	5
623104	0
623232	1
626750	0
627306	0
629863	0
630036	1
632988	4
633192	2
634356	1
635746	0
637610	4
638558	2
639118	0
643278	2
648143	2
655872	2
656175	2
658713	5
660093	1
660644	1
661185	2
661516	0
661923	1
663343	4
664014	1
664591	0
665877	4
668774	1
669620	0
672195	0
673710	5
673877	4
674543	0
676557	5
676649	0
676686	0
677010	1
677805	0
678156	0
679168	1
679801	0
681731	0
681980	5
682493	1
682545	2
682854	0
683146	0
684433	0
684999	0
685304	1
685457	0
685966	0
685989	5
688117	0
689635	0
689865	0
690904	0
691712	0
692127	0
693122	5
693565	2
694832	0
695805	0
695928	1
695966	0
695983	0
696133	2
696658	1
697140	0
697148	5
697281	4
697751	0
700454	0
702403	2
702727	2
703531	2
704739	2
705358	1
705633	1
707705	2
708160	2
708654	0
708839	0
708969	0
709083	4
709243	0
709244	1
709406	5
710270	1
710414	2
710857	0
710918	0
711053	2
711286	0
711367	2
711413	1
711707	2
712016	2
712205	2
712335	0
712356	2
712404	0
712671	0
712754	4
713333	0
713671	0
713914	0
714019	2
714036	5
714298	2
714403	2
714761	2
715193	0
715289	1
715703	0
715708	0
715842	0
716100	2
716147	2
717295	1
717639	0
717992	1
718678	2
718737	2
718872	1
719801	0
720031	0
720571	0
720631	2
720681	0
720899	1
720998	0
721017	1
721140	0
721512	0
721859	2
722002	0
722606	0
722654	5
722839	2
723302	2
724192	0
724262	2
724351	0
724361	1
724783	1
725211	0
725621	0
725720	3
725749	5
725956	1
726018	0
726035	0
726156	1
726910	5
727060	0
727195	0
727774	2
727829	2
728111	0
728411	0
728876	5
729352	4
729519	2
729531	2
729628	1
729827	1
730119	0
730203	5
730435	0
730520	2
730916	2
731014	0
731217	1
731268	2
731382	5
731416	2
731522	1
731614	2
731723	0
731787	3
731921	2
732553	0
732823	0
732850	1
732874	1
733005	3
733096	2
733675	0
733706	0
733858	2
733908	5
733987	0
734513	2
734952	1
735196	4
735535	1
735555	0
735702	0
736183	1
736342	1
736468	2
736705	0
736986	2
737005	2
737140	2
737479	1
737558	0
738193	2
738391	2
738395	1
738444	0
738635	2
739066	5
739704	1
739838	4
740310	0
740376	2
740431	0
740589	2
741209	2
741881	2
742106	2
742153	1
742642	0
742847	5
743235	1
743520	5
746345	4
749878	1
750164	4
750456	0
750841	5
751295	1
751330	1
752134	2
752424	0
752561	0
752722	0
752781	2
753032	0
753166	2
753456	2
753694	2
753844	2
755143	0
755740	2
755759	0
756138	3
756716	2
756929	0
757792	0
758138	0
758415	2
758517	0
759318	1
759573	2
759788	0
760041	0
760306	2
760528	2
760602	2
761047	0
761173	4
761247	5
761467	2
761602	1
761852	3
761858	0
761995	2
762110	1
762826	0
763212	1
763335	4
763514	3
763591	0
763656	2
764014	0
764258	3
764269	1
764430	0
764453	1
764592	1
764677	2
764767	2
765814	2
765889	0
766296	5
766359	2
766366	0
766497	2
766519	0
766596	5
766696	0
767041	0
767058	1
767119	3
767625	0
767926	0
768175	2
768524	0
768944	2
769020	0
769210	4
769274	2
769356	0
769710	5
769797	0
769828	0
770359	1
770364	2
770418	0
770655	5
770698	0
770808	0
771062	0
771154	2
771271	0
771644	2
771853	1
771868	0
772414	5
772543	2
773050	0
773066	0
773262	0
774022	0
775102	0
775234	2
775467	2
775675	5
776287	2
776841	0
776968	0
777375	1
777384	1
778023	5
778145	2
778359	0
778524	1
778586	0
778754	0
778796	1
778835	0
779184	0
779211	1
779439	2
779872	2
780995	2
781259	1
781472	0
781960	2
781997	0
782042	2
782545	0
782733	4
782816	2
783257	0
783690	2
783743	0
784032	4
784377	0
784417	2
784863	2
784927	0
784929	4
784944	0
785279	2
785781	2
786137	1
786193	2
786807	2
786830	2
787131	2
787494	0
787832	0
788071	4
788177	3
788374	2
789269	2
789345	2
789821	4
789867	0
789950	5
790124	2
790195	1
790610	1
790694	2
790718	0
790922	0
791142	2
791248	0
791528	3
791607	2
791716	1
791906	0
792040	0
792493	1
793237	2
793515	4
794750	5
795584	2
795753	4
795800	2
796030	2
796428	1
796492	2
796627	4
796865	1
796874	2
797313	0
797377	0
797629	2
797651	2
797841	2
798483	2
799093	0
799105	0
799216	2
799227	1
799231	0
800215	2
800628	5
800688	0
800760	0
801063	2
802395	2
802954	4
802978	0
803000	2
803030	2
803090	0
803486	1
804015	1
804530	4
804608	2
804693	0
805634	0
805786	0
805863	0
805960	2
806008	1
806612	2
806614	2
806837	1
807114	2
808052	2
808541	0
809175	0
810174	4
810193	2
810215	0
810249	2
811074	2
811133	2
811139	2
811803	2
812134	2
813173	2
813492	2
813856	2
813931	1
814171	2
814977	4
815343	0
816728	0
817078	0
817399	0
819071	4
821149	0
821428	0
822052	0
822155	4
822501	0
824204	2
825077	2
825458	0
825625	1
826430	1
826588	0
826662	0
826794	4
827036	2
827310	2
828054	2
828396	4
829068	4
829773	4
830152	2
831398	2
832352	4
832475	2
832742	2
833060	1
833369	4
833712	4
834082	2
834266	2
834572	2
835421	4
836101	0
836175	1
836401	5
837389	5
837920	5
838345	2
838435	0
838470	0
838883	0
839441	2
839464	1
839848	1
840691	2
841485	3
841771	4
842015	4
842736	0
843165	2
843174	0
843715	2
844006	1
844432	0
844440	0
844656	0
844713	0
844916	1
845022	3
845071	0
845353	1
845417	0
845580	1
845766	0
846649	2
846656	2
846885	0
847036	2
847207	2
847336	2
847410	1
847532	0
847562	4
847737	0
847934	0
848238	0
848353	0
848606	1
848779	0
848799	0
849648	1
849777	2
849897	0
850405	2
850621	0
850769	2
850901	2
851038	5
851149	1
851205	4
851241	0
851341	1
851590	2
852149	2
852159	1
852496	2
852575	2
852655	2
852844	0
852873	2
852930	2
852967	0
853245	1
853257	1
853345	0
853908	0
854026	2
854092	2
854102	4
854364	0
854531	2
854876	2
855048	2
855639	2
856054	4
856157	2
856784	4
857195	2
857277	2
857428	0
857486	0
858135	0
858201	0
858353	2
858386	2
858520	0
858608	1
858728	2
859070	0
859291	0
859342	1
859453	1
860159	0
860393	4
861552	1
862128	2
862296	2
862299	0
862382	1
862589	2
862807	0
863103	2
863185	0
863363	0
863488	0
863921	0
863980	1
864052	1
864459	2
864592	2
864938	0
865126	0
865852	2
865902	1
866053	0
867021	0
867318	2
867630	0
867942	2
868793	2
868818	3
869845	2
870798	2
870855	0
870926	1
871186	0
871455	1
871574	2
871795	0
871917	0
872108	5
872246	0
872964	0
873495	2
873554	5
874022	2
875170	5
880016	1
880488	4
880613	2
881083	2
881738	2
882072	0
882356	2
882606	0
883782	0
883920	1
884103	4
884581	0
884629	1
884706	4
885123	1
885866	2
886240	1
886644	2
886753	2
886935	2
886944	4
887134	4
887237	1
887341	1
887663	5
887897	1
888244	0
888869	2
888910	4
890213	0
890535	0
890603	2
890605	2
891282	0
891311	0
891443	4
891533	0
891742	5
892035	2
892067	1
892167	3
892776	0
892824	2
893749	0
894024	1
895119	0
895191	1
895443	0
895548	2
895635	1
895730	2
895732	1
896290	2
896391	2
896489	0
897329	2
897470	0
898089	1
898129	0
898458	1
899005	1
899011	3
899082	0
899278	0
899366	3
900192	0
900543	0
900637	0
900999	3
901295	2
901766	0
902105	0
902236	1
902794	1
902876	0
903266	0
903303	2
904045	1
904421	0
904569	0
904817	0
905291	2
905756	2
905824	0
905892	0
906655	2
906676	4
906717	0
908058	0
908301	2
908552	5
908602	2
908644	0
908750	2
909115	3
909515	1
909516	0
909709	5
909713	2
909892	0
910180	0
910270	0
910404	4
910477	4
910492	2
910862	0
910869	2
910880	0
911207	4
911264	1
911461	0
911482	0
911578	0
911664	2
911726	3
912377	2
912512	5
912579	2
912776	4
913894	2
914140	4
914365	1
914779	1
915738	0
916163	0
916385	5
916454	1
916836	2
916978	0
917537	0
918782	2
918907	0
920184	4
920655	1
921705	5
921737	2
921958	5
922089	2
922368	0
922385	2
922825	0
923644	2
924422	2
924542	2
924836	5
925146	3
926380	2
927086	1
927741	0
928914	2
929283	5
930014	2
930433	2
931083	0
931183	0
931582	2
931842	0
931857	0
933443	1
933485	2
933580	2
934136	4
934400	1
934623	1
935480	1
935514	0
936185	2
936693	1
936751	2
936902	2
936928	2
937027	1
937523	2
937742	4
937919	0
938691	2
939114	0
939532	0
939825	4
939883	0
940548	0
941308	0
941452	0
941727	2
941954	4
942187	0
942224	2
942470	2
942649	2
942826	1
943054	1
943178	2
943388	0
943441	2
943532	4
943984	1
943988	4
944183	1
944238	0
944741	1
946230	1
946600	2
948783	1
949175	2
949829	0
950247	0
950376	1
950537	1
951001	3
951260	3
951481	2
951724	4
952308	0
952324	1
952349	4
952418	2
952520	1
952864	2
954054	2
954107	5
954492	4
954765	0
954816	1
954819	0
955085	2
955242	2
955402	1
955531	5
955582	0
955663	1
956119	1
956359	0
956954	1
957720	1
957769	0
957869	2
958349	2
958397	5
958887	2
958978	4
959167	0
959193	0
959203	2
959490	0
959865	4
959893	2
959917	4
959935	2
960098	2
960150	0
960186	2
960240	2
960425	1
960616	0
961044	0
961108	1
961435	0
961605	5
961865	0
962162	2
962611	2
963123	0
963274	2
963362	1
963375	0
964000	1
964986	4
965026	2
965298	0
965309	3
965352	2
965658	2
966071	2
966092	0
966232	2
966278	4
966945	1
967267	0
967415	0
968547	5
968663	0
968900	0
968966	0
969986	2
970510	0
971065	2
971287	0
971417	4
972018	3
972026	0
972029	2
972125	0
972129	1
972221	2
972473	5
972475	2
972616	0
972649	2
972833	0
973014	0
973176	1
973315	1
973743	0
973765	5
973923	3
974425	0
975077	2
975297	2
975535	0
975697	2
976959	0
977331	4
977378	2
978033	0
978649	2
978998	1
979028	2
979204	0
979536	1
979856	0
979864	1
979874	2
980012	0
980072	0
980114	4
980288	0
980457	1
980586	4
980636	5
980639	0
980869	2
980896	0
980930	5
980934	0
980957	0
981035	2
981400	2
982061	0
982169	4
982219	4
983050	2
983193	0
983336	2
983397	4
983483	0
983899	0
984637	5
985294	2
985506	2
985551	2
985676	0
986388	2
986605	2
988018	0
988175	4
988186	5
988261	4
988427	5
989303	1
989893	0
990102	2
990150	3
990157	1
990182	4
990250	0
991602	2
992356	0
992721	2
993017	2
993036	0
994006	2
994209	3
994328	2
994342	4
994482	2
994754	2
994798	0
995291	0
996068	0
996192	0
996206	3
996521	0
996812	2
997012	2
997032	2
997122	1
997444	2
998008	0
998525	0
998773	2
999294	0
999411	1
1000232	2
1000263	2
1000682	0
1001261	4
1001466	3
1001634	4
1001802	0
1001952	2
1002123	0
1002868	2
1002989	1
1003543	0
1003669	2
1003789	3
1003809	2
1004408	2
1005037	4
1005280	0
1005362	0
1006294	2
1006878	5
1007244	2
1007389	0
1007544	2
1007708	1
1007927	3
1007983	2
1008736	2
1008774	3
1008817	2
1008911	2
1008934	0
1009328	2
1009780	1
1009953	1
1010021	2
1010394	2
1010815	0
1010878	2
1011372	0
1011513	0
1011782	0
1011996	0
1012200	2
1012353	2
1012826	0
1013080	0
1013099	0
1013116	2
1013196	0
1013285	2
1013292	0
1013577	2
1014080	0
1014128	4
1014484	4
1014874	2
1014912	1
1014957	1
1015110	5
1015189	2
1015361	4
1015439	2
1015888	2
1016170	0
1016414	0
1017590	0
1017889	0
1018848	0
1019443	1
1019605	1
1019894	0
1019980	5
1022085	2
1022503	5
1022779	0
1022792	2
1023277	1
1023397	0
1023710	0
1024312	0
1024653	2
1025260	0
1025332	0
1025541	2
1025754	4
1026417	1
1026633	0
1026954	5
1027244	2
1027256	2
1027356	1
1027617	0
1027666	0
1027949	4
1028252	2
1028296	0
1028430	5
1028443	0
1028625	1
1028643	2
1028762	2
1028962	2
1029091	0
1029116	0
1029286	3
1029482	0
1029542	2
1029561	5
1029585	4
1029606	2
1029788	0
1030325	2
1030332	5
1030344	4
1030564	1
1030897	2
1030915	2
1031365	1
1031391	0
1032008	0
1032643	4
1033210	0
1033488	2
1033493	0
1033646	4
1033668	2
1033871	2
1034002	0
1034075	5
1034218	1
1034264	4
1034351	2
1034357	1
1034423	2
1034537	5
1034538	5
1034628	2
1036058	2
1036385	0
1036447	0
1037139	0
1037145	0
1037584	0
1037706	0
1038152	4
1038166	1
1038186	0
1038201	0
1038342	4
1038466	2
1038500	4
1038626	0
1038667	2
1038716	1
1038971	2
1039368	2
1039804	2
1039932	0
1040181	0
1041361	0
1041392	0
1041469	2
1041476	0
1042021	3
1042435	1
1042449	0
1042584	2
1042819	2
1044025	2
1044113	2
1044135	2
1045830	0
1046084	5
1046256	0
1046353	2
1046620	0
1046971	0
1047364	0
1047580	0
1048165	5
1048294	1
1048450	2
1048799	0
1048893	2
1049328	2
1049346	0
1049372	0
1049503	2
1049566	2
1049993	2
1050370	2
1050474	0
1050545	1
1050648	0
1050911	2
1051061	1
1051126	0
1051257	2
1051670	1
1051769	2
1051973	2
1052217	1
1052374	2
1052516	4
1052620	0
1052697	0
1053782	3
1054075	5
1054174	0
1054351	1
1054355	0
1054368	1
1054488	1
1054884	2
1055319	0
1056218	0
1057082	0
1057316	2
1057428	0
1057528	2
1058315	5
1058327	2
1058512	0
1058622	5
1058756	5
1058917	0
1059292	1
1059342	0
1059734	2
1060065	1
1060155	1
1060268	2
1060293	2
1060509	1
1060746	1
1060778	0
1060831	4
1061131	0
1061235	2
1061320	2
1061418	0
1061525	2
1061663	0
1061672	0
1062718	1
1063039	2
1063105	0
1063298	0
1063361	1
1063516	5
1063718	0
1063745	2
1064197	0
1064434	2
1064633	0
1064704	2
1064721	2
1064932	4
1064944	1
1064960	2
1065008	0
1065273	5
1066386	2
1066456	2
1066485	3
1066545	2
1066572	2
1066683	2
1066733	1
1066972	1
1067070	0
1067133	0
1067283	2
1067382	0
1067491	0
1067936	0
1068129	2
1068414	2
1068587	0
1068652	0
1068728	2
1069041	1
1069078	0
1069080	3
1069243	0
1069657	0
1070447	2
1071474	5
1071477	2
1071767	0
1071845	1
1072088	0
1072095	0
1073094	3
1073114	2
1073848	2
1073972	2
1074219	0
1074408	0
1074427	2
1075018	5
1075080	2
1075168	3
1075182	2
1075398	2
1075670	0
1075755	1
1076184	0
1076214	0
1076446	2
1076550	1
1076920	2
1077028	1
1077316	1
1077640	0
1077666	3
1078611	0
1079305	1
1079641	1
1079725	2
1079893	0
1080048	2
1080140	5
1080480	0
1080897	2
1081391	4
1081638	0
1081646	0
1082411	2
1082462	4
1082515	1
1082931	2
1083080	3
1083113	0
1083125	0
1083262	0
1083621	2
1084078	0
1084149	2
1084248	1
1084421	1
1084543	1
1084862	5
1085001	4
1085077	0
1085933	1
1086430	4
1086570	2
1086634	0
1086795	2
1086855	4
1087283	2
1087306	0
1087682	0
1088331	2
1088375	2
1088433	0
1088503	2
1088604	4
1088665	0
1088991	1
1089010	2
1089237	0
1089595	2
1090094	1
1090620	2
1090624	0
1091239	0
1091350	2
1091779	0
1091797	2
1091961	5
1092045	0
1092483	3
1092628	0
1092838	2
1092892	0
1092932	0
1092951	4
1092980	0
1093331	2
1093611	2
1093636	2
1093915	4
1093976	4
1094125	1
1094304	1
1094435	2
1094731	2
1094792	2
1095039	2
1095044	2
1095246	0
1095434	0
1095505	0
1095575	2
1095717	0
1096071	2
1096185	0
1096573	4
1096926	1
1097142	1
1097545	4
1097775	1
1098275	1
1098448	0
1098701	5
1098860	0
1098897	2
1099042	0
1099165	1
1099382	5
1099478	1
1099989	2
1100020	0
1100743	2
1101010	0
1101016	2
1101062	2
1101299	1
1101486	0
1101849	2
1101884	1
1102155	0
1102157	2
1102288	1
1102709	0
1102890	0
1103074	0
1103289	2
1103292	5
1103338	0
1103957	0
1104107	1
1104168	1
1104193	0
1104456	0
1105019	1
1105266	3
1105452	2
1105493	1
1105558	1
1105764	0
1105885	0
1106025	2
1106201	2
1106278	2
1106396	4
1106809	0
1106913	0
1107447	2
1107792	0
1107805	0
1108330	1
1108976	1
1109113	5
1109940	0
1110884	2
1110987	2
1111134	2
1111239	0
1111393	0
1111462	1
1111618	0
1112133	1
1112446	2
1113130	0
1113132	0
1113269	0
1113377	2
1113789	0
1114012	0
1114549	2
1114869	1
1115077	0
1115213	0
1115230	2
1115753	2
1116149	0
1116276	0
1116699	2
1116928	0
1117117	5
1117609	0
1117982	0
1118057	0
1118319	2
1118446	2
1119247	2
1119590	0
1119751	4
1120138	0
1120528	0
1120825	1
1120859	2
1120865	1
1121067	2
1121279	2
1121322	2
1121367	2
1121375	0
1121640	0
1121743	0
1121958	2
1122099	2
1122124	1
1122242	0
1123054	0
1123374	1
1124253	4
1124464	0
1124556	2
1124641	0
1124746	2
1124976	3
1124999	2
1125086	4
1125166	2
1125221	1
1125303	0
1125573	0
1125919	2
1125931	5
1125961	1
1126117	0
1126288	0
1126607	1
1126817	0
1126984	2
1127033	0
1127618	0
1127643	2
1127645	1
1127863	2
1127931	2
1128358	2
1128559	4
1128904	2
1129542	2
1129597	0
1130281	0
1130469	2
1130574	2
1130841	2
1131572	2
1131588	0
1131964	0
1131988	0
1132054	0
1132161	4
1132426	2
1132483	1
1132486	4
1132750	1
1132836	0
1133512	5
1133518	0
1133591	0
1133600	0
1133601	2
1133604	2
1134533	2
1135363	3
1135394	4
1135509	0
1135574	0
1135774	2
1136106	0
1136346	0
1136405	5
1136453	2
1136864	1
1137226	3
1137235	0
1137318	0
1137406	0
1137513	0
1138286	2
1138579	4
1138676	4
1138738	3
1138936	2
1139113	0
1139276	3
1140205	2
1140704	4
1141180	4
1141558	2
1142460	2
1142687	4
1142714	2
1142777	2
1143159	0
1143255	1
1143266	2
1143329	4
1143769	4
1143789	2
1143846	1
1144112	4
1144436	2
1144533	2
1144989	2
1145136	1
1145443	0
1145503	0
1145696	1
1146057	5
1146938	0
1147129	0
1147223	0
1147239	5
1147267	2
1147346	0
1147505	3
1147636	2
1147727	4
1147742	0
1148013	1
1148315	0
1148650	2
1148736	2
1148841	1
1148963	2
1148997	2
1149288	0
1149434	2
1149673	5
1149778	1
1149785	0
1150123	0
1150330	0
1150439	1
1152857	2
1153097	4
1153199	2
1153693	0
1154118	4
1154145	0
1155277	5
1155328	1
1155341	0
1155395	2
1155565	1
1155661	0
1155669	2
1155679	2
1155997	5
1156362	0
1156442	0
1156956	1
1157831	3
1157866	4
1157893	2
1158946	2
1165603	0
1165719	0
1165935	2
1175061	2
1175094	0
1175538	2
1175979	1
1176037	2
1176407	2
1176423	2
1176509	2
1176718	1
1177313	2
1177475	2
1177647	1
1177951	2
1178745	2
1178817	2
1179679	5
1180009	2
1180244	2
1180649	3
1181996	0
1182259	5
1182930	0
1183262	3
1183672	2
1184004	0
1184843	2
1185028	0
1185323	0
1185531	2
1185706	1
1185844	0
1186099	4
1186111	2
1186140	0
1186225	0
1186246	4
1186395	0
1192169	0
1192324	4
1193257	2
1194035	0
1194140	2
1195877	0
1196254	2
1196260	4
1196933	0
1197267	2
1197669	2
1198694	0
1198924	2
1199322	1
1199756	3
1200201	0
1200233	0
1200389	0
1200430	2
1200473	0
1200796	0
1201212	1
1201247	0
1202233	0
1202245	0
1202356	3
1202800	0
1202859	2
1202964	2
1203557	4
1203598	2
1203972	1
1204635	5
1204645	1
1205296	4
1205453	1
1205687	2
1206086	0
1206135	1
1206139	4
1206378	2
1206441	1
1206870	5
1207184	1
1208145	0
1208791	5
1208811	2
1209236	0
1209292	2
1210271	2
1210415	1
1211199	4
1211412	0
1211424	0
1211906	0
1212578	0
1212709	2
1212958	2
1213294	0
1213526	0
1213528	2
1213538	3
1214005	5
1214159	0
1214260	0
1214512	2
1214514	2
1214607	0
1214714	2
1214890	2
1215298	2
1215490	0
1215643	4
1215871	1
1215990	1
1216301	0
1216822	2
1216825	1
1216889	2
1216893	2
1217531	2
1217603	0
1217616	1
1217631	0
1218068	2
1219138	0
1219237	1
1219587	0
1219678	0
1219932	1
1220056	0
1220281	5
1220542	0
1220697	1
1220747	0
1220879	2
1221747	0
1221859	2
1221899	0
1221905	1
1222024	2
1222031	2
1223172	0
1223750	2
1223786	5
1224020	2
1224043	0
1224490	2
1224706	2
1225100	0
1225105	2
1225343	0
1225409	1
1225633	0
1225768	4
1226158	2
1226657	0
1226690	5
1227510	2
1227553	0
1229175	1
1229204	5
1230012	0
1231124	2
1231397	4
1231605	0
1232127	0
1232647	0
1232689	2
1232737	3
1233116	0
1233309	0
1233630	0
1234075	0
1234341	1
1234354	0
1234583	2
1234797	1
1235013	2
1235016	0
1235298	0
1235719	0
1236014	2
1236297	0
1236399	2
1236480	1
1236654	2
1236880	0
1237043	4
1237112	0
1237342	0
1237453	0
1237675	2
1237844	0
1238026	2
1238247	3
1239045	1
1239208	3
1239579	0
1240327	1
1240483	2
1240486	2
1241018	1
1241022	0
1241041	2
1242717	5
1242830	0
1243117	0
1243236	0
1243887	1
1244098	0
1244417	2
1244780	0
1244868	3
1244937	0
1245034	2
1245243	1
1245813	2
1245942	0
1246074	1
1246306	1
1246875	2
1247989	2
1248521	2
1248690	2
1248736	0
1248848	0
1249381	0
1250142	2
1250159	2
1250260	0
1250271	1
1250355	0
1250593	0
1250653	0
1250913	4
1252028	0
1252029	2
1252146	2
1252706	0
1252746	1
1253044	2
1253050	1
1253248	0
1253289	0
1253427	0
1253803	3
1253883	2
1253944	0
1256219	2
1256384	0
1257099	1
1257412	0
1257490	4
1257563	0
1258198	2
1258282	2
1258517	5
1258716	5
1258778	5
1259032	0
1259085	1
1259577	0
1260697	2
1261204	2
1261528	0
1261752	0
1261782	5
1261811	0
1261830	0
1261871	2
1262104	2
1262297	1
1262658	5
1263015	2
1263978	0
1263987	0
1264409	1
1264482	0
1264525	0
1265065	3
1265283	2
1265478	0
1265600	0
1265950	4
1266011	1
1266616	2
1266631	1
1266635	2
1267467	0
1267506	3
1267764	0
1268211	0
1268316	0
1268372	0
1268547	4
1269099	2
1269185	2
1269460	0
1270697	2
1270834	1
1270983	2
1271458	0
1272147	0
1272458	0
1272690	5
1272792	0
1272865	0
1272917	2
1273459	4
1273463	2
1273783	1
1273873	3
1274888	0
1274889	5
1274953	2
1275487	2
1275518	2
1275784	0
1276341	2
1276367	0
1276888	5
1277225	0
1277467	2
1277719	0
1278146	4
1278191	1
1278279	2
1278440	2
1278523	2
1278611	4
1278681	0
1278692	2
1278909	0
1278964	2
1279097	0
1279780	3
1279931	2
1280303	0
1280625	2
1280949	2
1281141	2
1281436	0
1281488	2
1281821	2
1282115	0
1282697	3
1283009	1
1283584	0
1284860	1
1286274	1
1286578	0
1286791	0
1286827	0
1287170	5
1287869	2
1288049	2
1288102	2
1288182	2
1288249	2
1289630	2
1289699	2
1289864	0
1289916	2
1290112	0
1290731	2
1290984	2
1291042	1
1291409	2
1291638	0
1292112	0
1292143	0
1293129	2
1293234	2
1293630	1
1293683	0
1294343	2
1294367	0
1294368	4
1294605	0
1294893	4
1294985	5
1295063	0
1296049	0
1296360	2
1297041	0
1297499	3
1297758	1
1297802	2
1298207	3
1298721	0
1299135	0
1299192	0
1299325	2
1299578	0
1299660	1
1299697	0
1299717	1
1299735	4
1299815	3
1301301	4
1301372	2
1301464	0
1302002	0
1302321	0
1302477	4
1302568	2
1302622	2
1302686	2
1302848	0
1302926	0
1303305	0
1303441	0
1303655	0
1303965	0
1305617	1
1305947	0
1306737	4
1306817	2
1306866	2
1306879	2
1307308	2
1307533	2
1307658	0
1307731	4
1308067	2
1309092	2
1309096	2
1309413	5
1309646	0
1309928	0
1310449	2
1310998	2
1312027	2
1312232	0
1312674	2
1313107	1
1313473	0
1313519	2
1313554	2
1313656	0
1314003	1
1314035	2
1314326	2
1314357	2
1314580	0
1314632	2
1314745	1
1315495	0
1315559	5
1316199	3
1316412	2
1316494	2
1317205	1
1318303	0
1318467	2
1318686	0
1319327	2
1319389	2
1319480	0
1320033	4
1320536	1
1321043	2
1321879	0
1321914	3
1321960	2
1322069	0
1322172	0
1322838	0
1322944	1
1322975	0
1323374	0
1323759	0
1325199	0
1325397	0
1325443	0
1325449	5
1325801	0
1325807	0
1326093	5
1326760	1
1327223	2
1327855	2
1327868	0
1327964	0
1327981	1
1327983	0
1328278	4
1328576	2
1329203	0
1330315	5
1330348	0
1330575	2
1330711	1
1330831	2
1331035	1
1331236	0
1331422	1
1331675	5
1331701	2
1332358	0
1332562	0
1332698	2
1332734	2
1333374	1
1333930	2
1334053	1
1335478	1
1335679	2
1336567	0
1337172	1
1337178	0
1337442	2
1339529	0
1340286	1
1340896	2
1341442	2
1341786	2
1342345	2
1344235	0
1344384	4
1344667	0
1344751	0
1345167	2
1346089	1
1347444	2
1347638	2
1347809	2
1348004	0
1348142	1
1348296	1
1348786	2
1349128	2
1349697	5
1349849	0
1349861	0
1350587	0
1351407	1
1351596	3
1351599	2
1351662	0
1351786	2
1352039	0
1352162	0
1352778	2
1353315	5
1353431	0
1354205	0
1354371	1
1354468	1
1354537	0
1354729	2
1355399	4
1355462	0
1355486	4
1355889	2
1355899	2
1356526	2
1357233	0
1357545	2
1357575	0
1357623	0
1357645	5
1357740	1
1357771	2
1357932	2
1358128	4
1358495	0
1359319	0
1359722	2
1360068	0
1360091	2
1360159	2
1360251	1
1360285	0
1361844	3
1362495	0
1362636	2
1362637	0
1363390	3
1363466	0
1363715	2
1364709	1
1364849	0
1365059	2
1365603	1
1365791	0
1367292	3
1367372	2
1368021	0
1368249	2
1368859	2
1369391	0
1369602	3
1369953	2
1370285	0
1370814	0
1371900	5
1373281	2
1373762	1
1373991	0
1374359	2
1375074	2
1375140	1
1376678	0
1376855	0
1377309	2
1378006	1
1378065	0
1378351	2
1378880	3
1379090	4
1380248	1
1380886	2
1381024	1
1381095	2
1381196	1
1381322	0
1381402	0
1382225	2
1382406	2
1384183	2
1384655	0
1384943	2
1385241	0
1385373	0
1385836	2
1385848	2
1386665	2
1386912	4
1387198	0
1387371	3
1387706	2
1387741	2
1388103	2
1388901	2
1389142	0
1389254	2
1389788	1
1389967	0
1390347	0
1390705	1
1390736	2
1390738	0
1390769	0
1390784	2
1391431	0
1391940	0
1392773	4
1392792	5
1392910	2
1393008	3
1393136	2
1393827	3
1393858	1
1394140	4
1394940	4
1396014	0
1396222	2
1396680	4
1396863	2
1397687	0
1397989	1
1398243	4
1398332	0
1398613	2
1398671	0
1398893	2
1399043	3
1399056	4
1399080	2
1399637	2
1399745	5
1399819	0
1399868	2
1400084	0
1400165	1
1400185	0
1400881	0
1400912	1
1400967	4
1402052	3
1402274	1
1402389	1
1403956	5
1403979	4
1404159	4
1404699	0
1405706	0
1406988	2
1407181	0
1407536	5
1407541	0
1408101	2
1408453	1
1409397	5
1409832	0
1411170	1
1411302	0
1412493	0
1412867	2
1413363	3
1413953	0
1413994	4
1414276	0
1414490	0
1414519	0
1414931	5
1414938	0
1414977	2
1415016	4
1415083	4
1415243	0
1415866	2
1416088	1
1416216	2
1416305	2
1416716	0
1418172	1
1419146	2
1419681	2
1420257	1
1420410	2
1420592	2
1421120	2
1421923	3
1422300	1
1422386	2
1423329	0
1423471	1
1423502	5
1424028	5
1424219	0
1425243	1
1425343	2
1425968	1
1425992	5
1426017	1
1426045	0
1426267	2
1426281	2
1426759	2
1427012	3
1427135	3
1427184	2
1427229	2
1427314	2
1427380	2
1427639	1
1428204	0
1428582	4
1429342	1
1430561	2
1430748	0
1430972	2
1431022	4
1431055	0
1432314	1
1433577	0
1434406	0
1434498	2
1434536	0
1436593	0
1436779	0
1437861	0
1438153	0
1438492	0
1438508	0
1438535	3
1439440	2
1439488	0
1439727	1
1439763	0
1439910	0
1440261	2
1440750	1
1440859	2
1441053	2
1441205	0
1441223	0
1441386	3
1441806	1
1441874	1
1441964	0
1442477	0
1443140	0
1443172	2
1443203	0
1443245	1
1443555	2
1443864	3
1443870	2
1444055	2
1444512	2
1444551	0
1445188	0
1445586	0
1446118	1
1446488	0
1446558	0
1446584	0
1447332	0
1447904	2
1448118	2
1448141	0
1448554	2
1448731	0
1448759	3
1449031	0
1449096	1
1449285	2
1450294	2
1451047	2
1451795	2
1452110	0
1452136	2
1452206	4
1452626	2
1452886	3
1453506	1
1453635	2
1453934	5
1453941	0
1453954	0
1454224	2
1454572	2
1454616	1
1455119	1
1455677	2
1455906	0
1456075	5
1456125	0
1456132	2
1456141	2
1456623	1
1456804	1
1456807	2
1456977	4
1457030	2
1457331	0
1457364	0
1457898	0
1458074	2
1458160	0
1458504	2
1458702	1
1458760	0
1458808	0
1458946	0
1459084	0
1459372	2
1459593	5
1460094	5
1460443	5
1460797	1
1461081	0
1461239	0
1461309	2
1461501	0
1461567	1
1461786	2
1461829	2
1461979	3
1462553	2
1462628	4
1462808	0
1462845	0
1463608	0
1463773	1
1463799	0
1463813	1
1463832	0
1463864	2
1464517	0
1464583	1
1464723	2
1464780	1
1464937	2
1464985	3
1465101	0
1465236	2
1465288	0
1466451	3
1466557	1
1467022	5
1467034	1
1467347	0
1467477	2
1467664	1
1467849	1
1468207	5
1468928	0
1469148	4
1469550	2
1469664	0
1469920	2
1470150	1
1470324	3
1470665	1
1470841	5
1470911	2
1471318	0
1471719	1
1471880	2
1472101	2
1472604	0
1472915	2
1472943	0
1473017	2
1473235	0
1473260	5
1473289	0
1473734	0
1473750	3
1474580	2
1474609	2
1474639	2
1474676	0
1474829	4
1474876	2
1475152	0
1475601	0
1475885	0
1476021	0
1476025	0
1476831	2
1477205	0
1477759	5
1477810	0
1477930	0
1477975	1
1478053	2
1478190	0
1478736	0
1479124	2
1479550	2
1479680	0
1479834	0
1480146	1
1481063	2
1481537	1
1481796	1
1482260	0
1482261	2
1482728	2
1483038	0
1483418	0
1483446	5
1483507	0
1483561	2
1483580	5
1483750	3
1483805	2
1483874	0
1484294	2
1485320	2
1485489	0
1485723	2
1486183	2
1486193	0
1486473	2
1486518	2
1486829	2
1487053	2
1487066	0
1487074	0
1487085	0
1487376	4
1487732	5
1488546	2
1488884	2
1489308	2
1489490	2
1489767	2
1490318	0
1490334	5
1490664	0
1490759	2
1491308	0
1491435	1
1495241	0
1495243	0
1496431	0
1496505	0
1496554	0
1496750	0
1497339	0
1497517	2
1497588	2
1497976	1
1498220	2
1498293	2
1498456	0
1498458	0
1498594	0
1499985	0
1500109	4
1500449	0
1500714	3
1500794	2
1501186	0
1501768	2
1502259	0
1502373	0
1502391	4
1502425	2
1502890	0
1503086	1
1503222	1
1503530	1
1504760	2
1504865	2
1504868	0
1505009	1
1505012	0
1505111	0
1505256	2
1505598	0
1505806	1
1506156	3
1506602	0
1506884	1
1507032	0
1507797	0
1508787	0
1509650	2
1510281	2
1510737	0
1510810	2
1511125	0
1511283	3
1511365	2
1511368	0
1511507	0
1511563	5
1511967	4
1512001	1
1512045	0
1512483	0
1512630	1
1512794	2
1512889	4
1513345	2
1513474	2
1513642	2
1513809	0
1513928	0
1514015	0
1514080	1
1514479	0
1514994	1
1515050	0
1515100	0
1515115	0
1515164	2
1515380	0
1515413	0
1516178	1
1516237	2
1516652	2
1516904	0
1517534	2
1517641	1
1517729	1
1518024	1
1518231	2
1518297	4
1518560	2
1518612	2
1518914	1
1519042	0
1520035	3
1520435	2
1520594	0
1520613	0
1521032	0
1521495	0
1521746	0
1521931	1
1522070	0
1522287	0
1522937	4
1523310	3
1523463	0
1523952	4
1523986	0
1524005	0
1524265	3
1524716	0
1524730	0
1524810	5
1525035	2
1525230	0
1525265	2
1525714	4
1525781	0
1525970	0
1526024	1
1526107	2
1526516	1
1526581	0
1526592	0
1526767	2
1526913	0
1526998	2
1527052	2
1527068	0
1527232	3
1527642	1
1527645	0
1527680	0
1527838	0
1528052	1
1528297	5
1528598	0
1528625	2
1528762	4
1529005	0
1529121	1
1529212	1
1529390	3
1529621	0
1529872	2
1529884	2
1529942	0
1530566	0
1530577	2
1530690	0
1530758	2
1530784	2
1530819	0
1530904	0
1530995	1
1531008	2
1531028	0
1531101	0
1531139	5
1531381	5
1531677	2
1531741	0
1531854	2
1531967	5
1531991	5
1532221	0
1533029	1
1533206	1
1533867	0
1533930	0
1533938	0
1534137	2
1534274	0
1534370	0
1534428	1
1534448	2
1534787	2
1535188	2
1535209	0
1535459	1
1535533	1
1535631	0
1536375	0
1536400	2
1536520	1
1536524	0
1536783	0
1536845	2
1537195	2
1537638	1
1537668	2
1537739	2
1537759	2
1537807	0
1537969	4
1538105	2
1538157	1
1538323	0
1538445	0
1538591	2
1538643	0
1538765	0
1538803	1
1538950	2
1538989	0
1539273	0
1539294	2
1539312	3
1539313	0
1539431	1
1539590	1
1539605	0
1539643	1
1539655	4
1539697	2
1541210	2
1541550	0
1541587	3
1541625	4
1541702	0
1542162	0
1542303	0
1542399	2
1542409	4
1542492	0
1542524	2
1542638	1
1542657	0
1542753	1
1542774	1
1542834	0
1542847	0
1542854	2
1543591	2
1543602	2
1543622	0
1543877	2
1544169	4
1544903	2
1544951	0
1545039	2
1545133	0
1545566	0
1545667	1
1545756	0
1546005	1
1546045	1
1546094	0
1546159	0
1546229	1
1546421	3
1546484	2
1546529	0
1546668	4
1546708	5
1546926	1
1547054	1
1547212	2
1547532	0
1547584	2
1547713	2
1547880	2
1548176	1
1548178	2
1548325	0
1548489	0
1548639	0
1548841	2
1548931	0
1549090	0
1549398	1
1549410	2
1549411	2
1549479	3
1549644	0
1549652	0
1549827	0
1550177	2
1550209	2
1550496	0
1550885	4
1551094	4
1551205	2
1551299	2
1551489	2
1551507	0
1551616	0
1551783	0
1551835	2
1551886	0
1552121	2
1553058	3
1553131	0
1553307	3
1553743	1
1553777	2
1554013	0
1554353	0
1554526	2
1554531	2
1554658	1
1554842	5
1554930	2
1555141	0
1555335	2
1555380	3
1555642	0
1555790	0
1555923	2
1556059	2
1556229	0
1556508	1
1556717	0
1556722	0
1556853	0
1556858	2
1556977	2
1557020	2
1557051	3
1557224	0
1557600	0
1557764	1
1557900	2
1557920	2
1558175	0
1558593	2
1558974	0
1559023	0
1559092	1
1559226	0
1559313	2
1559628	0
1559764	2
1560212	2
1560244	0
1560322	2
1560877	0
1560948	4
1560949	2
1561420	2
1561449	0
1561694	0
1561921	0
1562391	1
1562435	3
1562551	0
1562684	2
1562750	0
1562770	2
1563169	0
1563311	2
1563499	0
1564155	0
1564164	5
1564520	0
1564674	0
1564986	1
1565492	4
1565514	0
1566108	5
1566744	2
1566759	2
1566866	4
1567322	1
1567559	2
1567571	1
1567574	2
1567853	0
1568005	0
1568696	0
1568788	0
1568998	0
1569000	1
1569485	2
1569586	1
1569600	5
1569689	4
1570156	2
1570171	1
1570173	0
1570176	0
1570394	2
1570756	5
1571069	2
1571192	0
1571216	2
1571623	2
1571635	2
1571695	0
1571921	0
1572852	5
1573426	0
1573525	2
1574012	4
1574405	4
1575050	0
1575133	2
1575403	3
1576472	0
1576681	0
1577014	2
1577497	0
1577719	1
1578098	0
1578417	2
1578803	5
1578917	4
1579049	0
1579192	4
1579877	4
1580173	0
1580206	2
1580688	0
1581229	4
1581289	2
1581393	0
1581510	0
1581803	5
1582514	0
1583257	5
1583582	2
1583801	2
1584245	0
1584419	5
1584453	2
1584786	1
1584881	0
1585273	1
1585741	0
1585849	3
1585860	5
1586654	2
1586851	2
1586898	4
1587070	0
1587101	0
1587232	5
1587575	3
1587817	2
1588695	2
1588725	0
1588969	4
1589269	0
1589511	3
1589765	2
1589859	4
1590049	2
1590159	3
1590246	1
1590303	0
1590396	3
1590614	2
1590685	0
1591149	2
1591423	0
1591597	1
1591838	5
1591997	0
1592836	1
1593203	1
1593409	2
1593885	2
1593905	1
1594146	0
1594254	0
1594329	1
1594454	2
1594478	2
1596165	0
1596219	0
1596246	2
1596459	0
1596599	1
1596662	4
1596887	0
1596985	2
1597589	4
1597606	1
1597882	1
1598195	0
1598274	4
1598898	0
1599203	0
1599463	4
1599515	0
1599998	1
1600120	0
1600134	2
1600266	0
1600436	4
1600469	0
1600548	2
1600790	0
1601060	2
1601064	2
1601769	0
1601918	0
1602097	2
1602114	2
1602519	2
1603447	4
1603704	1
1604266	5
1604497	0
1605053	5
1605087	2
1605247	2
1605252	3
1605391	2
1605409	1
1605490	0
1605521	2
1605559	1
1605627	2
1606316	2
1606496	3
1606538	2
1606775	3
1606787	0
1607009	2
1607067	0
1607525	2
1607680	0
1608021	0
1608300	2
1608330	0
1608353	0
1608867	0
1608868	2
1608896	0
1609029	1
1609356	1
1609389	0
1609403	2
1609404	1
1609639	0
1609661	2
1609922	4
1610101	2
1610484	2
1610650	2
1610788	1
1610824	0
1610870	0
1611150	4
1611230	0
1611290	1
1611382	2
1611639	0
1612273	2
1612318	2
1612462	3
1612495	0
1612598	1
1612618	2
1613023	0
1613094	2
1613332	1
1613440	2
1613596	2
1613610	1
1613837	0
1613912	2
1614067	0
1614068	4
1614222	2
1614581	1
1614712	1
1614795	0
1614939	1
1614998	0
1615586	2
1615605	0
1615722	2
1615879	2
1616030	2
1616354	2
1616547	2
1616656	0
1616728	2
1617303	0
1617357	0
1617397	2
1617581	0
1617589	2
1617868	3
1618125	1
1618446	2
1618450	0
1618827	0
1619195	2
1619240	0
1619249	1
1619308	5
1619432	0
1619480	0
1619850	0
1620140	0
1620323	0
1620466	0
1620529	2
1620719	2
1620864	0
1621105	0
1621123	0
1621124	0
1621155	4
1622185	1
1622323	1
1622501	0
1622652	2
1622773	0
1622793	2
1622862	2
1622898	0
1622948	0
1623303	2
1623426	2
1624150	2
1624153	2
1624220	0
1624525	2
1624775	1
1625127	0
1625643	0
1625644	0
1625832	0
1625872	0
1626021	2
1626041	5
1626047	0
1627070	2
1627218	0
1627370	0
1627458	2
1627744	0
1627767	2
1627789	2
1627956	0
1627976	0
1627977	2
1628619	1
1628744	2
1628754	2
1628862	2
1628910	2
1628983	1
1629073	0
1629151	0
1629822	0
1629911	2
1630125	2
1630179	2
1630301	4
1631006	0
1631315	1
1631604	2
1631677	0
1631719	1
1631793	0
1631989	2
1632143	2
1632777	0
1633036	2
1633191	1
1633732	1
1633978	1
1634086	0
1634237	2
1634394	5
1635251	2
1636004	2
1636179	3
1636295	2
1636553	0
1636750	1
1638234	2
1639065	5
1639198	0
1639496	1
1639591	1
1639704	0
1639843	5
1639977	0
1640193	2
1640195	2
1640330	0
1640376	0
1640519	0
1640557	1
1640568	2
1640740	1
1640751	5
1640860	3
1640907	0
1641045	1
1641154	4
1641294	0
1641465	0
1641681	2
1641682	0
1641912	0
1641987	0
1642027	1
1642164	3
1642271	0
1642447	5
1642467	3
1642517	0
1642536	0
1642811	3
1643059	2
1643183	0
1643278	0
1643577	0
1643675	1
1644321	1
1644644	0
1645119	2
1645255	0
1645864	2
1646140	1
1646694	0
1647858	0
1648029	0
1648151	2
1648270	2
1648437	4
1648606	0
1649367	2
1649470	0
1649532	0
1649581	0
1649791	0
1649876	2
1650359	0
1651114	1
1651232	0
1651957	2
1652314	0
1652757	2
1653928	0
1654856	0
1655253	2
1655426	0
1655643	4
1655810	2
1656214	2
1656729	0
1656936	2
1657986	0
1658196	4
1658239	0
1658750	0
1658841	2
1659189	2
1659795	2
1660011	4
1661312	4
1661320	5
1661512	0
1662966	0
1663119	0
1664360	1
1664754	3
1665865	3
1666055	0
1667748	1
1668075	0
1669360	2
1669536	4
1669569	2
1670006	1
1670458	0
1670487	2
1670748	2
1670822	2
1670832	2
1670940	2
1671051	0
1671065	3
1671118	2
1672210	1
1672376	2
1672379	0
1672579	5
1672710	0
1673516	1
1673634	4
1674045	5
1674071	0
1674711	4
1675108	2
1675310	2
1676247	2
1677190	5
1677434	2
1677580	0
1677618	0
1677672	0
1677711	5
1677889	0
1677891	0
1678145	5
1678342	0
1678537	1
1678597	0
1679635	2
1679649	2
1680106	0
1680122	0
1680213	2
1680243	5
1680986	0
1680999	1
1681121	2
1681403	2
1681764	2
1682543	1
1682690	0
1682972	2
1683049	5
1683214	0
1683231	0
1683557	2
1683944	3
1684348	2
1684473	2
1684576	0
1684586	5
1684774	0
1685564	2
1685705	0
1686383	0
1686822	2
1686866	2
1686874	0
1686878	4
1687253	1
1687593	0
1687823	0
1687846	4
1688051	2
1688116	0
1688582	1
1688772	3
1689082	0
1689328	1
1689374	4
1689408	0
1689588	2
1689829	1
1689919	4
1690057	0
1690209	2
1690324	2
1690366	0
1690423	2
1690672	0
1690698	0
1690789	2
1691053	1
1691348	2
1691406	2
1692664	0
1693311	0
1694197	0
1694312	5
1694367	1
1694405	2
1694576	0
1694585	3
1694991	0
1695128	2
1695191	1
1695483	0
1696042	1
1696263	0
1696309	3
1696372	0
1696740	1
1696884	2
1696936	2
1697028	2
1697380	0
1697687	0
1699340	2
1699455	0
1699548	2
1699630	0
1699642	0
1699664	2
1699846	2
1699933	0
1699992	0
1700159	0
1700296	0
1700342	2
1700388	2
1700796	0
1700815	1
1700844	1
1700860	2
1700884	2
1701207	0
1701299	2
1701385	0
1701438	1
1701444	2
1701599	1
1701705	0
1701905	2
1702014	2
1702097	0
1702499	1
1702627	1
1702671	0
1702749	0
1702818	1
1703168	0
1703264	1
1703403	0
1704008	2
1704345	0
1704389	1
1704616	1
1704735	2
1705234	2
1705240	0
1705468	0
1705806	2
1706014	2
1706071	2
1706236	2
1706313	0
1706420	0
1706490	0
1706608	2
1706787	0
1706808	0
1707031	2
1707058	1
1707170	4
1707464	2
1707692	1
1707729	0
1708031	2
1708038	0
1708147	5
1708403	0
1708695	3
1708919	0
1709031	2
1709097	0
1709123	5
1709184	0
1709276	0
1709327	2
1709441	2
1709644	3
1709781	2
1709802	0
1710032	4
1710034	2
1710049	4
1710603	0
1710724	1
1710853	0
1710896	0
1710956	2
1711004	0
1711084	1
1711382	4
1711500	2
1711503	2
1711560	2
1711579	0
1712146	0
1712183	2
1712258	2
1712452	3
1712669	2
1712710	0
1712812	3
1712836	0
1713104	2
1713111	0
1713213	0
1713292	1
1713342	5
1713397	1
1713563	1
1713760	0
1714116	0
1714263	0
1714350	2
1714373	2
1714402	0
1714511	2
1714664	2
1714741	0
1714755	1
1714848	0
1714919	0
1714938	0
1715004	0
1715119	2
1715155	2
1715189	0
1715267	1
1715326	0
1715343	1
1715494	1
1715668	2
1715677	0
1715893	0
1716056	0
1716119	2
1716339	0
1716504	0
1716726	2
1716931	4
1717122	0
1717132	2
1717209	0
1717257	0
1717394	0
1717796	2
1718152	0
1718265	2
1718299	2
1718820	3
1718925	0
1718926	2
1719065	0
1719144	1
1719157	0
1719557	2
1719706	2
1719790	0
1719823	2
1719886	1
1719934	2
1719939	4
1719977	2
1720059	2
1720284	4
1720367	2
1720509	0
1720642	2
1720644	0
1720648	4
1720704	0
1720892	3
1721022	2
1721116	0
1721129	1
1721156	2
1721599	2
1721708	0
1721756	0
1722504	5
1722659	2
1722732	0
1723121	0
1723272	2
1723467	2
1723468	5
1723763	2
1723824	2
1724111	2
1724249	0
1724364	2
1724410	1
1724575	0
1725029	2
1725315	0
1725552	4
1725634	0
1726026	0
1726036	0
1726518	2
1726529	2
1726800	4
1726935	0
1727137	2
1727341	0
1727480	2
1727528	0
1727740	1
1728164	2
1728629	1
1728894	3
1729921	2
1730152	0
1730323	0
1730358	2
1730535	2
1730805	1
1732009	0
1732048	2
1732506	5
1733606	1
1733631	4
1733656	2
1734034	0
1734185	0
1734285	0
1734490	2
1734542	2
1734740	1
1734822	0
1735338	2
1736586	0
1736711	2
1737853	1
1738138	1
1739457	1
1739831	2
1739980	0
1740190	2
1740630	2
1741136	1
1742046	2
1742289	2
1742357	0
1742467	0
1742927	3
1743514	2
1743660	1
1743673	0
1743866	2
1743950	2
1744155	1
1744432	0
1744434	2
1744481	0
1744524	0
1744557	0
1744579	1
1744740	2
1744763	0
1745337	1
1745368	3
1745398	0
1745429	2
1745903	0
1745936	1
1746228	2
1746334	1
1746402	4
1746535	2
1746545	0
1746801	4
1747129	2
1747319	2
1747433	3
1747468	1
1747732	2
1747776	0
1747783	0
1748020	4
1748122	0
1748145	0
1748489	2
1748627	1
1748674	0
1748735	1
1748946	0
1748977	2
1749005	1
1749094	0
1749327	5
1749430	0
1749478	2
1749495	0
1749780	2
1750169	1
1750484	0
1750527	4
1750665	0
1750827	1
1751085	2
1751092	1
1751397	2
1751461	0
1751511	3
1751711	2
1751730	4
1751883	0
1751893	1
1752222	2
1752258	0
1752369	3
1752487	0
1752718	0
1752890	0
1752971	0
1753305	1
1753732	1
1753974	1
1754152	2
1754267	0
1754518	2
1754621	5
1754633	0
1754723	0
1754785	0
1754810	1
1755071	0
1755086	4
1755324	1
1755328	0
1755413	2
1755558	0
1755983	0
1756072	1
1756437	4
1756598	0
1756624	0
1756663	0
1756753	2
1756757	0
1756771	1
1756931	1
1757156	2
1757336	4
1757508	3
1757631	1
1757857	2
1757924	2
1758285	0
1758599	0
1758845	0
1759142	0
1759157	5
1759264	0
1759333	2
1759597	1
1759719	0
1759763	4
1759896	5
1760159	2
1760238	2
1760289	2
1760395	0
1760458	0
1760950	4
1761058	0
1761063	2
1761148	2
1761210	0
1761317	1
1761320	0
1761538	2
1762018	2
1762041	1
1762136	0
1762877	0
1763254	2
1763429	0
1763484	1
1763629	2
1763899	0
1764093	2
1764123	1
1764343	0
1764348	2
1764357	4
1764403	0
1764495	0
1764643	0
1764712	2
1764832	2
1765265	2
1765285	2
1765657	0
1765866	4
1765886	0
1765929	0
1766090	0
1766094	0
1766162	4
1766174	0
1766427	2
1766524	2
1766693	2
1767101	1
1767258	0
1767268	2
1767370	1
1767623	2
1767655	0
1767659	2
1767713	4
1768149	0
1768242	1
1768315	0
1769583	4
1770092	1
1770669	0
1771909	0
1772127	2
1772159	2
1773156	2
1773842	0
1775204	0
1775843	1
1775913	1
1776179	0
1776259	1
1776309	2
1776546	1
1776612	0
1776679	0
1776725	0
1776922	2
1777170	3
1777413	0
1777545	3
1777660	4
1777820	0
1778049	5
1778190	1
1778736	0
1778759	5
1779054	0
1779107	0
1779108	1
1779172	3
1779398	2
1780265	0
1780388	1
1780652	1
1780768	5
1780791	0
1780938	2
1781054	0
1781131	2
1782112	1
1782873	0
1782917	0
1783242	0
1783448	1
1783648	0
1783809	2
1784276	2
1784281	1
1784538	0
1784935	1
1785091	0
1786039	1
1786224	0
1786706	2
1786739	0
1787185	0
1787963	0
1788238	2
1788410	2
1788583	1
1788607	2
1788715	2
1788787	1
1789142	0
1790352	4
1791506	2
1791571	0
1791913	0
1791979	0
1792031	0
1792147	0
1792664	5
1793092	4
1793167	0
1793412	2
1793768	1
1793824	0
1794210	0
1794284	0
1794630	0
1795340	0
1795703	0
1795963	0
1796054	3
1796284	0
1796386	2
1796588	4
1796619	4
1796661	1
1796808	0
1796861	0
1796912	2
1797301	2
1797311	2
1797890	2
1797972	4
1798132	3
1798239	1
1798251	0
1798604	0
1799232	0
1799348	2
1799484	1
1800157	0
1800739	2
1801348	4
1801545	1
1802030	4
1802419	0
1802538	1
1803147	0
1803260	2
1803337	0
1804162	4
1804496	0
1804585	4
1804591	1
1804720	2
1804884	0
1804887	1
1805395	0
1805414	2
1806188	0
1806382	0
1806980	2
1807691	0
1809291	0
1809769	2
1810384	0
1811046	2
1811257	0
1811349	2
1811494	2
1811914	2
1811998	2
1812158	0
1812605	0
1812925	2
1813218	5
1813544	2
1813674	2
1814491	5
1815035	0
1815130	0
1815311	0
1816067	2
1816275	0
1816435	2
1816441	2
1816618	0
1817407	2
1817737	1
1817848	1
1818149	0
1818589	0
1818648	0
1818987	2
1819347	2
1819780	0
1819860	1
1820843	0
1820896	5
1821172	4
1821357	0
1821798	2
1821955	0
1822122	0
1822163	0
1822319	0
1822491	2
1822866	0
1823273	2
1824013	5
1824261	0
1824511	2
1824792	0
1824799	2
1825809	2
1825873	2
1826910	0
1827331	0
1827464	4
1827644	2
1827737	0
1828071	3
1828272	1
1828527	2
1828598	0
1828858	0
1829165	1
1829648	2
1830076	2
1830241	0
1830932	0
1831951	2
1832030	0
1832930	5
1833362	0
1833612	0
1835411	1
1835455	0
1838396	2
1840771	1
1840829	0
1840905	2
1841256	1
1841311	2
1841356	2
1841495	5
1841679	4
1841946	2
1842358	0
1842931	0
1842952	0
1844441	0
1844567	0
1845061	0
1845216	1
1845483	3
1845728	0
1846150	1
1846277	0
1846760	4
1846819	1
1846858	2
1846864	3
1847000	0
1847368	5
1848067	1
1848091	5
1848456	2
1848658	0
1848757	1
1849226	5
1849567	2
1849962	0
1850127	2
1850275	0
1850746	1
1850998	0
1851525	0
1851615	0
1851683	2
1852003	0
1852382	5
1852667	0
1852962	0
1853207	0
1853215	2
1853228	0
1853255	1
1853421	0
1853753	0
1854444	2
1854982	1
1855354	2
1855433	2
1856112	0
1856735	2
1857331	0
1857760	0
1857836	2
1858314	0
1858830	0
1858995	2
1859168	0
1859488	0
1860084	0
1860151	0
1860510	4
1860662	1
1860775	0
1861637	5
1862050	0
1862057	2
1862241	2
1862297	0
1862683	2
1862780	0
1862856	2
1863323	2
1863364	2
1863750	0
1863984	0
1864477	2
1864702	0
1864777	0
1865247	4
1865506	4
1865717	0
1865812	0
1866005	0
1866010	2
1866723	0
1866836	4
1867219	2
1867446	0
1867613	2
1867659	2
1868030	2
1868331	3
1868386	0
1868388	0
1868399	0
1868694	5
1869089	1
1869305	0
1869675	0
1870290	0
1870643	1
1870741	0
1873553	1
1874034	0
1874169	0
1874328	0
1874755	0
1874862	2
1874926	5
1875297	1
1875374	1
1875443	0
1875470	0
1875796	0
1876559	0
1877351	1
1877703	0
1877966	4
1878206	4
1878631	1
1879111	2
1879220	0
1879412	0
1879593	0
1879719	0
1879976	2
1880221	0
1880333	2
1880506	0
1880709	0
1880851	2
1881311	0
1881449	2
1881496	2
1881672	2
1882159	2
1882324	2
1882399	3
1882426	2
1882687	0
1882878	1
1882928	2
1883017	2
1883215	2
1883279	0
1883292	0
1883321	0
1883422	1
1883429	2
1883450	1
1883585	0
1883592	1
1883886	1
1884156	5
1884356	4
1884635	2
1885133	3
1885242	0
1885269	0
1885293	0
1885709	0
1886247	0
1886476	0
1886507	2
1886976	0
1887320	2
1887433	2
1887686	3
1887890	0
1888588	0
1888904	0
1889359	0
1890146	2
1890444	5
1891017	1
1891103	2
1891748	3
1892408	1
1892538	2
1892680	1
1892745	0
1892802	2
1893103	0
1893234	2
1893269	2
1893329	0
1893362	0
1893652	0
1893742	1
1893840	0
1893973	0
1893982	0
1894104	0
1894145	2
1894229	2
1894398	0
1894490	0
1894880	2
1894948	2
1895435	1
1895842	1
1896103	1
1896511	2
1896538	5
1896556	0
1896667	2
1897588	2
1897964	0
1898176	0
1899124	0
1899634	2
1900254	1
1900422	2
1900570	4
1900581	4
1900590	0
1900628	4
1900664	0
1900854	2
1901023	2
1901089	2
1901597	1
1901635	5
1901846	1
1901933	1
1902036	2
1902055	2
1902223	2
1902256	0
1902327	4
1902342	0
1902567	0
1902574	0
1902620	0
1902987	2
1902997	2
1903011	0
1903102	5
1903202	0
1903297	0
1903321	1
1903378	0
1903586	0
1903728	2
1903762	4
1904143	2
1904168	2
1904259	0
1904720	1
1905032	0
1905064	2
1905314	5
1905366	2
1905401	2
1905769	0
1905782	2
1905805	4
1905929	0
1905959	0
1906051	0
1906395	2
1906456	2
1906716	1
1906770	1
1906795	0
1906826	0
1908273	2
1908453	1
1909355	2
1909576	0
1909820	4
1909920	1
1909996	2
1910027	0
1910120	2
1910125	2
1910194	0
1910203	0
1910512	1
1910958	4
1911044	4
1911215	0
1911346	0
1911669	2
1912281	5
1912787	1
1912998	1
1913011	2
1913077	0
1913118	0
1913223	0
1913524	0
1913734	1
1913854	2
1913915	0
1913955	0
1913959	0
1914094	1
1914206	0
1914359	3
1914616	1
1914946	0
1915098	0
1915328	1
1915851	2
1915855	2
1916108	0
1916242	0
1916290	1
1916296	0
1916473	2
1916481	2
1916587	0
1916891	0
1916959	4
1917101	2
1917137	0
1917318	4
1917323	2
1917395	2
1918219	0
1918404	0
1918475	0
1918503	2
1919334	3
1919544	2
1919650	0
1919718	0
1919987	5
1920192	4
1920385	0
1920743	4
1920855	0
1921076	1
1921178	0
1921266	1
1921524	2
1921590	5
1921621	0
1921734	1
1922688	0
1922812	0
1922837	3
1923257	2
1923294	0
1923672	2
1923846	5
1924273	4
1924347	0
1924438	0
1924507	2
1924677	0
1924863	2
1924894	0
1924964	2
1925014	0
1925117	2
1925237	1
1925264	0
1925318	0
1925322	2
1925496	2
1925717	2
1925741	2
1925951	0
1926101	2
1926209	0
1926231	0
1926302	0
1926455	2
1926959	1
1927008	2
1927552	2
1927673	4
1927866	1
1928691	0
1928907	2
1929060	1
1929352	2
1929486	2
1929675	2
1929736	5
1930028	0
1931149	0
1931921	0
1931945	3
1931999	1
1932577	1
1932765	2
1932802	1
1932905	0
1932927	0
1933120	2
1933132	0
1933238	5
1933606	4
1933689	0
1934650	2
1935141	2
1935222	1
1935511	3
1935552	2
1935719	1
1936117	1
1936187	2
1936286	1
1936402	5
1937153	2
1937684	0
1938367	1
1938800	2
1939125	2
1939246	1
1939350	2
1939424	1
1940133	0
1940526	4
1940610	0
1940686	2
1941198	4
1941265	0
1941294	0
1941305	0
1941357	2
1941609	2
1941618	2
1941707	1
1941721	5
1942002	4
1942003	1
1942500	0
1943031	2
1944094	0
1944470	0
1944507	0
1944813	2
1944814	0
1944942	0
1945167	0
1945450	2
1945878	1
1946447	1
1947077	2
1947303	0
1947816	2
1947837	2
1947902	0
1948086	2
1948237	0
1948319	5
1948351	0
1949156	0
1949752	2
1949966	0
1950617	2
1950862	0
1951205	0
1951232	0
1951520	0
1951798	0
1952144	0
1952520	0
1952638	2
1952891	2
1953746	0
1953848	0
1953976	2
1954043	1
1954298	0
1954376	0
1954474	1
1954478	2
1954740	0
1954857	2
1955136	0
1955232	5
1955419	2
1955556	2
1956031	5
1956033	4
1956246	0
1956289	0
1956868	2
1957144	2
1957180	4
1957575	0
1957650	2
1957789	0
1957819	0
1957995	2
1958050	5
1958099	0
1959408	1
1959450	0
1959986	1
1960179	2
1960780	3
1960903	0
1961038	0
1961600	5
1961869	2
1961962	2
1962361	2
1962634	5
1962757	0
1963020	0
1963033	2
1963161	0
1963740	1
1964008	2
1964288	4
1964405	4
1964547	2
1964920	0
1965028	4
1965608	2
1965744	4
1965768	3
1966091	2
1966169	2
1966222	0
1966338	2
1966561	1
1966958	0
1967219	0
1967612	0
1967743	0
1968035	2
1968058	2
1968507	2
1968966	2
1968978	2
1969012	0
1969025	0
1969116	0
1969668	1
1969752	2
1970096	2
1970357	5
1970402	2
1970508	0
1971091	1
1971130	1
1971148	4
1971253	2
1971434	0
1971485	0
1971502	2
1971553	0
1971793	2
1971871	0
1972614	2
1973388	3
1973533	0
1973706	1
1973780	2
1973866	2
1973974	0
1974417	2
1975262	0
1975373	4
1975414	0
1975452	0
1975850	2
1975960	2
1976052	0
1976123	0
1976196	2
1976206	0
1976378	2
1976452	1
1976701	2
1976805	0
1976814	0
1976887	1
1977005	1
1977208	2
1977285	0
1977327	2
1977509	2
1977556	2
1977779	0
1977814	2
1977881	1
1977979	1
1978120	0
1978249	3
1978920	2
1978966	0
1979438	2
1979463	0
1979780	0
1979828	0
1979860	4
1979898	2
1979956	4
1980121	0
1980124	1
1980205	0
1980288	2
1980325	2
1980455	0
1980968	3
1981219	0
1981279	0
1981819	1
1982077	1
1982162	3
1982249	0
1982438	0
1982439	0
1982477	3
1982512	0
1982603	1
1982673	2
1982785	0
1982852	0
1982896	1
1982955	0
1983255	0
1983847	2
1984053	3
1984115	2
1984228	1
1984315	0
1984507	2
1984538	1
1984596	4
1985179	0
1985689	0
1985842	0
1986051	0
1986081	0
1986228	0
1986356	2
1986418	0
1986471	2
1986577	0
1986738	2
1986744	0
1986769	0
1986782	0
1986843	0
1986871	0
1987484	0
1987722	1
1987887	2
1988028	2
1988038	0
1988130	1
1988245	1
1988254	3
1988421	2
1988855	0
1988936	5
1988950	4
1989198	2
1989304	0
1989366	0
1989381	0
1989476	3
1989513	1
1989702	1
1989783	0
1989822	1
1989930	2
1989965	4
1989980	0
1990031	2
1990040	0
1990117	1
1990129	2
1990219	0
1990352	2
1990490	1
1990614	2
1990680	0
1990783	2
1990899	0
1991116	3
1991177	2
1991210	2
1991285	1
1991338	2
1991469	0
1991556	2
1991661	1
1991764	0
1991885	0
1991920	2
1992022	0
1992053	2
1992348	3
1992357	4
1992499	0
1992732	3
1992741	2
1992886	0
1992908	0
1992988	0
1993011	1
1993064	1
1993114	4
1993116	5
1993117	0
1993319	0
1993370	2
1993444	0
1993784	0
1993939	0
1993940	2
1994179	2
1994234	2
1994627	2
1994714	0
1994760	1
1994912	5
1994913	2
1995311	0
1995478	2
1995480	1
1995703	5
1995755	2
1996226	0
1996228	0
1996283	0
1996301	4
1996378	2
1996391	3
1996444	4
1996636	2
1996654	0
1996667	5
1996721	3
1996777	0
1996943	3
1996984	1
1997327	0
1997425	2
1997564	2
1997608	0
1998086	0
1998439	2
1998486	2
1998490	0
1998606	2
1998690	0
1998760	0
1998790	3
1998996	1
1999042	0
1999098	0
1999124	2
1999204	1
1999238	1
1999280	1
1999405	4
1999533	0
1999751	0
2000119	2
2000184	0
2000443	0
2000727	0
2000914	0
2001004	3
2001239	1
2001293	0
2001337	2
2001456	2
2001544	0
2001560	2
2001612	2
2001661	0
2001750	2
2002110	1
2002612	2
2002616	0
2004598	0
2004877	5
2005063	0
2005498	2
2005548	0
2005550	2
2005890	4
2005934	2
2005950	0
2006035	3
2006061	0
2006167	2
2006505	2
2006629	2
2007249	0
2007255	0
2008066	3
2008083	4
2008115	2
2008174	0
2008237	0
2008285	0
2008750	4
2008762	2
2009964	2
2011017	1
2011436	0
2011640	2
2012071	2
2012240	2
2012266	0
2012487	0
2012708	0
2012778	2
2013969	2
2014118	0
2014392	0
2014553	0
2014717	0
2014872	0
2015149	1
2015239	2
2015372	0
2015826	2
2015862	2
2015953	0
2015975	0
2016193	2
2016411	1
2016559	0
2016993	5
2017049	0
2017195	1
2017457	0
2017527	4
2017588	2
2017753	2
2018013	0
2018337	4
2018374	0
2018658	2
2018798	1
2018876	1
2018919	1
2018997	1
2019214	3
2019307	1
2019457	0
2019490	0
2019525	3
2019817	2
2020014	2
2020079	0
2020439	2
2021130	2
2021216	2
2021244	2
2021251	3
2021296	0
2021749	2
2021780	2
2021888	0
2021918	2
2022575	4
2022958	0
2023005	0
2023069	2
2023463	2
2023482	0
2024036	0
2024107	2
2024251	0
2024478	2
2024962	2
2025087	2
2025658	2
2025912	0
2026188	0
2026483	2
2026521	0
2026868	0
2026881	1
2027036	0
2027235	0
2027500	1
2027561	4
2028424	2
2029140	2
2029221	1
2029557	1
2030052	2
2030172	0
2030308	5
2030517	2
2030681	3
2030688	0
2030859	0
2030975	2
2031035	0
2031150	2
2031261	4
2031367	4
2031573	2
2031616	1
2031860	0
2032242	0
2032392	0
2032426	1
2032886	1
2033066	2
2033281	1
2033403	0
2033895	1
2033959	0
2034217	0
2034444	2
2034457	2
2034670	1
2035517	0
2035830	0
2036038	0
2036043	1
2036106	5
2036112	1
2036187	1
2036315	2
2036509	0
2037896	2
2038050	3
2038180	2
2038326	2
2038347	2
2038755	4
2038914	5
2039018	0
2039118	1
2039147	2
2039765	0
2039968	0
2040322	2
2040337	2
2040744	2
2040887	0
2041051	0
2041092	2
2041119	5
2041226	0
2041460	1
2041773	0
2042104	2
2042593	1
2042619	0
2042872	2
2042976	0
2043323	0
2043333	2
2043763	1
2044005	4
2044283	1
2044428	1
2044475	0
2044503	1
2044728	2
2044764	0
2044936	2
2045124	0
2045140	2
2045159	2
2045191	0
2045308	2
2045401	5
2045448	0
2046091	2
2046690	4
2047486	0
2048330	0
2048357	2
2048598	4
2049117	0
2049165	2
2049550	2
2049759	1
2049796	0
2050003	0
2050067	2
2050102	0
2050190	0
2050250	5
2050322	2
2050323	0
2050463	0
2050573	0
2050662	0
2050867	2
2051993	2
2052570	1
2052875	0
2052940	0
2053032	0
2053084	2
2053177	2
2053196	2
2053405	2
2053645	5
2053709	2
2054739	0
2054768	0
2054898	0
2054960	0
2055103	1
2055283	2
2055594	0
2055702	5
2055831	2
2055938	1
2056162	0
2056190	0
2056243	4
2056317	2
2056327	2
2056358	2
2056727	0
2057177	2
2057216	0
2057862	0
2058032	2
2058362	2
2058733	0
2058763	0
2058859	5
2059060	0
2059333	2
2059363	0
2059615	2
2059836	2
2060000	0
2060240	4
2060564	0
2060648	2
2060885	0
2061171	2
2061248	2
2061803	3
2062046	5
2062861	2
2062978	2
2063028	0
2063117	0
2063379	2
2063483	1
2063516	2
2063602	3
2063678	5
2063707	2
2063781	0
2063966	0
2064882	0
2065045	0
2065445	0
2066053	0
2066315	0
2066317	1
2066323	0
2066577	1
2066840	5
2066851	0
2066950	4
2067393	1
2067621	4
2067773	2
2068928	1
2068950	2
2069191	0
2069788	1
2069842	0
2069861	2
2069907	0
2070013	0
2070132	1
2070226	2
2070865	0
2070919	4
2071039	2
2071045	2
2071137	0
2071224	2
2071255	0
2071504	0
2071511	0
2071614	0
2071684	2
2072036	2
2072146	2
2072235	4
2072413	3
2072713	5
2072796	1
2073081	0
2073143	1
2073426	0
2073600	2
2073868	1
2073915	0
2073962	0
2074046	5
2074058	0
2074300	2
2074579	0
2074705	2
2074718	2
2074954	1
2074998	0
2075231	2
2075248	1
2075373	2
2075465	2
2075609	0
2076036	0
2076060	0
2076125	2
2076271	2
2076357	0
2076999	1
2077015	0
2077248	0
2077270	0
2077421	1
2077688	2
2077707	4
2077989	0
2078251	2
2078320	0
2078458	2
2078590	2
2078742	0
2078777	1
2078813	4
2079042	0
2079096	0
2079464	4
2079640	2
2079702	0
2079884	0
2079899	0
2080007	0
2080031	1
2080209	0
2080287	2
2080303	0
2080364	0
2080461	0
2080968	2
2081083	0
2081085	2
2081342	0
2081675	0
2081964	5
2082104	3
2082380	2
2082649	0
2082864	3
2083194	0
2083504	5
2083540	0
2083575	3
2083614	0
2083697	1
2083771	1
2083910	2
2083937	1
2084186	1
2084333	2
2084405	2
2084867	1
2085023	0
2085340	2
2085367	0
2085394	2
2085526	0
2086254	4
2086573	3
2086583	1
2087180	2
2087263	0
2087403	1
2087514	0
2087594	0
2087666	2
2087841	0
2087844	0
2087870	0
2087920	4
2088113	1
2088163	0
2088722	0
2088837	0
2088860	3
2088884	2
2089018	1
2089337	2
2089368	2
2089574	2
2089916	2
2090261	0
2090263	0
2090313	0
2090418	2
2090901	0
2090928	2
2091149	3
2091466	1
2091696	1
2091795	0
2091835	1
2092107	2
2092171	1
2092472	1
2092581	0
2092606	1
2092992	0
2092993	2
2093019	0
2093023	0
2093177	0
2093273	4
2093422	2
2093568	1
2093984	1
2094174	2
2094306	1
2094310	0
2094333	0
2094528	3
2094638	0
2094739	4
2094957	2
2095023	1
2095128	0
2095361	2
2095442	2
2095681	0
2095717	0
2095875	2
2096122	2
2096128	2
2096147	0
2096313	0
2096412	1
2096537	0
2096585	2
2097380	5
2097421	2
2097775	0
2098003	1
2098030	2
2098052	2
2098219	0
2098996	2
2099236	2
2099297	4
2099368	3
2099551	2
2099798	0
2100001	0
2100105	2
2100162	0
2100192	1
2100492	0
2100624	2
2101018	2
2101489	0
2101563	1
2101584	2
2101688	0
2101690	2
2101845	2
2102256	2
2102302	0
2102668	0
2102863	4
2102881	0
2103095	0
2103124	0
2103228	1
2103263	2
2103336	1
2103733	0
2103751	2
2103791	1
2103795	0
2103938	5
2104013	0
2104078	0
2104620	4
2104817	2
2104991	1
2105196	4
2105597	0
2105655	2
2105776	0
2105977	1
2106028	2
2106311	1
2106332	0
2106489	0
2106774	0
2106973	0
2107125	1
2107162	0
2107601	0
2107731	0
2107979	0
2108097	0
2108442	2
2108453	1
2108610	1
2108815	0
2109713	2
2109732	4
2109803	0
2109947	5
2109974	0
2110347	0
2110780	0
2110785	0
2110857	2
2110894	1
2111611	1
2111613	1
2111826	1
2111882	2
2111989	1
2111992	0
2112243	1
2112395	2
2112555	2
2112739	2
2112788	0
2112928	0
2113135	0
2113507	2
2113825	1
2114006	0
2114162	2
2114537	2
2114701	0
2114951	5
2115267	2
2115428	2
2115830	0
2115874	0
2115898	4
2115956	0
2116000	2
2116239	0
2116402	1
2117113	0
2117851	0
2118108	2
2118273	0
2118433	2
2118501	2
2118586	0
2118656	0
2118772	0
2118952	1
2119009	0
2119182	0
2119351	2
2119500	2
2119515	0
2119571	1
2119789	0
2120239	0
2120242	2
2120395	0
2121068	2
2121146	2
2121400	0
2121414	2
2121442	2
2121561	3
2121621	0
2121941	0
2122301	1
2122362	0
2122430	0
2122526	5
2122555	0
2122589	0
2123050	1
2123166	0
2123186	2
2123386	2
2123501	2
2123948	2
2124086	0
2124348	2
2124618	1
2125096	3
2125243	1
2125331	0
2125625	0
2125635	0
2126204	2
2126319	0
2126520	0
2126904	0
2127116	1
2127366	0
2127756	1
2127956	2
2128442	0
2128740	0
2128908	0
2128940	1
2129036	0
2129776	0
2129916	2
2130122	0
2130542	0
2130582	0
2130586	0
2130605	1
2130856	1
2131079	2
2131103	2
2131129	0
2131134	2
2131142	0
2131395	5
2131712	0
2131723	2
2131776	0
2131997	2
2132001	0
2132065	1
2132368	2
2132429	0
2132557	0
2132683	0
2132687	5
2132725	0
2132817	0
2132826	0
2133049	0
2133159	2
2133308	0
2133787	2
2134112	0
2134254	2
2134283	2
2134457	1
2134525	2
2134545	0
2134599	1
2134882	2
2134898	2
2135169	1
2135183	1
2135421	1
2135663	2
2135688	1
2135760	1
2135854	0
2135986	1
2136588	4
2136802	2
2137068	0
2137140	0
2137155	0
2137305	0
2137377	0
2137526	1
2137703	2
2137854	1
2137924	2
2137982	1
2138213	0
2138402	1
2138501	2
2138648	2
2138683	2
2138691	2
2138725	2
2138881	0
2139010	0
2139112	4
2139860	0
2140042	2
2140198	0
2140253	1
2140432	3
2140613	2
2140620	5
2140659	3
2140859	2
2141072	1
2141801	2
2141957	0
2141982	2
2142019	0
2142038	1
2142092	0
2142210	2
2142260	3
2142303	2
2142761	0
2142815	0
2143255	1
2143281	5
2143283	2
2143553	2
2143570	0
2143663	0
2143770	0
2144072	0
2144580	2
2144648	0
2144669	1
2144878	0
2144887	2
2145114	1
2145178	0
2145221	2
2145312	0
2145481	1
2145820	0
2146072	0
2147136	0
2147436	0
2147562	0
2147838	2
2148074	3
2148354	0
2148491	0
2148582	1
2148807	4
2148875	3
2148961	0
2149125	0
2149149	0
2149321	2
2149628	0
2150257	0
2150411	1
2150731	0
2150779	0
2151232	1
2151239	1
2151312	1
2151499	1
2151585	3
2151655	1
2151842	0
2151921	0
2151995	1
2152093	1
2152300	4
2152343	2
2152426	2
2152448	5
2152547	2
2152708	1
2152714	4
2153046	2
2153198	2
2153265	0
2153517	2
2153599	1
2153664	2
2155251	3
2155282	2
2155367	0
2155947	0
2155987	2
2156272	1
2156388	2
2156460	0
2156499	0
2156848	2
2156921	2
2156956	0
2157067	0
2157096	1
2157315	0
2157410	0
2157709	0
2157822	3
2157840	0
2158039	2
2158253	4
2158507	0
2159121	4
2159973	2
2160013	2
2160064	0
2160379	1
2160380	1
2160689	2
2160827	2
2160854	0
2161103	0
2161339	1
2161370	2
2161432	3
2162134	2
2162564	1
2162939	2
2163193	2
2163208	1
2163629	2
2163650	1
2164138	5
2164168	0
2164637	2
2164690	2
2165097	0
2165128	1
2165984	2
2166035	0
2166049	1
2166076	0
2166128	0
2166628	1
2166651	0
2167140	2
2167336	3
2168088	2
2168118	0
2168183	2
2168837	0
2168946	0
2169094	1
2169572	2
2169655	1
2169682	1
2169744	2
2170094	1
2170102	2
2170177	0
2170334	0
2170374	0
2170401	1
2170550	0
2170863	0
2171316	0
2171686	1
2171726	2
2172165	3
2172467	0
2172481	1
2172510	0
2172631	0
2173248	0
2173321	2
2173331	0
2173931	0
2174252	0
2174282	1
2174379	0
2174720	2
2175054	0
2175388	0
2175571	2
2175793	2
2175832	1
2176037	5
2176750	2
2176852	2
2177039	4
2177099	2
2177720	0
2179094	2
2179246	1
2179403	4
2179560	0
2179821	1
2180636	1
2181024	0
2181222	0
2181420	0
2182075	0
2182197	0
2182392	3
2182721	3
2182754	1
2182778	2
2182814	0
2182859	2
2183275	3
2183353	0
2183421	2
2183509	2
2184142	0
2184497	2
2184687	0
2185036	0
2185382	2
2185493	2
2185713	1
2186750	2
2186941	4
2187429	1
2187495	1
2187646	1
2187891	2
2188051	0
2188068	5
2188076	2
2188195	2
2188464	2
2188580	1
2188726	2
2188796	0
2188819	4
2189152	0
2189367	1
2189696	0
2189848	0
2190148	2
2190362	0
2190449	0
2190663	0
2190862	1
2191038	0
2191211	0
2191297	1
2191372	0
2191553	0
2191815	0
2191870	0
2191949	2
2191958	0
2191960	0
2192025	0
2192134	2
2192176	3
2192469	2
2192511	1
2192717	1
2192749	0
2192799	2
2192810	0
2192866	0
2192908	1
2193590	2
2193599	3
2193786	1
2193801	2
2194032	0
2194084	0
2194103	2
2194557	1
2194741	5
2194797	5
2195152	1
2195365	0
2195592	2
2195770	2
2195800	0
2195802	0
2196132	0
2196796	0
2197012	0
2197015	1
2197036	1
2197198	0
2197257	0
2197297	0
2197747	2
2197831	2
2198231	1
2198276	0
2199359	2
2199362	0
2199744	4
2199802	0
2199970	1
2200052	0
2200299	1
2200684	3
2200989	0
2201339	2
2201363	1
2201460	0
2201480	0
2201720	2
2201732	2
2201819	1
2201902	1
2202023	0
2202025	3
2202293	2
2202570	2
2203072	0
2203323	2
2203718	1
2203762	2
2204218	2
2204369	0
2204836	2
2205271	2
2205306	2
2206090	0
2206162	2
2206256	3
2206421	4
2206429	2
2207283	2
2207340	2
2207368	2
2207441	2
2207553	2
2207825	2
2208108	0
2208327	1
2208575	2
2208985	1
2209264	0
2209649	0
2209747	0
2209827	5
2210080	0
2210258	0
2210502	0
2210627	0
2210750	0
2210808	2
2211162	2
2211219	0
2211358	0
2211428	4
2211719	0
2211723	2
2211745	0
2212227	0
2212291	2
2212650	0
2212969	2
2213148	1
2213323	2
2213349	0
2213469	0
2213477	0
2213504	1
2213759	0
2214043	1
2214242	0
2214264	0
2214268	0
2214757	2
2214812	2
2215177	4
2215706	0
2215950	0
2216583	0
2216830	2
2216953	2
2217045	2
2217593	0
2217786	4
2217806	0
2217958	4
2218127	0
2218151	0
2218343	1
2218666	0
2218718	1
2219348	0
2220245	0
2220248	0
2220285	5
2220387	1
2220936	0
2221054	0
2221086	2
2221201	2
2221242	1
2221298	2
2221511	1
2221543	2
2221581	3
2221651	1
2221695	0
2222069	1
2222394	2
2222471	2
2222855	2
2223109	3
2223690	0
2224137	0
2224472	0
2224531	0
2224653	0
2224675	0
2224782	1
2224816	1
2224866	2
2224871	0
2225043	0
2225051	2
2225128	0
2226550	0
2226634	0
2226677	2
2226850	0
2226954	0
2227144	1
2227147	2
2227281	1
2227480	0
2227658	0
2227689	5
2227896	2
2228075	0
2228167	0
2228683	0
2228814	2
2229234	2
2229868	0
2230240	0
2230319	0
2230422	2
2230745	2
2230749	3
2230860	4
2231012	1
2231095	0
2231264	0
2231523	0
2231692	2
2231828	2
2232448	0
2232733	0
2232758	0
2232762	0
2233109	3
2233544	5
2233560	2
2233699	0
2233852	0
2234165	2
2234875	2
2235292	4
2235493	2
2235556	1
2235605	0
2235690	2
2235968	0
2236145	0
2236160	1
2236423	0
2236740	2
2236875	4
2236987	4
2237218	2
2237345	1
2237744	0
2237906	0
2237946	0
2238390	0
2238753	2
2238888	2
2238987	2
2239011	2
2239203	0
2239902	0
2240228	3
2240362	2
2240525	0
2240529	0
2241227	0
2241274	0
2241504	0
2241631	2
2241854	0
2242533	0
2242940	1
2243021	1
2243272	2
2243302	0
2243389	1
2243494	2
2243495	1
2243560	2
2243752	0
2243920	2
2243953	0
2244244	2
2244383	4
2244765	2
2245007	0
2245192	2
2245502	2
2245688	0
2245785	0
2245810	0
2245876	2
2246228	0
2246639	0
2246655	0
2246718	0
2246849	2
2247275	0
2247505	0
2247939	2
2247985	0
2248710	0
2248825	2
2249020	0
2249187	1
2249509	2
2249538	2
2249600	0
2250473	2
2250843	0
2251125	1
2251231	0
2251760	1
2251844	3
2252492	0
2252803	2
2252846	2
2253146	2
2253644	0
2254073	0
2254211	0
2255156	0
2255340	2
2255982	1
2255987	0
2256397	0
2256470	0
2257177	0
2257410	4
2257576	0
2258216	5
2258271	3
2258311	2
2258918	2
2259112	1
2259443	5
2259947	2
2260123	2
2260632	0
2260936	1
2261081	1
2261239	5
2261792	0
2262226	0
2262304	0
2262715	0
2262846	2
2263000	4
2263307	1
2263363	0
2263460	1
2264076	1
2264151	2
2264520	1
2264908	5
2264976	2
2265183	1
2266051	0
2266174	4
2266248	0
2266279	1
2266782	4
2266912	2
2266991	1
2267159	0
2267317	3
2267738	2
2267864	0
2267879	2
2268069	0
2268604	0
2268878	1
2268902	0
2269218	0
2269448	0
2269708	1
2270163	1
2270242	0
2270265	0
2270543	2
2271088	3
2271281	0
2271362	5
2271376	4
2271465	0
2271474	2
2271684	2
2271836	0
2271864	2
2272318	0
2272932	0
2273094	0
2273121	2
2273213	0
2273430	2
2273609	0
2273718	0
2274605	1
2274866	4
2275262	0
2275977	2
2276036	0
2276269	2
2276348	1
2276560	0
2276636	0
2276794	0
2276810	2
2277076	0
2277399	2
2277441	0
2277487	5
2277488	0
2277612	5
2278186	2
2278195	2
2278294	1
2278659	2
2278693	0
2278721	0
2279202	2
2279400	0
2280805	0
2280826	1
2281173	2
2281265	0
2281464	0
2281548	2
2281649	0
2281910	0
2281943	0
2282091	0
2282147	0
2282285	2
2282367	0
2282394	2
2282645	0
2283020	0
2283296	2
2283447	1
2283583	1
2283589	0
2284502	2
2284572	0
2284659	0
2285054	2
2285272	0
2285293	0
2285324	2
2285328	1
2285812	0
2286518	0
2286680	0
2286698	0
2286975	2
2287908	0
2288091	0
2288175	0
2288331	1
2288559	0
2288648	0
2288695	2
2288864	0
2288919	2
2290326	0
2290385	2
2290437	0
2290471	2
2290651	0
2290770	2
2290818	3
2291090	2
2291230	1
2291660	1
2291904	0
2292073	0
2292179	0
2292197	0
2292664	3
2293057	2
2293673	1
2293730	2
2294464	0
2294525	0
2296360	4
2297693	5
2298085	0
2298455	0
2298559	3
2299005	0
2299085	2
2299170	0
2299813	2
2300079	2
2300295	2
2300548	1
2300663	0
2300787	0
2300792	2
2300963	1
2301097	0
2301273	0
2301343	2
2301394	1
2301485	0
2301518	1
2301737	1
2301749	0
2301994	0
2302422	0
2303016	5
2303524	1
2303699	0
2303770	0
2303833	2
2304285	2
2304478	0
2304973	1
2305052	0
2305105	0
2305249	0
2305415	2
2305570	1
2305763	0
2305991	2
2305993	0
2306038	1
2306046	1
2306238	0
2306290	1
2306294	4
2306330	4
2306438	5
2306532	0
2306591	2
2307129	1
2307374	0
2307551	2
2307956	0
2308183	1
2308225	2
2308554	5
2308721	1
2309137	3
2309255	2
2309300	3
2309459	0
2309720	1
2310053	0
2310301	2
2310331	0
2310466	4
2311169	1
2311342	1
2311408	0
2311412	0
2311626	1
2311649	1
2311726	2
2311873	2
2312421	0
2312630	0
2312756	0
2312951	1
2313267	5
2313430	3
2313566	1
2313745	0
2314090	0
2314284	2
2314546	0
2314913	2
2315319	2
2315616	0
2315653	0
2315716	2
2315810	0
2316047	3
2316260	1
2316754	0
2316898	0
2316938	0
2317063	0
2317256	0
2317365	4
2317657	0
2318481	0
2318543	2
2319143	1
2319240	0
2319258	0
2319327	0
2319503	2
2319945	2
2319985	0
2320139	0
2320271	0
2320358	4
2320765	2
2320851	0
2320953	0
2321361	0
2321397	0
2321516	2
2321741	3
2321896	0
2322138	4
2322584	2
2323611	0
2323848	4
2324068	2
2324088	1
2324174	2
2324495	0
2324497	3
2324552	0
2324893	2
2324916	4
2325045	2
2325275	0
2325528	0
2325812	0
2325998	2
2326078	2
2326295	1
2326375	0
2326383	2
2326386	1
2326589	0
2326684	4
2326824	1
2327110	0
2328122	1
2328371	0
2328393	0
2328423	5
2328548	0
2328643	2
2328687	0
2328760	2
2328861	0
2329004	1
2329144	1
2329263	4
2329299	2
2329436	0
2329624	4
2329665	2
2330166	0
2330171	4
2330187	0
2330218	0
2330243	0
2330369	0
2331067	2
2331146	0
2331181	1
2331246	1
2331265	0
2331467	2
2331634	2
2331718	1
2331752	1
2331908	0
2332144	0
2332732	0
2332891	1
2332922	0
2332952	3
2333007	0
2333064	2
2333215	2
2333290	2
2333347	0
2333386	0
2333404	0
2333439	2
2333534	4
2333798	2
2333890	1
2334189	3
2334207	0
2334396	2
2334564	1
2335461	0
2335473	2
2335548	4
2336234	0
2336377	0
2336893	0
2337887	0
2338126	0
2338170	2
2338383	0
2338560	0
2338734	2
2339001	1
2339282	1
2339488	1
2339737	5
2339804	1
2339987	2
2340093	2
2340300	0
2340336	2
2340589	0
2340703	0
2341232	2
2341540	0
2341874	0
2342012	3
2342271	2
2342381	0
2342527	0
2342528	0
2342978	1
2343114	0
2343135	1
2343147	0
2343353	0
2343354	0
2343430	0
2343709	0
2344339	0
2344485	1
2344662	0
2345116	1
2345126	0
2345406	0
2345426	0
2347072	2
2347182	1
2347380	1
2347507	1
2348075	4
2348662	2
2348703	1
2348782	3
2348978	2
2349008	0
2349064	0
2349097	4
2349273	1
2349360	4
2349607	3
2349654	5
2349827	0
2350166	2
2350241	1
2350520	4
2350761	4
2350785	0
2350840	1
2351466	0
2351729	0
2351834	0
2352695	2
2352723	4
2352856	2
2352887	0
2353153	0
2353375	2
2353670	1
2353814	2
2353849	0
2353940	2
2354058	1
2354289	2
2354427	2
2354661	2
2355291	0
2355385	0
2355455	0
2355553	0
2355568	1
2355602	1
2355693	0
2355713	0
2356205	4
2356683	0
2356907	2
2356959	2
2357004	1
2357073	2
2357200	2
2357404	0
2357436	0
2357823	2
2358355	0
2358430	1
2358515	2
2358715	1
2359141	2
2359229	1
2359405	4
2360214	0
2360327	1
2360909	0
2361058	0
2361391	0
2361505	0
2361770	0
2362041	0
2362515	0
2363053	5
2363520	1
2363653	1
2363754	0
2363989	0
2364390	2
2364473	0
2364730	2
2365286	4
2365292	1
2365957	1
2366046	0
2366293	0
2366403	2
2366608	2
2366908	5
2367305	2
2367560	0
2367602	1
2367632	0
2367740	0
2367825	1
2368481	1
2368527	1
2368648	2
2369662	0
2369854	0
2369876	1
2369950	0
2370332	0
2370427	1
2370516	0
2370569	3
2370979	5
2371021	1
2371331	0
2371353	1
2371459	0
2371793	0
2372319	2
2372464	0
2372548	5
2372573	0
2372788	1
2373013	0
2373346	0
2373528	2
2373846	2
2373872	1
2374076	0
2374159	0
2374344	2
2374540	2
2374687	5
2374730	3
2375296	3
2375302	0
2375422	0
2375862	0
2375883	2
2375973	2
2376161	2
2376645	0
2376975	0
2377121	0
2377230	2
2377271	0
2377412	2
2377452	0
2377749	0
2378456	1
2378672	1
2378876	0
2379098	1
2379119	0
2379230	2
2379282	1
2379522	2
2379643	1
2380014	3
2380148	1
2380172	2
2380466	0
2381510	2
2381663	5
2381705	0
2381915	2
2382275	1
2382281	2
2383231	2
2383502	0
2384405	0
2384550	0
2384735	0
2384899	0
2385040	2
2385099	0
2385510	2
2385583	1
2385588	0
2385703	4
2385870	5
2385911	0
2386259	1
2386528	0
2386905	4
2387192	2
2387318	3
2387616	1
2387735	0
2388041	0
2388504	0
2388681	0
2389177	2
2389474	2
2389597	4
2389739	2
2389859	0
2390468	2
2390748	2
2390819	0
2390969	2
2391004	4
2391026	0
2391515	0
2391552	0
2391597	0
2391643	1
2391911	4
2392217	2
2392476	0
2392674	2
2393557	1
2393615	2
2393779	0
2393919	1
2394258	0
2394420	0
2394522	0
2394792	4
2394967	0
2395040	1
2395928	0
2396001	2
2396306	1
2396320	4
2396576	0
2396703	3
2396750	1
2396882	2
2397092	0
2397247	0
2397666	4
2397724	0
2397733	0
2397744	2
2397748	0
2397831	4
2397994	0
2398160	1
2398975	0
2400201	2
2400620	1
2400677	2
2400954	1
2401086	0
2401145	2
2401307	0
2401311	0
2401625	2
2401919	1
2401966	2
2402116	2
2402292	0
2402333	0
2402384	2
2402638	2
2402649	0
2402914	0
2403047	1
2403127	2
2403881	0
2404684	4
2404898	2
2404928	1
2404996	1
2405152	2
2405502	0
2405898	0
2406154	4
2406407	2
2406408	2
2406891	0
2406988	3
2407033	3
2407215	0
2407657	0
2407673	0
2408844	2
2409347	0
2409850	0
2410605	1
2410975	2
2411359	2
2411585	2
2411674	0
2411856	1
2412190	2
2412661	0
2412812	2
2413117	0
2413223	4
2413393	3
2413422	2
2413576	0
2413684	1
2413993	0
2414291	1
2414654	0
2414759	0
2414901	0
2414902	0
2414915	2
2415123	0
2415256	4
2415674	2
2416335	4
2416571	1
2416713	2
2417101	0
2417471	2
2418261	0
2418760	2
2418769	0
2418893	0
2419025	0
2419452	4
2419588	0
2420123	2
2420327	1
2420352	2
2420354	2
2420403	0
2420438	2
2421252	2
2422164	4
2422170	1
2422353	1
2422512	0
2422857	5
2423062	2
2423160	0
2423250	2
2423392	0
2424330	2
2425547	2
2425610	0
2425826	0
2426770	0
2427383	1
2427421	0
2427536	0
2427609	0
2427828	3
2427829	0
2428005	1
2428079	1
2428087	1
2428277	1
2428575	0
2428577	1
2429020	0
2429029	2
2429033	0
2429435	2
2429446	5
2429694	1
2429759	0
2430000	2
2430257	1
2430335	0
2430392	1
2430478	0
2430533	0
2430591	0
2430821	0
2431855	0
2432100	0
2432829	2
2433213	1
2433363	1
2433752	0
2433898	0
2433903	0
2434051	4
2434325	0
2434504	2
2435565	2
2436431	2
2436541	1
2436557	0
2436761	4
2436826	1
2436940	1
2436955	0
2437057	0
2437109	0
2437128	2
2437483	0
2437497	0
2437715	0
2437779	1
2438185	0
2439317	0
2439580	1
2439623	2
2440229	0
2440335	1
2440449	0
2440729	1
2441128	0
2441144	0
2441967	0
2442678	0
2442691	1
2442811	2
2442835	0
2443083	4
2443239	1
2443279	3
2443284	0
2443616	0
2443678	1
2443868	0
2444148	0
2444184	2
2444458	2
2444527	0
2444538	2
2445498	1
2445616	1
2445695	2
2445727	1
2445733	0
2445779	4
2445815	0
2446169	1
2447288	0
2447304	2
2447455	0
2447689	2
2447816	0
2448146	0
2448335	0
2448412	2
2448884	1
2449463	0
2449516	1
2450410	0
2450622	3
2451178	2
2451558	5
2451668	1
2451707	0
2451732	1
2451751	1
2451758	0
2452035	0
2452308	2
2452366	0
2452368	0
2452732	0
2452815	0
2453040	1
2453137	0
2453260	1
2453317	0
2453605	0
2454455	1
2454580	0
2454607	2
2454900	0
2455386	0
2455729	2
2456125	1
2456139	2
2456285	3
2456420	0
2457306	0
2457312	5
2457344	0
2457654	1
2457670	0
2457804	0
2457856	2
2457882	1
2458576	0
2458727	2
2459053	0
2459154	0
2459266	2
2459410	1
2459669	1
2460427	2
2460836	0
2461139	0
2461829	4
2461853	2
2461968	1
2462309	0
2462535	0
2462568	2
2462587	0
2462608	0
2463391	2
2463461	2
2463499	2
2463882	0
2464629	1
2464662	2
2464686	0
2465213	0
2465705	1
2465734	0
2465811	3
2465832	2
2465968	0
2466133	0
2466145	2
2466364	0
2466519	2
2466677	3
2467604	2
2467627	4
2467857	2
2468360	4
2468381	2
2468474	1
2468703	1
2469115	0
2469138	2
2469166	2
2469438	1
2469451	1
2469455	3
2469555	0
2469945	1
2469971	2
2470359	0
2470415	4
2470500	2
2470552	2
2470850	0
2470913	0
2471394	3
2471441	2
2471581	0
2472173	0
2472342	2
2472364	2
2472429	2
2472641	0
2472848	2
2473027	0
2473321	2
2473334	0
2473594	0
2473804	2
2473857	1
2474016	2
2474260	0
2474653	0
2474695	0
2474959	2
2475302	0
2475433	2
2475568	0
2476123	0
2476198	4
2476485	2
2476788	0
2477181	0
2477585	2
2478070	0
2478574	0
2478861	2
2479020	2
2479032	2
2479419	0
2480066	2
2480422	1
2480795	2
2480967	2
2481167	0
2481787	1
2481836	1
2481888	3
2481889	2
2482051	4
2482199	1
2482283	0
2483116	2
2483498	1
2483598	2
2483974	2
2484828	0
2484852	0
2484908	0
2485368	0
2485482	4
2485861	1
2485913	0
2486128	0
2486694	2
2487177	2
2487534	0
2487555	2
2488023	0
2488121	2
2488400	2
2488411	2
2488669	2
2489434	1
2489607	0
2489694	2
2489698	0
2490210	2
2490543	0
2490593	0
2490628	0
2490659	2
2490680	4
2491043	0
2491232	1
2491240	2
2491431	2
2492516	1
2492937	1
2493058	0
2493283	0
2493446	2
2493592	2
2493816	2
2493940	2
2494426	5
2494495	2
2494574	5
2494687	0
2495488	2
2495666	2
2495850	0
2496429	2
2496532	0
2496627	0
2496645	0
2496647	2
2496875	0
2496962	2
2497188	2
2497427	4
2497566	0
2498632	1
2498661	2
2498882	2
2499369	2
2500059	0
2500338	0
2500865	1
2501276	2
2501436	2
2501697	2
2501735	2
2501779	2
2501955	0
2502136	2
2502184	1
2502426	2
2502621	0
2502702	0
2503090	0
2503179	1
2503287	2
2503834	2
2503840	0
2503946	0
2504061	2
2504133	4
2504407	0
2504902	5
2505001	2
2505054	2
2505156	0
2505394	0
2505524	1
2506000	2
2506874	0
2507397	2
2507486	1
2509077	2
2509082	0
2510063	0
2510497	0
2510640	0
2510774	0
2512086	2
2512399	2
2512579	0
2512699	2
2512945	0
2513085	2
2513268	0
2514530	0
2514665	0
2514694	2
2515001	0
2515537	0
2515602	1
2515623	0
2515996	0
2516264	0
2516571	2
2516606	1
2516840	0
2516863	2
2517114	0
2517133	1
2517399	1
2517497	0
2518006	0
2518026	2
2518161	0
2518235	2
2519121	0
2519533	2
2519560	0
2520554	2
2520922	0
2521176	2
2521337	0
2521372	0
2521474	2
2522209	1
2522814	2
2522978	0
2523329	5
2523571	1
2523861	0
2524031	2
2524218	2
2524433	0
2524609	1
2524642	1
2524845	2
2525713	0
2525738	1
2525864	2
2526231	0
2526738	5
2527008	1
2527622	1
2527763	0
2527768	1
2528826	0
2528841	5
2528996	5
2529978	5
2530074	0
2530207	0
2530485	0
2531279	0
2531682	0
2532583	0
2533608	2
2534170	1
2534506	0
2534623	2
2535028	0
2535082	2
2535097	0
2535225	3
2535490	1
2535663	4
2536019	1
2536623	2
2536802	0
2537222	0
2537395	0
2537626	2
2539214	0
2539220	2
2539477	1
2540727	0
2540976	0
2541104	2
2542741	2
2543057	3
2543148	2
2543345	2
2544311	3
2544467	0
2546067	1
2547934	0
2548586	2
2548635	5
2548881	4
2549304	0
2550461	2
2550598	5
2550734	0
2550844	2
2551081	4
2551279	0
2551520	0
2552071	0
2553617	0
2553768	0
2554327	1
2554458	1
2554925	2
2555069	0
2555107	0
2555109	2
2555145	0
2555861	0
2555982	2
2556091	2
2556807	0
2557068	2
2557304	2
2557875	2
2558002	2
2558238	2
2558853	0
2558906	2
2559081	0
2559148	1
2559307	2
2559446	0
2559559	2
2559700	2
2559966	5
2559983	0
2560429	3
2560936	0
2561115	0
2562413	0
2562545	0
2562990	0
2563515	2
2564530	1
2564572	2
2565527	2
2566232	0
2566924	0
2567040	1
2567165	1
2567303	2
2567741	4
2567782	2
2567958	0
2568101	5
2569297	2
2569349	1
2569384	0
2569890	1
2570459	1
2571182	2
2571337	0
2571725	0
2572166	2
2572317	2
2572412	5
2572774	2
2573128	0
2573529	2
2573619	0
2574393	2
2574504	0
2574992	3
2575097	0
2575264	0
2575716	2
2575916	1
2575944	2
2575946	2
2575988	1
2576228	2
2576241	2
2577866	1
2577910	4
2578591	0
2578698	0
2579638	0
2580220	1
2580868	2
2580877	0
2580945	5
2581197	5
2581498	4
2581851	0
2582891	1
2582932	2
2583631	1
2583712	0
2583928	4
2584129	0
2584149	2
2584184	0
2584444	0
2584469	2
2584511	0
2584783	0
2585246	0
2585407	0
2586500	1
2586809	0
2586995	2
2587283	0
2587468	0
2588669	1
2588947	0
2589121	0
2589651	0
2589732	2
2590290	1
2590695	2
2591212	2
2591713	0
2592402	0
2592719	0
2592823	2
2593613	0
2593785	0
2594050	1
2594460	0
2594476	0
2594553	2
2594654	1
2595071	0
2595725	0
2595789	5
2596515	5
2596700	1
2597074	2
2597328	0
2597551	1
2597558	1
2597745	2
2597819	2
2598144	2
2598381	1
2598918	2
2599202	0
2599209	0
2599472	1
2599839	2
2599938	0
2600521	5
2600606	2
2600665	0
2600956	0
2601293	0
2601578	2
2601847	0
2602271	0
2602320	2
2602559	2
2602648	0
2603286	0
2603607	0
2603722	2
2604007	0
2604247	2
2604428	2
2604576	2
2604669	5
2604689	2
2604979	0
2605063	2
2606162	2
2606246	2
2606737	0
2607647	2
2608476	0
2609082	2
2609249	0
2609515	0
2609583	1
2609843	0
2609940	2
2610011	0
2610921	2
2611684	0
2611864	2
2611917	0
2612164	0
2613562	0
2613902	2
2613984	3
2614329	0
2615140	2
2615362	1
2615588	0
2615603	2
2615649	1
2615697	1
2615922	5
2616275	0
2616915	2
2617164	1
2617405	1
2617543	2
2617903	0
2618879	0
2619019	0
2619180	2
2619703	0
2619762	2
2620166	0
2620480	3
2620652	0
2620939	2
2620958	2
2621378	0
2622654	0
2622831	2
2622845	0
2623028	0
2623400	0
2623674	2
2624119	0
2624513	4
2625036	2
2625826	2
2626050	5
2627769	2
2628007	0
2628856	0
2628977	1
2629286	0
2629359	4
2629512	0
2629649	0
2629760	1
2629823	0
2629858	2
2629947	2
2630069	0
2630170	2
2630251	1
2630684	0
2631289	5
2632930	5
2633218	1
2633656	0
2634675	5
2634769	2
2635173	0
2635305	2
2635450	0
2635506	0
2635965	0
2636136	0
2636284	2
2636850	4
2636956	0
2637753	0
2638401	0
2638774	1
2639164	5
2639339	1
2639692	1
2639762	2
2640505	2
2640835	2
2641026	1
2641339	1
2642115	2
2642171	0
2642210	0
2642288	2
2642417	0
2642426	2
2643154	4
2643180	2
2643428	4
2643565	0
2643584	2
2643766	0
2643829	0
2643995	5
2644237	0
2644604	2
2644719	2
2644724	4
2644998	5
2645165	0
2645179	2
2645187	0
2645201	0
2646215	2
2646292	5
2646360	2
2647723	1
2647866	0
2648398	0
2649228	5
2649363	2
2649532	2
2649692	2
2650045	2
2650297	1
2651302	0
2651723	0
2652210	2
2652890	1
2653000	3
2653281	2
2653540	1
2654489	0
2654897	2
2655299	0
2655390	0
2655403	1
2655495	0
2655576	4
2657423	1
2657936	0
2658140	0
2658150	2
2658572	0
2658870	0
2659651	2
2659703	1
2660604	1
2660658	2
2660682	1
2661605	1
2661641	1
2661645	0
2661870	2
2661922	0
2661944	2
2662349	0
2663243	4
2663555	0
2663878	0
2663892	0
2664590	0
2664598	2
2666265	0
2666811	1
2666915	5
2666931	5
2667184	1
2667390	0
2667768	0
2667997	0
2668190	2
2668233	1
2668489	5
2668746	0
2669339	0
2670980	2
2671471	2
2671977	1
2672550	2
2672978	0
2673285	2
2673530	2
2673621	0
2674395	0
2674832	2
2675157	2
2675196	3
2675411	2
2675870	0
2677792	1
2678332	2
2679064	0
2679424	1
2680295	2
2680356	0
2680895	0
2681007	2
2681040	2
2681315	2
2681346	0
2681360	0
2681380	4
2681487	0
2681686	1
2681817	1
2681886	2
2682211	2
2682410	1
2683208	0
2683252	2
2683499	0
2685136	0
2686587	4
2687102	0
2687908	0
2688730	2
2688752	0
2688850	0
2689017	4
2689974	0
2690045	0
2690063	0
2690948	0
2691462	0
2691537	0
2691549	1
2692099	1
2692249	0
2692297	2
2692706	1
2693019	5
2693289	4
2693647	3
2694669	0
2695793	2
2696414	4
2696574	1
2697351	1
2697433	5
2697730	2
2697917	5
2698978	0
2698990	0
2699760	0
2701098	2
2701256	2
2701372	0
2701489	5
2701591	0
2701758	1
2701845	2
2702303	1
2702439	0
2702532	0
2702730	4
2703673	0
2704084	5
2704376	1
2704396	2
2704516	0
2705438	2
2705750	2
2706070	2
2706382	0
2706418	2
2706479	0
2706528	0
2706634	4
2708156	1
2709158	1
2709543	1
2709984	2
2710353	0
2710704	3
2711085	0
2711096	4
2711138	0
2711299	1
2711315	2
2711638	0
2711750	0
2711876	2
2712251	0
2712257	2
2712437	2
2712700	5
2713645	0
2714141	4
2714332	1
2715961	0
2716157	0
2716290	2
2716964	0
2717381	1
2717662	2
2718503	0
2719662	4
2719681	1
2719690	2
2719834	4
2719866	4
2720705	0
2721891	3
2722505	1
2723377	2
2723676	0
2724481	2
2724486	1
2725065	0
2725324	0
2725353	1
2727044	2
2727884	0
2728112	0
2728370	0
2728521	0
2728598	2
2729629	2
2729841	0
2730652	0
2730673	2
2730833	0
2731007	1
2731069	2
2731577	1
2731631	2
2732291	1
2733164	5
2734134	0
2735158	0
2735301	0
2735551	5
2735710	0
2735791	2
2736690	0
2736761	0
2737133	1
2737355	0
2737770	0
2738116	4
2738155	1
2738298	0
2738500	2
2738835	2
2739187	1
2739568	1
2739693	0
2739949	0
2740170	0
2740342	0
2740413	4
2740907	4
2741037	0
2741650	1
2742001	0
2742061	0
2742749	2
2742784	2
2743026	2
2743302	0
2743399	0
2744018	2
2744510	0
2745102	0
2745143	0
2745293	1
2745510	0
2745624	0
2746137	0
2746323	0
2746839	1
2747235	1
2747860	5
2747901	2
2748099	2
2748122	0
2749362	0
2749983	1
2750112	2
2750429	0
2750552	2
2750619	4
2751225	0
2751389	0
2751811	0
2751912	0
2752356	2
2752524	1
2752937	4
2752953	0
2753950	1
2754101	4
2754671	5
2754761	2
2754764	2
2755856	2
2756235	5
2756361	2
2756618	2
2756850	2
2757074	5
2758251	1
2758638	4
2758786	2
2758888	1
2759064	0
2759689	2
2760176	2
2760414	0
2760750	0
2761658	0
2761795	2
2762003	2
2762399	0
2762439	0
2762705	1
2762731	1
2762779	2
2763360	1
2763869	0
2763950	5
2765151	3
2766294	0
2766733	2
2767746	2
2768010	2
2768972	2
2769600	0
2769705	1
2770484	1
2770678	0
2770753	0
2770848	0
2770956	0
2771048	3
2771069	2
2771253	0
2771438	2
2771718	3
2772255	2
2772671	1
2772685	0
2772702	0
2772719	0
2772950	2
2773116	4
2773129	5
2773656	1
2774953	2
2774978	3
2775937	2
2776171	2
2776249	0
2776396	0
2776555	0
2777377	2
2777407	2
2778016	2
2778034	0
2778150	0
2779400	0
2779797	2
2779897	2
2780190	5
2780274	2
2780589	1
2780688	1
2781300	1
2781341	2
2782447	0
2782545	2
2782771	0
2783398	5
2784834	2
2785005	0
2785051	0
2785394	0
2785518	1
2785655	2
2785806	1
2786600	1
2786738	2
2787207	1
2788076	2
2788159	0
2789044	2
2789896	0
2789899	0
2790170	2
2790709	1
2790997	2
2791007	2
2791174	2
2791384	0
2791523	0
2791973	1
2792556	0
2792639	0
2792899	2
2792902	2
2792914	0
2793365	0
2793508	4
2793745	2
2795401	4
2795868	0
2796139	0
2796176	0
2796692	0
2796750	1
2796920	1
2797222	2
2797319	2
2797401	2
2797680	0
2798176	0
2798568	2
2798976	0
2799219	0
2799683	1
2799871	0
2800176	0
2800239	0
2800911	0
2801556	5
2802402	2
2803145	2
2803322	0
2803359	2
2803413	0
2804627	2
2804634	2
2805138	2
2805706	0
2805746	0
2806231	4
2807460	2
2807589	2
2807915	2
2809135	1
2809408	2
2810463	2
2810734	3
2810744	2
2811842	1
2812662	0
2812670	1
2813119	2
2813177	0
2813282	1
2813566	0
2813624	0
2814345	2
2814880	0
2814920	1
2815356	0
2815470	0
2817080	0
2818656	1
2819130	2
2820489	0
2820688	0
2821105	0
2821410	0
2821568	2
2823211	0
2823239	0
2824029	2
2825048	0
2825090	1
2825314	1
2825327	0
2825665	2
2825834	0
2826287	2
2827089	2
2827372	0
2827530	0
2827901	2
2827903	0
2828167	5
2828458	0
2829610	0
2830054	3
2831152	0
2832035	0
2832090	0
2832246	2
2832996	5
2833487	2
2833541	2
2833756	0
2834002	2
2834309	1
2834784	2
2834835	2
2835439	0
2835566	0
2836015	2
2837099	1
2837116	2
2838061	2
2838446	2
2839584	0
2839738	2
2839937	0
2839940	0
2840573	0
2840652	0
2841189	0
2841350	0
2842110	2
2842158	0
2842287	1
2843341	2
2843373	0
2844589	0
2844851	0
2844882	0
2845035	0
2845332	0
2845425	1
2845618	1
2845836	4
2845843	0
2846402	1
2846633	5
2847366	0
2849208	2
2849285	0
2849823	0
2849843	0
2849855	0
2849962	0
2849976	0
2850202	2
2850767	0
2850960	0
2851692	3
2852344	1
2852508	1
2853269	1
2853417	2
2853623	2
2853897	2
2853908	1
2853985	4
2854412	1
2854452	0
2854662	1
2854753	1
2854885	0
2854947	1
2855085	0
2855243	5
2855982	0
2856002	2
2856513	0
2856704	4
2858262	0
2858560	1
2859200	4
2859868	2
2860537	1
2860547	0
2860725	1
2861113	2
2861277	2
2861296	0
2861373	0
2861935	0
2862260	0
2863806	4
2863854	2
2864249	2
2867432	2
2867490	1
2867890	1
2867984	0
2868009	2
2868047	0
2868049	0
2868908	3
2869183	2
2869216	1
2870190	2
2870216	0
2870219	2
2871218	0
2872797	0
2872849	2
2874001	4
2874109	4
2875285	0
2876089	0
2876152	4
2876270	2
2876350	1
2877146	0
2877273	0
2877397	4
2877463	1
2877633	3
2878352	1
2880224	2
2881690	0
2881811	4
2882005	2
2882191	0
2882317	0
2882600	0
2882756	2
2883223	0
2883293	2
2883943	1
2884030	0
2884169	0
2884250	0
2884525	4
2884848	1
2885085	1
2885374	5
2885931	0
2886018	1
2886067	4
2886102	1
2886277	0
2887742	0
2887814	5
2888034	2
2888091	0
2890504	1
2890843	1
2890872	0
2891290	2
2891510	0
2891557	1
2892098	0
2892741	5
2892788	0
2892875	0
2893085	1
2893167	0
2893530	1
2893669	1
2893689	1
2893998	0
2894193	1
2894652	2
2894746	1
2895312	2
2896066	0
2896292	2
2896420	0
2896624	4
2896628	0
2897171	1
2897562	1
2897830	2
2898496	1
2898837	2
2898874	3
2899494	2
2900039	0
2900162	0
2901933	0
2902188	0
2902421	5
2902469	0
2902829	1
2902999	1
2903716	0
2903724	2
2904525	1
2905202	3
2905372	0
2905939	0
2906395	3
2906491	2
2906555	3
2906741	0
2906910	2
2907035	2
2907046	0
2907507	0
2907519	0
2907627	1
2908479	0
2908643	0
2908799	2
2909356	0
2909790	0
2910221	0
2911534	1
2911544	1
2912014	0
2912718	0
2913745	2
2914056	3
2914396	2
2914412	0
2914725	0
2915476	1
2915640	2
2916378	2
2916418	0
2916568	1
2916872	0
2917829	3
2918180	0
2918226	1
2919115	2
2920147	2
2920168	0
2920612	1
2920815	2
2921212	1
2921583	0
2921685	0
2921749	0
2921912	0
2922150	2
2923560	4
2923670	1
2923740	2
2923754	0
2923877	3
2924613	4
2924683	0
2924893	1
2925227	0
2930013	0
2930898	0
2930899	1
2931120	3
2931545	2
2932001	3
2932025	2
2932317	0
2933220	0
2933566	2
2934751	0
2934972	0
2935790	0
2935809	2
2936082	2
2936767	2
2937235	0
2937512	2
2937546	1
2938154	0
2938560	0
2938572	0
2938805	0
2938808	2
2939011	2
2939515	2
2939523	2
2940311	0
2940542	2
2940694	1
2940963	1
2941487	0
2942864	1
2945064	0
2945802	1
2946748	1
2946911	2
2947453	4
2947496	2
2947590	0
2947809	0
2948051	4
2948102	2
2948221	2
2948677	0
2948788	5
2949074	0
2949535	0
2950748	2
2950894	2
2951891	1
2951974	0
2952023	1
2952339	2
2952439	2
2952636	0
2952715	3
2952868	0
2952962	0
2952978	0
2953142	2
2954664	0
2954728	1
2954984	2
2955809	1
2956243	0
2956281	2
2956910	1
2956927	2
2957217	1
2957932	2
2958081	2
2958714	5
2958749	3
2958855	2
2959042	0
2959125	0
2959188	2
2959299	0
2959828	1
2960454	0
2960965	1
2961104	4
2961331	2
2961485	0
2962428	0
2962603	2
2962778	0
2962989	1
2963669	0
2963679	0
2964289	2
2964543	2
2965058	1
2965129	2
2965549	0
2965553	0
2965561	3
2966999	0
2967405	0
2967449	1
2968237	2
2968546	0
2968840	1
2969151	0
2969152	0
2969224	2
2969429	0
2969709	4
2969755	0
2969781	0
2970201	2
2970423	0
2970843	0
2971102	0
2971848	0
2971867	2
2971982	0
2972355	1
2972412	0
2972556	0
2972942	0
2976095	0
2976340	0
2977176	1
2977997	2
2978090	5
2978507	0
2978749	2
2979322	0
2979597	0
2980130	2
2980283	0
2980751	2
2980879	5
2982051	1
2982667	0
2983465	0
2983499	2
2983787	0
2984429	2
2984626	0
2984808	2
2984877	0
2985332	0
2986007	1
2986232	3
2986306	0
2986553	0
2986593	2
2987187	0
2987467	3
2988197	1
2988319	0
2988351	1
2988445	0
2988517	0
2989134	0
2989945	0
2989979	0
2990173	0
2990294	0
2990801	2
2991213	2
2991321	0
2991438	0
2991467	4
2992139	5
2992927	2
2993953	0
2994315	2
2994429	4
2994883	2
2995601	0
2996480	0
2996484	1
2996570	1
2996807	2
2999143	0
2999689	2
3000149	2
3000506	2
3000697	0
3001426	0
3002624	2
3002997	2
3003331	0
3005036	0
3005145	1
3005485	0
3005619	0
3006816	1
3007094	0
3007350	2
3007763	0
3008756	1
3008952	2
3009345	2
3009729	0
3010898	3
3011757	0
3012096	2
3012585	2
3012609	2
3012693	2
3012997	2
3013005	0
3013228	0
3013244	2
3014509	0
3016242	0
3016609	0
3016619	0
3016997	0
3017097	3
3017912	2
3018440	0
3018969	0
3018984	0
3019023	2
3019363	0
3019590	1
3019875	2
3020396	1
3021625	0
3021828	2
3022380	0
3022491	2
3022865	0
3022963	0
3022988	0
3023034	2
3023770	1
3023786	2
3024649	0
3024764	1
3025042	0
3025117	1
3026162	0
3026580	0
3026903	0
3027089	0
3027651	0
3027820	2
3028080	0
3028136	0
3028639	1
3029124	2
3029764	2
3030268	0
3030299	1
3030364	3
3030393	0
3032065	5
3032137	0
3032425	5
3032490	0
3033049	2
3033304	0
3033415	1
3034236	4
3034390	5
3034527	0
3034645	2
3034730	2
3034852	2
3035074	2
3035139	2
3035489	2
3035574	2
3035640	0
3036673	2
3036682	1
3036994	2
3037198	2
3037240	2
3037326	2
3038147	0
3038340	0
3038763	0
3039470	2
3039696	2
3039972	2
3040004	1
3040180	5
3040292	2
3040827	2
3041192	0
3041658	0
3041691	2
3041830	5
3041973	2
3042174	0
3042319	2
3042659	0
3042698	0
3042815	0
3043213	2
3043544	0
3043636	0
3043656	0
3043666	0
3044005	2
3044152	4
3044208	4
3044367	1
3044881	0
3045142	2
3045739	0
3046227	1
3046357	2
3046550	2
3046739	0
3046803	3
3047093	1
3047412	1
3047588	0
3048694	2
3048978	2
3050111	0
3050602	0
3050622	5
3050913	1
3051321	0
3051572	0
3051626	2
3052148	0
3052380	0
3052519	1
3053492	2
3054155	0
3054183	2
3054526	2
3054621	0
3054628	0
3056276	3
3056558	0
3057179	2
3057266	0
3057529	0
3058098	0
3058198	0
3058340	5
3058801	0
3059005	4
3059127	1
3059319	0
3059383	0
3059429	0
3060558	2
3060567	2
3060962	1
3061415	0
3062315	2
3062374	0
3063791	5
3063842	0
3064218	2
3064434	2
3064529	0
3064638	1
3065357	0
3066148	0
3066287	2
3066531	0
3066630	2
3068614	0
3068703	0
3068722	3
3068791	4
3069011	0
3069287	1
3069292	2
3069605	1
3069749	2
3070782	0
3070940	0
3071185	0
3071187	2
3071193	4
3071323	2
3071392	0
3071509	1
3071910	0
3071967	0
3072196	2
3072569	0
3072987	0
3073400	1
3073496	2
3074303	0
3074666	0
3074975	2
3075018	5
3075680	2
3076919	0
3077025	0
3077194	2
3077395	0
3077418	1
3077974	0
3078370	1
3078591	2
3079498	0
3079820	0
3079894	0
3079970	5
3080196	0
3080247	1
3080421	0
3080676	0
3080725	1
3081308	1
3081446	2
3081514	2
3081580	1
3081871	3
3082565	2
3083751	0
3083860	5
3084082	3
3084689	1
3085015	2
3085331	5
3085386	0
3085596	0
3086055	0
3086379	0
3086523	1
3086987	1
3087099	0
3087130	0
3087279	1
3087845	1
3088657	0
3089214	0
3089226	2
3090155	0
3091072	0
3091208	2
3091381	1
3091401	4
3091450	1
3091616	2
3091630	4
3092381	0
3092627	4
3092948	0
3093026	1
3093339	1
3093634	2
3094023	2
3094497	2
3094722	1
3094973	0
3095026	2
3095192	4
3095347	1
3095497	5
3095506	2
3095550	0
3095555	2
3096128	2
3096143	0
3096835	1
3096840	0
3096906	2
3096981	1
3097967	4
3098261	3
3098886	2
3099379	2
3100652	2
3101071	0
3101487	1
3102002	0
3102381	1
3102406	1
3102713	0
3103229	2
3103265	0
3103830	0
3103893	0
3103985	2
3104067	2
3104119	0
3104323	1
3104663	0
3104771	1
3105354	2
3105411	2
3105566	1
3106319	0
3106539	4
3107001	0
3107066	0
3107488	0
3108663	2
3108854	5
3108875	0
3109100	0
3109457	2
3109646	1
3109973	2
3110231	0
3110367	2
3110556	0
3110826	0
3112212	2
3112446	1
3112465	0
3112749	2
3112778	0
3112953	0
3113190	1
3113716	2
3114045	3
3114729	1
3114992	2
3116924	1
3117381	1
3117678	1
3118264	0
3118526	2
3118766	0
3118890	5
3119037	2
3119304	1
3119702	0
3120319	2
3120815	0
3121489	0
3121529	1
3121897	0
3121971	2
3122051	0
3122321	1
3122790	2
3123277	0
3123827	2
3123909	0
3124285	0
3124366	0
3124434	2
3124661	2
3125028	0
3125350	1
3125539	1
3125618	0
3125854	4
3125861	2
3126090	0
3126225	0
3126524	0
3126706	2
3127150	0
3127226	0
3128086	0
3128425	2
3128775	1
3128840	2
3129760	1
3130072	2
3130111	1
3130315	0
3130588	2
3131159	2
3131194	5
3131346	3
3131486	0
3131774	1
3132194	5
3132916	0
3133905	1
3134447	0
3135160	1
3135200	0
3135269	0
3135602	0
3135765	5
3135821	0
3135878	2
3136244	1
3136343	2
3136511	2
3137380	2
3137439	1
3137820	0
3137897	0
3137938	0
3138169	0
3138772	0
3138999	1
3139180	2
3139645	0
3139833	0
3140041	0
3140078	0
3140451	0
3140929	0
3140982	4
3141797	1
3142214	0
3142240	1
3142457	2
3143013	2
3143142	4
3143345	0
3143685	1
3143751	0
3143760	0
3144393	1
3145546	0
3146249	5
3146432	2
3146486	0
3148745	2
3149017	0
3149114	0
3149171	0
3149535	0
3149639	0
3150020	2
3150195	2
3150383	1
3150822	2
3151002	0
3151172	3
3151865	2
3151892	2
3152427	0
3153250	1
3153409	0
3153850	5
3154073	2
3154363	0
3154927	0
3155448	0
3155503	2
3155550	1
3155804	0
3156218	1
3156490	0
3156605	0
3157069	5
3157087	2
3157655	0
3158323	2
3158550	5
3158848	1
3159380	0
3160403	0
3160786	0
3160843	1
3161378	1
3161507	2
3162263	0
3162410	1
3162504	0
3163100	2
3163463	0
3163528	0
3163800	0
3164073	0
3164269	0
3164549	0
3165005	0
3165363	2
3165951	2
3166197	1
3166199	2
3167327	1
3167635	0
3167748	0
3168154	2
3168636	2
3168811	2
3168869	5
3169267	0
3169334	0
3169375	2
3169571	0
3169736	1
3169901	0
3170090	0
3170100	4
3170353	0
3170496	1
3170513	1
3170639	4
3171450	1
3171650	0
3171735	2
3172386	0
3172640	1
3173095	2
3173270	1
3173579	1
3174571	5
3175683	0
3176035	0
3176277	0
3176332	5
3176365	2
3176419	0
3176478	2
3176607	5
3176929	2
3176969	1
3177779	1
3178141	0
3178345	0
3178777	1
3179145	2
3179439	5
3179531	1
3179646	0
3180122	0
3180365	2
3180439	2
3180452	0
3180663	1
3180834	0
3181017	0
3181104	0
3181287	2
3182065	0
3182355	0
3182533	4
3183061	2
3183137	1
3183234	0
3183310	0
3183603	0
3183855	5
3184273	0
3184960	0
3185415	1
3185648	1
3186007	2
3186099	1
3187016	0
3187332	5
3187404	1
3187945	0
3188058	0
3188307	2
3188620	0
3189085	0
3189133	2
3189160	0
3189344	2
3189976	0
3190092	2
3190677	2
3191154	2
3191537	2
3191779	1
3191870	2
3191972	4
3192976	2
3193077	0
3193484	0
3194112	0
3194162	5
3194201	0
3194734	3
3195172	0
3195403	0
3195479	2
3195518	1
3195684	1
3195811	0
3196102	2
3196427	1
3197094	2
3197685	1
3198754	1
3199213	2
3199247	0
3199321	0
3199370	2
3199598	0
3199624	0
3199709	1
3200281	1
3200305	3
3200527	0
3200993	1
3201032	5
3201223	0
3201315	1
3201379	0
3202158	0
3202317	0
3202687	2
3202797	1
3202892	2
3203189	2
3203318	0
3203444	4
3203546	0
3204060	0
3204082	0
3204649	0
3205140	0
3205412	2
3205733	2
3207681	2
3207870	0
3207957	3
3208326	1
3208885	2
3209047	2
3209649	0
3209816	0
3210261	5
3210545	0
3210682	0
3211190	2
3211297	0
3212271	3
3212455	0
3212559	1
3213114	0
3213608	0
3214283	1
3214689	0
3214947	2
3215081	0
3215683	2
3215932	3
3216139	0
3216166	0
3216256	0
3216382	0
3216700	1
3216732	0
3216932	2
3217055	0
3217076	0
3217467	4
3217581	1
3217748	1
3217960	4
3218078	2
3218146	1
3219084	0
3219351	0
3219416	0
3219600	0
3220281	0
3220372	4
3221475	2
3221674	1
3221717	0
3221748	1
3221832	0
3221860	2
3222547	0
3222771	0
3222905	1
3223087	0
3223364	0
3224155	0
3224270	2
3224608	1
3225023	0
3225674	2
3225770	0
3225790	5
3226175	5
3226613	0
3226914	2
3226957	2
3228252	2
3228761	0
3229262	1
3229408	0
3229613	5
3229728	3
3230758	2
3230911	5
3230951	0
3231005	0
3231356	0
3234232	2
3234333	5
3234867	1
3234961	0
3235069	3
3235480	1
3235627	1
3235720	0
3235737	3
3235821	0
3235824	1
3236008	2
3236152	0
3236319	1
3236581	0
3236867	1
3237412	0
3237490	0
3237801	5
3237825	1
3237960	1
3238275	0
3238447	2
3239010	0
3239481	0
3239636	0
3240277	2
3240598	2
3240763	5
3240913	1
3240955	2
3241509	1
3241572	0
3241740	1
3241878	2
3242117	1
3242178	1
3242576	1
3242634	0
3243493	1
3244309	2
3244698	2
3251016	2
3251408	0
3251474	0
3251991	0
3252497	0
3252560	1
3253748	0
3253927	0
3254167	5
3254234	2
3254258	2
3254361	0
3254660	2
3254901	0
3255101	0
3255192	2
3255367	0
3255373	0
3255507	1
3255509	2
3255989	0
3256084	0
3256194	3
3256303	0
3256740	0
3257061	2
3257389	2
3257460	2
3258053	1
3258656	0
3258661	0
3258872	1
3258913	1
3259454	0
3259483	0
3259725	2
3259817	2
3260629	3
3260853	0
3260995	0
3261155	2
3261541	2
3261604	2
3262030	0
3262110	3
3262899	0
3263188	0
3263706	2
3263764	2
3264064	0
3264257	2
3264517	0
3264566	4
3264646	0
3264811	1
3265399	2
3265593	0
3265997	0
3266461	2
3266587	1
3266959	2
3266977	1
3267019	4
3267777	1
3268318	0
3268808	0
3269327	0
3269592	0
3270067	0
3270365	2
3270476	0
3270495	0
3270767	2
3271700	3
3271965	0
3272513	2
3273217	0
3273348	2
3273703	0
3273776	2
3273857	2
3274887	0
3275084	0
3275146	0
3275791	1
3275799	1
3275806	4
3275820	0
3276477	2
3277244	0
3277421	3
3278167	2
3278852	0
3278923	0
3278928	0
3279118	1
3279132	1
3279148	4
3279657	2
3280221	5
3280238	2
3280854	4
3280884	2
3281133	0
3281155	1
3282143	2
3282319	0
3283103	0
3283346	0
3283471	1
3283580	1
3283761	0
3284012	2
3284883	0
3285035	1
3286144	2
3286851	2
3287119	0
3287210	2
3287321	1
3287431	2
3287686	0
3288456	0
3288556	2
3288630	2
3288649	1
3288714	5
3288768	0
3289373	1
3289746	2
3289882	2
3290529	0
3291213	0
3291452	0
3291665	0
3292120	2
3292347	2
3293416	0
3293632	4
3293646	0
3293825	0
3294374	2
3294526	2
3294555	0
3294766	2
3294843	2
3295293	1
3296784	0
3296895	2
3297415	0
3297453	2
3297454	1
3298114	0
3298262	0
3298742	0
3298858	0
3298883	0
3299040	2
3300250	0
3300424	2
3300974	0
3300999	1
3301504	0
3301706	1
3301795	0
3301984	2
3302236	5
3302345	0
3302462	0
3302522	3
3302661	0
3302999	2
3303238	2
3303375	0
3303557	2
3303687	5
3303689	2
3303895	0
3304076	1
3304215	2
3304337	3
3304406	2
3304723	2
3305075	0
3305147	0
3305153	2
3305222	2
3305300	2
3305381	0
3305726	0
3305800	0
3305822	1
3306228	1
3306288	2
3306302	0
3306815	2
3307551	3
3307901	1
3308115	0
3308253	0
3308350	2
3308376	2
3308456	1
3308632	0
3309008	3
3309043	1
3309070	0
3309104	1
3309406	0
3309835	4
3309906	0
3310237	0
3310276	0
3310571	0
3310767	0
3311105	0
3311214	2
3311330	4
3311382	0
3311503	2
3311971	4
3312295	1
3312347	0
3312620	0
3312990	2
3313244	0
3313613	2
3313868	2
3314199	2
3314220	0
3314228	2
3314700	0
3314723	2
3314897	2
3315273	0
3315336	1
3315611	4
3315647	0
3315835	2
3316061	0
3316347	2
3316857	0
3317098	2
3317626	4
3319605	2
3319609	0
3319692	0
3319891	1
3320011	3
3320465	2
3321094	3
3321102	2
3321283	0
3321804	4
3322185	0
3322347	0
3322386	1
3322895	0
3323058	2
3323193	4
3323715	2
3323816	0
3324294	2
3324401	2
3324485	2
3324735	0
3325376	2
3325987	0
3326194	3
3326628	0
3326954	1
3327115	1
3327322	4
3327447	3
3327525	1
3327551	1
3327574	2
3327995	0
3327998	2
3328202	0
3328252	0
3328352	2
3328405	0
3328406	4
3328474	4
3328576	0
3328621	1
3328706	1
3329549	0
3329614	5
3331085	2
3331132	0
3331304	0
3332121	0
3332179	2
3332632	0
3332737	0
3332857	0
3333410	0
3333586	2
3333822	0
3333828	0
3333850	0
3333892	3
3334629	1
3335036	2
3335414	1
3335707	0
3337059	0
3337956	2
3338002	2
3338227	0
3339087	0
3339476	0
3339634	1
3339821	0
3339979	2
3340003	0
3340112	2
3340566	1
3340842	1
3340908	1
3340927	2
3341019	1
3341087	0
3341625	0
3341629	2
3341669	2
3342101	2
3342758	2
3343210	0
3343447	0
3343627	2
3344221	0
3344447	2
3344619	1
3344989	1
3345162	2
3345417	3
3345906	0
3345962	1
3346026	5
3346345	0
3346536	2
3346882	0
3346905	0
3347025	0
3347054	4
3347072	2
3347376	4
3347890	0
3348145	1
3348364	1
3348417	1
3348663	2
3349525	2
3349649	2
3349663	5
3349905	1
3349961	2
3350305	2
3350805	2
3350857	0
3351436	2
3351785	1
3352424	4
3352428	1
3352494	2
3352658	0
3352869	2
3353151	2
3353467	0
3353723	0
3354127	0
3354183	0
3354419	0
3355318	2
3355827	0
3356235	0
3356532	2
3356879	0
3357031	1
3357174	0
3357224	0
3357345	0
3357678	2
3357707	2
3358205	1
3358407	2
3358436	1
3358596	0
3359414	0
3360153	0
3360165	2
3360246	0
3360255	0
3360386	3
3360587	3
3361443	2
3361845	0
3361992	0
3362441	1
3362636	0
3362697	2
3363031	5
3363243	0
3363534	0
3363869	0
3363878	0
3365057	2
3365092	1
3365126	0
3365300	2
3365478	4
3366717	5
3366920	2
3366960	1
3367558	0
3367713	5
3367821	0
3367970	0
3367971	0
3368069	1
3368761	2
3368822	2
3369011	5
3369301	1
3370035	2
3370058	0
3370728	4
3370841	1
3371027	4
3371289	2
3371705	1
3371842	5
3371976	0
3372168	4
3372472	0
3372832	3
3372927	0
3373241	0
3373453	0
3373733	5
3373765	2
3373898	0
3373931	2
3373968	1
3374426	2
3374467	4
3374661	0
3375006	1
3375108	1
3375223	2
3375444	0
3376221	3
3376443	2
3376540	0
3376767	1
3376905	2
3376985	2
3377253	2
3377764	0
3378509	0
3379057	1
3379209	0
3379515	0
3379637	1
3380277	0
3380298	0
3380568	5
3380623	0
3380753	1
3380806	0
3381213	0
3382321	0
3382325	0
3382939	4
3383046	2
3383368	4
3384001	2
3384096	5
3384148	2
3384164	0
3385491	4
3385868	1
3386077	0
3386150	2
3386169	2
3386417	0
3386584	2
3386629	0
3386801	0
3386859	0
3386873	2
3387093	0
3387537	0
3388116	0
3388160	1
3388343	0
3388797	1
3389181	0
3389566	0
3389646	2
3389989	0
3390184	1
3390389	2
3390652	4
3390933	0
3390969	0
3391123	2
3391421	5
3391874	0
3392450	2
3392730	0
3392870	2
3393502	0
3394149	2
3394407	2
3394419	2
3395322	0
3395588	0
3396326	5
3396707	1
3397123	2
3397450	0
3398210	2
3398257	0
3398315	0
3398599	1
3398836	2
3398870	2
3399100	0
3399507	1
3399762	5
3400118	2
3400332	0
3401074	1
3401271	1
3401464	0
3401479	5
3401701	1
3401890	0
3402024	2
3402183	1
3402321	2
3402380	1
3402624	0
3402754	5
3404093	0
3404220	0
3404415	1
3404559	1
3404703	2
3404709	0
3405171	0
3405388	2
3405433	1
3406069	0
3406292	0
3407413	1
3408128	0
3408365	4
3409162	2
3409578	0
3409600	0
3409643	1
3409798	1
3410144	0
3410479	0
3410605	0
3410618	1
3410674	4
3411504	0
3411657	0
3411791	0
3411865	1
3411944	0
3412068	0
3413699	1
3413767	0
3414005	1
3414008	2
3414583	2
3415334	1
3415507	0
3416174	0
3416177	1
3416244	0
3416365	0
3416413	2
3416435	0
3417120	3
3417208	0
3417995	0
3418295	0
3418485	2
3418840	2
3419197	1
3419239	0
3419659	1
3419661	5
3419936	0
3420330	0
3420458	0
3420516	2
3420914	0
3421098	4
3421158	0
3421673	1
3421749	1
3421943	2
3422353	0
3422365	1
3422565	1
3422705	1
3423012	0
3423828	0
3423999	0
3424092	4
3424355	0
3424536	1
3424877	0
3424886	0
3425441	0
3425741	0
3425750	0
3425816	1
3426419	0
3426971	0
3427336	0
3427747	0
3427755	1
3429019	0
3429222	2
3429830	0
3429914	0
3429932	2
3429971	2
3430192	4
3430440	1
3430470	0
3430724	0
3430741	0
3430850	0
3431187	2
3431687	2
3432500	2
3432661	1
3433050	0
3433089	0
3433153	0
3433216	2
3433664	0
3434220	1
3434593	2
3434875	1
3435258	0
3435326	1
3436614	0
3436638	2
3436846	2
3436954	2
3437444	1
3437660	0
3437940	0
3438274	0
3439012	1
3439188	1
3439542	2
3439738	1
3439760	2
3439974	0
3440743	0
3440978	1
3441017	0
3441111	1
3441156	0
3441171	1
3441245	0
3441548	1
3441558	0
3442100	4
3442258	0
3442269	2
3442455	0
3442741	3
3443143	0
3443343	1
3443470	1
3443609	2
3444097	2
3444243	2
3444274	2
3444496	1
3444985	0
3445342	3
3445434	1
3445499	5
3446087	2
3446148	1
3446177	2
3446346	2
3446533	1
3446608	0
3446721	0
3447086	0
3447103	5
3447208	1
3448418	2
3448597	2
3448656	0
3448896	2
3449270	2
3449465	0
3450514	0
3450778	0
3450986	2
3451454	1
3451634	1
3451691	0
3452443	2
3452529	0
3452654	0
3452986	2
3453204	0
3453303	0
3453403	1
3453413	2
3453522	2
3453817	0
3453957	2
3454148	0
3454195	0
3454233	0
3454445	0
3454618	2
3454664	1
3454696	0
3455589	0
3456449	4
3456582	2
3456639	0
3457037	0
3457058	1
3457770	2
3458035	4
3458067	1
3458626	0
3458669	2
3459002	0
3459334	0
3459542	4
3459788	1
3459796	0
3459812	5
3459815	0
3459825	2
3459870	1
3460091	2
3460492	2
3460588	2
3460784	0
3461001	2
3461169	4
3461877	0
3461912	2
3462268	2
3462354	2
3462424	1
3462584	2
3462723	0
3462756	0
3462947	0
3463061	1
3463444	2
3463703	0
3463775	0
3463925	2
3464048	2
3464179	0
3464346	0
3464657	2
3464851	2
3465487	2
3465556	0
3465560	0
3465636	2
3465716	5
3465868	1
3466208	2
3466238	1
3466631	2
3467120	2
3467290	2
3467531	0
3467550	0
3467956	2
3468006	5
3468143	0
3469041	0
3469074	1
3469188	0
3469427	2
3469876	0
3470735	2
3471173	0
3471656	1
3471805	0
3472509	4
3472969	2
3472982	0
3473053	0
3473311	2
3473386	0
3473590	4
3473681	2
3474212	1
3474547	1
3474703	0
3474770	5
3474981	0
3475294	0
3475301	1
3475377	1
3475380	3
3475474	0
3475486	0
3475527	0
3475593	1
3476115	1
3476265	0
3477917	0
3478200	2
3478451	2
3478554	0
3478934	0
3479021	2
3479893	1
3480969	1
3481209	0
3481665	0
3481717	0
3481797	0
3482217	0
3482813	2
3483011	0
3483302	2
3484099	0
3484653	2
3484740	0
3485491	0
3486534	1
3487629	2
3488038	5
3488043	3
3488105	2
3488599	0
3488700	1
3488896	2
3489738	0
3489820	5
3490181	1
3490472	1
3490589	2
3491038	2
3492172	2
3492374	1
3492529	4
3492710	0
3493052	3
3493312	2
3494372	2
3494463	0
3494476	2
3494496	0
3494717	2
3495051	1
3495275	2
3495417	2
3495464	0
3495549	2
3495675	2
3496135	2
3496237	0
3496792	2
3497789	5
3497844	1
3497942	5
3497996	2
3498479	0
3499538	2
3499618	0
3499772	4
3499788	0
3499817	0
3500093	1
3500516	0
3500659	1
3500800	2
3500957	2
3501034	0
3501056	0
3501397	0
3501614	1
3501861	0
3501963	3
3502017	3
3502387	2
3502530	0
3502903	0
3502910	0
3503044	0
3503347	1
3503473	2
3503807	1
3504786	1
3504967	0
3505727	2
3506358	2
3506368	0
3506597	0
3507215	2
3508121	0
3508515	0
3508572	2
3508916	3
3509089	0
3509234	0
3509266	0
3509624	2
3509764	0
3510759	0
3510999	0
3511209	2
3511652	1
3512737	0
3512886	0
3512975	0
3512980	1
3513207	2
3514122	0
3514156	0
3514237	2
3514506	0
3514562	0
3515177	5
3515295	2
3515441	2
3515605	0
3515694	2
3515822	2
3516392	0
3516510	0
3517218	0
3517545	1
3517762	0
3517942	1
3518050	0
3518074	0
3518093	3
3518342	0
3518636	0
3518701	0
3518874	2
3518954	1
3519060	2
3519664	0
3519962	4
3520247	3
3520410	2
3520578	5
3520623	2
3520675	2
3520739	0
3521016	2
3521449	0
3521773	2
3521934	3
3522130	4
3522399	0
3522473	0
3523130	1
3523249	0
3523272	2
3523323	2
3523348	2
3523453	2
3523800	0
3524078	1
3524875	2
3524928	0
3525042	0
3525259	0
3525465	2
3525525	0
3525626	1
3525908	4
3526839	2
3527289	0
3527412	2
3527710	2
3527716	0
3527893	2
3527938	1
3528087	2
3528323	0
3528567	0
3529244	0
3529968	1
3530337	1
3530831	1
3531156	0
3531443	0
3531645	0
3531951	1
3532038	1
3532082	0
3533441	2
3533531	4
3533919	1
3533932	2
3534146	2
3534338	0
3534634	2
3534741	0
3535121	0
3535359	4
3535440	4
3536080	0
3536174	0
3536222	0
3536655	0
3536815	3
3536932	0
3537077	2
3537207	2
3537405	0
3537409	0
3537421	0
3537892	2
3537934	2
3538166	0
3538196	0
3538489	0
3538752	1
3538801	1
3538924	0
3539144	2
3539173	3
3539443	0
3539731	1
3539985	1
3540159	0
3540251	1
3540799	5
3540835	4
3541002	5
3541287	1
3541347	5
3541846	2
3541851	2
3542166	0
3542699	3
3542894	2
3542947	2
3543158	0
3543525	1
3543714	1
3543959	0
3544395	0
3544500	0
3544726	0
3545098	2
3545668	0
3545999	1
3546156	1
3546191	0
3546638	2
3546778	0
3547046	0
3547133	0
3547192	0
3547653	0
3547772	1
3548033	3
3548059	0
3548173	0
3548303	1
3548783	2
3549125	0
3549635	1
3549647	0
3549669	0
3549997	0
3550259	1
3550399	0
3550758	2
3551137	0
3551798	0
3552422	2
3552805	0
3552847	3
3552872	0
3552997	0
3553055	1
3553125	1
3553313	1
3554006	1
3554301	1
3554899	1
3554965	1
3555022	0
3555037	0
3555044	0
3555341	0
3555394	4
3556561	2
3557347	2
3557523	1
3557766	0
3557887	0
3558516	2
3558526	0
3558684	5
3559385	1
3559401	0
3559475	5
3559489	0
3559686	2
3560103	2
3560765	2
3560898	0
3560934	2
3561017	0
3562127	1
3562442	0
3562454	0
3562648	3
3563011	0
3563030	2
3563039	0
3563213	2
3563587	4
3563626	1
3564266	0
3564413	0
3564497	1
3564541	0
3565537	2
3565669	2
3565674	2
3565680	0
3566673	0
3567374	0
3567660	5
3568740	0
3568981	4
3569280	0
3569415	5
3569438	0
3569553	2
3569655	0
3569830	0
3570289	3
3570331	2
3570650	2
3570749	3
3570966	1
3571022	2
3571524	2
3571565	1
3571756	1
3572021	1
3572567	2
3572613	0
3572895	0
3573172	0
3573292	2
3573667	0
3573900	3
3574071	0
3574097	0
3574177	0
3574285	3
3574409	0
3574440	0
3574486	0
3574583	0
3575368	2
3575955	1
3575987	4
3577412	1
3577858	0
3578885	2
3578997	0
3579344	0
3579998	3
3580003	5
3580189	1
3580207	0
3580313	0
3580635	1
3580643	1
3580716	1
3580845	4
3580864	2
3580875	0
3581078	1
3581478	1
3581934	0
3582565	1
3582684	0
3582887	2
3583157	1
3583280	4
3583897	2
3583971	2
3584302	0
3584377	2
3584795	1
3585182	1
3585406	2
3585603	2
3585763	4
3586205	0
3586245	0
3586741	0
3587333	1
3588745	1
3589073	2
3589164	0
3589297	2
3589665	1
3589874	0
3590151	1
3590645	1
3590870	2
3590906	1
3591080	0
3591116	2
3591901	0
3592048	1
3592178	2
3593128	1
3593174	1
3593689	0
3594222	2
3594982	2
3595473	1
3595954	0
3596497	0
3596743	5
3596768	1
3596814	1
3596963	0
3597266	2
3597481	4
3597769	0
3598090	5
3598645	2
3598662	0
3599161	0
3599180	2
3599797	2
3599836	1
3599858	2
3600068	2
3600602	2
3600703	1
3600898	0
3600899	2
3601187	5
3601254	0
3601581	0
3601752	2
3602034	5
3602597	4
3602663	2
3602790	0
3602939	2
3603487	0
3603771	0
3604076	2
3604451	0
3605393	1
3605682	2
3606426	0
3606534	1
3606652	2
3607969	2
3608165	1
3608620	1
3608889	0
3608896	5
3609023	3
3609084	0
3609244	1
3610327	1
3610460	0
3610874	4
3610923	1
3610980	0
3611192	2
3611657	1
3612074	0
3612196	3
3612423	5
3612512	1
3612544	0
3612838	2
3612985	0
3613174	2
3613834	5
3614054	2
3614223	1
3614307	2
3614321	1
3614520	0
3615099	2
3615302	1
3616179	2
3616293	2
3616852	4
3616873	0
3617038	0
3617114	0
3617802	2
3617974	2
3618337	0
3618455	0
3618465	2
3618605	5
3618810	0
3619177	2
3619503	0
3619867	1
3620627	2
3621392	0
3621424	2
3621541	2
3622074	0
3622677	2
3622727	0
3622880	0
3623464	0
3623519	1
3624170	2
3624227	5
3625122	4
3625453	0
3625566	0
3625645	0
3625776	1
3625845	2
3626169	0
3626207	3
3626876	0
3626959	0
3627270	2
3627376	0
3627871	1
3627898	1
3627969	3
3628135	4
3628262	4
3628414	4
3629139	0
3629162	4
3629414	1
3629538	0
3629668	4
3629887	2
3630196	0
3630367	0
3630699	0
3631650	0
3631876	2
3631906	1
3631912	2
3632004	0
3632594	1
3633066	2
3633147	0
3633228	1
3633877	0
3634003	0
3634018	0
3634679	1
3634957	0
3635019	3
3635142	2
3635835	0
3636480	4
3636546	0
3637005	2
3637080	1
3637799	0
3637835	0
3638021	3
3638231	2
3638966	1
3639135	0
3639320	0
3639382	2
3639389	2
3639435	2
3639617	3
3640097	2
3640312	2
3640618	1
3640933	2
3641832	3
3641978	1
3642394	0
3642550	2
3642688	0
3643112	2
3643487	0
3643959	0
3644417	0
3644627	2
3645059	1
3646116	2
3646205	3
3646903	2
3647596	0
3647639	2
3647827	2
3648192	2
3648526	2
3648732	2
3649456	2
3650104	0
3650484	0
3650760	5
3650978	2
3651006	2
3651038	0
3651056	2
3651076	1
3651372	2
3651633	1
3651989	0
3652045	0
3652359	5
3652449	1
3652540	1
3652626	0
3652735	1
3653197	0
3654098	2
3654207	0
3654228	0
3654266	0
3654735	5
3655760	3
3655772	5
3656858	0
3657637	0
3658172	0
3658772	2
3658807	1
3659291	4
3659443	0
3659701	5
3659703	0
3659804	0
3660516	0
3660754	4
3661085	2
3661163	2
3661254	1
3661378	2
3661489	0
3661621	0
3661752	2
3662349	0
3662492	0
3662725	2
3662896	2
3663085	5
3663091	2
3663276	0
3663514	1
3663941	0
3663987	0
3664033	2
3664183	0
3664228	0
3664311	2
3664374	0
3664714	1
3665152	5
3665275	0
3665827	0
3665846	0
3665902	1
3665975	3
3666111	0
3666771	0
3667012	0
3667096	4
3667193	0
3667614	0
3668598	1
3668798	0
3668949	0
3669020	0
3669356	0
3669901	1
3669965	0
3670173	0
3670294	0
3671617	1
3671690	2
3671726	1
3671766	2
3671890	2
3672329	0
3672365	2
3672668	1
3672791	0
3672795	1
3672874	2
3672920	2
3673140	0
3673396	0
3673737	0
3673801	0
3673956	4
3674009	2
3674070	5
3674157	0
3674382	1
3674469	0
3674683	1
3674745	0
3675031	5
3675725	0
3675970	0
3676140	0
3677261	2
3678042	0
3678378	0
3678536	2
3678650	0
3679112	2
3679843	5
3680247	0
3680297	1
3681340	4
3681526	2
3681751	0
3681849	1
3681892	1
3682101	1
3682136	2
3682189	2
3682528	0
3682568	0
3682997	0
3683010	0
3683104	2
3683122	2
3683415	0
3683570	0
3683848	1
3684117	0
3684426	2
3684591	0
3684857	2
3684867	1
3684941	1
3685070	0
3685551	2
3685987	0
3686008	0
3686113	1
3686327	0
3686728	1
3686793	5
3687038	0
3687099	2
3687108	0
3687604	0
3687900	2
3688015	0
3688075	2
3689519	0
3689655	4
3689868	2
3690366	0
3690400	1
3690774	1
3690891	1
3691230	0
3691279	0
3691356	1
3691610	5
3692439	5
3692567	0
3692590	0
3692626	0
3692752	3
3692865	4
3693021	1
3693164	2
3693337	2
3693374	0
3693662	2
3693940	2
3694088	0
3694121	1
3694667	0
3694965	0
3695253	2
3695422	1
3695513	1
3695621	4
3695705	5
3695902	2
3696199	0
3696244	2
3696253	4
3696346	2
3696473	4
3696534	2
3698398	1
3698783	2
3699982	2
3700402	0
3700549	3
3700697	2
3700701	5
3701284	0
3701294	2
3701435	2
3701441	2
3701749	0
3701800	1
3702191	1
3702448	0
3702490	0
3702609	1
3702833	2
3702837	0
3702843	0
3703315	1
3703463	0
3703832	1
3704011	2
3704996	0
3705969	0
3706018	2
3706033	2
3706552	0
3706672	3
3706840	2
3707318	0
3708816	0
3709095	4
3709253	0
3710537	2
3711037	0
3711975	2
3712368	0
3712585	0
3712773	0
3712845	3
3712919	2
3712992	0
3713012	1
3713050	2
3713614	4
3713827	1
3714072	0
3714796	1
3714981	1
3715147	0
3715322	2
3715881	1
3715966	0
3716297	1
3716368	0
3716927	0
3718759	0
3719318	1
3719444	4
3719461	1
3719487	2
3720032	0
3720097	0
3720232	2
3720809	2
3722275	0
3722694	2
3723256	2
3723306	0
3723409	0
3723985	0
3724633	0
3724688	0
3725533	4
3725672	0
3726056	5
3726101	0
3726748	2
3727097	1
3727134	0
3727346	2
3727653	2
3727809	0
3727960	1
3728592	0
3729452	5
3729828	2
3729877	0
3729884	0
3730185	0
3730353	0
3731338	0
3731826	1
3732391	0
3732509	4
3732903	0
3732930	0
3733121	0
3733192	2
3733216	0
3733266	2
3733681	2
3733811	0
3734122	0
3734130	2
3734210	2
3734529	5
3734624	4
3734732	0
3734885	1
3734901	2
3734968	0
3735358	0
3735571	0
3735980	1
3736105	0
3736634	2
3736860	1
3737398	4
3738032	1
3738386	0
3738473	0
3738611	1
3739028	0
3739138	0
3739599	0
3739913	0
3739919	0
3740066	0
3740216	0
3740338	0
3740396	0
3740632	1
3740707	1
3740736	1
3741059	0
3741139	1
3741515	1
3741645	1
3742250	2
3742534	0
3743142	0
3743374	0
3743456	1
3743642	0
3743658	2
3743882	0
3743889	0
3744887	5
3745029	5
3745116	0
3745245	0
3745660	0
3745723	2
3746416	0
3746809	0
3746955	0
3747774	1
3747947	0
3748154	1
3748559	0
3748641	3
3748752	4
3750255	0
3750411	4
3750691	4
3750919	2
3750990	2
3751264	0
3751576	1
3751678	2
3751690	1
3751740	4
3751744	5
3751799	5
3751961	0
3752010	0
3752223	0
3752378	2
3752573	2
3752585	0
3753003	0
3753289	0
3753372	2
3753873	1
3754119	1
3754444	2
3755188	0
3755906	0
3755927	0
3756070	4
3756349	2
3756768	0
3756810	0
3757151	1
3757219	2
3757317	0
3757808	1
3757944	0
3758400	0
3759208	0
3759615	5
3760043	2
3760308	2
3760862	0
3760926	2
3761022	1
3761343	1
3761515	0
3761638	0
3762223	5
3762374	2
3762566	1
3763056	2
3763461	0
3763886	1
3763892	2
3764060	5
3764194	0
3764287	1
3764757	2
3764788	0
3765142	0
3765415	0
3765562	1
3765594	2
3766113	2
3766538	1
3767782	1
3767875	2
3768707	2
3769314	0
3769498	2
3769763	5
3772882	0
3773312	1
3773429	0
3773736	2
3774372	0
3775148	0
3775473	0
3775752	2
3776103	3
3776407	0
3776582	0
3777229	4
3777860	2
3778268	0
3778569	0
3778696	0
3779802	0
3779853	2
3779920	2
3779960	0
3780092	0
3780275	2
3780621	0
3780670	2
3780731	5
3780862	0
3780901	0
3781692	3
3781727	0
3781820	3
3781830	0
3781894	0
3781906	1
3782071	0
3782168	2
3782311	1
3782584	4
3782911	0
3783058	2
3783279	0
3783807	1
3783961	0
3783985	2
3784151	4
3784234	5
3784728	0
3784818	0
3785385	0
3785585	0
3785608	0
3785625	0
3785877	0
3786152	2
3786324	2
3786451	2
3786779	2
3787055	4
3787121	0
3787210	0
3787229	0
3787402	2
3787617	1
3787621	0
3787817	0
3787981	1
3788072	4
3788366	1
3788705	0
3788720	2
3788810	1
3788837	0
3789295	0
3790072	0
3790159	2
3790179	2
3790217	4
3790306	0
3790318	2
3790881	0
3791101	0
3791472	1
3791618	2
3791704	2
3791791	0
3791835	2
3791863	2
3791937	1
3792280	2
3793686	4
3793692	0
3794243	1
3794341	0
3794419	1
3794610	5
3794711	0
3794789	4
3795054	0
3795640	0
3795971	0
3795979	2
3796100	0
3796456	1
3797214	0
3797612	1
3798116	5
3798197	1
3798258	0
3798454	0
3798767	0
3799067	1
3799105	2
3799298	5
3799600	0
3799693	5
3799969	2
3800015	0
3800839	0
3800961	4
3800977	0
3800996	4
3801236	0
3802017	2
3802289	2
3802363	0
3802438	0
3802851	2
3802996	1
3803103	0
3803122	0
3803255	1
3803336	1
3803750	0
3803759	5
3804017	0
3804183	0
3804281	4
3804365	0
3805085	2
3805796	4
3805804	0
3805857	0
3805988	1
3806276	1
3806357	2
3806453	2
3806708	2
3806772	2
3807703	0
3807752	0
3807755	4
3808517	0
3808527	2
3808920	2
3808936	1
3809064	0
3809393	0
3809808	0
3809972	0
3810025	1
3810176	0
3810322	0
3810333	0
3810359	3
3811033	0
3811438	0
3811730	0
3811758	0
3811804	0
3811893	0
3812323	2
3812790	0
3812793	0
3812821	1
3813941	5
3813984	1
3814112	4
3814259	2
3814271	0
3814799	0
3814878	2
3815172	0
3815299	1
3815384	0
3815495	4
3815548	0
3815682	0
3815749	2
3815882	2
3815928	2
3816114	4
3816115	0
3816276	2
3816460	2
3816678	0
3817167	0
3817234	0
3817249	2
3817382	3
3817425	0
3817596	0
3817887	0
3818352	0
3818542	0
3818631	0
3818882	2
3818920	0
3819018	3
3819108	1
3819318	0
3819829	0
3820323	5
3820884	2
3821065	1
3821300	1
3822418	0
3823730	1
3823838	0
3824314	1
3824767	0
3824905	1
3825116	0
3825697	2
3825706	4
3825783	0
3826210	2
3826504	2
3826505	2
3826586	2
3826668	1
3826906	3
3826997	1
3827156	3
3827235	0
3827386	0
3828067	4
3828241	2
3828388	2
3828670	0
3828794	4
3828824	0
3828836	5
3829228	0
3829267	0
3829759	0
3829832	0
3830379	0
3831153	4
3831293	1
3831557	1
3831806	3
3831909	2
3831993	1
3832015	0
3832062	0
3832537	4
3833004	0
3833340	0
3833427	0
3833508	0
3833519	1
3833580	0
3833878	0
3834183	2
3834763	0
3835050	2
3835151	1
3835341	2
3835862	1
3835978	2
3836000	1
3837012	0
3837350	5
3837655	0
3837896	0
3837969	0
3837974	2
3838167	3
3838279	1
3838466	2
3838507	0
3838950	0
3838971	0
3839278	2
3839438	5
3839442	1
3839627	4
3839663	2
3839700	1
3840130	2
3840775	0
3841106	2
3841114	0
3841642	2
3841870	2
3842353	0
3842746	0
3843174	0
3843177	2
3843336	2
3843714	0
3843920	0
3843986	0
3844177	2
3844421	0
3844990	0
3845029	2
3845034	2
3845611	2
3845903	0
3846330	0
3846720	0
3846751	0
3846950	4
3847239	0
3847249	2
3847475	0
3847517	2
3847831	2
3847882	0
3848287	0
3848465	0
3848681	2
3848749	5
3848803	5
3849047	2
3849153	0
3849203	0
3849612	0
3849958	0
3850246	0
3850405	5
3850656	0
3850688	0
3851042	1
3851396	2
3851883	0
3852235	2
3853530	0
3853627	4
3853873	0
3854149	0
3854270	0
3854288	1
3854698	1
3854735	0
3855170	5
3855439	2
3855684	1
3855737	0
3855915	1
3856245	2
3856376	0
3857192	0
3857205	4
3857289	1
3857315	0
3857668	0
3858509	4
3858536	1
3858580	0
3858934	2
3859152	1
3859162	4
3859369	0
3859743	0
3860702	0
3860903	2
3861256	0
3861268	1
3861535	0
3861676	0
3862039	2
3862572	0
3862911	1
3863371	2
3863452	0
3863550	0
3863656	1
3863705	0
3863936	1
3863986	1
3864164	3
3864389	2
3864776	0
3865239	0
3865277	2
3865352	5
3865771	0
3865827	0
3865925	2
3866381	0
3866687	2
3866757	2
3867713	1
3869177	0
3869387	0
3869414	2
3870555	4
3870689	0
3870740	5
3870748	2
3870900	1
3870965	0
3871319	1
3871688	0
3871691	0
3873202	0
3873206	1
3873235	4
3873522	2
3873868	0
3874052	2
3874165	4
3874555	0
3874939	0
3875349	1
3875425	4
3875570	2
3876047	2
3876231	4
3876326	0
3876348	2
3876509	2
3876542	0
3877289	0
3877299	0
3877513	0
3878206	2
3878462	0
3878836	2
3879837	0
3879848	2
3880116	2
3880134	1
3880138	2
3880420	2
3880445	3
3880542	0
3880820	0
3880830	5
3880841	4
3881103	1
3881114	0
3881221	0
3881260	2
3881685	1
3881730	4
3881841	0
3882061	1
3882388	0
3882629	4
3883039	0
3883350	4
3883969	1
3884033	2
3884255	0
3884463	0
3884547	0
3884679	2
3884891	1
3885613	2
3885750	0
3885925	0
3885983	3
3886121	0
3886587	2
3886848	5
3886902	0
3887002	0
3887182	0
3887273	2
3887457	2
3887851	2
3888233	0
3889138	0
3889409	2
3889566	0
3889690	2
3889851	2
3889965	1
3892031	0
3892755	2
3892979	2
3893435	0
3893859	0
3894212	2
3894394	0
3895063	0
3895480	2
3896057	0
3896114	4
3896144	4
3896485	0
3896987	1
3897628	2
3897886	5
3898504	5
3898982	5
3899167	0
3899345	2
3899350	0
3899619	4
3899752	0
3900638	1
3901245	0
3902631	2
3902737	2
3902945	0
3903034	2
3903038	0
3903212	0
3903298	0
3903434	2
3903567	0
3904420	5
3904621	0
3904660	2
3904766	2
3905773	5
3905918	0
3906188	2
3906266	5
3906596	0
3906812	0
3906941	3
3906991	0
3907004	4
3907092	5
3907635	2
3907741	0
3907775	2
3908469	4
3908656	2
3908739	0
3909671	2
3909888	1
3910169	1
3910776	0
3910938	0
3911565	1
3911833	3
3911997	0
3913144	0
3913234	1
3914832	1
3915053	0
3915222	0
3915559	2
3915675	0
3916227	0
3916506	2
3916573	2
3916618	0
3916982	2
3917365	2
3917611	0
3917710	0
3918742	0
3919532	4
3919550	0
3919586	3
3919728	0
3920025	0
3920431	0
3920678	0
3920687	2
3920769	0
3921091	2
3921470	4
3921946	0
3922062	3
3922110	0
3922125	2
3922527	1
3923279	2
3923289	0
3923721	1
3924004	0
3924507	0
3924866	1
3925172	4
3925344	0
3925573	2
3925577	0
3925868	0
3926211	0
3927121	0
3927392	5
3927486	2
3927515	2
3927879	2
3928047	0
3928489	1
3928568	2
3928855	2
3928950	0
3929784	2
3930209	2
3930929	0
3930952	2
3931034	0
3931041	0
3931161	5
3931789	2
3931871	2
3931892	1
3932270	4
3932548	0
3932554	1
3933124	0
3933220	2
3933728	0
3933794	2
3934136	0
3934656	0
3935333	0
3935569	0
3936169	1
3936600	0
3936888	2
3937112	1
3937390	0
3937470	5
3938549	2
3938758	4
3938797	0
3938973	1
3939021	4
3939037	0
3939661	2
3939850	2
3940179	0
3940189	2
3940299	2
3940412	1
3940419	0
3940436	2
3940682	0
3941226	2
3941860	2
3942156	2
3942262	2
3943090	0
3943271	5
3943364	0
3943717	5
3943799	2
3944084	0
3944434	0
3944679	2
3945463	0
3945653	5
3945889	0
3946338	0
3946598	0
3946656	0
3946802	0
3947045	0
3947146	2
3947239	2
3947562	1
3947836	5
3948205	1
3948295	0
3948485	5
3949011	0
3949350	0
3949798	4
3950364	0
3950611	0
3950755	1
3950807	2
3950852	2
3951499	0
3951557	1
3952371	0
3952610	4
3952625	1
3952681	0
3952789	2
3953142	0
3953276	1
3953522	2
3953964	2
3954194	2
3954447	0
3954657	0
3954675	0
3954820	0
3955044	2
3955163	2
3955351	2
3955503	3
3955652	4
3955804	1
3955819	2
3955838	0
3956834	3
3957024	2
3957411	1
3957683	2
3959218	2
3959307	0
3959482	5
3960189	0
3960233	2
3960252	4
3960385	1
3960474	2
3960587	0
3960678	2
3960777	0
3960875	0
3961149	2
3961336	0
3961470	0
3961533	0
3961710	0
3961850	1
3962417	2
3962726	2
3963078	0
3963288	1
3963603	0
3963766	2
3963767	2
3963900	2
3964070	0
3964484	4
3964868	2
3965387	2
3965704	0
3966167	0
3966459	3
3966479	5
3966630	0
3966754	0
3967000	0
3967424	2
3967823	2
3968477	0
3968625	2
3968664	0
3969351	2
3969915	0
3970506	2
3970664	2
3970719	1
3970814	0
3970825	4
3971014	0
3971054	3
3971554	2
3971693	5
3972224	0
3972364	2
3972483	1
3972580	4
3972588	2
3972907	1
3973117	2
3973167	0
3973426	0
3973934	2
3973982	0
3974292	5
3974637	0
3974865	0
3974937	0
3975360	1
3975481	2
3975695	2
3975796	0
3975871	5
3975880	0
3975970	1
3976134	2
3976879	2
3976975	2
3977044	0
3977436	2
3977447	2
3977644	0
3978625	0
3978649	0
3978847	0
3979163	2
3979492	2
3979698	0
3979777	2
3980177	0
3980232	1
3980704	3
3981079	1
3981167	4
3981263	2
3981735	2
3982092	4
3982409	0
3982815	1
3982881	1
3983442	1
3983595	3
3983906	0
3983940	0
3984035	1
3984066	0
3984285	0
3984698	3
3984780	2
3984963	0
3985208	0
3985261	2
3985964	2
3986295	0
3986620	2
3986735	2
3986888	2
3987039	2
3987245	1
3987279	1
3987337	1
3987415	2
3987541	2
3987807	5
3988075	0
3988299	0
3988364	1
3988441	2
3988981	0
3989186	1
3989221	0
3989677	0
3989689	2
3989883	2
3990005	5
3990110	0
3990210	0
3990507	2
3990590	2
3990777	3
3990835	2
3991026	0
3991045	2
3991068	2
3991367	4
3991499	2
3991562	1
3991647	5
3991671	0
3992134	0
3992515	1
3992713	0
3992742	2
3992793	2
3992940	5
3993263	3
3993321	4
3993349	0
3993799	2
3993845	2
3994018	0
3994019	1
3994057	2
3994271	1
3994708	2
3994848	0
3994979	1
3995142	1
3995387	0
3996473	0
3996575	0
3996759	2
3996791	0
3996975	5
3997114	0
3997338	2
3997385	2
3997412	4
3997501	0
3997721	1
3997965	0
3997978	0
3998023	0
3998272	2
3998378	0
3998488	4
3999041	0
3999091	0
3999452	0
3999828	0
3999905	0
4000438	0
4000874	1
4000891	5
4000954	2
4001289	1
4001422	0
4001546	2
4001624	2
4001655	0
4001656	2
4002247	0
4002322	1
4002456	1
4002531	0
4002541	0
4002670	4
4003795	1
4003843	5
4003845	0
4004044	0
4004153	1
4004320	0
4004492	4
4004642	0
4004686	0
4004690	0
4004741	0
4004746	0
4004781	3
4004892	3
4005046	0
4005180	1
4005356	0
4005728	0
4005773	2
4006190	2
4006341	0
4006472	1
4006548	0
4006602	0
4006640	1
4006645	0
4006769	1
4006883	1
4007064	0
4007074	1
4007170	0
4007457	2
4007481	2
4007554	0
4007780	0
4007982	0
4008592	0
4009044	0
4009143	0
4009532	0
4009538	4
4010136	1
4010147	1
4010894	0
4011016	0
4011021	2
4011025	5
4011252	1
4011313	2
4011394	0
4011547	0
4011703	0
4011772	0
4011953	0
4012002	1
4012013	0
4012262	1
4012327	1
4012438	0
4012585	2
4012711	0
4012871	0
4012921	1
4012937	0
4013174	1
4013208	1
4013338	2
4013531	0
4013802	0
4014181	0
4014598	0
4015546	1
4015708	0
4016251	3
4016469	1
4016727	0
4016782	2
4017009	2
4017390	2
4017435	0
4017450	2
4017738	1
4017745	2
4017917	0
4018495	0
4018892	0
4019558	4
4019875	0
4019969	0
4020197	1
4020380	0
4021325	1
4021877	0
4022388	2
4022544	1
4022660	2
4022711	0
4022934	1
4022981	2
4023054	0
4023367	0
4023684	2
4023944	0
4024211	5
4024485	0
4024875	2
4025054	4
4025122	0
4025245	0
4025910	0
4026122	2
4026432	2
4026477	0
4026511	2
4026682	0
4026948	0
4027221	0
4027504	0
4027613	2
4027674	2
4028015	2
4029003	2
4029115	5
4029240	0
4029339	0
4029382	1
4029418	0
4029500	2
4029776	0
4029870	0
4029977	2
4030030	0
4030031	0
4030185	0
4030257	0
4030339	0
4030854	2
4031285	0
4031564	2
4031674	1
4031814	2
4031999	4
4032051	2
4032080	3
4032110	0
4032124	2
4032276	0
4032578	2
4032896	0
4032998	1
4033027	2
4033348	0
4033583	3
4033623	2
4033765	0
4034251	0
4034568	3
4034923	0
4035072	2
4035629	1
4036263	1
4036284	5
4036396	1
4036973	2
4038254	2
4038759	3
4038998	2
4039110	0
4039321	0
4039589	0
4039771	0
4040558	1
4040851	2
4040931	0
4040959	2
4041612	2
4041685	5
4042199	0
4042301	2
4042763	0
4043353	0
4043387	0
4043731	2
4043950	5
4044407	1
4044522	2
4044984	2
4045427	2
4045793	0
4046255	0
4046472	0
4046532	4
4046860	0
4046942	2
4047171	0
4047251	3
4047989	2
4048085	0
4048205	0
4048234	0
4048356	0
4048757	0
4048799	0
4049440	0
4049723	2
4049840	5
4050228	1
4050311	2
4050649	0
4051178	0
4051211	2
4051283	1
4051757	2
4051827	0
4052157	1
4052167	0
4052393	2
4052571	1
4052733	0
4052754	0
4053477	2
4053512	0
4053967	2
4054258	0
4054480	2
4054685	1
4054940	0
4055010	1
4055445	2
4055464	0
4055811	0
4056173	2
4056248	0
4056319	0
4056861	0
4057829	2
4057922	2
4058048	4
4058118	2
4058227	0
4058252	0
4058448	3
4058678	0
4059412	0
4059488	1
4059545	0
4059621	1
4060148	1
4060439	1
4060803	2
4060843	2
4060865	0
4060944	1
4061072	0
4061629	4
4061969	5
4062012	5
4062274	0
4062502	0
4062970	1
4063105	1
4063823	1
4063886	2
4064062	5
4064090	0
4064342	3
4064407	0
4064777	0
4065188	1
4065469	2
4065623	0
4065733	2
4066109	2
4066479	1
4066843	5
4067312	1
4067412	1
4067633	0
4067736	1
4067818	1
4068194	2
4068307	0
4068439	0
4069249	2
4069576	2
4069636	2
4069922	1
4070383	0
4070864	0
4071157	3
4071605	2
4071664	0
4071719	0
4071836	2
4071973	0
4072332	2
4072511	1
4072643	0
4072771	0
4073036	0
4073074	1
4073368	0
4073402	0
4074291	4
4075496	0
4075504	3
4075746	5
4076145	0
4076449	5
4076548	5
4077198	0
4078033	2
4078125	2
4078337	4
4078384	1
4078918	2
4078979	4
4079392	5
4079490	2
4079550	2
4080679	2
4080997	0
4081128	1
4081545	0
4082282	2
4082405	2
4082850	2
4083423	1
4083495	1
4083631	0
4083736	0
4083784	0
4084139	1
4084454	0
4084569	1
4084723	0
4084876	0
4084964	0
4085008	1
4085940	2
4086015	0
4086252	0
4086336	0
4086957	2
4087013	1
4087389	0
4087447	4
4087479	1
4087914	0
4087985	2
4088039	0
4088201	1
4088492	0
4088578	4
4089056	2
4089213	0
4089234	2
4089319	5
4089352	0
4089826	0
4090003	0
4091025	4
4091225	2
4091356	1
4092027	2
4092159	2
4092779	1
4092947	5
4092961	0
4093374	2
4093522	1
4094017	2
4094061	0
4094370	0
4094530	2
4095316	0
4095340	0
4095769	0
4096208	0
4096824	0
4096937	1
4097284	0
4097601	0
4098269	2
4099255	0
4099455	2
4099648	0
4100122	0
4100366	0
4100463	3
4101144	0
4101284	0
4101528	0
4101592	0
4101718	2
4101962	4
4102360	5
4102490	4
4102534	0
4102880	2
4103010	0
4103090	0
4103133	0
4103224	2
4103277	0
4103372	2
4104063	2
4104121	0
4104296	0
4104569	2
4104700	0
4104963	1
4104995	0
4105160	2
4105236	1
4105282	2
4105546	0
4105855	2
4106290	2
4106581	2
4106815	3
4106943	0
4107278	0
4107283	0
4107294	5
4107590	0
4107700	0
4107933	0
4107943	0
4108021	2
4108619	0
4108664	0
4109006	1
4109102	2
4109129	0
4109187	2
4109792	2
4109869	0
4110065	0
4110120	1
4110223	2
4110283	0
4110371	3
4110732	0
4111027	0
4111802	0
4112082	3
4112439	5
4112534	0
4112699	0
4112838	0
4112910	0
4113040	0
4113678	0
4113687	2
4113786	3
4113889	4
4113899	0
4114092	2
4115315	0
4116037	2
4116170	1
4116230	0
4116246	0
4116717	2
4117299	2
4118140	3
4118158	0
4118462	1
4118760	3
4118879	4
4118922	2
4118939	0
4118947	0
4118955	0
4119317	1
4119962	5
4120481	5
4120645	0
4120980	2
4121395	0
4121446	0
4121528	0
4121556	0
4121586	2
4121695	0
4122025	2
4122035	0
4122057	4
4122199	0
4122521	1
4123231	2
4123856	0
4123896	0
4124561	0
4124770	1
4124829	3
4125443	2
4125481	0
4125994	0
4126363	2
4126937	2
4127854	0
4127878	1
4128012	2
4128129	0
4128219	0
4128418	2
4128470	0
4128526	1
4128683	2
4128802	5
4129683	3
4130028	0
4130037	2
4130392	4
4130553	0
4130731	0
4130865	1
4130915	2
4131101	2
4131279	0
4131857	2
4132283	0
4132292	0
4132882	3
4132922	0
4133506	0
4133561	0
4133932	0
4134448	2
4134538	2
4134769	0
4135164	2
4135278	4
4135357	1
4135359	0
4135431	1
4135544	5
4135848	2
4136034	2
4136094	1
4136132	4
4136401	1
4136902	5
4136976	0
4137970	2
4138089	2
4139288	2
4139410	1
4139469	2
4139509	1
4139803	0
4139812	1
4139939	1
4139999	5
4140222	0
4140391	3
4140904	1
4141009	2
4141206	2
4141240	0
4141320	2
4141478	1
4142149	2
4142427	0
4142977	2
4143523	2
4143654	2
4143930	0
4144576	1
4144612	3
4144622	0
4144694	2
4145126	0
4145285	0
4145376	0
4145453	0
4145503	2
4146379	1
4146479	1
4146592	1
4146624	0
4146634	5
4146917	0
4147580	2
4147873	4
4147983	1
4148036	1
4148286	1
4148411	0
4148580	4
4148666	0
4149095	3
4149105	0
4150058	2
4150197	2
4150205	2
4150228	0
4150407	2
4150583	5
4150608	0
4150785	0
4150807	2
4150889	0
4150974	2
4151310	1
4151633	2
4151737	0
4152499	0
4152725	0
4153323	2
4153391	1
4153462	0
4154107	0
4154243	1
4154395	2
4155238	1
4155457	0
4155526	1
4155596	2
4156167	0
4156578	0
4156807	4
4157000	2
4157452	2
4158010	2
4158245	0
4158929	0
4159017	2
4160269	2
4160766	2
4160894	4
4161200	2
4162193	2
4163589	2
4163593	0
4163662	0
4163719	0
4164095	4
4164352	2
4164392	2
4165867	2
4165978	0
4166057	3
4166278	0
4166675	1
4167398	0
4167493	0
4167587	0
4168453	1
4168572	0
4168805	1
4168882	2
4169563	1
4169566	1
4170030	3
4170032	0
4170170	2
4170365	5
4170744	0
4170790	0
4170805	2
4172809	1
4172850	0
4173321	3
4173452	0
4173658	3
4173734	1
4173775	2
4174000	4
4174058	2
4174413	0
4174627	0
4174724	0
4175071	2
4175106	2
4175352	2
4175549	2
4175668	4
4176018	2
4176030	1
4176102	0
4176619	0
4176653	1
4176657	0
4176834	0
4177004	1
4177364	1
4177931	1
4178148	0
4178435	2
4178491	2
4178911	0
4178980	0
4179019	0
4179155	0
4179254	0
4179553	0
4179851	2
4179900	1
4180700	2
4180720	0
4181542	0
4181682	1
4181815	0
4182096	0
4183722	2
4184353	0
4184431	2
4184448	2
4185487	2
4185507	2
4187115	0
4188226	0
4190653	0
4192134	1
4192820	0
4192834	0
4193320	2
4193559	1
4194419	5
4194569	1
4194669	0
4194827	1
4194992	2
4195206	2
4195415	2
4195428	2
4195916	2
4196600	4
4196843	4
4198798	2
4199029	2
4200207	0
4201117	0
4201846	5
4201936	0
4202199	4
4204704	0
4205722	1
4206330	0
4206396	4
4206526	5
4208249	0
4209464	0
4209593	0
4209998	1
4210373	4
4210826	2
4211649	0
4211691	0
4212311	0
4212605	0
4212662	0
4212789	0
4213169	0
4213621	0
4213629	0
4213649	0
4214107	2
4214431	2
4215687	0
4216984	0
4217966	0
4218358	0
4218745	0
4218749	5
4219061	2
4219220	0
4219383	4
4219391	2
4220017	0
4220036	2
4221221	1
4221241	0
4221834	0
4223742	2
4224692	0
4226045	2
4226125	2
4226226	1
4226296	5
4226475	0
4226703	4
4226908	0
4226942	2
4227323	0
4227844	0
4228481	1
4229122	4
4229245	2
4230005	0
4230601	0
4230738	1
4232766	0
4233005	0
4233514	0
4234581	0
4235490	2
4235572	1
4235701	3
4235840	4
4235939	1
4236486	0
4236611	0
4236617	2
4236863	0
4236909	1
4236940	2
4237429	2
4238724	1
4238838	0
4238983	2
4239952	1
4240124	0
4240353	0
4240499	0
4240754	2
4240847	0
4240907	0
4241106	2
4241111	0
4242074	0
4242139	0
4242495	0
4242703	2
4243347	2
4243996	0
4244080	2
4244325	0
4244418	2
4244757	0
4244801	1
4245045	1
4245257	0
4245510	0
4249021	1
4249351	1
4249363	0
4250049	4
4250430	0
4251407	2
4251468	2
4251507	2
4251621	1
4251746	1
4252083	2
4252763	2
4252925	2
4253068	2
4253211	0
4253945	0
4254000	1
4254051	2
4254082	2
4254245	2
4254586	2
4254898	0
4255102	0
4255104	2
4255137	1
4255264	0
4255330	2
4255442	0
4255664	0
4255684	2
4255702	1
4255786	2
4255898	0
4256310	2
4256627	0
4256905	2
4257568	0
4257573	2
4257604	0
4257776	2
4257805	1
4258296	1
4258420	2
4258427	3
4258774	0
4259136	0
4259185	5
4259476	2
4260422	2
4262531	0
4263818	2
4263894	5
4264529	1
4265628	0
4265873	0
4266035	0
4266176	0
4266526	0
4266791	2
4266806	0
4266865	1
4266887	1
4267164	1
4267226	2
4267533	0
4267586	1
4267630	0
4267651	3
4268627	1
4268757	0
4269080	2
4269836	1
4270470	1
4270568	0
4270742	0
4271561	2
4272214	1
4272380	0
4272803	0
4272832	2
4272872	0
4273364	5
4273599	1
4273758	0
4274161	0
4274344	0
4274873	0
4275144	4
4275290	1
4275313	1
4275700	2
4276569	1
4277573	1
4277995	0
4278098	0
4280388	2
4280846	2
4281219	0
4282497	1
4284866	1
4285373	2
4286174	2
4287186	0
4287440	0
4287452	2
4287650	0
4287975	0
4288034	0
4288133	2
4288166	2
4288669	5
4288925	0
4288960	0
4289476	4
4289985	0
4290180	0
4290208	0
4290628	0
4290839	0
4290940	0
4291407	0
4291458	0
4292469	2
4292918	0
4293706	4
4293941	0
4294948	0
4295161	0
4295729	0
4295809	0
4295875	0
4296644	2
4297443	0
4297813	0
4298177	2
4299078	2
4299893	0
4301717	0
4302409	2
4302923	2
4303069	0
4303089	3
4304771	0
4305017	1
4305225	2
4306069	0
4308881	0
4309359	2
4309871	5
4310545	1
4312291	0
4319252	1
4319587	2
4320039	2
4320057	0
4320156	2
4320398	3
4320504	2
4320582	1
4321477	2
4322704	0
4323670	1
4323737	0
4323998	0
4324063	4
4324641	0
4324674	0
4324834	2
4325982	1
4326253	4
4326554	2
4326630	0
4326912	0
4327085	0
4327812	0
4328242	4
4328448	4
4329402	2
4329792	0
4330244	5
4330598	0
4331780	1
4332048	0
4332682	2
4332922	2
4333229	5
4333807	0
4334023	2
4334909	2
4336116	0
4336226	2
4336323	2
4337635	2
4338160	0
4338840	0
4339505	2
4339554	0
4339774	1
4341824	4
4342436	2
4343377	3
4344217	0
4344391	0
4344606	1
4345510	4
4345985	1
4346226	0
4346465	2
4346502	0
4346769	2
4348621	0
4348886	0
4350052	0
4350463	0
4351155	1
4351382	0
4351552	0
4351652	2
4351848	1
4351959	2
4352489	0
4353988	0
4353989	1
4354771	2
4355506	2
4356060	2
4356280	2
4356337	4
4356607	0
4356918	0
4356962	2
4357563	0
4358834	2
4359405	0
4359413	0
4359417	0
4360044	2
4360243	2
4361215	2
4361741	1
4362358	0
4362454	2
4362732	0
4363225	1
4363287	2
4363346	1
4365714	1
4367925	0
4368359	0
4368408	0
4368581	4
4368629	2
4368740	2
4369064	1
4370386	2
4370433	5
4370870	4
4370923	2
4371084	2
4371373	2
4372274	3
4372311	0
4372487	2
4372929	5
4373378	0
4373744	4
4377001	0
4378192	2
4379554	2
4382905	0
4385258	0
4386240	0
4386436	0
4387224	0
4387276	0
4387461	2
4389025	2
4389621	5
4390179	0
4390351	2
4390359	0
4390545	0
4390936	2
4391147	5
4391504	1
4391836	0
4392300	2
4392367	2
4393171	0
4393452	0
4393789	0
4393900	0
4394458	4
4395611	2
4396328	2
4396750	0
4396963	0
4397320	0
4398342	1
4399026	1
4399843	2
4400370	5
4400513	0
4400802	0
4400838	0
4401023	1
4402061	0
4402643	1
4402666	0
4402945	3
4403496	4
4403568	1
4403581	0
4403945	4
4404341	0
4404577	2
4404964	2
4405671	0
4405700	0
4406211	0
4406522	0
4407987	0
4408409	0
4409107	3
4409285	1
4410547	0
4410597	0
4411411	0
4412302	1
4412429	0
4413420	0
4414835	0
4414865	2
4416417	1
4416952	1
4417190	0
4417556	2
4418086	2
4418235	2
4418514	4
4418642	4
4418672	0
4419216	0
4419759	5
4420552	1
4422158	2
4422667	2
4423085	5
4425781	0
4426206	4
4426935	2
4428708	0
4429471	0
4429529	3
4430443	2
4430580	2
4431036	1
4431375	0
4431899	0
4432190	1
4432259	1
4432333	0
4433700	2
4434299	1
4434879	2
4435197	0
4435207	2
4435222	0
4435496	1
4435566	1
4436519	0
4436894	0
4437979	4
4438007	0
4438068	0
4440172	0
4440883	5
4442132	2
4442238	2
4443155	1
4443548	2
4443629	2
4444322	0
4445099	0
4445130	0
4446634	1
4446700	0
4447060	0
4447069	3
4447543	0
4447554	0
4447972	0
4448147	0
4448334	2
4452844	2
4453280	5
4455095	3
4455579	1
4455748	2
4455983	0
4456484	1
4456839	0
4456909	0
4456940	0
4457203	0
4457205	3
4457524	5
4457545	0
4457688	2
4457883	2
4458817	2
4459372	0
4460067	1
4460750	2
4462231	0
4462536	0
4462966	2
4463258	2
4463405	0
4463489	2
4464189	1
4464318	4
4464386	0
4464577	1
4465640	4
4466038	0
4466166	5
4466381	5
4466417	4
4466649	0
4466698	1
4466718	2
4467187	1
4467254	2
4467455	0
4467593	2
4468203	2
4470236	2
4471408	0
4472375	0
4473718	0
4474058	2
4474657	0
4475332	2
4475806	1
4475963	0
4476534	2
4476537	1
4476570	2
4476726	0
4476771	5
4477257	0
4477487	0
4478028	0
4478169	0
4478210	4
4478458	2
4478533	2
4478817	2
4479136	5
4480518	0
4480981	0
4481615	2
4481626	0
4481743	1
4482064	0
4482368	0
4482611	1
4482782	0
4483044	2
4489388	4
4489456	0
4489618	1
4490097	0
4490360	0
4490419	5
4490569	0
4490980	1
4491146	5
4491484	1
4491734	0
4492060	1
4492267	1
4492826	0
4493185	2
4493241	1
4493367	2
4493463	2
4494026	0
4494381	1
4494410	0
4496550	1
4496567	0
4496744	0
4496760	0
4496788	0
4497046	0
4498128	5
4498304	0
4498912	0
4498997	0
4499042	2
4499065	0
4499479	0
4499735	1
4500125	0
4500471	4
4501060	2
4501118	1
4502598	0
4502725	5
4503002	3
4504259	1
4508325	0
4511678	5
4512042	5
4513138	0
4513448	2
4513913	0
4514741	0
4515375	2
4515388	1
4515584	1
4515634	0
4515989	0
4516854	0
4516870	2
4516981	0
4517091	2
4517704	2
4518023	4
4518119	2
4518413	0
4518875	0
4522359	2
4523641	0
4525009	2
4525204	0
4525362	2
4527783	3
4527820	1
4529369	0
4530467	0
4533819	2
4536797	0
4539312	3
4539419	0
4540982	0
4541589	2
4541653	0
4541661	1
4541807	0
4542268	0
4542926	2
4542976	2
4542997	0
4543176	1
4543596	1
4544281	0
4544783	0
4545023	1
4545104	4
4545202	5
4546107	2
4547329	0
4548694	2
4548737	0
4548887	3
4548960	2
4549132	0
4549208	1
4549272	2
4550427	2
4550692	0
4550873	2
4551462	0
4551573	1
4551930	0
4552059	1
4552170	5
4552488	0
4552532	0
4553090	0
4553628	4
4553756	2
4554285	2
4554941	0
4554986	2
4555144	2
4555457	2
4555581	0
4555951	5
4556118	0
4556205	0
4556208	4
4556524	2
4556626	0
4557214	1
4557397	2
4557760	2
4558197	3
4558959	1
4558991	1
4559090	1
4559132	1
4559171	2
4559287	0
4559624	0
4560122	2
4560290	2
4560563	1
4560602	0
4560643	5
4561090	0
4561346	1
4561707	0
4561833	2
4561929	1
4562049	0
4562868	0
4562951	4
4563264	2
4563708	0
4563847	0
4564061	0
4564193	0
4564547	0
4564811	2
4564960	2
4565408	4
4565428	1
4565512	2
4565626	2
4566095	0
4566623	0
4566634	0
4566758	0
4566791	5
4566886	0
4567588	0
4567589	0
4568294	0
4568627	5
4569172	2
4569227	2
4569231	0
4569260	0
4569382	2
4569641	0
4569982	0
4570067	4
4570312	0
4570371	1
4570843	1
4571861	0
4572239	2
4572241	1
4572692	2
4572942	2
4573153	2
4573603	0
4573878	2
4574169	0
4574224	0
4574265	0
4574525	0
4574879	5
4574935	2
4575480	0
4575574	0
4575589	1
4575788	3
4576334	2
4576914	0
4577040	1
4577286	2
4577653	2
4578260	1
4578380	5
4578443	0
4578474	0
4578740	5
4578825	5
4578945	1
4579038	2
4579708	5
4580567	0
4581133	2
4582193	0
4586789	0
4586899	2
4587422	0
4587538	0
4588012	0
4588626	1
4588687	4
4589595	4
4589922	0
4589955	4
4590161	2
4590303	1
4590423	2
4591064	0
4591364	2
4591535	2
4591703	3
4591791	0
4592066	0
4592255	0
4592269	0
4592274	2
4592391	1
4592411	0
4592520	0
4592701	0
4592820	0
4593618	0
4594266	0
4594631	2
4595298	2
4595638	0
4595807	2
4595873	1
4595945	0
4596091	2
4596128	0
4596321	2
4597153	0
4597196	2
4598579	1
4599157	2
4599375	0
4599498	0
4599622	0
4599782	0
4599907	0
4600010	0
4600013	0
4600135	2
4600180	2
4600509	0
4600730	1
4600782	0
4601031	3
4601089	0
4601090	0
4601687	0
4602032	2
4602048	0
4602555	2
4602847	0
4603470	0
4603486	3
4603655	0
4603788	0
4603899	0
4604045	0
4604060	1
4604208	4
4604361	1
4604433	1
4605054	0
4605463	4
4605481	5
4605755	0
4605870	0
4606487	2
4606905	0
4607219	2
4607220	2
4607565	1
4607699	2
4607716	0
4608337	0
4608970	1
4609713	0
4609866	3
4609915	2
4610341	2
4610453	0
4610747	2
4610811	0
4610835	0
4611161	0
4611170	5
4611179	0
4611515	0
4611571	0
4612024	0
4612800	0
4613279	1
4613466	3
4613737	0
4613792	3
4613919	0
4614058	0
4614562	0
4615285	0
4615324	2
4615382	2
4615488	0
4615737	0
4618644	5
4619063	2
4619214	0
4619247	0
4619399	2
4619816	2
4620825	3
4621049	4
4621092	0
4621094	1
4621187	2
4621608	1
4621840	0
4621897	1
4622257	2
4622303	1
4622445	2
4622913	0
4622960	5
4623198	1
4623231	4
4623333	2
4623425	0
4623469	0
4623672	2
4623770	0
4623783	0
4624005	0
4624029	0
4624082	0
4624427	2
4624599	0
4624627	1
4624827	2
4624857	0
4624961	0
4625098	0
4625214	2
4625230	0
4625678	0
4625866	0
4626108	2
4626600	1
4626686	0
4626734	2
4626785	0
4626819	5
4627015	1
4635831	2
4635856	1
4636559	0
4636615	4
4637080	2
4637085	2
4637111	0
4637117	0
4637580	1
4637654	0
4647896	0
4648887	0
4649738	0
4651954	2
4653002	4
4656975	4
4662723	0
4665213	1
4665741	2
4670620	2
4680557	2
4683157	0
4687081	2
4688059	5
4693944	0
4694230	2
4695561	0
4695927	0
4696302	1
4696533	0
4696632	0
4696703	4
4696708	0
4703802	0
4709425	1
4709495	1
4709513	0
4709709	1
4710681	0
4710866	0
4718484	2
4718726	1
4719033	1
4719091	1
4719267	0
4719344	1
4719452	0
4719718	0
4719851	0
4719888	2
4720028	4
4720089	0
4726218	1
4726565	0
4726993	0
4727654	0
4728107	0
4728393	0
4728720	4
4728807	4
4728920	2
4729583	0
4729964	0
4739778	0
4740052	2
4740056	0
4740232	1
4740256	2
4740339	0
4740462	2
4740533	0
4740688	0
4740985	0
4742117	1
4744851	0
4749477	0
4749802	1
4750172	1
4750213	1
4750420	0
4750472	2
4750739	2
4751164	0
4751188	5
4753877	2
4758067	4
4758074	0
4758160	0
4760730	1
4768251	0
4768316	5
4768700	0
4769203	0
4769250	5
4769285	2
4775138	1
4775205	2
4777743	2
4778772	0
4778813	2
4779146	0
4780069	5
4781675	0
4786082	2
4786841	0
4795248	2
4796811	1
4796825	4
4796896	2
4797111	0
4797328	2
4797486	2
4805992	2
4810641	0
4825682	3
4825861	5
4825922	0
4827222	0
4827540	2
4827576	0
4828052	2
4828234	2
4828279	0
4828445	4
4828911	2
4829426	4
4829737	0
4829801	2
4829914	2
4830114	3
4830190	1
4830306	1
4830318	0
4830726	0
4830750	0
4830955	4
4830966	2
4830983	2
4831312	2
4831624	2
4831664	0
4831891	0
4832112	2
4832174	0
4832315	2
4832351	2
4832375	2
4832409	2
4832675	0
4832879	0
4832963	2
4833075	2
4833082	0
4833354	4
4833363	2
4833699	2
4833818	1
4833986	0
4834016	0
4834200	0
4834664	1
4834665	0
4835464	2
4835500	0
4835614	0
4835816	0
4835914	5
4836000	1
4836066	0
4836165	0
4836247	2
4836364	4
4836577	0
4836850	0
4836912	0
4836919	4
4837080	5
4837105	1
4837551	0
4838062	2
4838344	0
4838481	1
4838523	0
4838841	2
4838874	0
4839115	1
4839272	3
4839278	0
4839283	1
4839334	2
4839481	0
4839566	5
4840655	0
4840837	0
4841052	2
4841078	0
4841109	3
4841297	2
4841366	0
4841481	0
4841506	2
4841733	0
4842030	0
4842199	2
4842286	4
4842294	2
4842303	2
4842383	1
4842525	0
4843013	5
4843054	0
4843069	2
4843194	2
4843339	2
4843741	2
4843890	0
4844130	0
4844476	1
4844559	4
4844654	5
4844795	0
4845061	0
4845123	1
4845352	0
4845374	0
4845411	4
4845523	5
4845587	1
4845653	0
4845858	1
4845897	2
4846844	1
4847245	5
4848026	4
4848053	1
4848089	0
4848202	0
4848246	2
4848523	0
4849009	0
4849222	1
4849406	1
4849701	3
4849711	0
4850900	5
4851282	2
4851306	2
4851659	0
4851891	0
4852241	2
4852451	2
4852784	1
4853105	0
4853403	0
4854026	5
4854216	5
4854256	2
4854482	0
4854654	2
4855237	2
4856195	2
4856331	2
4856371	2
4857040	2
4857780	2
4857847	0
4858177	1
4858475	2
4858734	2
4858874	0
4858926	0
4858954	2
4859168	4
4859351	4
4859474	0
4859933	2
4860463	2
4860465	5
4860615	1
4861212	4
4861231	2
4861288	2
4861291	2
4861483	0
4861682	1
4862251	4
4862467	0
4862472	2
4862543	1
4862587	5
4862819	4
4862859	2
4863178	0
4863609	2
4863996	1
4864017	0
4864228	1
4864342	2
4864352	3
4864580	2
4866256	3
4866610	1
4866682	2
4866814	0
4866874	1
4866898	5
4867268	4
4867279	2
4867449	1
4867485	0
4867917	0
4868060	0
4868285	1
4868286	2
4868773	2
4868810	2
4868945	2
4868987	0
4869008	0
4869042	0
4869146	2
4869164	0
4869345	2
4869439	2
4869478	2
4869707	0
4869870	0
4870280	0
4870390	0
4870551	4
4870686	0
4871366	2
4871662	0
4872160	2
4872591	1
4872702	0
4872876	2
4873588	2
4873936	2
4874062	1
4874662	3
4874910	1
4876818	1
4877063	0
4877537	0
4878083	0
4878542	0
4878928	2
4879475	1
4879859	2
4881357	0
4883166	2
4883377	4
4883447	2
4884436	2
4884510	0
4884700	2
4884768	2
4884869	2
4884935	0
4886783	2
4888033	2
4888256	0
4888427	1
4888828	2
4889312	0
4889788	2
4890711	2
4890905	2
4891207	2
4891505	2
4891587	2
4891633	1
4891887	2
4892642	2
4894461	4
4894729	0
4895015	0
4895224	0
4896447	0
4897334	0
4897528	2
4897818	0
4900142	0
4900496	5
4900750	0
4901220	0
4902313	2
4902826	1
4903321	0
4904873	2
4905678	0
4905819	1
4906088	0
4906309	0
4906738	2
4907229	1
4908474	2
4908684	0
4908909	0
4909039	2
4909113	0
4909259	0
4909420	0
4909975	1
4911204	2
4911844	0
4911957	0
4912332	0
4912546	0
4912585	1
4912826	0
4913422	0
4914329	2
4915908	1
4916544	0
4916864	2
4917228	0
4917734	5
4917769	2
4918585	2
4918637	0
4918755	2
4919004	2
4919311	2
4919489	0
4919797	4
4920619	0
4921415	0
4921475	0
4921623	2
4921932	0
4922083	4
4922782	0
4922957	4
4924301	2
4926363	2
4926758	0
4927228	1
4928320	0
4928972	1
4929212	2
4929729	2
4930049	4
4930486	2
4930558	2
4931697	1
4932406	2
4933344	0
4933559	2
4934523	2
4934698	1
4934945	4
4936712	5
4936825	4
4936960	2
4937129	0
4937653	5
4937662	0
4938058	0
4938406	0
4941090	0
4941707	0
4941726	0
4942276	2
4943553	2
4944181	0
4945206	2
4945848	2
4945984	2
4948021	4
4948352	1
4948556	0
4948867	1
4949269	0
4949625	0
4949706	0
4949989	0
4952118	5
4952277	3
4953565	2
4953666	2
4955474	2
4955682	0
4955765	0
4955924	3
4956925	0
4957012	4
4957158	0
4957348	5
4957520	0
4957571	2
4958332	1
4959639	0
4961050	2
4961062	2
4961133	1
4961573	2
4962167	1
4962308	1
4962493	1
4962549	4
4962723	0
4962909	2
4963575	0
4963636	0
4963967	1
4965329	5
4966059	0
4967212	2
4967286	3
4968032	1
4968211	0
4968365	1
4969264	2
4970619	0
4971476	0
4972174	4
4972985	2
4973259	0
4973367	2
4973471	1
4973909	2
4973960	4
4974208	2
4975629	4
4975710	0
4976109	1
4976358	0
4977183	2
4977674	0
4978384	5
4979920	2
4981276	0
4981919	1
4982206	1
4982218	1
4982599	2
4982692	0
4982747	2
4984889	2
4986250	3
4987134	0
4987273	3
4987648	2
4987754	0
4987790	2
4988383	0
4988987	0
4989451	1
4989688	1
4992552	0
4993660	4
4994630	0
4995582	5
4998084	1
4998422	2
4998527	0
4998624	0
4998727	2
4999949	0
5002765	2
5003019	2
5003165	0
5003288	0
5004544	2
5004814	4
5005009	0
5006110	1
5006627	1
5006653	0
5006775	4
5007243	2
5008281	1
5009351	0
5009412	0
5009695	1
5009999	2
5010095	1
5010777	2
5011098	0
5011184	0
5012004	2
5012010	0
5013447	2
5013923	2
5014378	0
5014562	2
5015629	0
5015718	1
5016080	2
5018814	0
5019303	1
5019874	4
5020408	1
5020786	1
5021163	0
5022663	0
5023193	4
5023579	0
5024164	0
5024264	0
5024684	0
5024921	1
5026713	0
5026953	2
5027122	0
5027271	5
5027394	3
5027397	2
5027589	1
5027799	0
5027830	3
5027985	0
5028159	1
5028655	0
5030213	0
5030363	0
5030725	0
5031156	5
5032060	0
5032197	1
5032365	1
5034227	1
5035185	0
5035381	0
5036106	0
5036996	5
5038127	4
5039290	0
5039581	2
5039786	0
5040490	5
5041498	1
5041540	0
5042128	2
5042593	2
5042939	0
5043027	2
5043208	2
5044913	0
5044998	0
5045469	2
5045574	2
5046015	0
5046133	0
5046527	4
5046942	1
5047463	2
5048454	2
5049097	5
5050144	0
5050235	0
5050324	2
5052095	2
5052809	3
5053410	1
5053493	2
5054771	1
5055267	1
5055289	2
5056998	0
5057562	1
5058637	5
5060015	2
5060065	3
5060089	2
5060535	4
5062208	1
5062748	0
5063142	4
5063770	5
5064183	0
5064399	2
5064437	0
5064499	1
5065545	0
5065655	2
5066250	1
5068997	3
5070031	2
5070296	0
5070512	0
5070704	0
5071131	0
5071238	4
5071537	0
5072074	0
5072297	0
5072321	0
5072861	2
5073222	3
5073255	0
5073274	1
5073674	0
5073955	5
5074032	2
5074110	0
5074514	2
5074753	0
5074864	0
5074869	2
5074902	0
5075843	2
5077227	4
5078642	0
5079392	2
5080236	1
5080349	1
5080604	2
5081685	2
5082682	0
5082725	1
5083155	2
5083497	4
5083598	2
5083721	0
5083726	4
5083910	2
5084118	2
5085020	0
5085199	2
5085226	0
5085508	1
5085592	2
5085877	4
5086836	1
5086890	0
5087868	4
5088079	1
5088172	1
5088366	0
5088374	4
5088628	2
5089082	5
5089153	0
5089442	2
5089470	2
5089684	0
5089764	0
5089960	0
5090903	1
5091046	3
5091551	0
5091857	4
5092463	4
5092956	0
5093033	2
5093065	2
5093292	2
5093390	0
5093603	1
5094229	0
5094309	0
5094611	2
5094621	4
5094730	0
5094841	1
5095059	1
5095862	0
5096003	1
5096033	2
5096396	0
5096403	0
5097138	5
5097383	0
5097407	5
5097755	2
5097807	0
5098036	0
5098351	1
5098481	0
5099207	2
5099277	2
5099433	2
5099569	2
5099668	0
5099932	2
5100005	1
5100020	0
5100035	0
5100197	1
5100394	0
5100537	0
5100670	0
5101188	0
5101210	2
5101252	2
5101280	2
5101342	1
5101414	0
5101457	0
5101632	4
5102497	1
5102998	2
5103193	0
5103325	1
5103347	1
5103514	2
5104021	0
5104380	2
5104561	0
5104619	0
5104728	0
5105276	0
5105315	2
5105429	0
5105680	1
5105761	1
5106474	0
5106542	0
5106685	2
5106716	1
5106864	1
5107063	2
5107152	4
5107433	3
5108237	0
5108405	0
5108550	0
5108800	4
5108870	4
5108913	0
5108953	2
5109175	0
5109326	0
5109574	2
5109642	0
5109696	0
5109707	0
5109853	2
5110076	4
5110401	4
5110859	2
5111060	2
5111086	1
5111113	0
5111401	0
5111427	4
5111728	0
5111848	0
5112144	1
5112198	4
5112516	1
5112645	1
5112810	0
5113035	2
5113066	2
5113081	3
5113153	0
5113982	2
5114037	2
5114131	5
5114383	1
5114513	4
5114860	4
5114978	0
5115240	0
5115660	0
5115768	1
5115827	0
5116301	2
5116365	0
5116549	5
5116917	1
5117256	0
5118323	4
5118347	4
5118437	0
5118560	2
5118956	2
5119356	1
5119415	1
5119448	5
5119978	1
5120045	5
5120103	1
5120247	2
5120248	2
5120306	0
5120347	4
5120390	2
5120615	2
5120825	0
5120953	0
5121059	0
5121200	2
5121446	2
5121501	1
5121576	0
5121674	0
5121716	1
5121765	0
5121873	2
5122160	0
5122615	0
5122859	4
5122900	0
5122907	2
5123101	0
5123686	0
5123851	0
5124260	4
5124308	1
5124427	1
5124516	2
5124967	0
5125063	4
5125222	0
5125272	0
5125445	0
5125446	1
5125781	2
5126325	0
5126560	0
5126634	1
5127028	2
5127091	2
5127178	0
5127677	0
5127693	2
5127822	0
5128331	1
5128423	0
5128528	3
5128855	2
5128976	3
5129236	2
5129641	1
5129643	0
5129718	2
5129868	3
5130128	0
5130491	2
5130507	4
5130840	1
5131006	2
5131203	0
5131225	4
5131268	2
5131408	2
5131491	4
5131564	4
5131827	2
5131838	0
5132134	4
5132451	4
5132880	4
5133267	2
5133690	1
5134210	1
5134220	0
5134758	0
5134900	4
5135532	0
5135590	1
5136433	1
5136527	1
5136927	1
5136992	0
5137021	0
5137066	0
5137073	2
5137154	2
5137177	2
5138294	3
5138344	0
5138554	0
5138761	2
5138870	1
5139297	1
5139729	3
5139810	2
5139867	2
5140448	2
5140631	2
5140634	0
5140670	2
5140871	0
5140980	5
5141499	0
5141760	0
5141935	1
5142113	1
5142179	2
5143074	2
5143495	2
5143583	1
5144094	2
5144377	1
5144410	3
5144428	1
5144595	4
5144704	0
5144968	0
5145597	0
5145806	0
5145895	2
5146097	1
5146496	4
5147122	0
5147483	1
5147520	5
5147535	0
5147555	1
5147630	1
5147657	2
5147696	2
5147734	2
5148810	5
5148826	0
5148834	2
5148924	0
5149023	0
5149544	2
5149790	5
5151367	1
5151529	4
5151877	2
5152094	1
5152238	0
5153064	0
5153159	2
5153291	1
5153520	2
5153645	0
5153712	0
5153788	2
5154116	0
5154233	0
5154260	0
5154466	0
5154490	5
5154747	0
5154879	0
5155140	2
5155153	0
5155319	1
5155365	5
5155463	2
5155593	5
5155795	0
5155956	0
5155969	2
5157033	0
5157153	2
5157216	2
5157999	0
5158140	2
5158543	0
5158690	4
5158819	0
5158832	4
5159646	0
5159681	0
5159973	1
5160011	2
5160279	0
5160295	0
5160446	0
5160489	2
5161092	3
5161362	0
5161667	0
5161773	2
5161774	0
5161921	5
5161937	0
5162412	2
5162655	2
5162902	0
5163004	1
5163356	0
5163466	1
5163573	2
5163788	5
5164178	2
5164277	1
5164484	0
5165210	0
5165250	0
5165669	2
5166132	0
5166139	1
5166202	1
5166325	1
5166653	3
5166799	0
5167145	1
5167356	2
5167372	2
5167461	5
5167822	2
5168816	5
5169101	2
5169395	0
5169444	0
5169451	2
5169711	5
5170043	1
5170353	4
5170374	0
5170379	0
5170581	4
5170638	1
5170654	2
5170878	2
5171808	0
5172750	2
5172762	4
5174246	4
5174247	2
5174419	0
5174728	0
5174803	1
5175201	4
5175442	1
5175535	5
5175602	0
5175749	2
5176004	0
5176289	0
5176461	2
5176596	0
5176600	4
5176780	1
5176812	4
5177013	1
5177015	0
5177643	2
5177705	0
5177734	2
5177882	1
5178033	5
5178333	0
5178924	0
5179284	0
5179307	1
5179858	1
5179956	4
5180595	1
5180641	0
5180973	1
5181231	4
5181313	5
5181331	2
5182455	1
5182491	2
5182513	3
5182805	2
5182962	2
5183071	2
5183810	0
5183840	4
5184383	0
5184642	2
5184651	5
5184715	0
5184748	0
5185351	0
5185449	0
5185654	0
5186073	2
5186376	5
5186459	2
5186695	1
5187111	2
5187241	2
5187254	0
5187343	2
5188149	2
5188338	0
5188582	0
5188649	5
5188889	1
5188994	0
5188996	0
5189057	0
5189971	0
5190410	2
5190555	0
5190586	2
5190775	5
5191156	0
5191285	5
5191401	2
5191460	4
5191538	5
5192094	1
5192130	2
5192216	1
5192361	1
5192442	0
5192964	0
5193270	1
5193320	0
5193875	0
5194099	2
5194220	3
5194402	2
5194544	0
5194614	1
5194670	0
5194771	2
5194946	2
5195128	2
5196166	2
5196283	4
5196332	5
5196334	0
5196386	0
5196449	2
5196537	2
5196652	2
5196984	0
5197024	2
5197037	1
5197271	0
5197573	0
5197807	4
5197909	0
5198435	2
5199206	0
5199357	0
5199367	4
5199436	2
5199590	2
5199820	0
5200115	0
5200677	0
5200758	2
5200910	0
5201035	0
5201096	0
5201344	1
5201482	4
5201580	0
5202370	2
5202479	2
5202565	1
5202908	1
5203156	0
5203352	3
5204111	2
5204166	2
5204184	3
5204320	0
5204349	3
5205030	4
5205171	2
5205982	0
5206287	5
5206519	2
5206631	0
5206767	2
5206809	2
5206833	5
5207506	2
5207624	1
5207698	0
5207813	2
5207997	0
5207998	1
5208049	2
5208162	1
5208177	1
5208194	4
5208435	2
5209080	2
5209708	5
5210017	2
5210560	0
5210830	0
5211130	2
5211177	2
5211275	0
5211383	2
5211818	2
5211820	0
5212025	0
5212386	2
5212912	2
5212999	1
5213111	2
5213116	0
5214012	1
5214118	1
5214226	2
5214250	2
5214346	0
5214400	2
5214477	2
5214640	3
5215014	0
5215228	0
5215510	0
5215754	2
5215817	2
5215918	1
5216013	0
5216039	0
5216107	0
5216154	0
5216532	0
5217349	2
5218235	0
5218422	2
5219807	0
5219821	2
5220270	0
5220475	5
5220554	0
5220668	0
5220801	0
5220878	0
5221092	0
5221825	0
5221921	0
5222025	0
5222662	4
5223495	1
5223821	0
5223905	5
5224094	0
5224107	0
5224161	0
5224338	2
5224568	2
5224944	4
5225030	0
5225031	2
5225185	2
5225467	0
5225511	0
5225578	0
5226331	2
5226621	0
5226782	2
5226803	4
5227393	1
5227636	0
5227805	2
5229696	2
5229968	0
5230396	2
5230429	1
5231101	2
5231217	3
5231514	4
5231813	2
5231907	0
5232467	2
5232471	0
5233195	0
5233605	0
5233851	5
5234014	1
5234677	4
5234679	0
5235316	0
5235837	0
5235842	0
5236847	1
5237157	2
5237440	0
5237502	3
5237548	2
5237584	1
5237607	2
5237612	1
5237776	1
5238069	5
5238243	0
5238246	1
5239157	4
5239617	1
5240197	0
5240486	0
5240515	5
5240629	1
5240775	0
5241868	0
5242116	1
5242227	2
5242399	0
5242488	2
5242842	2
5242862	2
5243056	2
5243067	1
5243774	0
5243795	4
5244731	0
5244788	0
5244966	2
5245096	2
5245787	4
5245919	0
5246146	1
5246159	1
5246280	2
5246316	1
5246371	1
5246427	0
5246511	4
5246773	0
5247014	0
5247099	1
5247424	4
5247832	0
5248160	0
5248595	0
5248652	2
5248769	2
5249062	0
5249088	2
5249202	2
5249479	4
5249864	5
5249975	5
5250267	2
5250933	1
5251094	0
5251520	1
5251726	1
5252276	0
5252488	0
5252547	2
5252697	1
5252768	1
5253322	0
5253470	0
5254045	0
5254204	1
5254745	0
5254934	0
5255051	4
5255907	0
5255913	4
5256283	2
5256402	2
5257291	5
5257601	1
5257816	0
5257853	1
5257869	3
5257910	2
5258046	2
5258471	2
5258672	2
5259177	2
5260254	3
5261027	0
5261905	0
5262154	1
5262400	1
5262607	2
5262722	1
5263208	2
5263380	5
5263411	1
5263588	2
5263738	1
5264004	1
5264252	0
5264366	0
5264659	4
5264787	2
5265037	2
5265269	2
5265555	0
5265818	0
5266085	0
5267210	2
5267542	2
5268167	0
5268232	0
5268316	0
5268380	2
5268937	2
5269359	2
5269845	2
5269857	2
5270419	0
5270535	2
5270727	2
5271555	2
5271728	0
5271808	2
5271904	2
5272180	0
5272246	2
5272549	0
5272667	0
5272894	0
5273194	0
5273233	0
5273386	1
5273798	0
5273933	0
5273949	2
5274260	2
5275507	1
5276271	0
5276447	2
5277078	0
5277083	2
5277498	2
5279354	2
5279561	2
5279682	0
5280163	2
5280551	0
5280870	0
5280889	0
5280981	4
5281688	5
5282159	2
5282491	2
5282817	5
5283498	0
5283891	2
5284149	2
5284301	1
5284559	0
5285157	0
5285305	2
5285963	0
5286654	2
5286932	2
5286950	2
5288523	2
5288958	0
5289117	2
5289305	0
5289448	2
5289698	5
5289710	5
5289731	4
5289743	2
5289744	0
5289958	2
5289988	4
5290042	1
5290127	1
5290504	1
5290875	1
5291080	1
5291220	0
5291329	1
5291513	2
5292103	0
5292116	0
5293016	2
5293080	2
5293317	5
5293470	2
5293545	4
5293587	0
5293934	0
5294004	4
5294219	2
5294502	4
5294509	1
5294595	0
5294829	0
5294916	2
5295372	5
5295376	5
5295482	0
5295659	0
5295819	2
5296007	0
5296308	1
5296485	0
5296554	0
5297244	0
5297530	1
5297629	2
5298013	0
5298222	2
5298263	5
5298614	2
5298617	0
5298631	0
5298836	0
5299071	2
5299306	0
5299333	1
5299504	4
5300164	0
5300385	4
5300533	0
5300680	2
5300963	0
5301217	4
5301459	4
5301654	1
5302346	1
5302439	1
5302893	2
5303052	0
5304364	0
5305411	0
5305997	0
5306284	1
5306469	4
5307015	1
5307140	0
5308131	2
5308541	0
5308574	0
5308698	0
5308928	5
5308984	0
5309116	2
5309947	2
5310510	4
5310952	4
5311004	0
5311059	0
5311066	2
5311302	0
5311313	0
5311340	1
5312179	2
5313824	2
5313855	5
5314103	2
5314236	2
5314264	2
5315194	0
5315319	0
5315887	2
5316289	1
5316448	0
5316621	0
5317263	0
5317526	0
5317749	2
5318105	1
5318957	2
5319524	2
5320177	0
5320762	3
5320963	3
5321965	0
5322543	0
5323650	5
5324062	2
5324124	1
5324719	1
5324863	0
5327140	2
5327414	1
5327663	0
5328036	0
5328071	2
5328208	2
5328464	2
5328509	0
5329124	2
5329180	0
5329340	2
5329797	0
5329812	0
5330004	0
5330439	0
5330559	1
5330800	0
5330988	5
5331198	4
5331679	5
5332129	2
5332450	0
5332544	0
5333269	2
5334242	0
5334678	2
5334952	0
5335390	0
5335417	0
5335555	0
5335710	1
5335869	0
5335878	4
5335977	0
5336644	0
5337253	0
5337266	0
5337343	0
5337584	3
5337831	0
5337866	0
5338172	1
5338966	0
5338978	4
5339197	1
5339233	0
5339362	2
5340507	2
5340867	1
5340910	2
5341554	1
5341572	2
5341677	2
5341948	1
5342207	0
5342653	0
5342948	2
5343251	0
5343866	0
5343930	0
5344037	1
5344462	5
5344692	5
5345262	0
5345900	2
5346012	1
5346233	2
5346504	5
5346534	3
5346966	0
5347114	1
5347205	2
5348103	2
5348290	2
5348790	0
5349027	2
5349033	2
5349635	0
5350153	0
5350349	5
5351033	4
5351095	2
5351179	0
5351497	0
5351605	2
5351953	0
5352717	2
5352775	2
5352927	2
5352977	5
5353000	1
5353060	0
5353588	2
5354259	4
5354343	0
5354374	1
5355230	2
5355543	2
5356071	1
5356921	2
5357023	2
5358172	0
5358299	0
5358452	2
5358527	2
5358671	0
5358832	0
5358858	0
5358963	2
5359121	0
5359845	1
5359940	0
5360145	2
5360356	1
5361769	0
5362014	0
5362051	1
5362214	0
5362356	0
5362443	0
5362517	1
5362825	1
5362930	0
5363062	0
5363461	2
5364125	0
5364166	5
5364192	2
5364231	2
5364309	2
5364343	2
5364771	0
5365881	0
5366141	1
5366507	2
5366551	2
5367767	1
5367921	2
5368584	0
5368689	0
5369121	0
5369139	0
5370064	0
5370126	1
5370505	0
5370578	0
5370678	0
5370838	3
5371543	0
5371915	2
5372207	2
5372220	0
5372275	2
5373195	2
5373828	2
5374271	1
5374534	0
5374539	3
5374725	4
5374774	0
5374841	0
5375248	2
5375375	0
5375867	2
5376181	1
5376213	0
5376392	0
5376880	0
5376978	0
5377033	1
5377083	2
5377111	2
5377409	1
5377561	0
5377667	2
5377867	2
5377881	0
5378723	0
5378858	2
5379029	0
5379059	2
5380482	0
5381002	2
5381159	2
5381658	0
5381883	1
5382839	0
5383516	2
5383759	0
5384159	0
5385083	2
5385120	2
5385130	0
5385422	0
5386082	2
5386400	0
5386429	0
5386469	0
5386591	2
5388670	4
5388735	2
5388814	0
5389164	0
5389295	0
5389417	2
5389751	2
5389825	2
5390681	0
5391066	2
5391132	2
5391785	2
5391974	5
5392007	0
5392060	1
5392430	0
5392879	1
5393012	0
5393075	0
5393325	2
5394529	0
5394541	2
5394778	0
5395084	0
5395318	1
5396390	2
5396421	0
5397608	1
5397625	1
5398048	3
5398242	2
5398517	1
5398765	1
5400359	0
5400860	0
5400923	1
5401272	0
5402028	0
5402767	0
5403735	0
5403811	0
5403842	0
5403852	1
5404020	2
5404218	0
5404475	0
5404747	0
5404834	0
5405118	4
5405602	0
5405844	0
5406071	2
5406153	2
5406391	4
5406415	0
5406758	2
5407567	2
5407643	5
5407738	2
5408066	4
5408308	2
5408957	1
5409665	1
5409755	0
5410025	1
5410083	0
5410546	2
5410897	4
5411035	1
5411038	2
5411065	2
5411451	1
5411488	4
5411891	2
5411940	0
5412240	0
5412254	2
5412297	0
5412463	2
5412640	2
5412652	0
5413265	0
5413281	0
5413327	2
5413457	2
5413942	2
5414346	2
5414473	0
5414499	4
5414614	1
5415677	2
5417193	2
5419104	1
5419190	2
5419272	0
5419553	1
5420181	2
5420197	5
5420333	0
5420445	0
5421580	2
5421662	0
5421894	0
5422101	3
5423198	0
5423365	1
5423470	1
5423490	0
5423598	0
5423708	0
5423718	0
5424444	0
5424503	0
5424915	1
5425429	2
5426392	2
5427064	1
5427197	2
5427686	0
5427694	0
5427756	0
5428458	0
5430039	2
5430416	0
5431158	1
5432326	0
5432645	4
5432754	2
5432792	0
5434027	0
5434909	0
5435585	4
5436077	0
5436218	0
5436401	0
5437136	1
5437356	4
5438135	2
5439314	1
5440102	0
5441046	0
5441234	2
5441447	0
5441490	5
5441581	1
5442313	0
5443082	3
5444095	2
5445472	2
5445491	2
5445673	1
5445753	0
5445782	2
5445836	0
5446446	0
5447340	1
5447717	2
5448040	2
5448556	2
5448726	0
5449018	0
5449304	0
5449319	1
5449420	1
5449518	2
5451154	3
5451329	0
5451441	3
5451458	1
5451815	0
5452047	0
5452340	0
5452995	0
5453499	2
5453551	1
5453788	5
5454233	0
5454562	2
5454615	0
5454672	1
5454780	0
5454782	4
5455005	1
5455083	1
5455270	3
5455514	2
5455579	0
5455629	5
5455804	0
5456694	0
5456739	0
5456742	4
5456961	2
5457029	3
5457111	0
5457404	2
5457583	2
5457584	0
5457734	0
5458742	2
5458940	0
5458955	0
5459587	1
5459790	4
5460166	0
5460681	5
5460757	0
5460771	2
5460936	0
5461696	5
5461708	2
5462239	5
5462255	0
5462900	5
5463156	2
5463162	0
5463285	2
5463323	0
5463704	0
5463725	2
5463935	1
5464180	2
5464927	2
5465002	1
5465040	0
5465368	1
5465391	0
5465814	0
5465836	0
5466183	2
5466708	0
5467341	1
5467619	0
5467659	2
5467730	1
5468004	0
5468038	2
5468199	1
5468216	2
5468250	0
5468430	0
5469101	2
5469718	1
5469971	0
5470424	4
5470441	0
5470739	0
5470891	0
5471253	3
5471257	0
5471278	0
5471370	0
5471563	0
5471731	2
5471794	2
5472188	0
5472353	0
5472748	0
5473005	1
5473247	0
5473691	1
5473856	0
5474006	0
5474519	0
5474524	4
5474562	5
5475437	2
5475637	0
5475827	2
5476149	4
5476185	2
5476466	0
5477006	0
5477552	2
5477678	2
5477806	0
5477904	2
5478417	1
5478442	2
5478534	1
5478639	4
5478855	2
5478927	0
5478974	0
5479143	0
5479545	5
5479825	5
5479903	0
5481014	0
5481153	1
5481344	0
5481386	0
5482072	1
5482172	1
5482190	2
5482490	2
5482587	2
5483253	0
5483385	0
5483412	5
5483592	0
5483641	2
5484554	4
5484576	2
5485265	0
5485759	2
5486137	4
5486660	0
5487027	2
5487119	0
5487249	2
5488147	2
5488178	0
5488215	4
5488690	2
5488838	0
5488933	0
5489255	0
5489343	2
5489454	0
5489551	3
5489574	4
5489706	4
5490738	1
5491272	1
5491306	0
5491616	2
5491772	0
5491969	4
5491991	2
5492077	2
5492100	2
5492224	2
5492376	0
5492883	1
5493701	0
5494097	0
5494153	2
5494397	2
5494718	1
5494721	4
5494728	2
5494813	3
5494958	1
5495039	0
5495591	0
5495781	0
5495996	0
5496027	0
5496158	1
5496713	0
5496833	2
5496985	0
5496994	2
5497458	1
5497472	0
5497519	2
5497675	4
5497941	2
5497943	2
5498538	2
5498567	2
5498592	2
5498943	0
5499231	0
5499300	0
5499613	3
5499661	0
5499666	0
5499717	2
5499788	0
5501678	4
5502117	1
5502407	2
5503477	0
5503677	1
5504029	2
5504147	0
5504379	0
5504808	0
5504812	1
5505510	0
5505559	1
5505629	0
5505812	3
5506138	0
5506243	2
5507779	2
5508835	2
5508919	2
5509107	1
5509387	0
5509519	1
5510514	2
5510581	1
5510771	2
5511814	0
5511880	1
5511959	2
5511991	2
5513190	1
5513469	0
5513699	2
5513824	3
5514896	0
5515644	0
5515716	3
5517012	2
5517201	0
5517622	1
5517931	0
5518008	2
5518859	0
5519474	1
5519492	2
5519567	0
5519799	0
5520596	1
5520991	2
5521233	0
5521554	2
5522207	0
5522505	0
5522706	0
5525214	0
5525451	2
5525537	2
5525752	2
5525788	2
5525882	5
5526096	0
5527025	1
5527373	1
5528351	4
5529554	2
5529974	5
5532243	0
5532614	5
5533130	0
5533237	0
5533454	2
5533511	2
5534594	0
5534782	2
5534802	2
5535035	2
5535086	0
5536096	1
5536650	0
5536895	0
5536998	2
5537418	0
5537454	1
5537909	0
5539173	2
5539175	1
5539396	2
5539521	2
5539662	0
5539735	0
5539829	0
5539835	2
5540013	4
5540604	0
5540631	2
5540663	2
5540689	0
5540984	2
5541278	3
5541363	1
5541371	4
5541395	1
5541513	0
5541560	2
5541660	4
5542700	0
5542701	5
5543143	2
5543222	0
5543238	2
5543311	1
5544215	0
5544546	0
5544855	2
5544930	0
5544952	0
5545466	2
5545556	5
5545636	2
5546663	0
5546698	1
5547105	2
5547453	3
5547910	3
5547942	4
5549162	0
5549358	2
5549382	2
5549872	0
5549964	0
5550131	1
5550294	0
5550346	2
5550386	1
5551216	1
5551833	4
5552315	0
5552364	2
5552423	2
5553028	0
5553055	0
5553160	0
5553173	0
5553381	2
5553470	4
5553619	1
5553942	1
5553958	5
5553979	0
5554187	2
5555171	0
5555391	1
5555494	0
5555901	0
5555905	2
5555927	0
5556154	2
5556353	5
5556507	1
5557644	0
5558694	0
5558855	2
5558871	2
5559264	2
5559305	0
5559440	0
5559507	0
5559558	0
5559623	1
5559762	0
5559841	0
5559959	2
5560610	0
5560913	1
5561123	0
5561180	1
5561765	0
5561974	2
5562018	0
5562447	2
5562484	1
5562755	0
5562793	1
5562977	0
5563188	2
5563949	0
5564705	4
5564936	0
5565044	0
5565189	0
5565389	0
5565407	2
5565450	2
5565522	2
5565574	2
5566111	0
5566665	2
5566875	0
5567014	0
5567112	0
5567164	3
5567730	0
5567990	0
5568396	5
5568506	1
5568639	1
5568838	0
5569089	0
5569344	1
5569496	0
5569573	0
5569700	0
5569915	1
5570176	3
5570498	0
5570524	3
5570548	3
5571718	0
5571873	1
5572098	2
5572377	2
5572590	0
5572660	0
5573028	5
5573849	2
5574097	0
5574279	0
5575086	0
5575102	1
5575278	0
5575325	2
5575954	0
5575977	0
5576141	0
5576254	1
5576268	0
5576343	0
5576852	0
5576927	0
5576980	0
5577097	0
5577106	0
5577904	0
5578246	0
5578332	1
5578338	2
5578559	0
5578643	1
5578656	0
5578921	0
5579000	0
5579831	0
5580816	1
5580862	5
5581045	1
5581370	2
5582484	2
5582573	0
5583018	4
5583298	5
5583826	2
5584027	4
5584230	1
5584722	2
5585016	4
5585243	4
5585810	0
5586040	0
5586047	2
5586052	1
5586468	0
5586469	0
5586619	1
5587015	2
5587216	0
5587327	1
5588509	0
5588781	2
5588842	2
5589117	0
5589154	2
5589451	0
5589587	2
5589704	0
5589726	0
5589770	0
5589925	0
5590039	1
5591519	0
5591709	0
5591924	4
5592081	2
5592175	0
5592599	2
5592675	3
5594642	0
5594886	0
5595099	4
5595277	1
5595864	0
5596199	1
5596439	2
5596532	0
5596711	1
5596748	1
5596772	0
5596877	0
5597032	0
5597228	2
5597359	0
5597508	3
5598169	0
5599163	2
5599184	4
5599556	0
5599729	0
5599915	0
5600103	0
5601594	2
5602147	3
5602237	5
5602459	0
5602824	0
5603296	2
5603584	0
5603635	0
5603658	2
5603719	4
5603805	5
5604226	0
5604497	2
5604532	4
5604592	1
5605306	0
5605464	4
5605540	0
5605624	2
5605642	1
5605664	1
5605829	0
5605984	0
5605989	2
5606054	3
5606318	1
5607172	1
5607193	0
5607504	0
5608101	3
5608697	2
5608823	0
5609076	1
5609123	0
5609506	5
5609727	0
5609975	3
5610833	0
5611062	4
5611120	1
5611170	1
5611508	0
5611893	2
5612949	0
5613100	2
5613199	4
5613266	2
5613269	2
5613391	0
5613698	0
5613987	2
5614653	0
5614873	0
5614955	0
5615206	1
5615471	0
5615597	2
5615772	4
5616021	2
5616050	0
5616321	0
5616506	1
5616795	0
5616837	0
5617185	2
5617482	2
5618140	1
5618282	4
5618579	1
5618586	2
5618610	0
5618661	0
5619147	0
5619956	0
5620822	2
5620992	3
5621197	0
5622447	0
5622476	2
5622638	2
5624281	0
5624300	0
5624386	1
5624472	2
5624482	0
5624606	4
5624836	1
5624907	2
5625815	0
5626334	2
5627113	2
5627286	2
5627371	0
5628397	1
5628611	0
5628789	0
5629226	2
5630030	1
5630107	2
5630127	0
5630176	2
5630542	4
5630555	0
5630725	0
5630769	1
5630883	4
5631090	2
5631268	2
5631663	4
5632282	5
5632333	3
5632585	4
5632682	2
5632819	0
5632985	2
5633022	2
5633328	2
5633337	0
5634281	3
5634282	2
5634478	2
5634510	1
5635545	2
5635617	2
5635930	0
5636066	1
5636376	2
5637025	0
5637052	0
5637944	1
5638532	2
5638582	5
5639112	1
5639218	0
5639633	0
5640042	0
5640055	2
5640149	2
5640578	4
5640726	2
5640777	0
5641146	0
5641215	0
5641424	0
5642155	4
5642335	0
5642412	0
5642975	2
5643111	0
5643692	0
5643821	0
5643882	4
5644026	2
5644295	4
5644396	1
5644448	0
5644652	0
5645429	2
5645952	0
5646535	2
5646647	2
5646722	0
5646730	0
5646941	0
5646963	0
5647388	0
5647512	4
5647608	0
5647749	0
5648038	0
5648218	1
5648241	0
5648550	2
5649748	5
5649916	0
5650313	1
5650353	5
5650409	2
5650553	0
5650554	0
5650759	2
5650873	1
5651040	0
5651191	2
5651287	0
5652465	0
5652480	0
5653211	4
5653419	0
5653479	1
5653566	2
5653645	0
5653655	0
5653693	0
5653805	0
5653917	3
5653929	0
5654237	2
5654319	0
5654510	0
5654815	2
5654963	0
5655215	3
5655849	5
5656290	2
5656486	2
5656518	2
5656611	1
5657534	0
5657988	2
5658454	0
5660766	2
5660785	0
5660792	3
5660793	0
5660802	4
5660863	2
5660952	0
5661358	2
5661360	2
5661597	0
5661664	5
5662056	5
5662953	1
5662954	0
5663083	0
5663144	0
5663296	4
5663494	0
5663587	0
5663811	2
5664502	4
5665008	2
5665122	0
5665716	1
5665958	1
5666013	1
5667021	0
5667211	1
5668351	0
5668458	0
5668573	2
5668696	1
5668728	0
5668769	2
5669089	1
5669140	0
5669155	0
5669403	3
5669418	1
5669842	0
5669860	5
5670364	2
5670391	2
5670792	2
5671185	1
5671549	1
5671703	0
5671757	0
5672019	2
5672183	2
5672346	2
5673451	0
5673559	0
5673787	5
5673979	0
5673998	2
5674009	4
5674260	0
5674265	4
5674423	5
5674434	1
5674650	0
5675832	2
5675859	1
5675964	2
5676131	1
5676348	2
5676508	0
5676636	1
5676890	3
5677061	1
5677428	5
5677835	2
5678114	2
5678526	3
5678701	0
5678762	4
5678839	2
5678966	0
5679008	3
5679033	0
5679627	0
5679716	1
5679727	1
5680091	2
5680809	0
5681013	0
5681066	2
5681194	2
5681359	1
5681387	4
5681424	0
5681530	4
5681856	1
5681869	3
5681879	2
5681900	2
5681937	0
5682001	2
5682056	0
5682104	0
5682839	0
5683268	2
5683666	0
5683899	3
5684696	2
5684796	0
5684860	0
5686230	0
5686610	0
5687210	2
5687638	4
5687793	0
5688285	5
5690198	4
5691276	0
5692679	2
5692702	0
5692705	0
5692963	0
5693866	0
5694396	3
5694475	1
5694644	5
5695041	3
5695290	4
5695766	0
5697542	0
5697645	1
5697814	0
5697855	1
5697950	2
5698282	4
5698409	2
5698418	2
5698617	0
5698647	0
5698664	1
5698893	2
5699188	0
5699613	0
5699659	2
5700524	1
5700608	1
5701202	4
5701323	0
5701394	2
5701759	5
5701849	1
5702022	1
5702337	0
5702406	0
5702507	2
5703739	0
5704182	0
5704338	0
5704690	0
5704788	2
5704850	0
5705336	2
5706481	0
5706520	0
5707822	0
5707894	0
5708084	2
5708106	0
5708599	0
5708872	1
5709833	0
5709897	0
5711052	2
5711068	0
5712359	0
5712379	2
5712473	4
5712627	1
5713055	0
5713155	2
5713365	3
5713379	0
5713713	0
5713720	0
5713908	0
5715017	0
5715327	2
5715478	5
5716215	1
5716252	2
5716330	1
5716588	0
5716612	4
5716699	0
5716756	0
5717074	0
5717762	1
5717849	0
5718739	0
5718907	0
5719722	0
5720319	2
5720330	0
5721029	2
5722237	2
5723648	1
5723899	0
5724297	1
5725357	1
5725731	1
5725755	2
5725808	2
5726191	0
5726537	0
5726611	2
5726631	0
5726695	0
5726746	0
5728653	4
5729354	2
5731473	0
5731573	2
5731648	2
5731844	0
5731936	1
5732075	0
5732440	0
5732469	0
5732488	5
5733171	0
5733243	0
5733427	0
5733580	2
5734208	0
5735627	0
5735743	0
5735801	2
5735984	2
5736098	5
5736102	0
5736177	2
5736533	0
5736538	2
5736620	0
5737018	1
5737118	5
5737211	0
5738371	0
5739376	2
5739852	0
5740181	2
5740206	0
5740344	2
5741973	0
5742237	1
5742533	4
5743136	0
5743327	3
5743450	0
5743504	1
5743770	2
5743909	2
5744044	2
5744348	1
5745011	0
5745260	0
5745274	0
5745366	0
5745693	2
5745910	2
5745993	0
5746087	0
5746167	2
5746820	4
5747325	0
5747360	0
5747393	1
5747466	0
5748722	4
5748931	1
5749018	0
5749176	0
5750365	2
5750766	1
5750856	1
5751346	0
5751474	0
5751491	2
5751632	0
5751770	2
5752274	2
5752450	0
5752834	2
5754517	0
5754891	0
5755040	2
5755179	0
5755504	5
5755511	2
5755529	3
5755540	2
5755878	0
5755890	0
5756869	1
5756974	5
5757760	2
5758055	2
5758118	4
5758215	0
5758281	2
5758395	2
5758476	0
5758585	0
5758793	0
5758856	2
5759902	0
5760760	2
5761189	0
5761505	2
5762171	1
5764959	0
5765637	0
5765802	2
5766112	2
5766398	2
5766430	2
5766914	0
5767296	4
5767350	0
5768068	0
5768335	2
5768420	1
5768507	3
5768565	3
5768989	0
5769089	1
5769215	0
5769471	3
5769570	1
5769594	2
5769737	0
5770285	0
5770872	0
5771176	1
5771409	0
5771602	2
5771793	0
5772157	0
5772964	1
5773104	2
5773337	2
5773497	3
5773878	0
5773952	0
5774217	0
5774414	1
5774525	1
5774911	0
5775209	3
5775403	4
5776623	0
5777331	0
5777362	1
5777676	4
5777817	2
5777880	2
5778676	4
5779322	3
5779450	0
5779635	1
5780529	0
5780621	1
5780670	0
5780733	2
5780755	0
5781446	4
5782012	1
5782342	3
5782547	0
5783011	2
5783111	1
5783688	2
5784407	2
5785225	0
5785277	5
5785464	2
5785835	2
5785903	2
5787161	0
5787320	2
5787566	1
5787942	0
5788008	2
5788517	0
5788750	0
5788870	1
5789081	2
5789290	0
5789848	0
5790021	0
5790048	0
5791218	0
5791259	0
5791387	0
5791777	0
5791783	1
5792020	2
5792292	0
5792326	0
5792875	0
5793941	0
5793978	0
5794067	2
5794236	0
5794356	0
5794734	0
5795468	0
5796509	0
5796874	2
5798856	0
5799010	0
5799323	0
5799342	4
5799434	0
5799521	0
5799602	0
5800201	0
5800706	1
5801439	0
5801931	0
5802424	4
5803350	5
5805019	2
5805469	0
5805524	5
5806439	2
5807441	2
5810703	2
5810769	0
5811321	2
5811482	1
5813586	0
5814661	2
5815385	2
5815733	2
5816510	1
5816713	5
5816811	1
5817429	2
5817587	0
5818208	0
5818896	0
5819203	1
5819524	2
5819855	2
5819881	1
5819995	0
5820357	0
5821557	0
5821918	3
5822040	0
5822078	1
5822548	2
5822563	4
5822583	0
5823334	3
5823343	2
5824045	4
5825220	0
5825736	1
5825901	2
5827507	2
5827793	0
5827898	2
5828352	0
5828797	2
5828863	2
5829073	0
5829891	0
5829967	0
5830110	0
5830386	0
5830606	2
5830607	5
5830790	1
5831309	0
5831808	0
5831829	2
5832137	0
5832168	2
5832573	0
5832658	0
5832768	5
5832932	1
5833079	0
5833349	0
5834514	0
5834962	0
5835238	4
5835435	0
5835985	5
5836130	1
5837159	1
5837187	0
5837251	2
5837977	4
5838122	0
5838206	5
5838300	0
5838529	0
5838721	5
5838808	4
5838822	1
5839212	2
5839554	0
5840311	2
5840317	1
5840756	2
5840938	0
5840991	2
5841092	0
5841111	1
5841161	2
5841537	0
5841612	3
5841667	1
5841669	2
5841749	0
5841909	0
5841942	2
5842993	0
5843183	2
5843511	0
5843746	0
5843961	0
5844005	1
5844134	0
5844926	0
5845159	0
5845231	0
5845470	0
5845724	2
5846394	2
5847085	0
5847562	1
5847576	2
5847757	0
5847806	4
5848023	4
5848409	1
5848419	4
5848581	5
5848779	4
5849090	2
5849538	2
5849624	1
5849688	0
5849929	2
5850119	4
5850344	2
5851526	0
5852145	1
5852342	1
5853127	0
5853292	2
5853611	0
5853669	2
5853978	0
5855262	2
5855292	0
5855505	2
5855851	0
5856045	2
5857000	0
5857152	2
5857170	4
5858467	4
5858546	0
5858560	2
5858692	0
5858728	0
5858910	4
5859007	2
5859294	1
5859585	0
5860979	0
5861507	2
5861540	0
5862376	0
5862597	0
5862742	0
5863039	3
5864111	4
5864141	4
5864174	0
5864538	2
5864720	0
5865586	0
5865645	2
5865676	4
5866207	2
5866305	2
5866349	2
5866839	0
5869535	0
5869923	0
5870038	4
5870671	0
5870828	2
5871318	0
5871537	0
5872022	0
5872112	0
5872131	0
5872189	4
5872319	0
5872444	4
5872535	0
5873551	0
5873705	0
5873765	5
5873842	0
5873918	5
5874120	0
5874148	1
5874263	4
5874757	0
5875135	3
5875296	2
5875393	0
5875991	0
5876607	4
5876746	4
5876816	0
5876843	0
5876934	2
5877215	0
5878010	2
5878134	0
5878228	2
5878655	0
5878750	4
5879155	1
5879272	1
5879305	1
5879394	2
5879424	0
5880025	0
5880066	2
5880146	0
5880370	2
5880518	1
5880662	0
5880684	0
5880751	0
5881110	0
5881811	0
5881854	0
5882271	2
5882442	0
5882613	2
5883927	2
5884038	0
5884102	0
5884208	1
5884235	3
5885060	4
5885323	5
5885554	1
5885860	0
5886348	0
5886588	1
5886653	4
5886866	5
5887411	2
5887488	0
5887641	2
5887736	1
5887882	0
5889417	0
5889457	2
5890443	0
5890650	0
5890919	2
5891015	0
5892109	5
5892178	0
5892308	2
5892652	0
5893603	0
5893863	0
5894065	1
5894306	1
5894630	2
5895490	0
5896534	0
5896945	0
5897046	0
5897145	2
5897391	0
5897573	2
5898064	0
5898079	0
5898752	1
5899489	2
5899993	0
5900266	0
5901375	2
5901556	0
5901678	1
5901708	0
5901799	0
5901889	3
5902288	0
5902361	2
5902434	0
5902513	2
5902587	0
5902624	5
5902812	0
5903005	0
5903873	2
5904056	4
5904089	0
5904240	0
5905179	2
5905768	1
5906307	2
5906316	4
5906890	1
5907014	0
5907333	2
5907750	0
5907974	4
5907978	1
5908170	2
5908219	1
5908567	0
5908641	1
5908656	0
5909204	0
5909257	2
5909362	2
5909464	2
5909504	2
5909565	4
5910394	0
5910507	0
5910647	5
5910784	0
5911034	0
5911965	2
5911990	0
5912203	0
5912688	5
5912850	0
5913058	1
5913228	0
5914070	0
5914358	0
5914770	2
5914825	2
5914828	1
5914857	0
5914870	4
5915080	2
5915103	3
5915331	0
5915496	0
5916157	2
5916428	0
5916600	0
5916668	0
5916719	0
5916896	4
5916975	0
5917359	0
5917453	5
5917643	2
5917663	1
5917691	0
5917701	0
5917892	4
5918625	0
5918837	0
5918889	5
5918901	0
5918977	0
5919408	2
5920129	1
5920145	0
5920276	2
5921122	2
5921153	0
5921244	2
5921269	0
5922804	0
5923012	1
5923215	3
5923217	5
5923228	0
5923273	1
5923934	0
5924648	0
5924993	4
5925219	5
5925372	0
5925432	0
5926372	2
5926469	0
5926521	0
5926747	3
5927055	1
5927558	2
5928030	4
5928350	2
5928612	0
5928911	0
5929213	1
5930190	2
5930381	0
5930435	0
5930614	2
5931389	0
5931785	0
5931878	1
5933118	0
5933348	0
5933560	5
5933644	0
5934100	5
5934884	0
5935200	0
5935238	0
5935757	0
5935759	2
5936285	0
5936747	2
5937147	2
5937308	2
5937453	0
5937840	2
5938418	0
5938742	4
5939067	0
5939098	2
5939678	0
5940038	0
5940155	0
5940186	1
5940760	4
5940932	0
5941043	0
5941097	5
5941201	3
5941347	0
5941535	4
5941632	2
5941686	2
5941692	2
5941733	2
5941906	0
5941973	0
5942359	5
5943290	0
5943886	3
5944018	2
5944207	0
5944219	0
5944373	0
5944624	1
5944825	0
5945390	2
5945661	0
5945924	2
5945949	4
5945987	0
5946002	0
5946253	0
5946975	2
5947046	4
5947121	0
5947172	0
5947235	1
5947608	0
5948208	1
5948213	5
5948446	2
5948642	0
5949045	4
5949323	3
5949326	3
5949749	1
5949842	0
5949985	1
5950106	0
5951198	0
5951315	2
5951487	2
5951592	2
5951775	2
5952010	0
5952472	0
5952603	0
5953037	2
5953157	0
5953285	2
5953386	3
5953981	0
5954246	1
5954349	4
5954519	4
5954580	2
5955059	0
5955289	2
5955381	0
5955607	0
5956014	0
5956382	1
5957160	0
5957198	2
5957280	5
5957540	2
5957813	0
5958465	3
5958614	0
5958668	1
5958831	0
5958962	0
5959572	0
5959649	0
5960184	4
5960229	2
5960340	1
5960570	2
5960578	2
5961151	0
5961363	0
5961651	0
5961919	0
5962094	1
5962171	0
5962252	0
5962258	1
5963077	1
5963209	3
5963278	4
5963412	1
5963469	0
5964051	0
5964525	2
5964611	2
5964646	0
5965165	1
5965227	0
5965370	1
5965623	1
5966029	0
5966850	2
5966857	0
5966888	0
5966962	2
5967042	1
5967573	2
5967832	1
5967896	1
5967924	0
5968090	2
5968797	4
5968843	4
5969166	0
5969297	0
5969572	0
5969742	0
5969745	1
5970277	2
5970279	4
5970416	0
5970497	2
5970508	2
5970518	2
5971498	1
5971537	4
5971581	0
5971582	2
5972071	1
5972491	4
5972528	0
5972630	2
5973011	1
5973070	5
5973212	0
5973342	0
5973350	0
5973375	0
5973505	2
5973506	1
5974257	2
5974303	1
5974311	2
5974477	2
5974487	5
5974529	0
5974612	2
5975477	2
5975516	1
5975525	0
5975598	2
5975646	2
5975754	4
5976332	2
5976522	0
5976932	1
5977145	2
5977274	2
5977420	0
5978128	1
5978136	0
5978264	2
5978372	2
5978462	2
5978498	0
5978515	0
5978644	3
5979066	2
5979248	0
5979503	0
5979543	2
5979689	0
5980224	1
5980382	1
5980602	2
5980900	2
5981209	2
5981274	1
5981376	2
5981479	2
5981505	1
5982222	2
5982511	4
5982700	3
5983252	0
5983397	4
5983461	1
5983663	2
5983822	2
5983878	2
5984089	2
5984143	2
5984215	0
5984727	3
5984919	4
5984967	0
5985026	2
5985118	0
5985130	2
5985286	3
5985296	2
5986252	4
5986348	2
5986960	4
5987193	3
5987513	3
5988431	2
5988489	0
5988537	1
5988671	0
5989533	0
5989601	0
5990288	4
5990430	0
5990562	2
5991213	0
5991924	0
5992172	1
5992242	0
5992262	0
5992332	0
5992439	1
5992499	4
5993245	0
5993262	0
5993379	3
5994247	0
5994359	3
5994461	0
5994957	3
5994972	5
5995071	1
5995397	1
5995480	1
5996120	2
5996334	1
5996418	0
5997110	0
5997190	1
5997217	0
5997526	0
5997648	2
5997745	2
5997774	0
5997948	0
5998310	2
5998311	0
5999268	2
5999280	4
5999348	0
5999653	2
6000239	0
6000623	2
6001180	5
6002639	2
6002669	0
6002823	4
6003332	0
6003619	2
6004036	1
6004064	0
6004387	4
6004390	5
6004754	5
6004890	5
6004896	0
6004909	3
6005570	0
6005823	2
6006642	5
6006726	1
6007036	1
6007174	2
6007242	2
6008293	0
6008627	0
6008710	0
6009877	0
6009893	0
6010177	4
6010369	1
6010432	0
6010878	4
6010888	0
6011734	2
6011867	4
6011911	4
6012168	2
6012173	0
6012184	2
6012204	0
6012679	2
6012847	2
6013003	0
6013132	2
6014069	0
6014083	0
6014137	1
6014164	4
6014236	2
6014835	4
6014898	2
6017126	3
6017615	0
6017695	0
6018240	3
6018592	0
6018596	2
6018599	2
6018845	0
6019016	0
6019954	0
6020002	3
6020611	0
6020966	2
6021103	0
6021617	0
6021675	2
6021740	1
6021742	0
6021857	2
6022138	4
6022877	1
6022968	0
6023045	3
6023149	0
6023202	0
6023281	0
6023697	0
6023982	0
6024223	0
6025083	0
6025102	5
6025563	2
6025762	0
6025914	2
6026033	1
6026242	0
6027120	0
6027183	2
6027542	0
6027632	1
6027822	4
6027841	1
6027897	0
6028010	4
6028393	0
6028554	2
6028694	0
6028903	4
6029214	0
6029941	3
6030077	0
6030176	3
6030180	4
6030470	4
6030751	4
6030839	2
6030932	0
6030962	5
6031131	0
6031519	2
6031771	0
6032430	0
6032519	0
6032706	0
6032760	0
6032779	0
6032804	4
6032946	0
6033055	0
6033123	3
6033826	0
6033986	0
6034523	0
6034612	4
6034655	1
6035352	2
6035565	1
6035735	3
6035827	0
6036063	2
6036809	0
6037233	4
6037636	1
6037708	0
6037825	0
6037860	1
6038716	2
6038730	1
6038808	3
6039264	0
6039780	2
6040540	0
6040575	5
6042166	2
6042335	0
6042579	0
6042658	2
6042908	4
6043285	0
6044140	0
6044501	2
6044541	0
6044943	0
6047249	0
6047666	0
6047680	0
6047800	2
6048220	1
6048510	2
6048744	0
6050063	0
6050340	0
6050669	0
6050789	4
6051446	4
6051908	2
6051987	2
6052008	0
6052172	0
6052197	0
6052205	0
6052336	4
6052385	0
6053000	3
6053428	0
6054955	0
6055391	1
6055520	0
6055722	2
6056084	0
6056179	2
6056386	0
6057235	0
6057354	4
6057409	1
6057518	0
6057728	5
6058768	4
6058805	0
6059029	2
6059208	1
6059513	0
6060507	1
6060808	0
6061089	0
6061174	0
6062138	2
6062169	2
6062375	2
6062536	0
6063014	0
6063173	0
6063431	0
6063704	1
6063867	5
6064103	4
6064133	1
6065048	2
6065126	2
6065209	2
6065754	0
6065788	0
6066122	0
6066177	1
6067195	2
6067336	0
6067513	2
6068753	2
6068816	0
6069074	2
6069098	0
6069169	1
6069592	0
6070716	0
6070815	2
6071398	2
6071772	4
6071795	0
6071914	0
6072265	0
6072746	3
6072976	4
6073192	3
6073454	0
6073572	0
6073628	4
6074326	0
6074617	2
6074667	1
6074796	1
6075206	0
6075470	0
6075679	1
6075787	0
6077123	0
6077938	0
6078348	0
6078668	1
6078800	3
6079283	0
6080008	0
6080281	1
6080645	5
6080701	0
6080829	3
6081134	0
6081548	1
6082105	0
6082204	3
6082491	0
6083322	0
6083428	3
6083670	0
6083805	0
6083902	0
6083918	0
6084532	4
6084565	2
6084859	3
6085025	1
6085569	0
6085995	0
6086333	0
6086628	3
6086694	3
6086740	2
6086899	0
6087123	0
6087631	4
6087765	2
6087831	4
6088117	2
6088198	1
6089361	2
6089505	0
6089547	0
6089673	2
6089737	1
6089798	3
6089837	0
6090478	4
6090595	5
6090877	2
6090903	1
6090939	2
6092051	2
6092580	0
6092833	5
6094122	0
6094436	0
6094634	2
6094807	2
6094811	3
6094898	1
6094997	0
6095153	1
6095838	0
6095942	2
6095979	0
6096171	0
6096944	2
6097945	4
6098713	2
6099523	0
6099582	3
6099656	0
6099700	0
6099703	1
6099829	1
6100801	0
6100818	0
6100845	0
6101438	2
6101495	5
6101525	2
6102779	1
6102976	0
6103593	1
6103911	2
6104050	2
6104701	0
6105036	3
6105821	0
6105829	0
6106033	0
6106931	0
6107031	2
6107250	2
6107809	2
6107850	2
6107978	2
6108119	0
6108210	0
6108229	1
6108236	0
6108284	0
6109051	1
6109122	2
6109126	5
6109128	1
6109382	2
6109466	0
6109517	1
6109623	2
6109681	4
6109690	2
6109705	1
6109959	1
6110482	0
6110561	2
6110731	1
6110755	2
6110791	0
6110834	0
6110845	0
6111114	0
6111690	1
6111789	1
6111909	0
6112890	0
6112914	0
6113095	4
6113446	0
6114199	0
6114288	0
6114408	2
6115014	2
6115363	2
6115420	0
6115487	0
6116146	1
6116306	0
6116395	4
6116549	2
6116615	0
6116796	5
6116987	0
6117035	5
6117246	0
6117454	2
6118211	3
6118340	0
6118357	5
6118377	0
6118707	2
6119343	1
6119537	2
6119786	0
6120865	0
6122308	2
6122374	2
6122389	2
6122454	2
6122965	0
6123247	1
6123350	2
6123363	1
6123372	0
6124067	0
6124672	5
6125458	0
6125718	0
6126157	1
6126162	2
6126800	0
6126886	4
6126947	2
6126952	0
6127061	0
6127096	2
6127122	0
6127194	2
6128252	0
6128874	0
6129023	5
6129078	2
6129238	1
6130094	2
6130206	2
6130267	5
6130290	2
6130374	0
6131198	0
6131541	2
6131549	0
6131594	0
6131773	4
6133076	5
6133257	0
6133404	0
6134321	5
6134464	0
6134839	0
6135049	4
6135236	0
6135375	1
6135386	0
6135438	5
6135637	2
6135640	0
6136696	4
6137316	0
6137827	0
6138365	2
6138373	0
6139005	0
6139136	5
6139199	0
6139228	5
6139520	1
6140068	1
6140117	0
6140372	4
6140437	1
6141137	0
6141491	2
6141590	5
6141994	2
6143222	4
6143296	0
6143626	2
6144708	3
6145344	2
6145723	0
6146122	2
6146131	0
6146736	0
6146752	0
6146938	2
6147149	4
6147489	2
6147490	2
6147555	0
6147944	2
6148080	5
6148122	0
6148255	4
6148416	2
6148429	5
6148619	1
6148641	4
6148904	5
6149643	5
6149948	1
6150530	0
6151891	0
6152351	1
6152542	2
6153156	2
6153242	1
6153438	2
6153471	0
6153556	0
6153575	0
6153602	0
6153643	0
6154312	4
6154396	0
6154437	2
6154497	4
6154513	0
6154713	2
6155587	0
6155638	1
6155661	4
6155788	4
6156096	0
6156171	4
6156233	2
6156316	0
6157092	3
6157357	0
6157363	2
6157894	1
6158805	0
6159315	1
6159440	1
6159468	0
6159529	0
6159918	2
6160109	0
6160643	0
6160701	0
6160739	4
6161351	5
6161854	0
6161895	0
6162128	1
6163465	0
6163520	1
6163852	1
6164368	0
6164378	0
6164433	3
6164783	4
6164914	5
6165269	4
6165590	0
6165637	0
6166335	0
6167266	1
6167977	5
6168170	0
6168430	2
6168901	0
6169190	2
6169219	0
6169267	5
6169876	0
6170037	5
6170135	2
6170258	2
6170276	0
6170303	5
6170576	0
6170703	0
6170742	5
6170984	2
6171015	1
6171642	4
6171755	1
6171907	0
6172495	0
6173414	2
6173575	1
6173699	2
6174489	5
6174735	4
6174886	1
6174890	0
6174967	4
6175691	0
6175729	0
6176032	0
6176041	2
6176152	2
6176316	4
6177092	3
6177363	1
6177737	3
6178280	0
6178325	0
6178448	0
6179135	1
6179324	0
6179397	0
6179629	2
6179849	0
6180046	0
6180370	3
6180397	2
6180518	0
6180545	3
6180568	2
6180628	0
6180693	2
6180793	0
6181535	0
6181723	2
6181912	0
6182687	0
6183555	5
6183635	0
6184409	2
6184470	2
6184508	0
6184552	2
6184595	5
6184954	0
6185182	1
6185638	4
6185883	0
6185929	2
6186374	5
6186578	0
6186702	0
6186840	5
6187301	1
6187717	2
6187816	0
6187876	2
6188642	0
6188764	2
6188838	0
6188961	0
6189575	2
6190536	0
6190802	0
6191594	2
6192562	0
6193316	1
6193444	1
6193932	1
6194207	0
6194233	2
6194306	0
6194645	0
6195056	2
6195090	0
6195143	2
6195608	1
6195678	1
6195855	2
6195933	2
6196040	3
6196168	5
6196310	1
6196488	2
6196508	0
6196575	0
6196598	2
6196742	2
6196961	3
6197049	1
6197252	2
6197460	0
6198091	5
6198170	2
6198469	3
6198984	2
6199206	5
6199480	4
6200682	1
6201308	0
6201368	0
6201393	0
6201525	0
6201866	5
6202286	4
6202590	0
6203032	0
6203678	1
6203726	0
6204221	0
6204620	2
6205166	4
6205615	2
6205633	0
6205875	2
6205883	4
6206555	2
6207324	3
6207827	1
6208010	0
6209341	2
6209515	0
6209583	0
6210530	0
6210910	0
6210929	2
6210953	0
6211074	5
6211108	0
6211151	0
6211152	1
6211757	0
6212373	0
6213276	4
6213305	0
6214642	0
6214685	2
6215365	2
6215375	0
6215646	0
6215705	0
6216371	3
6216407	0
6216456	0
6216495	3
6216625	1
6217187	2
6217291	0
6217549	4
6217818	0
6217836	2
6217883	0
6218183	1
6218927	1
6219069	2
6219092	3
6219157	0
6219307	0
6219424	0
6219586	0
6219589	0
6219707	0
6220085	1
6220210	3
6220403	0
6221084	0
6221091	0
6221473	1
6221647	3
6221706	0
6221839	0
6221890	0
6222657	0
6222859	2
6222910	2
6223085	2
6223279	0
6223545	0
6223650	2
6223945	3
6223963	2
6224103	0
6224140	0
6224406	1
6225063	5
6225613	0
6226033	1
6226099	0
6226886	2
6226988	2
6227107	0
6227186	0
6227232	0
6227392	2
6228087	1
6228301	0
6228452	0
6228583	2
6228653	0
6229592	2
6229648	0
6229792	2
6229837	4
6229948	2
6230618	0
6230712	0
6231000	0
6231065	0
6231890	4
6233039	2
6233520	0
6233861	1
6233976	2
6234054	0
6234123	0
6234148	1
6234394	0
6234962	1
6235207	2
6235573	4
6235695	2
6235698	1
6235721	0
6235771	5
6235805	2
6235861	0
6236207	5
6236867	0
6236876	2
6236913	2
6237616	1
6237948	0
6238304	2
6238421	0
6238678	0
6239070	0
6239773	2
6239914	4
6240022	1
6240057	4
6241279	1
6241354	0
6241690	2
6241805	0
6242215	3
6242292	1
6242756	0
6242913	0
6243391	0
6243798	0
6244144	0
6244195	2
6246275	0
6246389	2
6246466	0
6246617	0
6246770	2
6246782	0
6246807	3
6247783	1
6247930	2
6247977	3
6248193	1
6250085	0
6250545	5
6251514	0
6252106	1
6252846	3
6253017	2
6253066	2
6253765	2
6253835	0
6253853	4
6253974	1
6254001	0
6254012	3
6254109	0
6254130	4
6254355	2
6255100	0
6255103	2
6255158	4
6255162	2
6255282	2
6255481	2
6255965	2
6256108	0
6256237	0
6256441	3
6257001	0
6257126	3
6257145	4
6257254	0
6257613	0
6257665	0
6257714	2
6257732	2
6257748	1
6257786	0
6258625	2
6258824	0
6258931	0
6259259	0
6259278	0
6259308	4
6259589	4
6259702	2
6259944	1
6260481	0
6261833	2
6262627	5
6263368	5
6263491	1
6264008	2
6264054	1
6264088	1
6264199	4
6264209	0
6264234	1
6264361	0
6264382	0
6265038	0
6265364	5
6266247	3
6266636	0
6267635	1
6267692	1
6267702	4
6267920	2
6269510	1
6269639	4
6270253	5
6270595	5
6270838	0
6271017	0
6271079	2
6271114	4
6271791	0
6272110	2
6272319	2
6272480	0
6272895	0
6273312	1
6273547	0
6275009	0
6275135	0
6275353	0
6275379	0
6275480	0
6276455	0
6276702	2
6276778	2
6276807	1
6276891	2
6276900	0
6276989	0
6277303	4
6277572	2
6277660	0
6277725	0
6277822	3
6278492	2
6278678	0
6279500	2
6279569	1
6280130	0
6280674	2
6280811	2
6281417	2
6281457	2
6281527	0
6282254	5
6282614	2
6282629	4
6282797	3
6282844	1
6282982	2
6283383	5
6283776	0
6284588	0
6284638	0
6284766	4
6286104	2
6286230	2
6286343	2
6287260	0
6287323	5
6287465	3
6287495	5
6287592	1
6287710	0
6287850	0
6287989	0
6288126	2
6288711	0
6288742	2
6288773	2
6288798	0
6288867	2
6289132	1
6289168	2
6290005	2
6290671	2
6290676	4
6290981	0
6292105	2
6292149	4
6292462	1
6292488	4
6292502	0
6293391	1
6293737	0
6294337	0
6294624	5
6294627	3
6294691	0
6295865	0
6296604	2
6297678	0
6297751	1
6297887	0
6297967	2
6298246	5
6298393	2
6298686	0
6298689	0
6299602	2
6299763	1
6299899	2
6300097	0
6300151	2
6300206	2
6301063	2
6301141	5
6301218	2
6301237	2
6301522	1
6302329	1
6302447	2
6302533	1
6302547	4
6302603	4
6303205	2
6303278	0
6303362	4
6303410	0
6303582	4
6304225	2
6304687	2
6305354	0
6305644	2
6305962	0
6306657	1
6306771	2
6307566	0
6308333	1
6308725	0
6309710	0
6309889	1
6309989	0
6310004	2
6311021	1
6311035	2
6311119	2
6311921	1
6311966	4
6312047	0
6312075	2
6312089	0
6312128	0
6312284	0
6312814	0
6312853	0
6312858	2
6313163	0
6313267	1
6313293	1
6313308	0
6313397	1
6313526	3
6313650	2
6314990	2
6316328	4
6317201	2
6317238	1
6317346	2
6317464	2
6317522	0
6318262	5
6318416	0
6319465	0
6319912	4
6320374	3
6320479	2
6321017	0
6321683	2
6321703	0
6321743	0
6321781	0
6321808	3
6321923	1
6322257	0
6322481	3
6322746	4
6322755	0
6324851	1
6325110	0
6325123	1
6325837	0
6325880	0
6325925	2
6325953	0
6326271	3
6326492	2
6327453	0
6327558	0
6327652	1
6328607	0
6329108	4
6329253	0
6329865	0
6330714	4
6330849	0
6330927	0
6331700	3
6332580	0
6332716	3
6332739	0
6332882	4
6333237	0
6333707	1
6334393	4
6334459	3
6334621	3
6334740	1
6335654	0
6335977	2
6336073	0
6337662	0
6337735	3
6337866	0
6337868	4
6338155	0
6338185	0
6339214	0
6339336	1
6339362	0
6339658	5
6339761	0
6340066	2
6340225	2
6341820	4
6342162	3
6342831	0
6343636	0
6343734	0
6344185	2
6344872	1
6344967	0
6345509	0
6345941	0
6345949	0
6345968	0
6346597	0
6346647	2
6346734	0
6346800	3
6347391	2
6347432	2
6348083	2
6348224	0
6348235	2
6349261	0
6349414	0
6349419	2
6349569	2
6349721	2
6350291	0
6351074	4
6351131	0
6352179	0
6352333	0
6352344	2
6352933	4
6353153	0
6353463	3
6353513	5
6354098	1
6354688	0
6354766	2
6354953	0
6355452	0
6355611	2
6355958	5
6356129	4
6356335	0
6356602	4
6357174	0
6357554	0
6358289	2
6358326	0
6358529	0
6358984	0
6359683	2
6360592	2
6360656	0
6360789	5
6361281	2
6361701	0
6361744	1
6362223	4
6362251	0
6362581	2
6363403	2
6363409	0
6363415	2
6363459	2
6363574	0
6364781	2
6365655	0
6365675	0
6366757	0
6366874	0
6366892	0
6368000	2
6368665	2
6368922	2
6369060	2
6369392	5
6370196	0
6370533	1
6371415	2
6371633	1
6371660	2
6371679	0
6371753	2
6372052	0
6372346	0
6372872	0
6372914	5
6372945	2
6373601	1
6374372	1
6374630	0
6374688	0
6374765	0
6374832	0
6374838	2
6374935	0
6375526	0
6375695	4
6375777	0
6375781	0
6375793	2
6375879	0
6376017	0
6376369	2
6376478	0
6376644	2
6376676	0
6377886	2
6377970	0
6378349	4
6378523	0
6378969	0
6379451	2
6380355	4
6380422	0
6381467	0
6381690	2
6381770	0
6381818	0
6381855	0
6382101	0
6382602	1
6382969	4
6383862	0
6384297	1
6385325	2
6385422	3
6385473	0
6385483	1
6385552	2
6385555	5
6385558	1
6385638	4
6386565	0
6386666	0
6386755	0
6387615	2
6387695	1
6387737	4
6387868	0
6388027	4
6388760	3
6388817	2
6388925	0
6391342	3
6393480	3
6393538	0
6394249	0
6394375	0
6394545	0
6394779	3
6394791	4
6395388	0
6395488	0
6395723	0
6395852	2
6396325	5
6396765	5
6397039	0
6397595	0
6397704	4
6397880	4
6398039	5
6398071	2
6398102	2
6398412	2
6398511	4
6398536	1
6398688	2
6399631	2
6399679	3
6399697	1
6399731	0
6399791	0
6400678	2
6400789	1
6400818	1
6401335	5
6401377	2
6402076	0
6402975	2
6403082	2
6404121	2
6404378	3
6404779	3
6404849	4
6404879	2
6404965	2
6405252	2
6405501	2
6406622	0
6406663	4
6407305	2
6407538	0
6407607	0
6407671	1
6407882	1
6408063	2
6408677	2
6408768	1
6409565	2
6409923	1
6411081	0
6411553	2
6411711	4
6411819	1
6411827	2
6412131	2
6412158	2
6412162	2
6412169	1
6412175	2
6412233	2
6412304	0
6412328	0
6413364	2
6413410	2
6413417	2
6413425	0
6414111	2
6414244	2
6415554	1
6415574	0
6416095	5
6416166	2
6416495	0
6416604	2
6416627	1
6416707	1
6417016	0
6417634	0
6417675	0
6417750	0
6418079	1
6418673	4
6419007	0
6419048	5
6419063	0
6419110	2
6419212	1
6419989	0
6420002	1
6420020	0
6420084	0
6420096	2
6420168	0
6420433	1
6420497	0
6420667	0
6420799	0
6420874	2
6420925	2
6420939	5
6420976	1
6421973	0
6422026	0
6423433	2
6424531	0
6424880	0
6425122	2
6425135	4
6425295	3
6425393	0
6425424	4
6425464	4
6425575	0
6425770	2
6426089	1
6426090	2
6426291	0
6427502	2
6427719	2
6427740	0
6427917	2
6428899	0
6429076	2
6429150	2
6430008	0
6430009	2
6430135	2
6431248	3
6431443	0
6432893	3
6433096	0
6433776	1
6435359	1
6436301	0
6436850	1
6437413	4
6437997	0
6438528	5
6439316	0
6439488	4
6439754	4
6440044	4
6440104	1
6440123	2
6440193	0
6440399	3
6440435	0
6440527	2
6440552	0
6440558	5
6440766	0
6440794	4
6441638	4
6441654	3
6442364	1
6442658	3
6442928	0
6442931	3
6444218	0
6445012	1
6445117	0
6445752	0
6445979	0
6445990	2
6446173	0
6446484	0
6447008	2
6447125	0
6447233	2
6447307	1
6447345	1
6448312	4
6448351	2
6449373	4
6450215	4
6450799	2
6450836	0
6450842	1
6450844	0
6451126	0
6451421	2
6451923	0
6452066	0
6452124	2
6452953	4
6453305	0
6454066	0
6454085	1
6454353	1
6454790	2
6454886	0
6454968	5
6455465	0
6455815	0
6456185	0
6457041	4
6457207	5
6457273	5
6457718	2
6458881	3
6459287	1
6459409	0
6459431	2
6460026	4
6460174	0
6460197	2
6460328	4
6461057	3
6461060	1
6461836	2
6461853	2
6463050	2
6464080	0
6464111	0
6464443	0
6464865	0
6465124	0
6465174	2
6465918	0
6466334	0
6466620	0
6466655	0
6467265	0
6467483	2
6468234	2
6468328	2
6468832	0
6468915	0
6469460	0
6469502	0
6469505	0
6469527	0
6469685	2
6469696	1
6469767	2
6469970	0
6470490	0
6470556	0
6470687	2
6470699	2
6470741	1
6470834	0
6470933	2
6471048	3
6471196	0
6471621	1
6471685	0
6471811	0
6471898	0
6472055	0
6472735	2
6472968	1
6473006	1
6473186	3
6473199	0
6473856	2
6473897	4
6473961	2
6474104	0
6474808	4
6474887	0
6474928	2
6475239	0
6475365	2
6475617	1
6475993	4
6476657	0
6476763	2
6477612	2
6477829	4
6477935	4
6478535	0
6478961	0
6480170	0
6480898	2
6481036	4
6481069	2
6481227	0
6481771	2
6482390	5
6482692	0
6482721	1
6483003	0
6483378	0
6483404	3
6483558	1
6483668	0
6483775	0
6484838	2
6484927	2
6484941	0
6485042	0
6485538	0
6485718	2
6486123	0
6486194	2
6486240	0
6487442	0
6487933	0
6488181	4
6488368	4
6488751	1
6490369	2
6490674	0
6491164	0
6491478	2
6491682	0
6491702	0
6492618	1
6493819	4
6493997	2
6494828	4
6496095	5
6496826	0
6497119	0
6497563	0
6498005	4
6499208	3
6499888	2
6500945	0
6500954	2
6501592	0
6501885	2
6502055	1
6502101	0
6502607	2
6502911	0
6503077	4
6504156	2
6504164	5
6504824	1
6504930	1
6504973	1
6505553	0
6505629	2
6506454	2
6506541	2
6506724	0
6507515	0
6507577	4
6507608	5
6507700	1
6507769	2
6508695	1
6509042	0
6509136	2
6509640	3
6510117	2
6512145	0
6512192	0
6512212	4
6512435	0
6512585	0
6512598	0
6512916	0
6512919	3
6513097	0
6513484	0
6513564	3
6513698	0
6513920	0
6514320	1
6514398	0
6514613	4
6515751	2
6515902	2
6516863	1
6518147	1
6518330	1
6518702	0
6519043	0
6519083	1
6519144	3
6519218	2
6519816	2
6520009	0
6521450	4
6521600	4
6521973	0
6522154	0
6522774	0
6522781	4
6523358	0
6523482	0
6523737	1
6523805	2
6524578	0
6524925	0
6525946	0
6526071	4
6526922	5
6527308	3
6527372	4
6527762	2
6528489	0
6528667	2
6528729	3
6528781	2
6529081	2
6529301	3
6529476	0
6530376	5
6531555	0
6532059	0
6532145	0
6532150	0
6532192	4
6532769	0
6532828	1
6533789	0
6533860	0
6533866	4
6534390	4
6536931	2
6536940	2
6537230	2
6537303	2
6537352	0
6538300	0
6538358	2
6538599	2
6538761	0
6539573	4
6539637	1
6539766	2
6539770	0
6540168	0
6540375	2
6540396	1
6540397	0
6540652	0
6540743	0
6540867	1
6540933	0
6541334	0
6541341	0
6541371	2
6541374	0
6541683	0
6541702	0
6541724	0
6541774	2
6541800	0
6541830	0
6541833	0
6541840	1
6542123	0
6542328	0
6542332	0
6542461	4
6542484	0
6542491	2
6542493	0
6542498	2
6542541	0
6542602	0
6543134	2
6543178	4
6543202	0
6543208	0
6543217	0
6543322	2
6543465	0
6543480	0
6543795	2
6543883	2
6544015	0
6544053	0
6544454	0
6544579	0
6544642	1
6545374	0
6545451	1
6546604	3
6547451	0
6547572	0
6548127	4
6548335	0
6549059	0
6549098	0
6549118	2
6549149	0
6550351	4
6550396	0
6550477	0
6551042	1
6551417	2
6551901	0
6552177	2
6552230	0
6552249	0
6552278	0
6552590	0
6553503	0
6553561	1
6554247	2
6554743	4
6554826	0
6554934	0
6554992	1
6555094	2
6555248	1
6555379	0
6555969	5
6555970	0
6556019	2
6556471	0
6556666	4
6556753	0
6557326	0
6559086	0
6559220	2
6560550	2
6560803	0
6561579	0
6561614	2
6561678	2
6561695	5
6561742	5
6561821	2
6562201	0
6562349	5
6562650	4
6562744	1
6562751	2
6562815	0
6563190	0
6563385	0
6563534	4
6563878	0
6563899	0
6563994	5
6564464	2
6564955	2
6565119	0
6565345	0
6565388	4
6565727	1
6565998	5
6566317	0
6566968	2
6567309	0
6567381	3
6567473	2
6567691	2
6567748	2
6567894	2
6568225	1
6568650	0
6568688	0
6568997	0
6569244	0
6569738	0
6569797	1
6569813	2
6569859	0
6570004	5
6570440	0
6570462	2
6570563	0
6570632	2
6570910	0
6570936	1
6571021	0
6571105	0
6571138	2
6571215	0
6571560	1
6571680	0
6571787	2
6571988	0
6572623	0
6572959	0
6573164	5
6573747	0
6573844	1
6574700	2
6575260	2
6575297	2
6575308	2
6575416	2
6575996	5
6576275	4
6576303	2
6576531	3
6576664	4
6576852	1
6576913	0
6576982	1
6577434	5
6577516	4
6577587	0
6577638	1
6577871	0
6578084	0
6578329	2
6578385	0
6578742	0
6578810	2
6578826	0
6578857	2
6578982	4
6579289	0
6580230	0
6580386	2
6580427	0
6580548	5
6580912	2
6580929	3
6583308	0
6583383	2
6583665	0
6583836	2
6584516	0
6584699	3
6584705	5
6584758	1
6585302	2
6585454	0
6585721	0
6586158	4
6587062	2
6587229	2
6587536	0
6587914	4
6588040	4
6588128	1
6588161	0
6588174	2
6588335	3
6588379	0
6588461	0
6588579	2
6588601	2
6588934	4
6589053	0
6589324	0
6589482	2
6589700	2
6589741	0
6589898	0
6590355	2
6591062	0
6591069	2
6591088	2
6591458	0
6591574	4
6591732	1
6592105	0
6592248	3
6592566	0
6592606	5
6592864	0
6592966	2
6592976	0
6592997	5
6593004	1
6593110	4
6593356	2
6593728	4
6593891	5
6594115	1
6594170	0
6594318	2
6594480	0
6594621	2
6594759	2
6595440	0
6595547	2
6595769	0
6596388	5
6596403	0
6596801	0
6596811	0
6596822	0
6596830	0
6597271	2
6597291	0
6597650	4
6598147	2
6598302	2
6598480	2
6598546	4
6598644	0
6599024	1
6599182	4
6599703	0
6599935	2
6599963	0
6600226	0
6600478	2
6600519	2
6600520	0
6600606	0
6600637	1
6600681	0
6600728	5
6600845	0
6601017	0
6601238	0
6601269	4
6601373	0
6601417	1
6601418	1
6601531	4
6601629	1
6601708	0
6601819	0
6601841	5
6601874	4
6601902	2
6602126	0
6603541	0
6603577	0
6603893	4
6603951	1
6604146	0
6604162	0
6604185	4
6604229	5
6604854	3
6604872	0
6605025	0
6605073	4
6605433	2
6605605	0
6605644	0
6605666	0
6605881	5
6606297	0
6606557	0
6606697	4
6606939	0
6607330	4
6607395	5
6607493	4
6607607	4
6607969	2
6608039	1
6608487	0
6608540	0
6608586	2
6608685	0
6608738	4
6608870	1
6609111	0
6609124	2
6609359	3
6609421	3
6609522	0
6609853	1
6610198	1
6610638	0
6610715	2
6610776	5
6611037	5
6611240	0
6611399	0
6611691	2
6612204	2
6612478	4
6612539	2
6612637	0
6612755	0
6613408	0
6613749	1
6613752	2
6613815	0
6614009	0
6614080	2
6614259	0
6614305	0
6614353	0
6614542	1
6614623	3
6615089	0
6615173	2
6615237	5
6615537	3
6615585	1
6615595	4
6615864	3
6615937	0
6616144	3
6616533	5
6616694	1
6616860	2
6617134	2
6617333	5
6617498	0
6617504	4
6617781	0
6617827	3
6617981	0
6617985	0
6618174	0
6618194	0
6618200	0
6618465	0
6618746	2
6618752	0
6618780	2
6619095	1
6619105	5
6619375	4
6619418	2
6619600	0
6619848	3
6619904	2
6620012	0
6620272	3
6620362	0
6620455	0
6620534	0
6620565	0
6620570	0
6620582	0
6620769	0
6620909	0
6621078	0
6621109	0
6621143	0
6621181	3
6621406	0
6621413	1
6621415	0
6621520	1
6621646	1
6621829	2
6622014	1
6622107	0
6622112	0
6622115	1
6622173	1
6622345	2
6622351	0
6622354	0
6622408	1
6622411	0
6622416	0
6622419	1
6622422	0
6622428	1
6622433	0
6622437	0
6622444	1
6622525	1
6622709	0
6622712	4
6622714	0
6622718	0
6622719	0
6622876	0
6622946	2
6623451	0
6623864	0
6623954	0
6624243	0
6624250	2
6624347	3
6624551	0
6624609	2
6624661	2
6624771	2
6624787	0
6624916	1
6625023	0
6625083	2
6625144	4
6625377	0
6625456	2
6625459	5
6625740	2
6625828	4
6625855	2
6626010	2
6626426	0
6626948	0
6626957	0
6626991	2
6627039	0
6627134	0
6627292	1
6627348	1
6627448	5
6627472	2
6627501	1
6628000	2
6628046	2
6628091	1
6628169	0
6628212	1
6628309	0
6628417	1
6628921	0
6628971	0
6629047	2
6629172	0
6629213	0
6629446	4
6629580	0
6629608	3
6629644	2
6629767	1
6629791	1
6629797	1
6630844	0
6630965	0
6631022	2
6631494	0
6631622	5
6631671	0
6631981	2
6632066	0
6632104	0
6632473	0
6632555	4
6632807	1
6633082	2
6633209	4
6633697	0
6634013	2
6634070	2
6634208	0
6634516	5
6634578	0
6634634	0
6634808	2
6634852	0
6634879	0
6634902	1
6635019	1
6635365	0
6635414	0
6635480	4
6635482	1
6635588	0
6635685	0
6635701	4
6635753	0
6635844	5
6636376	0
6636384	1
6636386	0
6636405	0
6636477	0
6636483	0
6636568	2
6636658	0
6636940	3
6637145	0
6637228	4
6637354	0
6637537	4
6637600	4
6637953	0
6638209	2
6638213	0
6638328	0
6638347	4
6638645	0
6638719	0
6638847	2
6638937	0
6639840	2
6640078	2
6640164	0
6640553	5
6640731	2
6640926	2
6641030	5
6641058	0
6641175	0
6641720	2
6641993	2
6641995	0
6642170	0
6642293	1
6642496	2
6642645	1
6642718	1
6642815	2
6642854	2
6643092	1
6643160	0
6643177	0
6643220	2
6643257	4
6643401	2
6643410	0
6643772	1
6644265	0
6644286	0
6644446	0
6644590	0
6644929	2
6644942	0
6645005	1
6645409	2
6645453	2
6645654	2
6646131	0
6646277	4
6646687	0
6646689	4
6646731	0
6646745	2
6646850	0
6646881	1
6646900	0
6647031	5
6647288	2
6647377	0
6647545	1
6647576	0
6647594	4
6647669	1
6648134	0
6648150	2
6648151	1
6648179	0
6648207	5
6648522	4
6648683	0
6648686	0
6648788	5
6648822	0
6649146	2
6649464	0
6649505	2
6649585	0
6649632	1
6649703	4
6649749	2
6649844	5
6650247	0
6650292	4
6650439	0
6650718	5
6650874	1
6650876	0
6650932	1
6650967	0
6651344	2
6651502	1
6651606	2
6651688	0
6651727	0
6651854	0
6651915	1
6651980	5
6652249	4
6652551	0
6652899	0
6652975	0
6653034	4
6653367	0
6653491	4
6653645	2
6654005	4
6654066	2
6654347	5
6654454	0
6654914	0
6655289	3
6655380	1
6657042	1
6657174	2
6657306	3
6657323	2
6657448	0
6657494	2
6657794	5
6658325	0
6658456	0
6658582	2
6658713	2
6659184	1
6659312	2
6659519	2
6659871	0
6659873	1
6660149	4
6660244	3
6660259	1
6660284	2
6660339	0
6660340	2
6660648	0
6660905	4
6661219	5
6661276	0
6661471	2
6661547	4
6661778	1
6661935	2
6662316	3
6662378	5
6662455	0
6662460	3
6662471	4
6662545	0
6662989	1
6663270	2
6663552	4
6663705	1
6663744	4
6663787	0
6663913	1
6664437	0
6664644	0
6664657	0
6664711	2
6664956	0
6664980	0
6665072	3
6665506	0
6665684	2
6665728	0
6665857	0
6666115	4
6666782	0
6666803	0
6667157	0
6667346	1
6667542	2
6667839	0
6667905	0
6667956	1
6668088	0
6668167	2
6668266	2
6668591	0
6668971	0
6669088	0
6669183	4
6669189	1
6669202	0
6669313	4
6669382	2
6669447	0
6669466	2
6669560	1
6669863	4
6669972	0
6670192	5
6670215	2
6670217	1
6670248	4
6670433	1
6670510	2
6670550	0
6670657	1
6670818	2
6671091	3
6671323	0
6671337	4
6671354	1
6671373	0
6671394	0
6671477	3
6671593	0
6671638	0
6671747	0
6672058	1
6672101	5
6672103	0
6672130	0
6672179	1
6672217	0
6672223	2
6672225	3
6672293	1
6672305	0
6672319	0
6672330	0
6672524	4
6672542	4
6672649	1
6672713	0
6672750	4
6672754	1
6672850	0
6672867	1
6672908	0
6672914	2
6673116	4
6673260	4
6673365	3
6673530	1
6673608	0
6673626	0
6673641	0
6673724	0
6673755	0
6673846	0
6673876	1
6673931	1
6673966	4
6674037	2
6674184	2
6674307	5
6674363	0
6674370	2
6674710	2
6675297	0
6675378	0
6675497	1
6675619	0
6675626	4
6675724	2
6676385	0
6676440	5
6676838	0
6676844	0
6676862	1
6676880	4
6677068	0
6677076	2
6677138	2
6677187	0
6677201	5
6677419	0
6677524	0
6677545	1
6677628	0
6677678	4
6677683	4
6677743	2
6677835	0
6677849	0
6677914	5
6677915	4
6677916	0
6677928	1
6677954	2
6677993	1
6678160	1
6678526	0
6678624	1
6678674	2
6678715	1
6678726	0
6678730	5
6678750	1
6678758	0
6678826	0
6678838	0
6678867	4
6678875	0
6678878	2
6679017	4
6679155	1
6679190	5
6679210	0
6679218	2
6679265	0
6679308	0
6679397	2
6679423	2
6679480	5
6679488	0
6679504	0
6679610	0
6679621	0
6679654	0
6679673	0
6679714	1
6679757	3
6679816	0
6679822	0
6679840	5
6679857	0
6679907	0
6679919	0
6680017	0
6680113	0
6680130	2
6680142	2
6680153	2
6680366	1
6680551	0
6680584	0
6680655	0
6680698	1
6680868	2
6680884	0
6680888	0
6680916	0
6680931	0
6680944	4
6681011	4
6681061	1
6681172	0
6681224	0
6681394	0
6681468	0
6681508	2
6681535	5
6681603	5
6681607	4
6681628	0
6681679	0
6681736	1
6681843	2
6681851	2
6681869	2
6681880	1
6681910	2
6681924	0
6681978	0
6682014	0
6682039	0
6682073	2
6682079	2
6682088	1
6682161	2
6682218	2
6682220	0
6682293	0
6682301	0
6682346	0
6682520	0
6682631	0
6682695	1
6682746	0
6682913	2
6682921	0
6682942	0
6682977	2
6683035	2
6683044	1
6683054	3
6683106	1
6683350	1
6683355	0
6683568	2
6683587	0
6683600	0
6683650	0
6683705	4
6683706	2
6684065	5
6684895	1
6684951	0
6685025	0
6685150	1
6685159	3
6685224	5
6685250	0
6685663	0
6685698	2
6685805	0
6685820	0
6686174	2
6686609	0
6686653	0
6686768	0
6686923	1
6687005	2
6687082	0
6687313	5
6687325	0
6687362	2
6687367	0
6687527	0
6687554	0
6687564	1
6687610	5
6687629	2
6687641	0
6687720	4
6687785	0
6687904	0
6687924	0
6687983	2
6688043	0
6688223	4
6688261	3
6688276	2
6688298	0
6688320	0
6688332	1
6688339	5
6688355	4
6688369	3
6688489	4
6688526	0
6688631	2
6688706	2
6688713	1
6688748	0
6689035	0
6689279	0
6689319	4
6689321	0
6689325	1
6689439	0
6689453	0
6689493	4
6689629	4
6689690	0
6689768	1
6689778	4
6689834	2
6689931	5
6690024	0
6690143	1
6690188	1
6690195	0
6690284	4
6690348	4
6690545	0
6690931	1
6691019	4
6691217	0
6691276	0
6691360	5
6691374	0
6691461	4
6691660	4
6691738	0
6691789	0
6691860	2
6691884	0
6691901	0
6691968	1
6692015	0
6692198	0
6692239	1
6692342	2
6692391	0
6692440	5
6692494	2
6692510	4
6692552	0
6692595	0
6692596	2
6692737	0
6692771	0
6692825	0
6693140	1
6693276	0
6693426	0
6693486	1
6693543	1
6693568	0
6693724	3
6693776	2
6693851	0
6693934	0
6694248	0
6694395	0
6694470	2
6694502	0
6694505	0
6694910	5
6695024	0
6695085	4
6695174	3
6695275	0
6695337	4
6695562	2
6695683	2
6695762	2
6695813	2
6695879	5
6695957	3
6696034	4
6696106	5
6696189	1
6696499	2
6696540	2
6696610	0
6696883	2
6697359	4
6697578	0
6697738	0
6697839	5
6697864	4
6697901	0
6697931	0
6697963	0
6697969	0
6697977	0
6698207	0
6698328	4
6698454	1
6698457	4
6698667	0
6698690	0
6698711	4
6698747	2
6698998	0
6699004	0
6699748	0
6700703	0
6700725	3
6700779	4
6700804	2
6700828	0
6701021	1
6701102	4
6701125	0
6701150	0
6701468	1
6701881	2
6701940	0
6702007	1
6702070	2
6702107	1
6702199	0
6702617	2
6702662	2
6702693	0
6702705	0
6703188	0
6703195	4
6703225	1
6703329	0
6703511	2
6704061	0
6704072	0
6704086	4
6704210	4
6704229	3
6705338	0
6705620	0
6705916	0
6705973	0
6706068	0
6706287	1
6706337	0
6706347	1
6706383	0
6706402	2
6706415	0
6706432	1
6706438	2
6707420	2
6707580	0
6707800	0
6707838	5
6707870	0
6707875	0
6707928	0
6708253	5
6708275	0
6708285	0
6708307	0
6708630	0
6708712	0
6709028	0
6709401	0
6709585	0
6709612	2
6709650	0
6709944	0
6710006	2
6710018	2
6710245	1
6710263	0
6710347	0
6710385	5
6710500	0
6710626	2
6710922	0
6710948	0
6711020	0
6711025	2
6711198	0
6711268	0
6711729	2
6711753	0
6711842	2
6711869	0
6712151	0
6712156	0
6712258	2
6712342	0
6712396	2
6712510	0
6712514	2
6712740	4
6712777	1
6712814	1
6712843	2
6712931	1
6712933	4
6712948	0
6712974	4
6712986	2
6713004	1
6713237	2
6713286	1
6713314	1
6713434	4
6713543	2
6713614	0
6713718	0
6713830	1
6713836	4
6713885	0
6713950	2
6713958	0
6713997	2
6714030	2
6714052	1
6714064	0
6714194	1
6714305	0
6714423	2
6714512	1
6714587	0
6714767	5
6715261	0
6715386	0
6715448	2
6715560	0
6715917	1
6716020	5
6716273	0
6716334	3
6716351	0
6716484	0
6716581	1
6716987	4
6716994	0
6717221	2
6717269	2
6717312	0
6717331	0
6717335	0
6717614	0
6717716	1
6717720	0
6717851	0
6718079	0
6718221	1
6718375	0
6718418	2
6718940	1
6718974	0
6719455	0
6719538	0
6719573	0
6719660	0
6719671	3
6719694	4
6719732	0
6719957	4
6719959	0
6720004	4
6720169	0
6720196	5
6720225	4
6720487	0
6720490	0
6720492	2
6720502	0
6720528	5
6720539	2
6720633	1
6720725	5
6720867	1
6720946	0
6721159	2
6721213	2
6721362	2
6721386	0
6721482	1
6721484	2
6721571	0
6721578	0
6721876	0
6721911	0
6722149	4
6722219	4
6722396	0
6722648	0
6722738	0
6722768	0
6722874	5
6722886	0
6722971	5
6723060	0
6723187	2
6723366	0
6723401	0
6723429	1
6723450	0
6723574	4
6723651	0
6723713	0
6723766	2
6724043	1
6724143	2
6724209	0
6724365	4
6724439	0
6724580	0
6724706	1
6724848	0
6724961	0
6724983	0
6725001	0
6725033	0
6725108	0
6725254	0
6725609	0
6725667	2
6725682	0
6725758	5
6725826	2
6726002	1
6726014	0
6726100	3
6726213	0
6726221	2
6726284	0
6726348	1
6726376	0
6726425	0
6726441	1
6726454	2
6726478	0
6726567	0
6726684	0
6726733	0
6726782	0
6726873	0
6726875	2
6726977	0
6727177	0
6727296	4
6727675	2
6727785	0
6728137	0
6728183	1
6728194	2
6728237	0
6728684	2
6728783	1
6728853	1
6728914	0
6728966	2
6729307	0
6729335	5
6729515	0
6729545	1
6729676	3
6729702	1
6729793	3
6730101	4
6730126	0
6730251	0
6730258	4
6730402	1
6730413	2
6730472	2
6730577	0
6730672	3
6730772	0
6730801	0
6730895	0
6730938	1
6731124	0
6731173	0
6731661	2
6731778	2
6731815	2
6731860	0
6732035	0
6732267	2
6732335	2
6732373	2
6732402	2
6732405	1
6732586	0
6732616	1
6732623	2
6732627	0
6732710	2
6732741	0
6732742	2
6732795	0
6732883	0
6733038	2
6733042	4
6733430	0
6733532	0
6733587	0
6733670	0
6733675	1
6733731	0
6733762	0
6733801	0
6733887	2
6733907	0
6733928	2
6733985	0
6733994	0
6734002	0
6734025	0
6734031	0
6734055	0
6734072	1
6734082	2
6734174	2
6734176	2
6734182	0
6734233	5
6734363	0
6734501	4
6734528	0
6734609	0
6734613	2
