account_id,content
1,1
1000232,1
100025,1
1000263,1
1000682,1
1001261,11
1001466,6
1001634,16
1001802,1
1001952,3
10021,53
1002123,2
10022,2
1002868,4
1002989,1
1003192,1
1003543,2
1003669,2
1003789,5
1003809,15
1003874,1
100389,1
100429,6
100433,1
1004408,5
100447,3
1004706,1
1005037,15
1005280,2
1005362,1
1005722,1
1006294,24
100632,1
1006878,18
1007244,4
1007389,1
100746,1
1007544,2
100767,13
1007708,17
1007927,6
1007983,1
100802,1
100820,1
1008736,2
1008774,39
1008817,2
1008911,2
1008934,1
1008943,12
100917,60
1009328,1
1009780,2
1009953,1
1010021,1
101026,59
101038,32
1010394,20
101060,1
1010815,1
1010878,41
1011372,1
1011513,1
101166,3
1011782,1
1011996,1
1012200,23
1012292,2
1012353,1
101243,21
101274,6
1012826,2
1013080,1
1013099,1
1013116,20
1013196,2
1013285,1
1013292,1
101334,1
1013577,11
1014080,3
1014128,22
1014426,1
1014484,33
1014874,2
1014912,64
1014938,17
1014957,13
1015110,22
1015189,1
101527,3
10153,16
1015361,6
1015439,3
1015442,1
101571,2
1015888,6
1016170,9
101633,25
1016341,2
101636,1
101638,1
1016414,4
1017506,3
1017590,1
1017889,1
1018080,1
101857,31
101862,2
1018848,1
1019,5
101928,181
1019443,4
1019605,14
1019894,1
1019980,81
102015,5
1020834,1
102123,41
1022085,2
1022503,34
102253,7
1022779,1
1022792,19
1023277,2
1023397,1
102358,3
102371,1
1023710,33
102404,5
102425,2
1024312,1
102449,1
102462,4
1024653,2
102471,8
1024791,27
1025260,1
1025332,5
1025541,7
1025754,56
102592,4
1026417,1
102662,6
1026633,24
102679,1
102684,7
1026954,1
1027244,5
1027256,4
1027356,1
102738,1
1027489,2
1027617,1
1027666,1
1027949,20
102798,1
102813,5
1028252,3
1028296,23
1028430,6
1028443,5
1028625,4
1028643,5
1028762,2
1028962,14
1029091,11
1029116,2
1029286,1
102940,5
1029482,1
1029542,2
1029561,14
1029585,11
1029606,3
1029788,2
1030325,4
1030332,65
103034,5
1030344,6
1030456,2
1030564,1
103070,1
1030897,2
1030915,29
1031228,1
1031365,2
1031391,2
1031564,4
1032008,2
103202,1
103248,14
1032643,6
1033210,3
1033488,6
1033493,3
1033646,3
1033668,1
1033871,1
1034002,5
1034075,3
1034218,22
1034264,1
1034351,10
1034357,5
1034423,1
1034537,56
1034538,41
1034628,1
1034671,20
1035575,16
1035757,2
1036058,5
103609,1
1036385,1
1036410,8
1036447,1
103711,3
1037139,1
1037145,3
103746,1
1037581,1
1037584,5
103770,1
1037706,4
10381,1
1038152,7
1038166,1
1038186,1
1038201,3
1038342,5
1038466,7
1038500,4
1038626,2
1038667,21
1038716,5
1038971,6
1039368,7
1039804,3
1039861,1
1039932,1
1040181,1
1041361,5
1041392,5
1041469,10
1041476,2
104160,2
1042021,9
104203,1
1042435,5
1042449,3
1042584,49
1042819,8
1042878,1
104315,18
1043854,4
104402,3
1044025,37
1044113,9
1044135,1
104423,5
104433,1
104448,7
104529,9
104539,2
1045830,1
1046084,35
10462,1
1046256,3
1046353,40
1046620,2
1046971,2
1047364,5
1047580,4
1048082,8
1048165,11
1048185,1
1048294,4
1048450,18
104878,29
1048799,4
1048893,6
104926,16
1049328,3
1049346,1
1049372,1
1049503,1
1049566,5
104971,8
1049993,16
105007,1
105011,2
105016,3
1050370,23
1050474,1
1050545,2
1050648,1
1050911,22
1051061,1
1051126,2
1051257,1
1051670,28
1051769,28
1051973,1
1052217,1
1052374,6
1052516,25
1052620,2
1052697,2
1053782,1
1054075,24
1054174,17
1054351,1
1054355,1
1054368,1
1054488,1
1054884,1
1054968,1
1055319,8
1056218,1
1057082,1
1057316,1
10574,4
1057428,1
1057528,3
1058315,35
1058327,2
1058512,2
1058622,19
1058649,1
105871,16
105874,1
1058756,16
1058917,2
1059292,5
1059342,1
105936,2
1059734,13
1059876,1
1060065,10
1060155,1
1060268,2
1060293,15
1060509,5
1060746,6
1060778,1
1060831,5
1061131,6
1061235,1
1061320,4
1061418,3
1061525,10
1061663,1
1061672,1
106215,5
106237,3
1062718,1
1063039,12
1063105,3
1063298,2
10633,1
1063361,11
1063516,5
1063718,2
1063745,21
1064197,2
1064434,12
1064633,2
1064704,2
1064721,42
1064932,5
1064944,1
1064960,26
1065008,11
1065273,34
106573,20
1065836,1
1066386,1
106644,1
1066456,19
1066485,5
1066545,1
1066572,2
1066586,9
1066683,4
1066733,2
106692,1
1066972,1
1067070,1
1067133,3
1067198,2
1067283,4
1067382,1
1067491,1
1067936,3
1068129,89
1068414,4
106854,2
1068587,1
1068652,1
1068660,1
1068728,1
1069041,1
1069078,2
1069080,1
106909,2
1069243,23
1069657,3
106991,52
1070447,4
107048,1
107103,1
107110,1
107125,4
1071474,1
1071477,18
1071767,3
1071845,24
1072088,4
1072095,5
107219,1
1073094,16
1073114,5
1073184,1
10735,2
10736,3
1073848,23
107387,1
1073972,2
107415,2
1074219,4
1074408,20
1074427,41
107446,2
107463,2
107472,1
1074988,1
1075018,5
1075080,5
1075168,4
1075182,9
1075398,20
107544,1
1075670,1
107568,12
1075755,3
107581,6
1076184,6
1076214,2
1076446,5
1076550,4
107680,4
1076920,6
107695,2
1077028,1
10773,3
1077316,1
107764,2
1077640,3
1077666,2
107776,19
1078296,1
1078611,1
107888,1
1079305,1
1079641,1
107966,1
1079725,6
1079893,1
1080028,5
1080048,1
1080140,90
1080480,4
108061,5
1080897,5
108121,1
1081391,1
108161,4
1081638,1
1081646,4
108175,2
108213,3
1082411,2
1082462,6
1082515,13
1082931,1
1083080,5
1083113,1
1083125,1
108318,1
1083262,4
1083621,5
1084078,1
1084149,5
1084222,10
1084248,1
1084421,1
1084543,3
1084852,3
1084862,5
1085001,34
1085077,1
1085933,3
1086430,4
1086570,4
1086634,2
1086795,38
1086855,10
1087125,1
1087283,16
1087306,1
108734,1
1087682,1
1088331,3
1088375,1
1088433,5
1088503,7
1088604,4
1088665,4
1088991,4
1089010,5
1089237,5
1089595,5
108979,1
108989,1
108992,24
1090094,2
1090620,15
1090624,1
109084,1
1091239,4
1091350,1
1091779,2
1091797,7
1091961,65
1092045,1
1092483,1
1092628,1
10927,9
109282,1
1092838,4
1092892,1
1092932,1
1092951,5
1092980,4
109322,16
1093331,4
10935,1
1093611,4
1093636,4
1093915,11
1093976,4
1094125,9
1094304,1
1094435,30
1094731,51
1094792,16
1095039,3
1095044,44
1095246,6
1095434,1
1095505,1
1095575,8
1095717,18
109572,1
109595,21
1096071,2
1096185,1
10964,2
109648,9
1096573,5
109665,4
1096698,3
109679,4
109683,21
1096926,4
1097142,4
1097545,24
1097574,1
1097775,2
1098275,1
1098448,2
1098701,34
1098860,1
1098897,1
1099042,1
1099165,2
1099382,23
1099478,5
109965,3
1099989,4
1100020,2
110030,11
110064,1
1100743,1
1101010,1
1101016,2
1101062,15
110116,62
1101299,3
1101320,1
1101486,1
1101849,5
1101884,11
110198,1
1102034,2
1102155,5
1102157,4
1102288,1
110236,10
110256,1
1102670,1
1102709,2
1102890,1
1103074,1
1103289,5
1103292,15
1103338,1
110391,1
1103957,2
1104107,3
1104168,5
1104193,1
110439,1
1104456,1
1105019,4
110520,2
110522,6
1105266,5
110537,2
1105452,17
1105493,5
1105558,1
1105764,1
1105885,1
1106025,1
1106108,3
1106201,7
110626,1
1106278,15
1106396,21
1106809,1
1106913,3
110707,5
1107447,2
1107792,2
1107805,1
1108330,4
1108976,1
1109113,19
1109854,1
1109940,18
111021,4
111032,1
111033,14
1110884,42
1110987,42
1111134,11
1111239,1
1111393,1
1111462,3
1111618,1
1111694,1
111176,5
1112133,1
1112446,1
111246,2
1112501,1
1113130,1
1113132,1
111325,2
1113269,3
1113377,364
1113789,1
1114012,1
111412,3
1114549,1
1114869,3
11150,5
1115077,1
1115213,2
1115230,1
111530,6
1115753,1
111589,3
1116149,1
1116276,14
111639,2
1116699,7
1116835,1
1116928,1
1117042,1
1117117,20
1117554,1
1117609,1
1117682,1
1117982,4
111799,4
1117996,5
1118057,2
1118319,1
1118446,9
11185,25
1119247,5
1119590,2
1119751,11
1120138,5
1120360,1
11205,1
1120528,1
1120825,1
1120859,21
1120865,2
1121067,4
1121279,12
112130,1
1121322,4
1121367,3
1121375,1
1121386,1
1121640,1
112173,6
1121743,2
1121958,1
112196,1
1122099,15
1122124,2
112220,1
1122242,1
112235,12
112265,20
1123054,2
112330,1
1123374,5
1123545,1
1124253,9
1124464,2
1124556,9
1124641,1
1124746,1
1124976,3
1124999,1
1125086,1
1125166,1
1125221,2
1125303,1
1125573,1
1125639,1
112564,3
1125739,1
1125919,5
1125931,3
1125961,2
1126117,15
1126288,1
1126607,12
1126817,4
1126964,1
1126984,4
1127033,5
1127618,2
1127643,15
1127645,1
112781,1
1127863,5
1127931,2
1128358,1
1128559,20
112876,19
1128904,5
1129542,91
1129597,1
1130281,2
1130469,9
1130574,5
1130841,2
113113,18
113126,2
113146,87
1131572,22
1131588,1
113170,11
1131964,1
1131988,4
1132054,1
1132161,29
1132426,2
1132483,21
1132486,1
113257,5
1132750,3
1132836,1
1133512,1
1133518,1
1133591,20
1133600,1
1133601,1
1133604,3
11343,13
1134376,1
1134533,1
113461,16
113471,2
1135363,19
1135394,33
113550,1
1135509,2
1135574,2
1135774,3
113586,3
1136106,1
113634,4
1136346,4
1136405,8
1136453,3
113648,5
113673,1
1136864,14
11372,2
1137226,1
1137235,1
1137318,2
1137406,1
1137513,5
1138286,1
113850,15
1138579,5
113858,4
1138676,17
1138738,4
1138936,6
1139113,1
1139276,2
11400,2
1140205,2
1140704,30
1140849,3
1141180,50
114126,59
1141558,1
1142460,20
114252,1
1142687,9
1142714,2
1142777,27
1143159,3
1143255,2
1143266,1
1143329,5
1143769,1
1143789,1
1143846,5
1144112,1
114418,2
1144436,1
1144533,1
1144676,19
114479,3
1144989,2
1145011,1
114510,2
1145136,4
1145443,3
1145503,1
1145696,1
11460,6
1146057,7
114672,1
114673,1
1146938,1
1147129,3
1147223,12
1147239,19
1147267,4
1147346,4
1147430,1
114744,8
1147505,5
1147636,5
1147712,28
1147727,17
1147742,1
1148013,4
114812,8
114818,2
1148315,5
1148615,6
1148650,21
1148736,5
1148841,24
1148963,1
1148996,1
1148997,1
1149288,3
114930,1
11494,2
1149434,109
1149673,44
114977,13
1149778,2
1149785,1
114991,22
115003,1
1150123,1
11502,3
1150330,19
115040,14
1150439,3
1150638,1
11517,1
115170,4
11520,2
115278,1
1152857,3
1153,7
1153097,18
1153199,3
1153693,6
11539,11
11541,2
1154118,24
1154145,1
1155277,3
1155328,2
1155341,2
1155395,1
1155565,1
1155661,2
1155669,4
1155679,3
11557,1
115585,1
1155997,38
115601,17
1156362,1
115644,5
1156442,3
1156484,1
1156956,2
11573,1
1157831,1
1157866,55
1157893,22
1158946,1
1159030,3
115920,2
115940,1
116010,2
1161626,21
116296,1
116412,5
116434,1
1165603,1
1165719,1
1165935,2
116636,3
116665,20
116690,1
116700,3
116714,1
116762,4
116852,1
117051,18
117129,14
117198,8
11722,2
117253,4
117339,2
117416,4
1175061,16
1175094,1
1175538,2
1175979,5
11760,1
1176037,8
1176407,6
1176423,5
1176509,1
1176718,2
117683,19
117702,2
1177313,29
1177475,1
1177647,1
1177951,3
117798,14
1178386,1
117846,10
1178745,3
1178817,1
1179679,3
117983,54
1180009,4
1180244,7
118057,3
1180649,4
11810,21
118106,2
1181996,1
1182216,1
1182255,1
1182259,7
1182335,1
118240,3
118249,1
1182930,2
118311,1
1183262,5
118351,2
1183672,3
1184004,2
1184296,1
1184338,1
118443,5
1184642,3
1184843,15
1185028,1
1185166,1
1185323,1
118534,1
1185525,6
1185531,15
1185545,1
1185706,2
1185844,3
1186026,1
1186099,6
1186111,7
1186140,1
1186225,3
1186246,13
1186395,1
118650,1
118704,2
118829,1
119142,2
1192169,1
1192324,47
1192470,5
1193257,1
119338,2
1194035,3
1194140,2
119453,20
119554,8
119555,17
1195877,2
119600,9
1196254,5
1196260,3
119643,6
119681,1
1196861,1
1196933,1
1197267,2
1197341,2
1197669,23
1198694,2
1198924,7
11991,6
1199322,3
119934,7
1199756,5
1200201,1
1200233,3
12003,1
1200389,3
1200430,3
120046,7
1200473,1
120070,4
1200796,1
120105,1
1201212,1
1201247,1
120183,2
120220,6
1202233,1
1202245,1
120226,1
1202356,5
1202494,20
1202800,1
1202859,17
1202964,4
1203557,30
1203598,4
12039,1
120393,2
1203972,2
120414,20
120418,20
120461,4
1204635,4
1204645,5
1205296,8
1205453,1
12056,2
1205687,8
1205742,3
120587,8
1206086,2
1206135,2
1206139,62
1206378,1
1206441,3
1206870,49
1207184,1
120731,5
120814,3
1208145,22
120872,5
1208791,43
1208811,1
120886,9
120906,1
1209236,9
1209292,3
121001,1
121013,39
1210271,3
1210415,17
121075,12
1211199,8
1211412,1
1211424,7
1211433,4
1211906,7
121196,12
121204,1
121213,3
1212578,3
1212709,6
1212958,2
1213294,6
121352,1
1213526,2
1213528,20
1213538,4
1213744,1
121395,8
1214005,19
12141,3
1214159,4
1214260,11
1214512,1
1214514,13
1214607,1
121464,1
121466,1
1214714,1
1214890,5
121491,1
1215298,2
1215490,2
1215643,5
1215871,64
1215990,3
1216164,1
1216301,14
121674,1
1216822,14
1216825,2
1216889,6
1216893,41
1217531,1
1217603,1
1217616,1
1217631,1
1218068,23
1219138,1
12192,6
1219221,1
1219237,4
1219587,19
1219678,5
1219932,3
1220056,5
1220281,137
122053,8
1220542,2
1220697,6
1220747,7
1220879,5
122105,30
1221403,1
1221543,1
122168,48
1221747,1
1221859,5
1221899,1
1221905,1
1222024,5
1222031,2
122293,2
1223172,1
1223750,2
1223786,18
122402,2
1224020,1
1224043,1
122443,1
1224490,2
122468,21
1224706,1
122502,1
1225100,1
1225105,4
1225343,1
1225409,6
1225633,14
1225768,47
122614,3
1226158,14
1226657,25
1226690,17
122684,1
1226907,1
122702,5
1227193,1
122745,1
1227510,1
1227553,3
12277,1
122812,2
122852,2
122860,7
122870,12
122884,4
122889,2
122914,1
1229175,2
1229204,5
122922,5
122965,17
1230012,1
123006,1
1230390,1
12306,1
123093,6
1231124,4
1231397,4
123143,3
1231605,1
123188,13
12321,3
1232127,3
1232647,1
1232689,12
1232737,5
1233116,3
1233309,2
1233630,2
123405,3
1234075,1
1234251,1
1234341,5
1234354,1
1234583,2
1234797,1
1235013,1
1235016,2
1235298,3
1235719,2
1236014,1
123617,48
1236297,3
123636,6
1236399,1
123647,1
1236480,1
1236536,1
123665,1
1236654,2
1236880,1
123696,4
1237043,17
123705,3
1237112,11
123725,1
1237342,1
1237453,2
1237675,4
1237844,1
1238026,20
1238247,5
1239045,2
1239208,1
123931,2
123933,23
1239579,1
1240327,5
1240483,21
1240486,6
12407,53
1241018,1
1241022,1
1241041,8
124135,1
124145,5
124201,1
124210,9
12425,1
1242717,29
1242830,1
124291,1
1243117,15
124314,66
124320,3
1243236,2
124347,5
124369,2
124386,2
1243887,1
12439,8
1244098,2
124431,2
1244417,1
1244780,1
124482,31
1244868,3
1244937,1
1244976,1
1245034,28
1245243,2
1245291,7
124562,1
124571,15
1245813,3
1245942,5
1246074,2
124621,4
1246306,3
124649,1
1246534,4
1246790,1
1246875,7
12474,1
1247989,1
124837,1
1248521,6
1248690,14
1248736,1
1248847,1
1248848,2
1249381,1
1250142,1
125015,25
1250159,20
1250260,3
1250271,1
125035,5
1250355,1
1250593,2
1250653,2
1250913,15
125113,33
125149,20
125180,3
1252028,1
1252029,1
1252146,3
1252706,1
1252746,1
125292,22
1253044,9
1253050,5
1253248,1
1253289,1
1253427,7
1253803,136
1253883,147
1253944,4
125457,21
125478,1
125609,22
1256219,1
1256384,3
125647,1
125648,23
125676,1
1257099,2
1257412,1
125746,1
1257490,3
1257563,1
125811,10
1258198,16
1258282,1
1258517,32
125854,103
1258716,2
1258778,2
1258803,1
125886,54
1259032,1
1259085,5
1259121,1
1259524,5
1259577,1
126000,3
126004,2
126025,54
1260697,1
126080,10
12611,4
1261137,1
1261204,1
1261528,5
126158,1
1261752,1
1261782,2
1261811,1
1261830,1
1261834,1
1261871,2
126206,12
1262104,1
126223,2
1262297,5
1262658,16
1263015,5
126367,1
1263978,1
1263987,1
126411,6
1264409,1
1264482,1
1264525,1
126493,1
1265065,5
126517,26
1265283,4
1265478,3
126548,4
1265589,5
1265600,6
1265950,22
1266011,4
126654,23
1266616,2
1266631,1
1266635,3
1266751,1
126687,44
1267007,5
1267241,2
1267467,2
1267506,1
1267764,2
1268211,5
1268316,1
1268372,1
1268547,5
126886,10
1269099,19
1269185,17
1269460,3
126961,1
1270697,3
1270729,10
1270834,17
1270930,3
1270983,1
1271458,1
127147,2
127149,4
1272147,1
1272198,1
1272458,15
1272690,111
1272711,9
1272792,1
1272865,3
1272917,4
1273417,4
1273459,5
1273463,2
1273783,2
1273873,1
127389,18
1274699,1
1274888,1
1274889,78
1274953,5
127520,1
1275487,4
1275518,3
1275784,1
127586,1
1276341,42
1276348,2
1276367,1
1276888,37
127708,20
1277225,1
1277467,1
1277719,1
127811,1
1278146,55
1278191,11
1278279,12
127828,5
1278440,3
1278523,45
1278611,3
1278681,1
1278692,12
1278812,27
1278909,1
1278964,8
1279097,1
1279259,1
1279780,52
1279931,2
1280007,1
128012,2
1280303,1
128057,531
128060,68
1280625,2
1280949,44
128109,9
1281141,22
1281171,1
1281436,2
1281488,11
1281821,4
1282115,7
128215,1
1282697,14
1282958,1
1283009,7
128317,4
1283186,2
1283363,2
1283584,2
128370,10
1284860,2
128543,3
128564,2
128616,1
1286274,5
1286578,20
1286791,1
1286827,1
1287170,6
1287869,1
1288049,12
1288102,20
1288182,4
1288249,6
128855,7
1289630,4
1289699,2
128982,6
1289864,2
1289916,17
1290112,1
129070,1
1290731,7
129084,5
1290984,25
1291042,2
1291409,18
1291571,1
1291638,1
1292112,12
1292143,1
129296,2
1293129,30
129316,18
1293234,10
129326,3
1293630,3
129364,12
129368,3
1293683,2
1294079,1
1294343,1
1294367,1
1294368,13
1294385,5
129441,14
1294605,1
1294869,1
1294893,78
129498,3
1294985,31
1295063,1
1296049,2
1296360,5
1296874,1
1297028,1
1297041,1
1297499,24
1297758,1
1297802,10
129800,2
1298207,1
129844,1
129857,4
1298721,2
12990,2
1299093,1
1299135,1
1299192,1
1299325,1
1299578,8
1299660,2
1299697,1
1299717,2
1299735,3
1299815,1
130032,1
130081,1
1301301,13
1301372,1
1301464,1
1302002,1
1302321,1
1302477,5
1302568,12
1302622,5
1302686,2
130275,7
1302848,1
1302926,1
130309,20
1303305,2
130336,3
1303441,1
1303655,4
1303965,1
1305617,1
1305947,5
1306737,87
1306817,6
1306866,5
1306879,4
130701,1
130723,20
1307308,24
130735,2
1307533,5
130756,3
1307658,20
1307731,5
130785,100
130789,1
130794,22
1308067,7
130807,3
130868,1
130883,1
130900,3
130904,2
1309092,26
1309096,18
130924,1
1309413,17
1309646,1
1309928,1
1310020,1
1310449,7
131059,2
1310618,9
1310998,74
1311105,20
131125,4
13114,6
131165,17
1312027,12
1312232,5
1312674,4
1313107,2
1313297,2
1313473,1
131350,1
1313519,3
1313554,5
1313656,4
1313992,2
1314003,3
1314035,4
131426,1
1314326,1
1314357,16
131436,5
1314527,1
1314580,1
1314632,5
131467,68
1314745,2
1315495,8
131554,1
1315559,16
131584,1
131605,2
1316199,10
1316412,7
1316494,1
131715,8
1317205,8
131737,89
131787,2
131818,12
1318303,2
1318467,2
1318686,1
1319191,1
1319327,2
1319389,1
131939,31
1319480,1
131974,1
13199,1
1320033,26
1320536,2
1321043,3
132121,4
1321879,1
1321914,2
1321960,1
1322069,1
132217,11
1322172,4
1322838,1
1322944,3
1322975,1
1323374,1
1323759,1
132454,1
1325199,3
1325397,19
1325443,1
1325449,30
132564,4
1325801,1
1325807,1
1326093,41
1326191,13
1326401,1
1326760,5
1327223,5
1327855,3
1327868,2
1327964,1
1327981,24
1327983,3
132807,26
132823,2
1328278,7
132847,8
1328576,4
1329203,7
133026,1
1330315,116
1330348,1
1330575,1
1330711,1
133072,2
1330831,11
1331035,3
1331236,2
1331422,5
1331675,18
1331701,4
1332358,1
1332562,1
1332698,1
1332734,3
1333017,5
133313,1
133334,5
1333374,7
133351,2
1333660,1
1333930,5
1334053,2
133438,6
1334514,1
133472,2
133473,2
1334961,1
1334979,2
1335478,1
1335679,1
1336376,1
1336567,3
1337172,9
1337178,1
1337438,5
1337442,3
1338256,5
133826,16
133835,4
133852,4
1338693,1
133915,2
133928,2
1339529,2
1339640,1
1340195,1
1340286,9
1340635,2
1340896,4
134094,20
134112,107
134134,3
134142,6
1341442,3
134164,2
134171,3
134178,28
1341786,6
1342345,66
1344235,2
134425,70
1344384,8
1344479,1
1344524,2
1344534,1
1344667,11
134467,7
1344751,1
1345167,5
1345326,1
1346089,2
1346315,20
1346545,4
134673,20
134690,3
1347083,1
1347396,1
1347400,1
1347444,2
134751,8
1347597,1
1347638,3
1347809,10
134798,22
1348004,8
1348142,21
1348145,1
1348206,5
1348296,6
1348702,1
1348786,1
134911,8
1349128,1
1349513,14
1349697,19
1349757,16
1349849,1
1349861,1
135028,1
135038,1
135048,4
1350542,1
1350587,19
135067,26
1350896,1
1350933,1
135139,8
1351407,3
1351596,1
1351599,2
1351662,1
1351728,2
1351786,2
1351902,1
1352039,5
1352162,1
1352778,9
135324,1
1353315,19
1353431,3
1354205,1
1354371,1
1354468,2
1354537,2
1354729,2
1355399,18
1355462,1
1355486,14
135555,2
1355889,5
1355899,1
1356526,3
1357233,1
1357545,4
1357575,1
1357623,1
1357645,76
1357740,1
1357771,1
1357932,16
13580,1
1358128,8
135839,1
1358495,2
1359319,3
1359600,1
1359722,5
1359964,5
1360068,1
1360091,4
1360159,56
1360251,1
1360285,2
136089,3
1361844,33
13622,5
1362495,1
1362636,2
1362637,2
1362943,1
1363183,1
1363390,4
1363466,1
1363715,4
1364709,1
1364849,1
1365059,4
1365603,3
136573,3
1365791,1
136653,4
1366721,2
136723,3
1367292,4
1367372,11
1368021,4
1368249,8
1368859,43
1369391,2
1369602,1
1369953,1
1370285,2
137080,1
1370814,11
1371331,1
1371689,1
1371900,14
1372981,2
137321,4
1373281,6
1373762,2
1373816,1
1373991,4
1374359,5
1374814,1
1375074,5
1375140,4
1376678,3
1376855,1
1377309,40
137758,12
1377649,2
1378006,4
137803,3
1378065,1
137807,6
1378351,18
1378713,1
1378880,3
1379090,12
1380248,5
138041,1
1380886,48
1381024,48
1381095,4
1381196,1
1381322,2
1381402,1
138200,4
1382225,37
1382406,23
138243,6
138277,5
1383171,1
138337,2
138361,1
138411,3
1384183,1
1384655,1
1384943,9
138498,15
1385007,4
1385241,7
1385373,1
1385836,5
1385848,3
138599,2
1386665,1
1386912,2
138710,1
1387198,1
1387371,5
1387706,3
1387741,14
1388103,8
138813,1
138824,1
138845,12
1388901,8
1389142,1
138920,1
1389254,5
138940,40
1389788,6
1389967,4
1390347,2
1390705,10
1390736,18
1390738,1
1390769,1
1390784,1
1391431,4
139152,17
1391649,1
1391718,2
1391940,1
139253,70
1392773,21
1392792,46
1392910,11
1393008,14
1393102,1
1393136,1
1393631,5
139365,3
1393827,2
1393858,2
1394089,1
139409,1
1394090,14
1394140,4
139433,2
1394940,4
1395201,1
139541,21
1395885,2
1396014,24
1396222,52
1396680,17
1396863,5
1397687,2
1397695,6
1397989,4
1398243,3
1398332,5
1398613,1
1398671,1
1398893,5
1399043,2
1399056,7
1399080,3
1399637,15
139967,4
1399745,27
1399819,1
1399868,2
1400084,1
1400165,4
1400185,1
1400250,2
1400881,1
1400912,15
1400967,9
140103,6
140148,2
140166,17
1401973,1
1402052,11
1402274,9
1402389,3
140288,1
140321,14
140332,1
1403956,7
1403979,8
140414,5
1404159,12
1404699,1
14052,1
1405706,1
1406988,10
14070,16
140707,28
1407181,1
1407536,41
1407541,2
140791,4
1408101,4
1408453,4
1408574,3
1409379,1
1409397,5
1409832,5
141008,5
141077,16
141116,2
1411170,1
1411302,2
14117,74
1412493,1
1412867,1
1413363,5
141395,17
1413953,1
1413994,4
1414276,1
1414490,1
1414519,1
1414931,157
1414938,2
1414977,4
1415016,31
1415083,3
1415243,1
1415410,1
141548,2
1415866,1
141592,7
1416088,2
1416100,1
1416216,24
1416305,5
1416468,1
1416716,5
1418162,3
1418172,1
1418795,1
1419146,51
14194,6
141945,19
14196,1
1419681,1
1420257,5
1420410,1
1420552,1
142059,31
1420592,6
1420614,1
14210,1
14211,1
1421101,12
1421120,6
1421923,5
142201,1
1422300,3
1422386,57
14228,7
142281,1
142304,5
1423329,7
1423471,1
1423502,67
142351,1
142385,1
1424028,1
142410,5
1424219,11
142438,9
1424623,1
1424778,5
1425243,1
1425293,1
1425343,5
1425827,20
1425968,2
1425992,109
1426017,1
1426045,1
142612,3
1426267,1
1426281,8
1426759,1
1427012,17
1427135,1
1427156,7
1427184,8
1427229,15
1427314,61
1427380,4
14276,21
1427639,1
1427647,3
142770,12
142781,20
1428204,4
1428582,30
142859,1
142873,1
142887,2
1429342,5
1430362,7
1430561,8
1430748,1
1430972,1
1431022,20
1431055,5
1432314,2
143238,4
143259,5
143261,19
1432674,5
143275,5
1433577,2
143436,13
1434406,53
1434498,3
1434536,2
143543,15
143590,1
143591,3
1436593,1
1436779,5
1437178,1
143747,1
143764,18
143782,20
1437861,2
1438153,1
1438492,1
1438508,2
1438535,3
143875,6
1439440,4
1439488,3
1439727,5
1439763,2
1439910,1
14400,2
1440261,11
1440750,1
1440859,18
1441053,3
1441205,2
1441221,1
1441223,3
1441386,7
1441806,2
1441874,7
144196,1
1441964,2
14420,4
144225,12
144233,1
1442477,2
144301,2
14431,15
1443140,2
1443172,28
1443203,1
1443245,8
1443555,2
1443864,4
1443870,1
1444055,11
1444512,4
1444551,1
1445188,1
144520,1
1445291,4
1445445,1
1445586,1
144575,30
1445873,1
1446118,12
144621,4
1446488,2
1446558,2
1446584,1
1447332,1
14479,1
1447904,1
144805,5
1448118,4
1448141,1
144851,16
1448554,18
1448731,5
1448759,4
1449031,1
1449096,1
1449285,2
144967,2
1450294,6
145100,2
1451047,3
1451773,1
1451795,88
1452005,1
1452039,12
1452110,19
145213,18
1452136,7
1452206,53
1452422,1
14525,3
1452626,4
145269,4
1452886,90
1452981,1
1453194,4
1453506,8
1453635,2
145364,1
145379,15
1453934,16
1453941,3
1453954,4
1454224,18
1454572,4
1454616,15
145465,1
145467,41
1455119,2
145537,1
145556,1
1455677,5
1455906,7
1456075,9
1456125,1
1456132,3
1456141,1
1456273,1
1456623,5
1456804,2
1456807,3
1456977,4
1457030,4
1457145,2
1457152,5
1457205,1
1457331,1
1457364,1
1457454,2
1457549,1
1457898,3
1458074,3
1458160,1
1458504,17
1458700,1
1458702,1
1458760,1
1458808,2
1458946,2
1459084,4
145913,2
145927,1
1459372,17
145956,1
1459593,17
145964,2
145966,1
1460094,6
1460443,12
146048,2
1460797,3
1461081,1
146119,6
1461193,1
1461239,1
1461309,44
1461501,1
1461567,3
1461786,2
1461829,38
1461979,3
146228,22
14624,7
1462553,2
1462628,11
1462808,2
1462845,1
1463143,1
14632,1
1463608,2
1463773,3
1463799,3
1463813,6
1463832,1
1463864,5
146446,1
1464517,1
1464583,3
146466,2
1464723,13
1464780,2
1464937,3
1464985,7
1465101,2
1465236,31
1465288,1
146529,8
1465539,2
146555,1
146569,4
146604,4
14661,1
1466451,1
1466557,1
146672,1
1467022,32
1467034,5
1467347,1
1467477,5
1467664,2
1467849,1
14679,1
1468207,5
1468928,5
14691,1
1469148,10
146923,1
146939,1
146941,1
1469550,23
1469652,4
1469664,1
14698,2
1469920,4
147002,3
147006,1
1470150,1
14703,2
1470324,26
1470429,1
1470665,18
1470808,2
147083,7
1470841,24
1470911,6
1471318,1
14715,1
1471719,1
1471880,4
1472101,1
147214,11
147232,2
1472604,3
14727,6
1472915,4
1472943,2
1473017,15
1473235,1
1473260,47
1473289,1
1473734,1
1473750,13
1474580,6
1474609,1
1474639,5
1474676,1
147469,1
1474829,11
147483,6
1474876,16
147502,4
1475152,8
147549,3
14756,20
1475601,3
147585,15
1475885,1
1476021,1
1476025,2
147649,3
1476831,15
147700,1
1477205,1
1477759,20
1477810,1
1477930,1
1477975,5
1478053,2
1478190,1
147826,4
1478736,1
1479124,1
1479550,2
1479680,1
1479834,2
1480146,3
148039,1
1481063,3
148128,1
1481537,2
1481553,3
14816,1
1481796,5
1482245,1
1482260,1
1482261,13
14827,2
1482728,5
148288,3
148297,165
1483038,1
1483418,2
1483446,1
1483507,4
1483561,35
1483580,3
1483750,5
1483805,27
1483874,1
1484294,8
148470,1
148475,3
148502,4
1485320,2
148547,1
1485489,2
148561,10
148562,1
1485723,2
1486183,1
1486193,2
1486473,4
1486518,3
1486829,1
1487053,1
1487066,4
1487074,4
1487085,1
1487376,20
1487666,7
1487682,4
1487732,2
1488546,5
1488778,2
148882,2
1488884,45
1489308,18
148932,240
1489490,3
148953,4
1489767,4
14903,1
1490318,1
1490334,17
1490664,1
149075,4
1490759,2
1491308,2
149139,5
1491435,1
149145,5
1491515,1
149169,1
149295,1
149302,1
149311,1
149356,1
1494206,4
149467,2
14947,4
1495241,3
1495243,1
1495725,1
149575,1
149576,2
1496431,4
149644,16
1496505,1
1496554,4
149658,19
1496750,2
1496760,3
149720,11
1497339,4
149742,38
1497517,4
1497588,2
149790,4
1497976,2
149808,1
1498220,11
1498293,9
149834,23
1498456,1
1498458,1
1498594,3
1499059,1
1499985,1
1500109,4
1500449,2
1500714,1
1500794,2
1501186,1
1501768,4
1502259,2
1502373,1
1502391,13
150242,6
1502425,4
1502890,9
150298,1
1503086,1
150322,91
1503222,2
1503530,1
150393,5
150403,1
150449,1
1504760,54
1504865,9
1504868,2
1505009,5
1505012,2
1505111,1
150517,1
1505256,2
1505598,1
150576,2
15058,3
1505806,5
1506156,1
1506542,8
1506579,2
1506602,1
1506884,3
1507032,1
150704,3
150731,5
150746,8
150763,1
1507797,1
15078,1
150791,1
1508787,1
150908,1
1509290,1
150961,1
1509650,2
1510281,5
1510737,5
1510810,1
1511125,2
1511283,6
1511365,2
1511368,1
151143,1
1511507,3
1511563,6
1511967,4
1512001,1
1512045,2
151232,6
1512483,2
1512630,2
1512794,3
1512889,1
1513345,24
151342,4
151343,1
1513474,1
1513642,2
1513809,6
1513928,2
1514015,2
1514080,8
1514479,3
151474,1
1514994,1
1515050,1
1515100,7
1515115,1
1515164,6
1515380,1
1515413,5
151544,14
1516178,4
151618,3
1516237,5
1516652,18
151674,1
1516904,2
1517149,1
1517243,1
151732,1
1517534,3
1517641,2
1517729,16
151799,15
151800,1
1518024,3
1518231,4
1518297,22
151838,4
1518425,5
1518560,1
1518612,33
1518914,1
1519042,1
152000,7
1520035,16
1520435,61
1520594,21
1520613,4
1521032,1
1521495,1
152164,22
1521746,1
152180,1
1521931,4
152198,1
1522070,2
1522287,1
1522384,1
152241,6
1522937,19
152302,21
1523310,2
1523463,2
152365,47
1523952,5
1523986,16
1524005,1
1524265,2
152444,3
1524716,1
1524730,2
1524810,6
1525035,39
152520,2
1525230,1
1525265,2
1525714,6
1525781,1
1525970,1
1526024,1
1526107,15
152646,1
1526516,37
1526521,1
152655,1
1526581,4
1526592,1
1526767,5
1526913,3
1526998,14
1527052,3
1527068,1
1527182,5
1527232,3
1527301,3
1527415,2
152752,7
1527642,4
1527645,2
1527680,1
1527838,5
152798,1
1528052,1
1528297,23
1528597,1
1528598,2
1528625,3
1528762,30
1529005,1
152909,1
1529121,3
1529212,2
1529390,3
152954,13
1529621,2
152985,37
1529872,4
1529884,1
1529942,1
152995,1
1530566,1
1530577,3
153069,20
1530690,1
1530758,12
1530784,3
1530819,1
1530904,1
1530995,5
1531008,4
1531028,4
15311,4
1531101,30
1531139,11
1531324,1
153134,1
1531381,11
1531677,11
1531741,1
1531854,4
1531967,17
1531991,195
1532221,1
1532687,1
1533029,3
15331,1
1533206,1
1533257,1
1533359,1
1533867,1
1533930,1
1533938,1
1534137,1
1534274,12
1534370,1
1534428,18
153443,52
1534448,5
15346,8
1534787,4
153485,1
153495,8
1535,4
1535188,42
1535209,36
1535459,2
1535533,18
1535631,1
153593,1
1536375,14
1536400,19
1536520,8
1536524,5
1536783,1
1536835,2
1536845,3
153711,1
1537195,2
1537638,21
1537668,21
1537739,25
1537759,26
1537807,6
1537969,4
1538105,1
153812,1
1538134,1
1538157,1
1538323,2
1538445,5
1538591,1
1538643,1
1538765,21
1538803,2
1538950,31
1538989,1
1539046,1
153927,1
1539273,5
1539294,1
153930,1
1539312,5
1539313,1
1539408,1
1539431,1
1539590,1
1539605,23
1539643,1
1539655,29
153967,3
1539697,15
154004,3
1540165,1
1541210,19
1541339,1
154154,1
1541550,9
1541587,5
1541625,5
154166,24
1541702,1
1542162,3
1542303,9
1542399,4
1542409,10
1542492,1
1542524,3
1542638,35
1542657,2
1542753,24
1542774,8
1542834,5
1542847,2
1542854,1
154287,5
1543591,3
1543602,14
1543622,3
1543676,1
154371,1
1543877,1
154389,5
154392,1
1544061,1
1544169,20
1544903,8
1544951,1
1545039,1
1545133,4
154541,25
1545413,5
154549,1
1545503,3
1545566,1
154566,4
1545667,2
1545756,2
1546005,3
1546045,4
1546094,1
1546096,18
1546128,1
1546159,1
1546229,1
1546421,10
1546484,8
1546529,4
1546668,16
1546708,1
1546926,2
1547054,1
1547212,2
154731,14
1547502,1
1547532,7
1547584,4
1547713,1
1547880,5
154801,22
1548176,7
1548178,5
1548325,1
1548489,4
1548639,1
1548657,1
1548805,1
1548841,7
1548931,1
1549090,1
1549398,3
154941,1
1549410,9
1549411,6
1549479,27
1549644,2
1549652,1
1549827,6
154984,7
1550177,23
1550209,1
155042,2
1550496,1
1550654,2
1550885,7
155103,2
1551094,5
1551205,8
1551207,8
1551299,3
1551489,12
1551507,1
1551616,8
1551783,2
1551835,4
1551886,16
1552121,4
1552198,4
1553058,8
1553131,1
1553307,8
1553743,6
1553777,30
1554013,2
155411,10
1554311,2
1554353,1
1554526,2
1554531,2
1554658,4
1554839,1
1554842,2
155489,12
1554930,3
1555141,1
1555335,18
1555380,5
155553,7
1555642,1
1555790,1
1555923,4
1555938,1
1556059,4
1556229,2
1556508,1
1556717,6
1556722,1
1556853,21
1556858,3
1556869,1
1556977,10
1557020,6
1557051,10
1557224,2
155731,23
1557600,18
1557764,8
1557900,2
1557920,1
1557938,1
155810,6
1558175,2
1558593,31
155871,20
1558974,4
1559023,6
1559092,18
1559226,1
1559313,4
1559628,17
1559764,20
1560136,2
1560212,6
1560244,2
1560322,36
156059,13
1560839,1
1560877,2
1560948,57
1560949,23
156098,15
156115,1
1561420,6
1561449,1
1561694,4
1561921,16
1562391,2
1562435,18
1562551,22
156259,1
1562684,4
1562750,1
1562770,5
1563169,1
15632,1
1563284,4
1563311,7
1563499,1
156398,64
1564022,1
1564155,3
1564164,50
1564520,2
1564674,1
1564986,1
1565492,2
1565514,35
156573,14
1566108,1
156638,3
1566744,5
1566759,5
1566866,81
1567322,1
1567556,1
1567559,4
1567571,4
1567574,1
1567853,1
1568005,5
156815,1
1568696,3
156872,18
1568788,2
1568998,1
1569000,4
1569485,6
1569586,1
1569600,21
156962,4
1569689,1
1570156,4
1570171,2
1570173,3
1570176,1
1570394,6
1570756,102
1571069,3
1571192,1
1571216,13
157149,1
1571616,6
1571623,1
1571635,5
1571695,3
1571921,7
1572154,1
1572543,11
1572744,1
157282,1
1572852,18
157313,1
1573426,4
1573434,3
1573525,3
1573711,21
157399,14
1574012,5
157412,4
1574405,7
1574796,3
1574924,26
1575050,2
1575133,4
157528,6
1575327,1
1575403,5
157568,4
157601,12
1576472,1
1576499,14
15766,132
1576681,1
1576851,5
1576955,6
1577014,1
1577201,1
1577497,2
1577719,1
1578098,1
1578295,1
1578417,4
1578803,48
1578917,7
1579049,1
1579192,12
1579201,6
1579204,5
1579491,1
1579877,24
157993,8
1580080,1
1580173,1
1580206,3
1580280,2
1580688,1
1580859,1
1581229,8
1581289,4
1581393,1
1581510,5
1581719,3
1581803,22
1581973,1
1581982,1
1582514,1
1582675,5
1583257,116
158328,40
1583582,4
15838,2
1583801,4
158398,12
1584161,8
1584245,1
1584419,30
1584453,9
1584786,7
1584881,1
1585239,4
1585273,3
158562,1
1585741,1
1585849,8
1585860,8
1586380,8
1586654,22
158683,4
1586851,5
1586898,4
1587070,3
1587101,2
1587232,186
1587424,20
1587575,9
1587817,2
158863,3
1588695,1
1588725,1
1588969,5
1589040,1
1589201,1
1589269,1
1589511,15
158969,6
1589706,1
1589765,4
1589859,17
1590049,4
1590159,13
1590246,4
1590303,1
1590396,1
1590614,45
1590685,1
1591149,3
1591423,1
1591597,3
159165,1
1591838,12
1591997,2
159272,1
1592836,22
1593203,4
1593253,5
1593409,7
159360,4
1593885,6
1593905,4
1594146,1
1594254,2
1594329,1
1594454,1
1594478,2
159464,5
159486,5
1595171,1
159546,6
159566,1
1596165,11
1596219,3
1596246,1
1596459,1
1596599,1
1596662,149
1596887,5
1596985,2
1597589,6
1597606,4
1597882,3
1597928,1
1598195,4
1598274,33
159839,14
1598898,1
159900,1
1599203,1
159922,5
159935,2
1599463,5
1599515,1
1599998,6
1600120,6
1600134,4
1600266,1
1600436,16
1600469,6
1600548,4
1600732,1
1600790,1
1601060,3
1601064,23
1601105,20
1601150,1
160131,6
1601769,2
1601918,8
1602097,2
1602114,3
1602266,21
160237,13
1602519,61
160294,1
16033,1
1603447,6
160348,18
1603704,2
1603827,4
1604129,1
1604171,3
1604266,2
160446,75
1604497,1
1605053,4
1605087,4
1605247,7
1605252,5
1605391,20
1605409,1
1605490,18
1605521,1
1605559,1
1605627,11
1606316,4
1606496,2
1606538,47
1606578,4
1606775,15
1606787,2
1606823,1
1607009,4
1607067,2
1607348,1
1607525,1
1607680,1
1608021,1
1608300,2
1608330,5
1608353,2
160845,5
1608694,17
1608824,2
1608867,1
1608868,10
1608896,1
1609029,1
1609356,10
1609389,1
1609403,24
1609404,13
1609584,11
1609639,1
1609661,22
1609922,1
1610101,5
161030,2
1610484,3
1610650,7
161078,27
1610788,2
1610824,1
1610870,2
1611150,1
1611230,1
1611290,1
1611382,21
1611639,18
1612273,5
1612318,1
1612321,1
161241,4
1612462,5
1612495,1
1612598,3
1612618,4
1612746,1
1613023,2
1613094,19
1613332,1
1613440,3
1613596,26
1613610,1
1613837,1
1613912,50
161396,1
1614067,20
1614068,5
161420,2
1614222,10
161426,12
1614581,2
1614712,1
1614795,1
1614939,2
1614998,1
1615586,20
1615605,2
1615722,13
1615879,9
161593,1
161598,2
1616030,5
1616354,3
1616547,2
1616656,2
1616728,6
161711,29
1617303,9
1617357,1
1617397,7
161744,105
1617581,1
1617589,85
1617801,1
161785,2
1617868,5
161810,5
1618125,33
1618446,1
1618450,2
1618500,1
1618827,2
1619195,43
1619240,1
1619249,1
1619308,85
1619432,4
1619480,3
16196,18
1619850,2
1620140,1
1620323,1
1620466,1
1620529,3
1620719,3
1620864,1
1621105,3
1621123,1
1621124,2
1621155,8
162120,5
162215,5
1622185,2
1622323,2
1622501,11
1622652,12
162273,4
1622773,1
1622793,30
1622862,6
1622898,1
1622948,1
162295,2
162303,1
1623303,5
162333,57
1623426,28
162376,6
162382,2
1624150,10
1624153,12
1624220,1
162423,1
1624525,11
1624775,4
1625127,1
162527,1
1625643,3
1625644,5
162570,5
1625776,5
1625832,1
1625872,1
1626021,11
1626041,4
1626047,1
1627070,31
1627218,1
1627318,5
1627370,3
1627458,43
1627744,1
1627767,4
1627789,3
1627915,22
1627917,1
1627956,4
1627976,3
1627977,4
162851,1
1628619,19
1628744,52
1628754,27
1628862,3
1628910,1
162896,10
1628983,1
1629073,1
1629151,2
162977,20
1629822,2
1629911,3
1630125,6
1630179,26
1630301,35
1631006,8
1631315,1
1631604,1
1631677,10
1631719,1
1631793,1
1631989,3
163210,20
1632143,41
163236,5
16327,11
1632777,2
1632917,1
1633036,10
1633191,5
1633732,1
1633764,1
163378,2
1633978,1
1634086,11
1634237,4
1634394,3
163519,1
1635251,6
163534,1
1636004,8
1636179,2
1636295,6
163638,1
1636553,5
163669,10
1636750,43
163759,1
1638234,6
1639065,86
163916,1
1639198,1
163922,1
163925,30
1639496,5
1639591,1
1639704,4
1639843,4
1639977,1
1640193,5
1640195,21
1640330,1
1640376,1
1640519,1
1640557,5
1640568,22
1640740,2
1640751,2
1640860,5
1640907,1
1641045,28
1641113,1
1641154,10
1641294,6
1641465,23
1641681,91
1641682,1
1641687,1
164181,1
164182,2
1641912,1
164198,2
1641987,1
1642027,13
164215,17
1642164,1
1642271,15
1642447,4
1642467,123
1642517,2
1642536,2
164256,2
1642811,5
1643059,5
164306,6
164318,4
1643183,5
1643278,1
1643577,1
1643675,1
164431,5
1644321,5
1644644,1
1644933,1
164499,57
1645119,1
1645255,7
164557,1
1645864,1
164592,2
1646140,2
164663,9
1646694,1
164686,4
164691,4
164693,49
164727,1
1647858,1
1648029,1
1648151,35
1648270,4
164834,19
1648437,25
1648606,1
1649367,9
164944,1
1649470,3
1649532,28
1649581,1
1649791,1
1649876,2
165027,1
1650359,1
165038,6
1651001,1
165109,20
1651114,2
1651232,2
165149,2
165181,2
1651957,7
165208,1
1652314,2
165267,4
1652757,11
16532,1
1653508,1
165375,4
1653928,1
165423,14
1654856,2
165511,7
1655253,5
1655426,1
1655643,33
1655810,43
1656214,54
165666,17
1656729,2
1656936,30
165746,15
1657986,1
1658196,14
1658239,1
1658750,1
1658841,5
1659189,1
165934,1
1659795,6
1660011,18
166071,44
1661312,30
1661320,52
166140,3
166147,1
1661512,3
1661654,1
16617,42
1662966,5
1663119,2
1663323,1
1663604,1
166364,9
166370,4
1664360,2
1664754,1
166492,1
166515,5
1665436,1
1665483,2
1665865,3
1666055,2
166677,2
166707,1
166721,1
1667748,2
1668075,1
166829,2
1669360,2
1669536,44
1669569,4
1670006,2
167009,1
1670317,1
167040,1
1670401,1
167043,1
1670458,1
1670487,1
1670748,3
1670822,6
1670832,4
1670940,1
167098,73
1671051,1
1671065,1
1671118,20
167118,14
1671427,1
167144,2
167175,4
1672210,6
1672376,2
1672379,1
1672579,173
167263,20
1672710,4
16728,2
167303,4
1673516,1
1673634,1
1674045,2
1674071,1
167427,16
1674711,20
1675108,13
1675310,26
16758,1
1676068,1
16762,2
1676247,2
167631,22
167698,1
1677190,62
1677434,4
1677580,2
1677618,3
1677672,1
1677711,74
1677889,2
1677891,1
1678145,11
1678342,1
1678537,2
1678597,5
167883,9
1679635,16
1679649,5
167973,6
1679936,1
1680008,1
1680106,6
1680122,2
1680213,1
1680243,50
168031,2
168057,5
1680986,1
1680999,1
1681066,6
1681121,2
168119,4
1681403,5
1681764,20
168183,1
1682543,2
1682600,3
1682690,1
168272,1
1682972,5
1683049,2
1683214,13
1683231,1
1683557,12
16836,3
1683944,1
168405,25
168430,28
168432,1
1684348,36
1684473,5
1684576,1
1684586,5
1684774,21
168529,4
1685564,2
1685646,2
1685705,1
168582,4
168620,2
1686383,1
16864,1
16865,1
168678,8
1686822,5
1686866,5
1686874,1
1686878,18
1687253,41
1687593,5
168782,47
1687823,6
1687846,16
1688051,4
1688116,1
168822,1
1688582,1
1688772,6
168897,22
1689082,1
168909,20
1689328,1
1689374,18
1689390,1
1689408,1
1689413,1
1689588,6
16897,20
1689829,10
1689919,1
1690057,7
16901,1
1690209,4
1690294,1
1690324,8
1690366,1
1690423,5
1690672,2
1690698,14
1690789,5
1691053,3
1691348,4
16914,1
1691406,1
1691818,1
169194,1
169200,8
169235,2
169265,2
1692664,2
1693311,1
169359,1
1694197,1
1694312,103
1694367,1
1694405,4
1694576,1
1694585,2
1694991,1
1695128,34
1695191,3
1695483,2
169561,1
1696042,1
169618,2
1696263,1
1696309,150
1696372,7
1696740,2
1696884,1
1696936,8
1697028,39
1697380,2
1697687,1
1697823,1
169887,2
169891,1
1699340,12
169935,1
1699455,2
169952,6
1699548,7
1699630,1
1699642,2
1699664,34
1699846,5
1699933,2
1699992,2
170007,8
1700159,1
1700296,2
1700342,21
1700388,21
170056,1
1700796,1
1700815,3
1700844,1
1700860,1
1700884,4
1701207,3
1701299,2
1701385,1
170142,6
1701438,2
1701444,5
1701599,1
1701705,1
1701905,3
1702014,4
1702097,1
1702499,14
1702538,15
1702627,1
1702671,4
1702749,4
1702818,1
1703168,42
1703264,2
17033,1
170333,2
1703403,2
1703572,1
1703870,1
170398,1
1703987,1
1704008,5
1704345,1
1704389,3
1704616,8
1704735,4
1705080,2
1705234,2
1705240,1
170545,3
1705468,1
170560,2
1705806,7
1706014,3
1706071,15
1706236,6
1706313,2
170634,1
1706420,1
1706490,2
1706608,2
1706705,1
1706787,1
1706808,2
1707031,4
1707058,4
1707130,2
170716,66
1707170,17
1707309,5
1707352,1
170740,20
1707464,8
170751,6
1707692,1
1707729,1
1707906,1
170800,1
1708031,16
1708038,5
1708069,2
170814,2
1708147,33
1708403,4
1708445,1
1708564,1
1708695,4
1708750,1
1708919,6
1709031,6
1709097,1
1709123,13
1709184,4
1709276,1
1709327,2
1709441,3
1709644,1
1709656,21
1709740,5
1709761,8
1709781,5
1709802,3
1710032,21
1710034,4
1710049,4
171039,1
1710431,10
1710445,6
1710449,2
1710456,4
1710514,2
1710603,19
1710646,6
1710683,4
1710724,1
1710831,5
1710853,1
1710896,3
1710902,1
1710956,20
1710996,1
1710998,1
17110,1
1711003,1
1711004,1
1711084,3
1711382,4
171141,2
1711486,1
1711500,30
1711503,12
1711560,20
1711579,1
1712000,5
17121,16
1712146,1
1712155,1
1712183,25
1712258,7
1712452,2
171255,14
1712669,3
1712710,1
1712812,3
1712836,21
1713040,1
1713104,8
1713111,24
1713213,1
171325,1
1713292,3
1713342,115
1713397,2
1713563,5
1713760,2
1714116,1
1714263,9
171429,192
1714290,2
1714350,2
1714373,4
1714402,2
1714511,21
1714566,2
1714664,1
1714741,1
1714755,2
1714848,1
171491,18
1714919,1
1714938,1
1715004,2
1715119,1
1715155,40
1715189,2
1715267,5
1715288,4
1715326,1
1715343,6
1715438,16
1715494,2
1715668,11
1715677,1
171568,5
1715893,1
1716056,1
1716119,1
1716179,17
1716339,2
1716504,1
1716726,1
171678,6
171682,5
1716931,9
171695,4
1717122,1
1717132,15
1717209,2
1717257,1
171733,1
1717394,8
17176,3
1717763,6
1717796,9
1718152,3
1718191,8
1718265,7
1718299,1
1718820,7
1718925,1
1718926,24
1719065,4
1719144,2
1719157,4
171926,8
1719557,6
1719665,1
1719706,1
1719790,14
1719823,1
1719886,9
171993,5
1719934,12
1719939,5
1719977,37
1720059,2
1720284,5
1720367,4
1720509,3
1720642,2
1720644,17
1720648,4
1720704,1
1720892,1
1721022,4
1721116,1
1721129,4
1721156,49
172120,32
1721599,2
1721708,1
1721756,15
1722445,2
1722504,26
172260,1
1722659,1
1722732,3
1723121,1
1723272,1
172331,1
1723467,1
1723468,44
1723669,1
1723687,1
1723742,1
1723763,4
1723824,3
1724111,19
1724249,1
1724364,1
172437,1
1724410,5
1724575,1
1724894,9
1725029,4
172505,3
1725315,1
1725419,1
1725552,1
1725634,1
172594,11
1726014,5
1726026,1
1726036,1
1726486,1
1726518,8
1726529,5
172664,4
1726690,1
172678,16
1726800,21
1726935,1
172697,2
1727137,2
1727341,3
1727480,3
1727528,1
172760,84
1727740,8
1727914,1
1728068,1
1728164,20
1728417,1
1728556,3
1728629,1
1728894,1
1729575,1
1729921,1
1730152,1
1730323,1
1730358,5
173053,42
1730535,1
1730805,2
173083,8
173127,1
1731292,5
1731588,3
173172,7
1732009,3
1732048,21
1732506,56
1733433,2
1733606,2
1733631,2
1733656,1
1734034,1
1734185,1
1734285,1
1734490,1
1734542,1
1734740,4
1734822,1
1735338,1
1735814,2
173652,1
1736586,2
1736711,5
1736956,1
1737419,4
17378,52
1737853,1
1738138,2
173901,1
17392,1
1739215,3
1739457,1
1739831,2
1739980,1
1740190,7
174051,5
1740630,11
1740874,20
1741136,4
1742046,26
1742145,1
1742289,40
1742357,2
1742407,1
1742467,1
1742927,13
174300,25
1743514,113
1743660,3
1743673,1
1743866,1
1743950,13
1744134,1
1744155,1
1744432,1
1744434,25
1744481,1
1744524,1
1744557,1
1744579,5
1744740,4
1744763,1
1745337,11
1745368,5
1745398,2
1745429,2
1745903,14
1745936,12
1746228,24
1746334,4
1746402,6
1746535,5
1746545,5
1746801,4
1747129,6
1747214,1
1747319,5
1747433,5
1747468,2
17477,1
1747732,1
1747776,1
1747783,1
1748020,19
1748122,2
1748145,1
1748489,17
1748627,1
1748674,1
1748735,5
1748877,1
1748946,1
1748977,2
1749005,58
1749094,1
1749327,35
174936,2
1749430,1
1749478,1
1749495,23
1749593,1
1749780,2
1749923,6
1750169,2
1750484,1
1750527,53
175060,3
1750665,9
1750827,1
1751085,1
1751092,1
175125,1
1751397,1
1751461,4
1751511,44
175159,2
1751711,9
1751730,1
1751883,1
1751893,9
1752075,1
1752222,4
1752258,1
1752369,1
1752487,1
1752622,5
1752718,2
1752890,13
1752971,20
1753075,1
1753305,1
1753732,4
1753974,1
1754152,6
1754267,26
1754518,6
1754621,100
1754633,2
1754723,1
1754785,2
1754810,2
1755071,1
1755086,8
1755324,6
1755328,1
1755413,1
1755462,1
1755558,1
1755983,1
1756072,1
1756132,2
1756437,7
1756598,4
1756624,1
1756663,1
1756713,4
1756753,1
1756757,1
1756771,4
1756931,3
1757156,5
1757336,3
17574,8
1757508,5
1757631,5
175783,1
1757857,46
1757900,2
1757924,6
175800,13
1758285,5
1758599,1
175864,44
1758734,1
1758845,2
1758945,1
1759,2
1759142,1
1759157,4
1759264,1
1759333,5
1759410,1
1759597,5
175967,7
1759719,4
175974,1
1759763,151
1759814,1
1759896,3
176014,1
1760159,48
1760238,1
1760289,3
1760395,1
1760458,1
17607,3
1760872,1
1760950,34
1761058,1
1761063,47
1761148,4
1761210,1
1761225,2
1761317,7
1761320,1
1761538,5
1761608,1
1762018,9
1762041,19
1762136,1
1762877,1
176298,1
1763254,2
1763429,1
1763484,1
1763629,79
1763899,1
1764093,13
1764123,1
176414,1
1764343,19
1764348,10
1764357,19
1764403,2
1764495,2
176459,1
1764643,1
1764712,17
1764832,10
1765265,1
1765285,1
176562,2
1765651,7
1765657,1
1765866,51
1765886,1
1765929,1
1766090,5
1766094,1
1766151,1
1766162,5
1766174,1
1766271,1
1766427,33
1766524,17
1766693,18
1767101,8
1767258,24
1767268,17
1767370,4
1767401,1
1767623,7
1767655,5
1767659,13
1767713,4
1768149,12
1768242,1
1768315,5
1768376,1
176839,3
176870,6
1769583,47
1770092,5
177045,1
1770669,1
177074,26
1771909,2
1772127,3
1772159,19
1772474,1
1773156,5
1773842,1
17739,1
1774422,1
17745,1
17751,1
1775204,4
17753,1
1775843,5
1775913,5
1776179,1
177622,8
1776259,1
1776309,5
1776546,2
1776612,1
1776679,1
1776725,1
1776745,2
1776922,76
1777170,14
1777413,1
1777545,20
1777660,31
1777820,3
1778049,4
1778190,2
17786,2
1778736,11
1778759,66
1779054,1
1779107,2
1779108,1
1779172,2
1779398,2
177985,18
1780265,3
1780388,1
1780652,14
1780768,15
1780791,1
1780938,5
1781054,2
1781131,2
1781324,1
1781444,2
178157,53
1782112,1
178217,1
1782873,16
1782917,1
1783242,5
17834,1
1783419,11
1783448,1
1783648,3
1783809,3
178386,3
1784276,4
1784281,1
1784538,1
1784935,2
1785091,1
1785680,4
1785877,3
1786039,5
1786224,3
1786706,4
1786739,2
1786866,2
1787185,1
178764,3
1787963,3
1788238,3
1788410,2
1788583,1
1788607,2
1788715,21
1788787,1
1789142,3
1789682,8
179029,41
1790352,2
1791506,3
1791571,8
179159,1
1791913,1
1791979,1
1792031,1
1792147,1
17922,1
1792664,35
1793092,5
1793167,1
1793412,3
1793768,1
17938,1
1793824,1
17942,1
1794210,1
1794284,1
179441,11
1794630,1
1794795,1
179507,4
1795340,2
179561,1
1795703,4
1795754,3
17959,1
1795963,3
1796054,2
1796284,1
1796386,1
1796588,1
1796619,1
1796661,9
1796808,14
1796861,13
1796912,3
179722,36
1797301,3
1797311,11
179737,31
179788,1
1797890,1
1797972,11
1798132,2
1798239,5
1798251,3
17983,11
1798574,2
1798604,2
179873,1
1799232,1
1799348,2
1799484,2
180007,18
1800157,4
1800739,5
1801348,6
1801545,2
1802030,5
180237,3
1802419,5
1802538,4
1803147,1
1803260,5
1803337,4
1804162,29
1804496,14
1804585,42
1804591,1
1804720,2
1804884,1
1804887,1
1805395,2
1805414,18
180555,1
180593,3
180607,5
1806188,2
180632,2
1806382,1
1806980,1
180745,1
1807691,1
180804,1
180873,4
18092,3
1809291,10
1809390,6
1809769,4
1810384,1
181053,115
1811046,2
1811257,1
1811349,3
18114,1
1811494,21
1811657,1
1811914,9
181195,2
1811959,2
1811998,20
1812158,3
1812605,1
1812925,2
1813218,14
1813544,2
1813674,12
1813750,1
18141,1
1814491,9
1815035,3
1815130,2
1815311,1
181536,24
181565,1
1816067,3
1816275,2
1816435,5
1816441,8
1816618,1
1816711,2
1816948,2
1817407,21
1817737,2
1817848,51
18179,20
181804,8
181806,8
1818149,19
181853,1
1818589,1
1818648,6
1818728,1
181882,1
1818987,2
1819347,24
1819780,1
1819860,2
1820388,1
182064,1
1820843,4
1820896,5
182109,17
1821172,3
1821357,1
182150,6
182169,1
1821798,14
1821810,1
1821955,1
1822122,2
1822163,38
18223,1
1822319,1
1822491,18
1822866,3
1823273,10
182374,23
182390,1
1824013,82
18242,1
1824261,3
182437,11
1824511,42
1824792,3
1824799,1
182481,9
1825809,6
1825873,2
1826910,1
1827331,3
1827464,67
182761,4
1827644,5
1827737,1
1828071,27
1828272,5
1828527,11
1828598,2
1828858,2
1829165,1
1829648,2
1830076,47
1830241,1
1830932,1
18311,1
183128,3
183153,18
1831951,6
1832030,2
183208,1
1832930,5
183296,5
18332,1
1833362,1
1833612,1
18347,1
1835209,2
1835411,13
1835455,3
183546,4
183578,1
1836056,1
1836092,1
183633,3
183721,1
1838396,34
184023,4
184070,1
1840771,4
1840829,2
1840905,14
1841256,2
1841311,5
1841356,21
1841495,1
1841679,21
1841946,32
184203,1
184220,1
1842358,1
1842763,1
1842931,1
1842952,1
1843733,2
1844441,1
1844567,1
184479,30
1844906,1
1845061,1
1845216,1
184537,1
1845483,82
1845728,1
1846150,17
1846277,3
1846760,3
1846819,3
1846858,6
1846864,1
1847000,1
1847368,142
184766,2
184782,3
1848067,1
1848091,14
1848456,2
1848658,1
1848757,3
1849226,2
1849567,4
1849962,1
1850127,1
1850275,1
1850746,2
1850875,1
1850998,1
185113,3
1851291,1
185143,5
1851525,13
1851615,1
1851683,3
185172,17
1852003,3
1852382,30
1852667,1
1852962,1
185312,13
1853207,9
1853215,1
1853228,6
1853255,1
185341,1
1853421,2
1853753,1
1854444,13
185473,6
185476,8
185498,1
1854982,1
1855354,43
1855433,4
1855440,2
1856112,2
1856570,7
18567,3
1856735,5
185679,8
1857331,1
1857760,1
1857836,3
185785,2
1858314,1
1858830,18
1858995,16
1859168,2
1859259,2
1859488,1
1859723,1
1860084,1
1860151,7
1860392,23
186041,2
1860510,9
1860662,7
186077,1
1860775,1
1861637,72
1862050,5
1862057,4
1862241,1
1862297,1
18625,1
1862683,3
1862780,1
1862856,4
1862979,46
1863323,3
1863364,85
186341,3
186356,20
1863750,5
1863984,1
1864477,2
1864702,2
1864777,1
1865247,22
1865506,5
1865717,5
186577,5
1865812,1
1866005,1
1866010,1
1866723,1
1866836,13
1867219,27
1867446,1
1867613,3
1867659,5
186769,4
186801,5
1868030,3
18682,16
1868331,9
1868386,11
1868388,3
1868399,3
1868694,11
18688,1
1869089,1
1869305,7
1869321,2
1869675,12
186980,1
1869850,3
1870290,1
1870643,2
1870741,1
1872217,1
1873553,1
1874034,1
1874169,19
1874328,1
1874406,1
1874755,5
1874862,7
1874926,26
1875297,4
1875362,1
1875374,1
1875443,1
1875470,1
1875796,1
1876306,1
1876559,2
1877351,4
1877703,1
1877966,15
1878206,29
1878631,1
18788,3
1879111,13
1879220,4
1879412,1
1879593,1
1879719,1
1879976,4
18802,2
1880221,11
1880333,15
1880506,2
1880709,1
1880851,1
1881311,5
1881449,6
1881496,12
1881672,3
1882159,2
1882324,2
1882399,6
1882426,3
1882687,4
1882878,1
1882928,1
18830,1
1883017,4
1883215,1
1883279,1
1883292,3
1883321,1
1883338,3
1883422,4
1883429,2
1883450,2
1883585,9
1883592,1
1883886,2
1884156,22
18842,2
1884288,15
1884356,5
1884635,1
188493,18
1885133,16
1885242,1
1885269,1
1885293,2
1885709,1
18861,3
1886247,1
188642,5
1886476,1
1886507,6
1886976,2
1887058,1
188706,9
1887320,18
188742,8
1887433,6
1887686,1
188784,20
1887890,1
1888562,1
1888588,2
1888904,3
1889359,2
1889399,1
1890146,12
1890326,1
1890342,1
1890444,2
1891017,9
1891103,3
1891610,1
1891748,3
189219,20
1892303,1
1892408,5
1892538,5
1892680,1
1892745,2
1892802,3
18930,2
1893103,1
1893234,5
1893269,9
1893329,2
1893362,5
1893652,1
1893742,6
1893840,1
1893973,3
1893982,2
189399,1
1894104,1
189411,1
1894145,15
1894190,1
1894229,1
1894398,8
1894490,1
189450,22
1894880,11
1894948,1
1895435,1
189552,17
189581,3
1895842,2
1896103,1
189617,2
1896511,10
1896538,42
1896556,1
1896667,5
189701,7
189704,1
1897588,14
1897964,2
1898176,1
1898763,43
189886,34
1899,3
1899124,2
1899621,2
1899634,2
1900254,3
1900422,5
1900570,9
1900581,106
1900590,2
1900628,4
1900664,1
1900854,25
1901023,24
1901089,42
1901597,6
1901635,26
1901846,2
1901933,5
190201,2
1902036,2
1902055,10
1902131,2
1902223,5
1902256,1
1902327,3
1902342,2
1902567,1
1902574,4
1902620,1
1902865,2
1902987,10
1902997,1
1903011,2
19031,1
1903102,52
1903202,1
1903297,1
1903321,2
1903325,1
1903378,3
1903586,1
1903728,2
1903762,20
1904020,1
1904143,3
1904168,2
1904259,3
1904720,4
1905032,1
1905064,5
190516,1
190528,10
1905314,8
1905366,57
1905401,10
1905769,1
1905782,4
1905805,7
1905929,1
1905959,1
1906051,1
1906395,6
190642,1
1906456,1
1906618,1
1906716,1
1906770,2
1906795,1
1906826,1
1907203,1
190814,45
190823,3
1908273,1
1908453,4
190862,26
1909158,1
1909355,29
1909441,2
1909576,1
1909820,67
1909920,1
1909996,4
1910027,15
1910120,4
1910125,5
1910194,1
1910203,1
1910512,1
1910958,4
191104,4
1911044,5
1911215,1
1911346,1
191154,5
1911669,4
1912281,5
191270,4
1912787,2
1912998,14
1913011,12
1913077,3
1913118,1
1913223,6
19135,1
1913524,1
1913568,1
1913734,6
1913854,22
191387,4
1913915,1
1913955,1
1913959,1
1914094,1
1914206,1
1914359,3
1914616,9
191477,1
1914946,5
1915098,1
1915328,1
1915571,18
1915851,4
1915855,4
191587,1
1916053,1
1916108,1
1916242,3
1916290,4
1916296,1
1916473,25
1916481,3
1916587,2
191671,14
1916891,2
1916959,23
1917101,5
1917137,1
1917256,1
1917318,26
1917323,24
1917395,4
1917493,1
1918219,5
1918404,1
1918432,1
1918475,1
1918503,9
1918574,1
19188,8
1919016,1
1919098,1
1919146,20
1919188,1
1919334,1
1919544,5
1919650,2
1919718,1
1919987,14
1920192,44
1920385,5
1920743,11
192076,21
1920855,1
1920918,1
1921076,5
1921095,1
192117,1
1921178,1
1921266,2
19215,1
1921524,5
1921590,16
1921621,1
1921734,2
1922688,6
1922812,1
1922837,14
192287,1
1923257,4
1923294,1
1923435,1
1923672,4
1923846,21
1924057,1
1924273,6
1924347,1
1924438,2
1924507,3
192464,21
1924677,2
1924863,5
1924894,5
1924964,15
1925014,2
1925117,1
1925186,9
1925237,3
1925264,2
1925318,1
1925322,3
1925496,4
1925717,5
1925741,2
1925951,1
1926101,2
1926209,1
1926231,4
1926302,1
19264,2
1926455,4
1926959,2
1927008,11
1927552,2
1927673,68
1927866,1
1928062,2
1928691,9
192873,1
1928907,6
192901,2
1929060,2
192919,1
1929274,1
1929352,4
192938,13
1929486,43
1929675,28
1929736,2
1929769,2
1929817,1
1930028,1
193048,2
1931149,6
193185,3
1931921,1
1931945,5
1931999,1
193201,26
1932577,15
1932765,3
1932802,1
1932905,3
1932927,1
193303,1
1933120,3
1933132,2
1933201,5
1933238,442
1933249,3
19335,1
1933606,3
1933689,1
193380,7
19339,14
193392,1
193421,5
1934323,7
193443,1
1934650,2
19351,6
1935141,1
193521,5
1935222,4
193533,1
1935511,1
1935552,13
1935719,4
193598,5
1936117,1
1936187,5
1936286,2
193632,119
1936402,7
193650,2
193692,5
1937153,2
193762,22
1937684,1
193785,2
1938367,1
193870,1
19388,1
1938800,4
1938912,1
1939125,5
1939246,2
1939350,3
1939424,2
193946,1
1940133,1
194026,1
1940526,7
1940610,1
1940686,3
1941198,56
1941265,22
1941294,3
1941305,2
1941357,1
1941386,1
1941609,1
1941618,1
1941707,5
1941721,56
1942002,42
1942003,1
1942500,1
194260,2
194267,1
19429,5
1943031,1
19432,2
194343,11
194397,4
1944094,1
1944470,1
1944507,2
1944813,1
1944814,1
19449,1
1944942,1
1945167,11
194527,1
1945450,8
1945878,3
1946052,20
1946235,1
1946447,8
19469,5
1947077,3
194719,1
19472,18
1947303,2
1947813,1
1947816,21
1947837,1
1947902,1
1948086,2
1948237,4
1948255,1
194827,1
1948319,8
1948351,2
194857,1
194891,20
1949156,2
1949752,4
194996,34
1949966,1
1950617,36
1950762,1
1950862,1
1951205,1
1951232,2
19513,1
19515,1
1951520,13
195174,20
1951798,18
195203,1
1952144,4
1952520,2
1952638,10
1952891,2
195328,6
1953746,1
1953848,1
1953976,67
1954043,16
1954298,35
1954376,4
1954474,1
1954478,5
1954668,3
1954740,11
1954857,4
195489,1
1955136,1
1955232,13
1955419,7
195545,53
1955556,7
1956031,20
1956033,14
1956246,2
1956289,1
195639,11
195652,1
1956868,21
1957099,1
1957144,3
1957180,2
1957575,1
1957650,7
1957789,1
1957819,1
1957995,2
1958050,12
1958093,1
1958099,3
19592,1
1959408,1
1959450,1
1959986,4
1960179,53
1960780,65
196087,26
1960903,1
1961018,20
1961038,3
19613,2
1961600,10
196177,41
19618,1
1961869,61
1961962,7
19620,3
1962361,14
1962634,8
1962757,1
1963020,1
1963033,18
1963066,1
1963161,2
1963685,7
1963716,1
1963740,4
1964008,7
1964288,9
1964405,21
1964547,8
196457,1
1964712,4
1964920,13
1965028,29
19655,5
1965608,8
19657,15
1965744,12
1965768,19
1966091,5
1966169,13
1966222,22
1966338,2
1966561,3
196681,1
1966958,1
1967219,1
196752,23
1967612,1
1967743,4
1968035,5
1968058,78
1968507,4
196870,11
1968966,3
1968978,3
1969012,1
1969025,3
196911,1
1969116,1
196916,1
196953,1
1969668,1
1969752,3
1970096,33
1970357,109
197037,3
1970402,3
1970508,6
197053,2
197082,2
1970924,18
1970982,2
1971091,1
1971130,11
1971148,4
1971253,1
1971434,4
1971485,1
1971502,4
1971553,2
1971630,1
1971793,17
1971871,1
197228,5
1972614,2
1973388,3
1973533,1
1973621,19
1973706,7
1973780,1
1973866,4
1973974,2
1974127,1
1974417,19
1975262,6
19753,1
1975373,2
1975414,2
1975452,8
1975645,1
1975738,1
1975850,3
197592,22
1975960,12
1976052,1
1976123,1
1976196,22
1976206,1
1976327,1
1976378,2
1976452,2
1976701,10
1976805,1
1976814,1
1976887,4
197695,13
1977005,10
1977208,9
1977285,5
1977327,4
197742,1
1977509,2
1977556,1
1977779,1
197778,1
1977814,5
1977881,2
1977979,2
1978120,1
1978249,21
197879,3
1978920,1
1978966,1
1979105,1
1979438,4
1979463,3
1979780,1
1979828,1
1979860,15
1979898,2
1979956,17
1979977,8
1980121,1
1980124,2
1980205,1
1980288,4
1980325,4
198036,6
1980455,1
198055,12
1980758,27
1980781,4
1980968,22
1981219,1
1981279,1
198145,7
198151,25
1981627,1
198163,5
1981819,1
1981927,5
1982077,3
1982159,3
1982162,3
1982249,1
1982438,1
1982439,1
1982477,2
1982512,2
1982603,2
1982673,14
1982785,1
1982818,1
1982852,1
1982854,4
1982896,1
1982955,2
1983,1
198306,5
1983255,1
1983847,2
198394,3
1984053,4
1984076,4
1984115,13
1984228,6
1984298,1
1984307,2
1984315,2
1984507,9
1984538,1
1984596,3
1984838,1
1985179,5
198544,5
198557,4
1985689,32
1985842,1
1986051,18
1986081,1
1986228,1
1986352,3
1986356,2
1986418,2
1986471,2
1986577,1
1986738,1
1986744,4
1986769,1
1986782,1
1986843,12
1986871,2
19873,3
198742,91
1987484,4
198752,1
198765,1
1987722,5
1987887,5
1988028,9
1988038,1
1988130,1
1988245,2
1988254,12
1988421,1
1988855,3
1988936,36
1988950,2
1989198,2
1989243,2
1989302,14
1989304,1
1989366,1
1989381,1
1989476,3
1989513,2
1989702,2
1989783,1
1989822,1
1989930,80
1989965,9
1989980,1
1990031,4
1990040,4
1990059,11
19901,11
1990117,1
1990129,2
1990219,1
1990277,1
1990352,1
1990465,1
1990490,2
1990498,2
199057,19
1990614,2
199067,155
1990680,3
199071,7
199074,7
1990783,1
1990899,4
1991116,6
1991177,4
1991210,1
1991285,1
1991338,26
1991469,1
1991556,1
199161,22
1991661,2
1991764,1
1991885,1
1991920,2
1992022,2
1992053,6
199229,4
1992348,1
1992357,13
1992499,2
199254,2
1992552,4
199269,1
1992732,3
1992741,2
1992886,1
1992908,2
1992988,1
1993011,1
1993048,2
1993064,1
1993088,1
1993114,25
1993116,4
1993117,3
1993319,2
1993370,13
1993444,1
1993784,1
1993939,1
1993940,4
1994179,24
1994234,5
1994461,1
1994627,1
1994714,2
1994760,1
199481,2
1994912,1
1994913,75
1994946,21
199506,43
1995311,2
1995374,1
1995478,2
1995480,4
199552,1
1995703,20
1995755,1
19959,1
199618,7
1996226,2
1996228,2
1996283,1
1996301,2
1996378,3
1996391,1
1996444,2
1996636,16
1996654,6
1996667,9
1996721,1
1996777,1
1996943,3
1996984,50
1997327,3
1997425,22
1997480,1
1997564,5
1997608,1
1998086,1
199813,12
1998439,3
1998486,5
1998490,4
1998606,1
1998690,2
1998760,1
1998790,16
1998996,9
1999042,17
1999098,3
1999124,2
1999181,3
1999204,18
1999238,19
1999280,1
1999405,22
1999533,1
1999751,3
199991,5
200000,1
2000119,28
2000184,2
200040,1
2000443,2
2000727,5
200076,3
2000914,1
2001004,6
2001239,1
2001293,3
2001337,3
2001456,7
2001544,1
2001560,7
2001612,2
2001661,1
2001750,1
2002110,3
2002587,1
2002611,3
2002612,9
2002616,3
200324,5
2004598,1
200478,2
2004877,22
2004959,1
200503,8
2005063,17
200539,1
200548,1
2005498,3
2005548,22
2005550,5
200575,1
2005890,54
2005934,3
2005950,2
2006035,11
2006061,2
2006167,3
2006505,2
2006574,1
2006629,5
200684,1
2007249,4
2007255,2
2007446,3
200791,1
2008066,1
2008083,79
2008115,6
2008174,1
2008237,1
2008284,1
2008285,1
2008503,1
2008750,29
2008762,3
2008894,3
2009065,2
2009964,7
201008,1
2011017,5
2011279,2
2011436,2
2011640,7
2011866,8
2012071,4
2012224,1
2012240,16
2012266,3
2012487,1
2012534,1
2012708,1
2012778,2
201385,3
2013969,2
2014118,14
2014392,3
2014553,1
201470,5
2014717,5
2014782,3
2014872,1
2015149,1
201519,10
2015239,17
2015369,3
2015372,27
2015826,21
2015862,43
2015953,2
2015975,2
2016193,1
2016411,7
2016559,3
2016679,1
2016992,1
2016993,19
2017049,4
201719,5
2017195,11
2017457,1
2017527,32
2017588,11
2017753,9
2018,1
2018013,12
2018337,238
2018374,1
2018658,9
2018798,4
2018876,1
2018919,3
2018997,1
2019170,1
2019214,5
2019307,3
2019457,1
2019490,1
2019525,5
201978,8
2019817,2
2020014,16
2020079,3
20201,40
2020439,10
2021130,7
2021216,4
2021244,3
2021251,1
2021296,1
202136,2
2021608,2
2021749,2
2021780,19
2021888,5
2021918,13
2022575,45
202288,8
2022958,1
2023005,2
202305,1
2023069,24
2023463,45
2023482,1
2024036,1
2024107,8
202421,34
2024251,1
2024478,4
2024884,1
2024962,4
2025087,8
2025658,11
2025912,3
2026188,13
2026408,1
2026483,7
2026521,16
2026868,2
2026881,3
2027036,6
202719,2
2027235,3
2027500,4
2027561,10
2027628,30
2028424,19
202865,10
2029140,2
2029221,1
2029557,10
202984,1
2030052,7
2030172,1
203024,1
2030308,69
2030517,3
2030681,2
2030688,3
2030859,1
2030975,5
2031035,3
2031150,180
2031261,21
2031367,16
203139,3
2031573,7
2031616,1
203163,12
2031860,1
2032242,1
2032392,1
2032426,21
2032886,1
2033066,6
2033281,1
2033403,3
2033895,1
2033959,1
2034217,1
2034444,6
2034457,13
2034629,3
2034670,2
203475,1
2035517,9
203564,3
2035830,2
2036038,1
2036043,10
2036106,2
2036112,3
2036187,1
2036255,3
2036315,1
2036509,2
2036774,1
2037618,5
2037896,1
2038050,6
2038180,6
2038326,4
2038347,4
2038755,1
2038914,4
2039018,1
2039118,5
203914,21
2039147,15
2039765,1
203986,1
2039968,1
2040322,1
2040337,5
2040744,5
2040887,1
2041051,1
2041092,2
2041119,67
2041226,2
2041460,2
2041773,1
2042104,10
2042593,1
2042619,3
2042872,1
2042976,1
2043323,1
2043333,19
2043763,1
2044005,44
2044009,1
204420,1
2044270,1
2044283,3
2044400,1
2044428,5
2044475,3
2044503,2
2044728,11
2044764,3
2044936,5
2045124,22
2045140,9
2045159,9
2045191,1
2045308,4
2045401,1
2045448,1
204608,1
2046091,5
2046690,11
2047486,1
204761,1
2047679,1
204774,2
204817,20
2048330,2
2048357,1
2048598,9
2049117,1
204915,1
2049165,27
2049550,4
2049759,41
2049796,1
2050003,2
2050067,1
2050102,3
205016,14
2050190,10
20502,3
2050250,12
2050322,3
2050323,1
2050463,6
2050573,1
2050662,12
2050867,24
205151,1
205169,2
2051993,1
2052570,1
2052875,46
2052940,20
2053032,1
205304,46
2053084,8
2053177,1
2053196,54
2053405,1
2053645,1
2053709,34
205428,3
205448,2
2054739,5
2054768,2
2054898,1
2054960,13
2055103,1
2055283,11
2055594,4
2055702,28
2055831,6
2055938,8
2056162,64
2056190,4
2056243,15
205627,2
2056317,17
2056327,6
2056358,4
2056727,1
2057177,2
2057216,3
2057862,1
2058032,5
2058362,3
2058733,1
2058763,5
2058859,45
2059060,1
2059333,20
2059363,1
2059615,1
2059836,1
2060000,1
2060240,4
2060564,1
2060648,1
2060885,1
2061003,1
2061171,13
2061248,61
2061258,1
2061803,1
2062046,8
2062362,34
206269,4
2062861,4
2062978,1
2063028,4
2063117,4
2063379,118
2063483,8
2063516,6
2063602,8
2063678,91
2063707,5
2063781,5
2063891,1
2063966,3
2064039,2
2064084,1
2064882,1
2065045,1
2065173,3
2065445,3
2065943,1
206604,6
2066053,1
2066315,3
2066317,3
2066323,2
206642,2
2066577,1
206666,1
2066840,5
2066844,1
2066851,31
2066950,38
2067173,1
2067393,2
2067621,10
2067773,2
2068208,1
2068928,36
2068950,6
2069191,5
206924,1
2069788,4
206980,3
2069842,5
2069861,1
2069907,1
2070013,1
2070132,2
2070226,5
2070865,5
2070919,15
2071039,28
2071045,8
2071137,2
2071224,21
2071255,1
2071504,1
2071511,21
2071614,2
2071684,9
2071832,1
207194,7
2072036,23
2072146,3
2072235,9
207229,5
2072364,1
2072413,3
207245,1
2072713,5
2072796,3
2073081,1
2073143,1
2073426,1
2073600,2
2073868,3
2073915,7
2073962,1
2074046,506
2074058,7
2074300,5
207443,2
2074490,1
2074579,1
2074705,5
2074718,16
2074954,20
2074998,1
2075231,2
2075248,4
2075277,22
2075373,61
2075465,32
2075609,1
207581,2
2076036,2
2076060,2
2076125,2
2076227,4
2076271,3
2076357,23
2076999,1
2077015,3
2077248,2
2077270,1
2077421,1
2077688,10
2077707,3
2077989,2
207809,2
2078251,6
207829,3
2078320,5
207840,1
2078458,2
2078590,40
2078742,1
2078777,1
2078797,1
2078813,50
2079042,10
2079096,4
207914,14
2079233,1
2079464,57
2079640,2
2079702,1
2079884,1
2079899,1
2080007,1
2080031,1
2080154,1
208017,1
2080209,3
2080287,18
2080303,3
2080364,1
2080461,1
2080836,1
2080968,21
2081083,1
2081085,2
2081342,3
2081420,1
2081675,2
2081964,37
2082104,12
2082233,1
2082380,11
2082576,1
2082649,1
208267,13
2082864,5
208290,5
208299,1
2083194,1
2083504,25
2083540,1
2083575,12
208361,15
2083610,1
2083614,1
2083697,5
2083771,2
2083910,4
2083937,2
2084186,3
2084333,4
2084405,6
208482,1
2084867,9
2085023,1
208515,2
2085197,1
2085340,1
2085367,1
2085394,4
2085526,1
208577,3
208620,1
2086254,33
2086573,1
2086583,5
208667,2
2086817,1
2087180,3
2087263,1
2087403,1
2087514,2
2087594,3
2087666,1
2087841,4
2087844,1
2087870,1
2087920,4
2088113,3
2088163,5
2088519,14
2088722,1
2088837,1
2088860,5
2088884,1
208896,1
2089018,1
2089337,7
208936,1
2089368,3
2089574,5
2089916,2
208998,10
2090261,1
2090263,1
2090313,7
2090418,3
209070,3
2090901,1
2090928,4
2091149,3
2091466,1
2091696,5
2091795,18
2091835,16
2092107,1
2092171,2
2092400,1
2092472,2
2092581,1
2092606,18
209275,19
209292,2
2092992,1
2092993,20
2093019,5
2093023,1
2093177,1
2093273,20
209328,3
2093422,6
2093568,13
209365,13
209367,5
2093984,1
2094174,2
2094306,18
2094310,2
2094333,1
20945,23
2094528,3
2094638,2
2094739,37
209494,1
2094957,20
2095023,9
2095128,1
2095361,55
209539,2
2095442,11
209556,5
2095681,1
2095717,1
2095875,45
2096122,12
2096128,18
2096147,3
2096313,2
2096412,5
2096537,2
2096585,5
2097380,71
209740,1
2097421,6
209747,2
2097775,4
2098003,2
2098030,13
2098052,22
2098219,4
2098830,2
2098838,4
2098996,19
2099236,24
2099297,8
2099368,5
2099551,10
2099798,4
2100001,1
2100105,4
2100162,1
2100192,1
2100492,1
2100624,2
2100735,1
2101018,4
2101383,5
2101489,1
2101563,1
2101584,1
2101688,1
2101690,3
210181,4
2101845,35
210198,5
2102256,14
2102302,1
2102668,1
210274,1
2102863,5
2102881,1
2103095,5
2103124,24
2103228,3
2103263,3
2103336,2
21034,1
2103733,1
2103751,1
2103791,1
2103795,2
2103938,51
210400,2
2104013,1
2104078,1
2104620,18
2104817,2
2104991,2
2105196,4
210550,7
2105597,1
2105655,52
2105776,39
2105778,11
210595,32
2105977,3
2106028,13
2106311,2
2106332,2
2106489,7
2106774,8
2106973,1
21071,17
2107125,3
2107162,2
2107601,1
2107731,2
2107979,1
2108097,1
2108442,3
2108453,1
2108610,5
2108815,2
2108825,4
2109015,1
2109598,1
2109713,1
2109732,33
2109803,3
2109947,135
2109974,1
2110238,1
2110347,4
2110780,9
2110785,2
21108,23
2110857,28
2110894,2
2110974,1
2111611,1
2111613,1
2111826,5
2111882,8
2111989,2
2111992,1
211203,6
2112243,1
2112395,2
211251,1
2112555,5
2112739,1
2112788,2
211283,2
2112928,10
2113135,2
2113426,1
2113507,20
2113825,3
21139,6
2114006,1
2114162,1
21144,4
2114537,7
2114687,12
2114701,1
211482,3
2114951,16
2115267,9
2115428,57
2115830,1
2115874,1
2115898,44
2115956,1
2116000,1
2116239,3
2116402,2
211642,4
211673,4
2117113,1
21172,11
21174,4
211748,3
2117851,1
21179,5
2118097,20
2118108,4
2118273,1
2118433,1
2118501,6
2118586,1
2118656,1
2118772,1
21188,1
2118952,2
2119009,3
211917,4
2119182,1
2119351,3
2119360,1
2119500,8
2119515,4
2119571,17
2119651,1
211967,5
2119789,1
2120239,1
2120242,5
2120395,1
212088,9
2121068,2
2121146,1
2121400,1
2121414,12
2121442,3
2121561,5
2121621,5
2121941,5
2121958,2
212211,1
212217,1
2122301,3
2122362,4
2122430,1
2122509,6
2122526,27
2122555,1
2122589,2
2123050,5
2123166,1
2123186,69
2123386,5
2123501,24
2123948,2
2124086,1
2124348,1
2124618,5
2125096,8
2125243,2
2125331,1
212548,1
2125625,1
2125635,2
2126204,44
2126319,1
2126520,1
212667,29
212668,1
2126904,23
2127116,2
2127366,1
2127614,1
212773,1
2127756,1
2127956,33
2128113,1
2128442,1
2128740,1
2128908,1
2128940,1
2129036,4
2129776,2
2129916,4
2130122,7
2130390,1
2130542,2
2130582,1
2130586,1
2130605,5
2130856,4
213098,2
2131079,5
2131103,3
2131129,3
2131134,3
2131142,3
2131395,1
2131712,1
2131723,3
2131776,1
2131908,1
2131997,4
213200,20
2132001,1
2132059,1
2132065,10
2132368,6
2132429,1
2132557,1
2132683,5
2132687,59
2132725,1
2132817,1
2132826,3
2133049,1
2133159,1
213326,4
2133269,1
2133308,3
213351,2
2133787,4
213390,38
213402,6
2134102,1
2134112,10
2134254,15
2134283,1
2134457,3
2134525,3
2134545,12
2134599,2
2134882,73
2134898,6
2135169,2
2135183,4
2135421,2
2135663,30
2135688,1
21357,7
2135760,2
2135854,1
2135986,1
2136009,1
2136086,4
2136588,2
2136802,4
213686,2
2137068,6
2137140,1
2137155,16
2137305,1
2137377,2
2137526,1
2137703,4
2137854,10
2137924,11
2137982,1
2138213,3
2138402,1
2138501,5
2138648,5
2138683,1
2138691,3
2138725,3
213883,9
2138881,1
2139010,1
2139023,1
213910,6
2139112,11
213934,3
2139538,2
2139860,3
2140042,1
2140198,1
2140253,2
2140432,5
2140613,13
2140620,4
2140659,2
2140859,14
2141072,1
2141801,4
2141957,3
2141982,1
2142019,1
2142038,1
2142092,1
2142210,1
2142260,103
2142303,3
2142761,1
2142815,2
2143255,13
2143281,111
2143283,1
2143311,1
2143553,3
2143570,20
2143663,2
2143770,18
214399,6
2144072,9
2144580,4
214464,1
2144648,3
2144669,1
2144730,1
2144878,2
2144887,1
2145114,5
2145178,1
2145221,1
2145312,2
2145481,4
2145820,1
2146065,3
2146072,1
21461,2
2147136,1
21472,1
2147436,1
2147562,1
214783,5
2147838,15
214796,1
2148007,3
2148011,1
2148074,6
2148331,1
2148354,1
2148491,4
2148582,2
2148807,19
214887,8
2148875,15
2148961,1
214911,2
2149125,18
2149149,2
2149203,1
2149321,38
2149628,1
2149652,1
2150257,2
215041,2
2150411,2
2150731,11
2150779,1
2151232,52
2151239,3
2151312,1
2151499,2
2151585,2
2151655,1
215176,1
2151842,1
21519,3
2151921,9
2151995,4
2152093,1
215216,2
2152300,5
2152343,3
2152426,4
2152448,4
2152485,2
2152547,5
2152708,2
2152714,25
2153046,1
2153198,5
2153265,1
215350,33
2153517,4
2153599,3
2153664,8
2153855,1
21545,7
2155251,38
2155282,30
2155367,1
2155947,1
215596,1
2155987,2
2156272,3
2156388,1
2156460,1
2156499,1
215667,1
2156848,3
2156921,3
2156956,1
2157067,1
2157096,1
2157315,2
2157410,1
2157709,1
2157822,6
2157840,1
2158039,21
215806,1
2158253,2
2158507,1
2159121,3
215932,1
2159810,1
2159973,2
215999,9
2160013,27
2160064,1
2160379,5
2160380,4
2160689,5
2160827,3
2160854,2
2161103,2
2161339,2
216137,17
2161370,2
2161432,5
216160,2
2162134,5
2162564,2
216260,1
2162939,21
2163193,2
2163208,6
2163472,1
2163629,20
2163650,6
216382,6
2164138,3
2164168,1
2164637,2
2164690,4
216475,4
2165097,2
2165128,3
2165984,3
2166035,1
2166049,3
2166076,2
2166128,21
2166168,1
2166628,6
2166651,2
216676,1
2167140,7
2167336,2
21679,31
2168088,5
2168118,1
2168183,3
2168837,2
2168946,2
2169094,2
2169572,1
2169655,3
2169682,1
2169744,28
2170094,13
2170102,3
2170177,1
2170334,2
2170374,12
2170401,4
2170550,1
2170863,1
217116,5
2171316,1
217150,1
2171686,3
2171726,4
2172165,3
2172467,1
2172481,6
2172510,2
2172631,1
2173248,2
2173321,3
2173331,1
2173931,2
2174252,40
2174282,5
2174379,1
217444,1
2174720,4
217496,3
2175054,1
2175388,1
217549,1
2175571,44
217565,1
2175741,2
2175793,1
2175832,3
2176,2
2176037,9
217648,3
217658,2
2176750,4
2176852,22
2177039,89
2177099,14
2177720,4
217884,4
2179094,63
2179246,3
2179403,6
2179560,1
217965,4
2179821,1
2180636,1
218067,1
2181024,5
2181134,1
2181180,1
2181222,8
218142,1
2181420,1
2182075,1
2182197,3
2182392,6
2182721,5
2182754,1
2182778,13
2182814,1
2182859,69
2183275,7
2183353,9
2183421,1
2183509,1
2184106,1
2184142,2
2184416,1
2184497,16
2184687,1
2185036,1
2185382,4
2185493,5
2185713,3
218673,11
2186750,2
21868,8
2186941,27
2187095,2
2187429,3
2187495,1
2187646,16
2187891,5
21880,1
2188051,5
2188068,32
2188076,37
2188195,5
2188288,17
2188464,6
2188580,3
2188726,2
2188796,4
2188819,22
2189152,1
2189367,23
2189653,47
2189696,1
2189848,1
219001,2
219005,25
2190148,5
2190362,4
2190449,2
2190663,1
2190862,1
2191038,1
2191211,1
2191297,3
2191372,1
2191553,17
2191815,1
2191870,1
2191949,1
2191958,1
2191960,1
2192025,1
2192134,4
2192176,3
2192469,4
2192511,1
2192717,1
2192749,1
2192799,5
2192810,5
2192866,1
2192908,7
2192911,1
2193590,9
2193599,1
2193786,3
2193801,3
2194022,1
2194032,1
2194084,2
2194103,7
2194557,1
2194741,21
2194797,1
2195152,2
2195365,15
2195592,8
2195770,5
2195800,2
2195802,2
219599,4
2196132,1
21962,4
2196315,1
2196796,5
2197012,1
2197015,1
2197036,1
2197198,23
2197257,1
2197279,1
2197297,3
2197389,1
2197747,5
2197831,10
2198231,3
2198276,3
2199252,1
2199359,2
2199362,1
2199744,6
2199802,1
219985,5
2199970,4
2200052,2
220019,70
2200299,1
2200684,6
2200989,6
2201047,1
220107,3
2201147,8
2201339,1
2201363,2
2201384,1
2201460,9
2201480,1
2201720,4
2201732,48
2201819,1
220187,4
2201902,4
2202023,2
2202025,2
2202293,2
2202570,11
220294,10
2203072,1
2203323,5
220334,1
2203718,20
2203762,5
220387,6
2204218,5
2204369,1
2204489,4
2204680,1
220471,1
2204836,2
2205271,2
2205306,1
220564,1
2206090,5
2206162,1
2206256,6
2206421,5
2206429,4
220648,2
220666,7
2206878,3
220707,3
2207283,17
2207301,1
2207340,1
2207368,3
2207441,1
2207553,1
2207825,5
2208108,1
2208327,3
2208575,9
2208985,1
2209264,3
2209593,1
2209649,4
2209747,3
2209827,21
2209903,1
2210080,3
2210088,1
2210258,1
221035,2
2210502,3
2210627,2
221074,1
2210750,6
2210808,3
221101,1
221109,4
2211162,58
221121,2
2211219,1
221135,5
2211358,1
2211428,7
221146,1
2211719,1
2211723,1
2211745,1
221190,1
2212227,1
2212291,4
2212650,1
2212657,5
2212969,1
2213148,3
2213323,1
2213349,3
2213469,1
2213477,1
2213504,2
2213759,1
2214043,1
2214242,1
2214264,1
2214268,3
2214757,1
2214812,5
2215177,1
2215204,1
2215706,1
2215792,1
2215950,3
2216583,7
2216830,2
2216953,26
2217045,5
2217593,6
2217786,12
2217806,2
2217958,7
221802,9
2218127,1
2218144,1
2218151,63
2218343,20
2218610,1
2218666,2
2218718,14
2219348,1
221936,4
2220245,2
2220248,1
2220285,13
2220290,45
2220387,5
2220791,1
2220936,4
2221054,1
2221086,16
2221201,6
2221242,2
2221263,1
2221298,4
2221511,2
2221543,3
2221581,11
2221651,3
2221695,1
222189,42
2221899,17
2221979,3
2222069,1
222209,2
2222194,2
222235,3
2222394,3
2222471,1
222280,5
2222855,5
2223109,18
2223690,1
2224137,3
2224237,1
2224472,3
2224525,9
2224531,2
2224653,2
2224675,2
2224782,3
222481,66
2224816,5
2224866,5
2224871,1
2225043,1
2225051,1
2225128,1
2225775,1
2226550,23
2226634,24
2226677,15
2226850,1
2226954,46
2227058,1
2227144,1
2227147,5
2227203,1
2227281,1
2227480,3
2227658,1
2227689,5
2227896,2
2228075,1
2228167,1
2228549,2
222860,1
2228683,1
2228814,12
2229234,1
2229868,9
2230240,1
2230319,1
2230422,4
2230745,7
2230749,5
2230860,3
223091,4
2231012,1
2231095,1
2231264,2
2231523,4
2231692,3
2231828,1
2232448,18
2232733,3
2232758,4
2232762,1
2233109,42
2233157,1
223332,5
2233544,20
223356,5
2233560,12
2233590,1
2233699,1
2233852,1
2234165,5
223481,5
2234875,1
2235292,2
2235296,3
2235306,2
2235493,7
2235556,1
2235605,3
2235690,2
2235968,1
2236056,7
2236145,1
2236160,4
2236423,3
2236604,1
2236740,8
2236875,4
2236987,3
2237117,1
2237218,9
2237298,4
2237345,2
2237744,10
2237906,1
2237946,5
223822,1
2238390,1
2238595,1
2238753,2
2238888,1
2238987,7
2239011,15
223906,19
2239161,1
2239203,3
223975,9
2239902,2
2240228,5
2240362,2
2240525,11
2240529,3
224113,3
2241227,1
2241274,1
2241504,17
2241631,4
2241854,1
22421,2
2242533,1
2242639,25
2242940,1
2243021,1
2243272,1
2243302,4
2243389,2
2243494,1
2243495,2
2243560,1
2243752,16
2243920,2
2243953,1
2244244,2
2244383,5
2244765,20
2245007,2
2245079,1
2245192,1
2245494,2
2245502,4
224561,1
2245688,2
2245785,2
2245810,1
2245876,6
2246228,10
224623,20
2246639,1
2246655,4
2246718,7
2246849,5
2247275,1
2247505,1
2247939,41
2247985,3
2248710,1
2248825,22
224898,5
2249020,1
224913,6
2249187,4
224945,2
2249509,2
2249538,38
2249600,1
2250296,1
2250473,6
2250843,1
2251125,4
2251231,1
2251370,1
2251760,4
2251844,1
225203,3
2252492,19
2252803,1
2252846,3
2253146,2
2253644,1
2254073,1
22542,9
2254211,1
225452,1
225480,2
2255,12
2255156,13
2255340,3
2255886,1
2255982,1
2255987,2
2256397,1
2256470,1
225687,3
225708,2
2257177,1
2257410,1
2257517,1
2257576,1
225767,1
2257776,1
2258216,109
2258271,5
2258311,21
2258918,5
2259112,1
2259443,12
2259947,2
225998,35
2260123,37
226022,13
226062,1
2260632,4
2260889,1
2260936,1
2261081,1
2261239,4
226132,1
2261602,1
2261736,1
2261792,1
2262226,34
2262235,3
2262304,3
2262715,4
2262783,13
2262846,4
2263000,23
2263307,1
2263363,1
2263460,1
2264076,1
2264151,9
2264520,5
2264908,3
2264976,1
2265183,8
2266051,1
2266174,21
2266248,1
2266279,2
226634,2
2266782,4
2266912,5
2266991,1
2267159,37
2267317,1
2267738,3
226777,1
2267864,1
2267879,4
2268069,1
226809,6
2268470,4
2268479,1
2268604,2
2268878,2
2268902,1
2269218,1
2269448,2
2269708,18
2270163,16
2270216,1
2270242,2
2270265,2
2270543,4
2271088,6
2271281,11
2271362,2
2271376,23
2271465,1
2271474,2
2271684,5
2271836,4
2271864,3
2272318,1
227278,24
2272932,2
2273094,2
2273121,3
2273213,1
2273430,8
2273609,1
2273718,1
227457,1
2274605,1
2274866,8
227488,4
2275262,1
2275457,1
2275977,6
2276036,1
2276091,1
2276269,2
2276348,3
2276455,1
2276560,1
227658,3
2276636,6
227677,1
2276794,4
2276810,18
2277076,2
2277399,25
2277441,2
2277487,41
2277488,13
2277612,14
2278186,5
2278195,2
22782,3
2278294,1
22786,1
2278659,4
2278693,4
2278721,24
227890,1
2278903,1
2279202,2
2279344,1
2279400,1
2280226,1
2280428,1
2280586,1
2280805,3
2280826,7
228086,8
2281173,5
228121,3
2281265,3
2281464,2
2281548,1
2281649,1
2281910,2
2281943,1
2282091,1
2282147,6
228215,3
2282285,1
2282367,4
2282394,12
2282645,1
2283020,1
2283296,5
2283447,5
2283583,3
2283589,1
2284502,4
228451,1
2284572,2
2284659,12
2285054,11
2285203,1
2285272,1
2285293,10
2285324,5
2285328,4
2285682,1
2285812,2
2286518,4
2286680,1
2286698,2
2286975,1
2287908,5
2288091,1
2288175,8
2288331,1
2288559,1
2288648,30
2288694,1
2288695,3
2288864,8
2288919,1
228992,1
22902,3
2290326,3
2290385,1
2290437,1
2290471,8
2290651,5
2290770,2
2290818,3
2291090,4
2291230,1
229128,1
2291660,1
2291904,1
2292073,14
2292179,11
2292197,6
2292664,4
229283,5
2293057,6
229317,1
2293673,5
2293730,2
229406,40
2294464,1
2294525,1
2294673,3
229471,1
229621,2
2296360,9
229646,5
229698,1
2297116,4
2297391,1
2297693,1
2298085,1
2298455,12
2298559,6
229865,2
2299005,1
2299049,1
2299085,1
2299170,1
2299813,15
229989,18
2300079,28
2300295,5
2300548,10
230062,1
2300663,1
230071,5
2300787,1
2300792,2
2300904,10
2300963,3
2301097,13
2301273,3
2301343,3
2301394,1
2301485,3
2301518,5
230163,25
2301737,2
2301749,2
2301994,1
23020,2
2302422,5
230251,5
23028,3
230296,6
2303016,367
2303524,1
2303699,2
2303770,2
2303833,16
2303888,1
230410,1
230424,1
2304285,2
230435,4
2304478,1
2304672,20
23048,2
2304872,1
2304973,1
2305052,2
2305105,1
230522,1
2305249,18
2305415,1
2305570,1
2305763,2
2305991,3
2305993,42
2306038,2
2306046,36
230617,1
2306238,1
230629,3
2306290,1
2306294,45
2306330,5
2306438,10
2306532,3
2306591,2
2306920,5
2307129,3
2307374,1
2307551,1
230787,1
2307956,1
2308183,1
2308225,56
2308554,2
2308721,2
2309137,1
2309255,1
2309300,19
2309459,1
2309720,2
2310053,5
2310301,2
2310331,1
2310466,3
2311169,2
2311342,2
2311408,18
2311412,5
2311626,5
2311649,1
2311726,1
2311873,3
231193,2
23122,1
2312421,1
2312630,3
2312756,1
2312951,13
2312984,1
2313171,1
231325,5
2313267,8
2313345,1
2313430,20
2313566,1
2313745,1
2313859,1
2314090,1
23142,2
2314284,4
2314546,1
23146,9
231472,12
2314913,41
2315319,17
2315616,11
2315653,12
2315716,6
2315810,5
2316047,3
2316260,27
23163,1
2316754,1
2316898,4
2316938,1
2317063,1
231715,1
2317256,1
2317365,6
231752,3
2317657,1
2318426,1
2318481,3
2318543,9
2319143,7
2319240,3
2319258,1
2319327,2
2319403,1
2319503,11
231994,1
2319945,4
2319985,3
2320139,1
232020,2
2320271,4
2320358,3
2320765,3
2320851,1
2320953,24
2321361,13
2321397,2
232147,6
2321516,9
2321741,4
23218,1
2321896,31
2322138,19
2322363,20
2322584,7
2323611,2
2323848,7
232387,1
2324068,1
2324088,14
2324174,8
232430,12
2324495,1
2324497,21
2324552,1
2324893,2
2324916,34
2325045,34
2325275,3
2325528,2
2325812,1
2325998,1
2326078,14
2326295,3
2326375,3
2326383,1
2326386,53
2326589,1
2326684,4
2326824,2
2327110,1
2328122,5
2328371,2
2328393,1
2328423,103
2328548,1
2328643,123
2328687,2
232871,5
2328760,2
23288,6
2328861,3
2329004,21
23291,148
2329144,1
2329263,23
2329299,4
2329436,3
232952,2
2329624,13
2329665,11
2330123,1
2330166,2
2330171,22
2330187,1
2330218,3
2330243,1
2330369,1
233064,1
233106,3
2331067,19
2331146,1
2331181,2
2331246,1
2331265,6
2331467,3
2331634,13
2331718,19
2331752,2
2331831,16
2331908,2
2332144,1
233240,24
2332732,2
2332891,1
2332922,1
2332952,1
2333007,1
2333064,3
2333105,1
2333215,1
2333290,2
2333347,1
2333386,2
2333404,2
2333439,17
2333534,2
23337,11
2333798,18
233387,1
2333890,43
2334189,3
2334207,3
2334396,11
2334564,1
2334865,1
2335461,1
2335473,5
2335503,2
2335548,3
2336234,1
2336377,2
233671,2
2336893,3
2337030,1
2337887,1
2338126,2
233816,1
2338170,2
2338383,4
233854,1
2338560,2
2338578,1
2338734,4
2338824,1
2339001,1
2339282,4
2339488,1
2339737,39
2339804,1
233982,1
2339822,4
233997,4
2339987,5
234003,1
2340093,10
234013,1
234022,1
2340300,1
2340336,3
2340589,1
2340703,1
2341232,1
2341540,2
2341874,1
2342012,4
2342271,3
2342381,2
2342527,1
2342528,12
2342978,2
2343114,1
2343135,4
2343147,9
2343353,1
2343354,2
2343430,1
2343709,2
2344056,1
2344339,1
2344485,7
234449,25
2344538,4
2344662,1
2345033,1
2345116,1
2345126,1
2345406,4
2345426,2
234546,5
234574,17
2346870,1
2346896,1
2347072,6
2347182,1
2347380,1
2347507,2
2348075,193
2348662,1
2348703,8
2348782,1
2348978,2
2349008,1
2349064,1
2349097,28
234927,1
2349273,3
2349360,19
2349607,5
234963,1
2349654,4
234971,1
2349827,1
2350166,25
2350241,5
2350520,4
2350528,2
2350761,5
2350785,5
2350840,2
2350898,1
235144,1
2351466,5
2351729,5
2351834,1
235184,11
2352695,5
2352723,4
2352821,1
2352856,2
2352887,2
2353153,1
2353375,1
2353670,1
2353814,5
2353849,1
2353940,3
2354058,3
2354289,22
2354427,5
2354661,4
2355291,1
2355385,1
23554,1
2355455,1
2355553,1
2355568,1
2355602,1
2355693,20
235570,5
2355713,2
235594,4
2356205,20
2356683,1
2356907,1
2356959,46
2357004,6
2357073,1
2357200,16
2357404,5
2357436,1
2357823,5
2358355,1
2358430,1
2358515,59
2358715,2
235893,4
2358955,1
2359141,7
2359229,3
2359405,77
2359672,1
2359978,1
2360214,4
2360327,17
236058,2
2360909,1
236091,1
2361058,17
2361125,3
2361237,25
2361391,2
2361505,1
2361770,5
2361862,1
2362041,1
2362515,1
236256,4
2363053,34
2363520,6
2363653,4
2363754,1
2363989,2
236427,1
2364390,2
2364473,2
2364730,15
2365286,20
2365292,1
2365957,1
2366046,1
2366293,1
2366403,6
2366608,2
2366908,30
2366929,1
2367305,17
236750,3
2367560,1
2367602,1
2367632,2
2367740,2
2367825,1
2368163,7
2368481,3
2368527,3
236853,1
2368648,32
2369662,1
23697,2
236983,7
2369854,4
2369876,2
2369950,1
23703,5
237031,1
2370332,6
2370427,6
2370516,4
2370569,1
2370979,7
2371021,12
2371331,1
2371353,1
2371459,1
2371793,1
2372319,2
2372464,1
2372548,2
2372573,1
2372788,1
2373004,1
2373013,1
2373346,5
2373479,1
2373528,1
2373846,7
2373872,8
2374076,2
2374159,2
2374344,1
2374540,19
2374593,1
2374687,56
2374730,1
237517,3
2375296,1
2375302,1
2375422,1
2375862,2
2375883,1
2375973,5
2376161,6
2376645,3
237671,1
2376975,1
2377121,6
2377230,2
2377271,3
2377412,23
2377452,1
2377749,1
2378206,1
2378456,1
2378487,1
2378672,2
237876,3
2378876,1
2378895,1
2379098,1
2379119,1
237920,6
2379230,5
2379282,4
2379522,1
2379558,20
2379643,1
2380014,2
2380148,1
2380172,1
2380466,1
23810,1
2381510,8
2381663,3
2381705,1
2381915,32
2382275,38
2382281,1
2383231,2
2383502,1
2384144,2
238426,2
2384405,2
2384550,1
2384735,3
238485,6
2384899,1
2385040,3
2385099,5
2385510,4
2385583,1
2385588,3
2385703,5
2385803,1
2385870,2
2385911,5
2386259,15
2386528,1
238679,4
2386905,39
2387192,1
2387318,4
2387616,6
2387735,1
2388041,1
238816,1
2388504,1
2388681,1
238903,1
2389177,19
2389474,2
2389597,1
2389739,5
2389859,20
2390468,1
2390748,8
2390819,3
2390969,2
2391004,42
2391026,1
2391515,1
2391552,1
2391597,1
2391643,2
2391669,1
2391911,2
2392217,1
239222,1
2392476,2
2392674,19
2393098,1
2393557,1
2393615,2
2393779,1
2393919,1
2394258,1
2394420,2
2394522,7
2394792,5
2394967,2
2395040,7
239526,1
2395928,12
2396001,1
2396306,4
2396320,41
239649,1
2396576,1
2396703,8
2396708,1
2396750,21
2396882,4
2397092,1
239719,2
2397247,8
2397599,2
2397666,8
2397724,1
2397733,3
2397744,8
2397748,1
2397831,14
2397994,1
2398160,1
2398862,1
2398975,1
239901,2
239980,1
2399931,2
2400201,5
2400620,1
2400654,1
2400677,1
2400954,4
2401086,1
2401145,5
2401307,1
2401311,7
2401625,4
2401919,3
2401966,3
2402116,1
240227,6
2402292,3
2402333,5
2402384,4
2402638,4
2402649,5
2402914,6
2403047,2
2403127,5
240339,1
2403881,1
240396,1
2404684,5
2404898,1
2404928,1
2404996,1
2405152,4
2405502,1
2405898,1
2406154,4
2406407,5
2406408,1
24068,21
2406891,1
2406988,5
2407033,4
2407215,1
2407657,3
2407673,2
24077,4
240776,3
2407833,1
2408844,6
2409347,2
240972,2
2409850,5
2410605,5
241087,1
2410975,18
241117,1
2411359,5
2411585,2
2411674,1
2411856,1
2412190,2
2412279,1
241231,1
2412661,2
2412812,6
241295,15
241309,6
2413117,1
2413223,1
2413393,1
2413422,124
2413576,1
2413684,2
241372,16
2413993,1
2414073,1
2414291,2
24143,1
2414654,1
241467,1
2414759,1
2414901,1
2414902,1
2414915,12
2415123,1
2415256,2
2415674,6
241575,1
2416335,143
2416368,1
2416571,1
2416713,5
2417101,5
2417471,3
24175,2
241771,1
2418261,3
2418760,129
2418769,5
241881,4
2418893,22
241893,58
2419025,46
241939,1
2419452,5
2419588,2
2420123,1
2420327,2
2420352,3
2420354,19
2420403,3
2420438,7
24205,8
2421252,2
2422164,37
2422170,2
2422353,2
2422512,2
2422857,38
2423062,27
2423160,1
2423250,5
242334,34
2423348,1
2423392,1
242370,1
2424330,3
242518,29
2425547,10
2425610,3
2425826,4
242588,22
24265,2
24267,2
2426770,5
242682,1
242683,15
2427,21
24270,4
2427383,1
2427421,1
2427536,1
2427609,1
2427690,1
2427828,1
2427829,1
2428005,5
2428079,1
2428087,2
2428277,1
2428575,1
2428577,1
2429020,2
2429029,3
2429033,1
242904,1
242912,5
242922,1
2429435,3
2429446,5
2429694,1
2429759,1
24299,3
2430000,3
2430257,1
2430335,1
2430392,5
2430478,8
2430533,1
2430591,1
2430821,2
2431855,2
2432100,1
2432829,4
243319,2
2433213,1
2433363,5
2433752,2
2433898,5
2433903,1
2434051,23
2434325,1
2434346,1
2434504,1
2434516,1
2435323,1
2435565,4
2436431,47
2436541,3
2436557,2
2436761,18
243678,42
2436826,5
2436940,3
2436955,1
2437057,6
2437109,1
2437128,13
243745,1
2437483,1
2437497,1
2437715,4
2437779,5
2438185,2
2439317,1
2439477,1
2439580,1
2439623,1
2439737,1
2440229,1
2440335,1
2440449,1
2440729,1
2441128,1
2441144,1
244139,1
2441967,5
2442330,1
2442678,2
2442691,8
2442811,6
2442835,1
2442930,1
2443065,2
2443083,26
2443239,5
2443279,19
2443284,2
2443391,1
24436,5
2443616,1
2443678,5
2443868,3
2444148,2
2444184,20
2444458,2
2444527,1
2444538,6
2445498,39
2445616,29
2445695,2
2445727,3
2445733,3
2445779,34
244580,1
2445815,1
2446169,3
244632,1
244682,13
2447288,1
2447304,1
2447455,1
2447689,5
2447816,2
244792,5
2448146,4
2448276,11
244829,24
2448335,6
2448412,4
2448884,1
2449463,8
2449516,5
245008,11
2450410,2
245043,4
2450622,5
2450816,3
2451030,6
2451178,16
2451320,1
2451558,11
2451668,2
2451707,2
2451732,4
2451751,20
2451758,3
2452035,2
2452308,2
2452366,1
2452368,1
245264,11
2452732,3
2452760,2
2452815,4
2453040,1
2453137,1
2453260,7
2453317,1
2453605,1
245428,2
2454455,1
2454580,1
2454607,1
2454900,1
2455386,1
245554,1
2455729,3
2456125,1
2456139,1
2456285,1
2456420,1
245684,1
2457053,1
2457306,1
2457312,9
2457344,1
2457567,10
2457654,5
2457670,20
2457804,1
245784,1
2457856,60
2457882,3
2458576,2
2458727,5
2459053,3
2459154,3
2459266,1
2459410,2
2459669,2
24600,1
2460427,1
2460549,2
2460836,1
2461139,1
2461829,1
2461853,2
2461903,3
2461968,1
2462132,5
2462309,1
246236,1
2462535,3
2462568,5
2462587,1
2462608,1
246296,12
246316,3
2463391,107
2463461,6
2463499,2
2463882,7
246426,1
2464629,1
2464662,8
2464686,1
2465213,20
2465705,6
2465734,10
246574,2
2465811,1
2465832,1
2465968,13
2466133,1
2466145,8
2466364,6
2466498,1
2466519,5
2466677,3
246687,5
2467604,1
2467627,2
2467857,18
246833,4
2468360,28
2468381,133
2468474,1
2468703,3
2468859,1
2469115,1
2469138,4
2469166,3
2469438,3
2469451,3
2469455,1
246946,7
2469555,1
2469945,3
2469971,3
247017,1
2470359,2
2470415,4
2470500,6
2470552,5
2470850,1
2470913,2
2471394,3
2471441,4
2471581,1
2471928,1
2472173,1
247222,5
2472342,5
2472364,2
2472429,3
2472641,3
2472848,5
2473027,11
2473321,2
2473334,1
2473594,1
2473684,1
2473804,2
2473857,6
2474016,7
2474260,4
247448,1
2474653,1
2474695,1
2474959,4
2475302,14
2475433,4
2475476,3
2475568,4
2475897,1
2476123,2
2476198,10
2476485,19
2476788,1
2477181,1
2477419,3
2477585,3
247759,2
2478070,1
2478574,1
2478861,20
2479020,19
2479032,4
2479419,2
2479642,1
248,2
2480066,38
2480422,14
24805,4
2480795,5
2480967,21
2481167,1
248141,1
2481787,3
2481836,3
2481888,1
2481889,17
2482051,1
2482199,1
2482283,3
2483116,2
248346,1
2483498,4
24835,693
248357,2
2483598,21
2483974,15
248479,2
2484828,5
2484852,1
2484908,1
24853,4
2485368,1
2485482,5
2485861,1
24859,1
2485913,1
2486128,1
2486694,25
24868,16
248697,2
248704,1
2487177,5
2487534,1
2487555,2
2488023,3
2488121,12
2488400,1
2488404,1
2488411,4
2488669,86
2489386,1
2489434,4
2489607,2
2489694,1
2489698,2
2490210,1
2490543,7
2490593,1
2490628,2
2490659,5
2490680,11
2491043,16
2491232,1
2491240,7
2491431,1
249160,5
2492516,4
2492937,2
249303,2
2493058,1
2493283,2
249331,3
2493446,1
2493592,1
2493816,13
2493940,33
2494363,3
2494426,14
2494495,3
2494574,4
2494687,1
2494820,20
2495390,3
2495488,12
2495666,51
2495850,1
2496429,1
2496532,1
2496627,1
2496645,6
2496647,5
2496875,1
2496962,4
2497188,22
2497318,16
2497427,6
2497566,5
249786,13
2498632,2
2498661,1
2498882,3
2499369,3
249938,12
249987,1
2500059,14
2500338,2
2500865,2
250125,1
2501276,5
2501436,5
2501697,3
2501735,18
2501779,1
2501955,1
2502136,4
2502184,3
2502426,4
250243,16
2502621,7
2502702,1
250286,4
2503090,2
2503179,12
25032,3
2503287,4
2503834,17
2503840,5
2503946,1
2504061,4
2504133,3
250415,1
250432,23
2504342,1
2504407,1
250462,2
2504902,31
2505001,1
2505054,14
2505156,4
2505394,1
2505524,1
250567,1
2506000,8
2506553,1
2506874,1
250694,5
2507397,5
2507486,21
25086,1
2509077,10
2509082,1
251,7
2510063,1
251014,2
2510497,1
2510640,2
2510774,3
2510839,1
251090,1
2512086,11
2512399,2
251242,3
251250,2
251253,19
2512579,3
2512699,10
2512945,1
2513085,8
2513268,4
2514530,2
251463,3
2514665,5
2514694,2
2515001,1
2515537,23
2515602,1
2515623,1
2515996,1
2516264,4
2516416,1
2516531,21
2516571,73
2516606,8
2516840,4
2516863,1
2517114,2
2517133,4
2517399,1
2517497,1
2518006,5
2518026,2
2518161,1
2518235,2
251841,24
251852,21
2519121,3
2519533,3
2519560,3
252013,2
2520554,14
2520922,4
2521176,10
2521337,2
2521372,3
2521474,48
2521550,1
2522000,1
2522209,1
2522814,2
2522978,1
2523329,25
2523571,2
2523861,1
2524031,1
2524218,44
2524417,1
2524433,1
2524609,1
2524642,2
2524845,1
25251,10
2525356,1
2525713,5
2525738,2
2525864,2
252592,4
2526231,1
252666,7
2526738,48
2527008,1
2527060,2
25272,2
2527622,4
2527706,1
2527763,1
2527768,2
252832,4
252880,1
2528826,1
2528841,42
2528996,51
2529978,12
2530074,2
2530207,3
2530485,1
2531279,1
253136,11
2531682,1
253250,2
253253,1
2532583,2
253310,2
2533608,2
2534170,25
2534506,1
2534623,1
2535028,4
2535082,15
2535097,1
2535225,6
2535490,1
2535663,2
2536019,3
2536623,56
2536802,10
2537222,1
2537395,4
2537626,2
253793,49
2538431,1
2538931,1
2539214,3
2539220,1
253938,6
2539477,5
2539949,3
2540126,1
2540727,1
2540976,21
2541104,8
25419,27
2542741,5
2543057,1
254310,1
2543148,5
2543345,6
2544311,6
254443,1
2544467,7
2545968,1
2546067,1
2547934,2
2548586,1
2548635,14
2548881,28
2549304,3
254975,2
254983,5
2550461,3
2550598,13
2550734,3
2550844,51
2551081,2
2551279,1
2551520,2
2552071,2
255281,1
2553617,2
2553768,25
2554327,1
2554458,3
2554832,2
255486,19
2554925,2
2555069,5
2555107,3
2555109,1
2555145,8
255562,4
2555861,2
2555982,16
2556091,22
2556807,1
2557,1
2557068,2
2557096,2
255716,1
2557304,2
255755,2
25578,5
2557875,2
2558002,3
2558238,1
255829,2
25585,2
2558853,4
2558906,26
2559081,1
2559148,2
2559307,10
2559446,1
2559559,4
2559700,2
255987,6
2559966,1
2559983,2
2560429,2
2560936,3
25610,3
2561115,9
2561824,3
2562413,1
256252,2
2562545,4
256267,6
2562990,1
256318,1
256327,5
2563515,14
2564530,20
2564572,14
25647,13
256510,2
2565527,48
2566232,1
256640,1
2566924,1
2567040,2
2567165,2
2567303,9
256745,41
2567741,70
2567782,19
2567958,10
2568101,1
2569297,22
2569349,18
2569384,1
2569388,1
2569890,1
2570459,5
2571182,21
2571337,1
2571725,3
2572044,1
2572166,20
2572317,4
2572412,2
257272,4
2572774,30
2573128,3
2573529,8
2573619,1
2574393,19
2574504,2
257491,4
2574992,4
2575097,3
2575264,1
2575705,1
2575716,12
2575916,6
2575944,3
2575946,5
2575988,1
2576228,5
2576241,4
257777,10
2577866,2
2577910,6
2578591,1
2578698,2
2579638,2
25798,22
2580220,3
258024,1
2580868,8
2580877,3
2580945,23
2581197,7
2581246,1
2581498,16
2581851,4
25826,1
2582891,1
2582932,6
258337,21
2583631,5
2583712,1
2583928,126
2584129,1
2584149,22
2584184,12
2584444,4
2584469,1
2584511,2
2584783,4
2585246,4
258526,3
2585407,2
258554,4
258572,7
2586500,1
2586809,5
2586995,32
2587260,1
2587283,2
2587468,1
258765,2
258790,8
2588669,1
2588947,1
2589121,2
2589651,1
2589732,6
2590290,25
2590695,12
259118,2
259121,1
2591212,18
2591713,2
25919,3
259198,3
2592402,2
2592459,1
2592719,6
2592823,23
2592966,1
2593613,5
2593785,1
2594050,1
2594460,1
2594476,11
2594553,4
2594654,1
2595071,2
2595725,1
2595789,84
25964,7
2596515,3
2596700,3
2597074,1
2597328,1
2597551,3
2597558,2
2597745,1
2597819,14
259804,7
2598144,1
2598381,1
2598576,2
25989,1
2598918,15
2599202,1
2599209,1
2599382,1
2599472,1
2599839,4
2599938,5
2600521,27
2600606,5
2600665,1
2600956,4
2601293,1
2601578,1
2601847,1
2602271,2
2602320,1
2602366,22
2602559,3
2602648,1
260321,37
2603286,3
2603607,1
2603722,4
260373,2
260389,1
2604007,2
2604247,5
2604428,19
2604576,4
2604669,5
2604689,5
2604979,1
2605063,18
2605127,1
260582,1
260604,15
2606162,4
2606246,8
2606247,3
2606737,1
260685,1
260700,1
2607087,1
2607379,14
260758,13
2607647,1
2608476,1
260907,5
260908,1
2609082,4
2609145,2
2609249,2
2609371,1
2609515,1
2609583,1
2609843,2
2609940,3
2610011,2
261019,2
2610921,43
2611593,1
2611684,1
2611864,19
2611917,1
2612164,1
261288,6
2613562,1
2613902,1
2613984,5
261400,20
261424,1
2614329,4
261445,5
2615140,91
2615362,1
2615588,1
261559,20
2615603,5
2615649,7
2615697,5
2615922,34
261602,11
2616275,9
261648,33
2616915,1
2617164,8
2617405,1
2617543,1
2617903,4
2617945,1
261802,1
2618879,2
2619019,1
2619180,2
2619703,1
2619762,2
2620166,4
262032,121
2620480,4
2620652,1
262071,6
2620939,2
2620958,2
2621378,1
2621845,1
2621869,14
262243,6
2622654,1
2622831,5
2622845,1
2623028,2
262322,31
2623400,3
2623674,3
2624023,27
2624119,3
2624513,29
2624952,21
2625036,8
2625826,5
2625888,1
2626050,18
2626178,2
2626406,1
2626455,2
262661,1
2627428,1
2627769,1
2628007,2
2628856,1
2628977,6
2629286,2
2629359,48
2629512,1
2629649,51
2629760,3
2629823,1
2629858,8
2629947,19
26300,1
2630069,1
2630170,12
2630251,2
263042,1
2630684,1
2630813,2
2631289,60
2632410,20
26327,6
2632930,21
2633218,9
2633656,1
2634259,1
2634675,2
2634769,3
2635173,2
2635305,6
2635450,8
2635506,1
2635965,1
2636136,2
2636284,4
2636522,1
263666,1
2636850,72
2636956,2
2637720,1
2637753,4
263834,20
263838,4
2638401,3
2638774,1
26391,1
2639164,8
2639339,1
2639346,2
2639412,2
2639692,6
2639762,1
26400,7
2640505,7
2640835,1
2641026,1
2641031,5
264121,6
2641339,2
2642115,4
2642171,3
2642210,2
2642288,2
2642417,1
2642426,1
2643154,195
2643180,19
2643428,6
2643565,2
2643584,34
2643766,1
2643829,1
2643858,1
2643995,1
2644237,1
2644604,5
2644719,2
2644724,2
2644998,22
264514,1
2645165,3
2645179,1
2645187,2
2645201,2
2646215,20
2646292,32
2646360,2
2647367,6
2647723,2
2647866,3
2648,5
2648334,1
2648398,4
2648964,1
2649228,41
2649363,5
2649532,10
2649692,2
265,1
2650045,16
2650297,4
2651302,5
2651723,1
265195,1
265216,6
2652210,16
2652890,1
2653000,3
2653281,20
2653540,12
265373,16
265447,1
2654489,3
2654897,1
2655299,1
265538,4
2655390,3
2655403,5
2655495,1
2655576,13
2657423,5
2657518,1
2657936,1
265804,2
2658140,21
2658150,9
2658193,2
2658572,5
2658870,2
2659569,1
2659651,6
2659703,23
26601,9
2660604,3
2660658,1
2660682,1
266121,1
266133,5
2661605,3
2661641,5
2661645,1
2661870,50
2661922,4
2661944,3
2662349,1
2663243,23
2663555,1
2663878,1
2663892,2
266415,1
2664590,1
2664598,2
266466,1
266490,4
266544,2
2665631,1
2666265,1
2666317,1
266659,1
2666811,1
2666850,1
2666915,4
2666931,55
2667184,5
2667390,1
26677,4
2667768,2
2667997,1
266809,34
2668190,1
2668233,1
2668489,32
2668743,5
2668746,81
2669339,1
2670318,1
2670980,2
2671430,1
2671471,1
267162,8
2671670,1
2671977,3
2672550,10
2672978,1
2673267,1
2673285,10
2673530,15
2673621,1
2674,2
2674395,2
267479,1
2674832,4
267514,46
2675157,2
2675196,4
2675254,1
2675411,1
267564,1
2675870,4
2676925,2
267771,1
2677792,3
2678231,1
2678332,6
2679064,1
26793,3
267941,1
2679424,6
267950,19
2679558,1
2680295,13
2680356,1
2680895,1
2681007,1
2681040,2
2681315,2
2681346,1
2681360,5
2681380,8
2681477,1
2681487,1
2681686,9
2681697,4
2681817,1
2681886,1
2682211,3
2682410,3
2683208,2
2683252,10
2683499,1
268407,2
268456,2
2684799,2
2685136,8
2686587,3
2687102,2
26876,1
2687908,3
2688730,17
2688752,1
268885,4
2688850,3
2689017,1
2689974,1
2690045,2
2690063,2
2690948,1
2691269,1
2691462,1
2691537,1
2691549,6
2692099,4
2692249,3
2692297,74
2692706,1
269292,1
2693019,19
2693289,131
2693647,1
2693874,2
269412,1
26942,3
2694669,2
2695793,151
269606,6
2696384,1
2696414,1
2696574,5
2697351,1
269737,1
269741,1
2697433,44
2697438,1
2697730,3
2697917,9
2697925,20
269895,4
2698978,1
2698990,1
26995,6
2699760,2
27,71
2701098,10
2701256,4
2701360,1
2701372,23
2701489,4
2701591,2
2701758,1
2701845,1
2702303,3
2702439,1
27025,6
2702532,1
270258,1
2702660,45
2702730,15
2703595,1
2703673,1
2704084,7
2704169,2
2704376,10
2704396,16
2704516,1
2705438,65
2705750,5
2706070,5
2706382,2
2706418,1
2706479,1
270650,59
2706528,1
2706634,49
270749,2
2708156,2
2708907,20
270900,1
2709158,12
270942,5
2709543,3
2709984,6
2710,1
271007,25
2710353,1
2710704,3
2711085,7
2711096,1
2711138,4
271128,67
2711299,21
2711315,22
271154,11
2711638,2
2711750,1
2711876,4
2712251,2
2712257,5
2712437,18
2712700,86
271312,3
2713645,5
2714141,8
2714332,2
2714684,1
271469,3
271551,7
271557,5
2715961,20
2716157,1
2716290,1
2716470,1
2716964,1
2717381,10
2717662,1
271828,5
271829,1
2718503,1
2719177,3
2719615,1
2719662,5
2719681,1
2719690,16
2719834,94
2719866,5
2719955,5
2720705,3
2721293,2
2721891,3
2722505,5
2722577,3
2723377,2
2723676,1
272388,77
2724481,21
2724486,1
2725065,2
272517,2
2725324,4
2725353,1
272541,15
2726242,2
27265,2
2727044,1
2727355,1
2727884,1
2728112,4
2728370,1
272846,4
2728521,1
2728598,2
2729309,1
2729629,4
2729841,1
27303,5
2730652,1
2730673,5
2730833,1
2731007,1
273106,5
2731069,9
2731577,2
2731631,1
2732291,9
2732381,4
273271,1
2733164,2
273324,4
2734134,3
2734412,1
2734617,1
273469,10
2735158,5
2735301,5
273551,14
2735551,2
2735710,1
2735791,5
273596,1
2736690,5
2736761,1
273685,34
2737133,3
2737355,1
2737770,1
2738116,1
2738155,16
2738298,2
2738500,4
2738835,25
273916,3
2739187,2
2739568,22
2739693,2
2739949,3
2740170,2
2740342,12
2740413,60
274084,1
2740907,36
2741037,4
2741650,1
2742001,2
2742061,1
2742749,8
2742784,13
2743026,4
2743119,3
2743302,1
2743399,3
2743453,2
2744018,5
2744510,11
2745102,6
2745143,2
2745293,2
274544,19
2745510,1
2745624,3
2746137,1
2746323,1
274647,1
27468,1
2746839,5
2747235,10
2747860,50
2747901,9
2748099,2
2748122,1
2749362,1
2749983,4
2750112,13
2750429,1
2750552,3
2750619,3
2751225,1
2751389,1
2751811,5
2751912,2
2752356,1
2752524,5
2752937,1
2752953,1
275307,1
2753950,2
2754101,2
2754671,5
2754761,3
2754764,4
275513,24
27555,2
2755856,2
2756235,35
2756361,2
2756618,4
2756850,9
2757074,181
275774,2
275817,49
2758251,5
27584,11
2758638,12
2758786,1
2758888,2
275900,2
275903,4
2759064,1
275939,51
2759689,1
2759697,3
2760176,12
2760414,1
2760750,1
2761658,3
2761795,3
2762003,14
2762399,1
2762439,1
2762705,16
2762731,1
2762779,2
2763360,9
276355,5
2763869,1
2763950,6
2764134,1
2765151,1
276551,1
276565,24
2766294,1
2766733,339
276718,1
276747,2
2767746,5
2768010,3
2768972,3
27693,6
2769600,21
2769705,9
276979,5
2770484,2
2770546,1
2770678,1
2770753,1
2770848,2
2770956,1
2771048,5
2771069,23
2771253,3
2771438,8
2771718,23
2772255,9
2772671,1
2772685,1
2772702,3
2772719,4
2772950,18
2772993,3
2773094,1
2773116,2
2773129,7
277327,3
2773656,2
277369,27
277373,6
2774953,6
2774978,5
2775017,3
2775937,28
2776171,38
2776249,1
2776396,3
277640,1
2776555,1
277707,2
2777377,2
2777407,6
277760,2
2778016,21
2778034,1
2778150,4
277853,3
277856,2
2778691,1
2779400,2
2779797,4
2779897,46
2780190,3
2780274,5
2780589,3
2780688,15
278109,20
2781300,6
2781341,1
278148,4
2782125,1
2782447,1
27825,2
2782545,1
2782771,1
2783398,13
278406,1
2784834,2
2785005,1
2785051,1
2785259,1
2785394,1
2785518,1
2785655,2
2785806,6
2786600,1
2786738,2
2787207,1
2788076,17
2788159,1
2789044,29
2789600,1
2789896,1
2789899,3
2790170,5
279039,16
2790468,5
2790709,2
2790997,1
2791007,19
2791174,1
2791329,1
2791384,2
2791523,1
2791973,3
2792556,1
2792639,1
2792899,15
2792902,22
2792914,10
279305,2
2793365,1
2793508,36
2793745,4
2795401,1
279586,1
2795868,1
2796139,5
2796176,10
279652,4
279669,1
2796692,8
2796750,1
2796920,1
2797213,3
2797222,6
2797319,3
2797401,5
2797680,20
2798176,1
2798568,5
2798717,4
2798976,2
2799219,1
279932,61
2799683,3
2799871,3
2800176,1
2800208,4
2800239,1
2800911,2
2801556,37
280158,3
280194,3
28024,1
2802402,1
2803145,22
2803322,2
2803359,3
2803413,1
2804627,5
2804634,7
2805138,21
280562,3
2805706,2
280571,26
2805746,15
2806231,112
280660,3
2807423,2
2807460,5
2807589,21
280764,6
2807915,2
28083,1
2809135,3
2809408,21
2810463,19
2810734,2
2810744,2
2811842,11
2812147,20
281240,37
2812662,1
2812670,2
2813119,6
2813177,1
2813282,4
2813566,1
2813624,2
2814345,4
2814880,1
2814920,2
28150,2
2815152,1
2815356,1
2815470,5
2817080,5
281858,7
2818656,1
2819130,34
2819355,1
2820067,1
2820489,1
2820512,1
282065,43
2820688,104
2821105,4
282141,3
2821410,6
2821568,3
2823211,1
2823239,1
28233,5
2823415,2
282346,22
28236,8
2824029,1
282403,5
282499,1
2825048,2
2825090,4
2825314,5
2825327,1
2825665,6
2825834,10
282599,2
2826,15
2826287,24
2827089,17
2827372,1
2827530,4
2827901,5
2827903,2
2828167,88
2828458,1
2829610,3
2830054,1
2830097,2
2831152,3
283137,3
283161,2
2832035,1
2832062,1
2832090,4
2832246,35
283252,4
2832996,5
283310,1
2833487,2
283354,42
2833541,6
2833756,1
2834002,6
283416,22
2834309,2
283435,5
2834784,23
2834835,5
2835439,7
2835566,2
2836015,7
283668,5
2837099,5
2837116,1
2837456,2
2838061,2
2838446,2
283847,2
283856,1
283868,6
2839409,1
2839584,2
2839738,29
2839937,1
2839940,5
2840573,1
2840652,3
284079,2
2840877,20
2841189,1
284130,1
2841350,14
2841915,1
2842110,10
284213,1
2842158,1
2842287,3
284249,3
284300,12
2843341,5
2843373,2
28444,5
2844589,1
2844851,2
2844882,1
28449,1
2845035,5
2845332,4
2845425,1
2845618,1
2845836,9
2845843,1
2846300,5
2846402,5
2846633,1
2847366,1
2849006,1
2849208,3
284921,6
2849285,1
28498,1
2849823,2
2849843,1
2849855,5
2849962,1
2849976,1
285012,3
2850202,17
2850767,8
2850960,1
2850986,3
2851436,1
2851692,4
2852344,1
2852508,1
2853269,1
2853417,4
2853623,2
2853750,1
2853897,14
2853908,2
2853985,9
2854412,1
2854452,4
2854662,4
2854753,7
2854885,1
2854947,10
2855085,7
2855243,14
2855982,2
2856002,5
2856513,2
2856704,1
2858262,24
2858560,3
285912,53
2859200,1
285952,1
2859868,15
2860065,1
286013,1
2860537,10
2860547,29
2860725,1
2861113,18
2861277,15
2861296,1
2861373,1
2861522,1
2861935,1
2862260,6
286238,5
2863806,26
2863854,7
2864100,1
2864249,15
2864533,1
286458,27
286535,2
2865908,1
286664,21
2867432,5
2867490,4
2867890,5
2867984,1
2868009,4
2868047,6
2868049,1
2868908,19
2869183,5
2869216,3
286936,2
2870190,1
2870216,1
2870219,5
2871218,21
287203,22
2872797,1
287284,40
2872849,11
287314,4
287350,22
2874001,13
2874109,2
287508,1
2875285,1
2876089,4
2876152,3
287619,1
2876270,1
2876350,4
2877146,1
2877273,1
287735,2
2877397,36
2877463,6
2877633,3
2877917,2
2878352,2
2880224,3
2881690,3
2881811,1
2882005,5
2882191,1
2882317,3
2882600,5
2882756,44
2883223,1
2883293,5
288389,1
2883943,13
2884030,1
2884169,2
288423,1
2884250,2
2884525,13
288483,2
2884848,2
2885085,2
2885374,20
288544,8
2885931,13
2886018,1
2886067,3
2886102,2
2886277,1
2887056,1
2887742,24
288779,2
2887814,9
288796,1
2888034,1
2888091,3
2889900,1
289019,3
28904,2
2890504,3
2890628,2
2890843,5
2890872,21
2891290,7
2891510,3
2891557,4
2892098,2
2892241,1
2892741,19
2892788,1
2892875,4
2893085,46
2893167,1
2893530,5
2893669,4
2893689,2
289397,25
2893998,3
2894193,7
289454,5
2894652,7
2894746,1
289476,4
2895312,3
2895891,1
2896066,1
2896292,16
2896420,1
2896624,8
2896628,7
289668,2
2897171,1
2897206,1
2897562,1
289782,1
2897830,5
2898496,2
2898837,2
2898874,2
2898984,3
2899494,2
2900039,2
2900162,1
290019,4
2900794,7
2901933,1
2902188,2
290220,1
290226,6
2902421,22
2902469,1
290261,8
2902829,3
2902999,2
2903716,1
2903724,14
290384,23
2904525,1
2905202,5
2905372,1
290575,5
2905939,1
2906395,1
2906491,5
2906555,1
2906741,19
2906910,6
2907035,3
2907046,14
2907507,1
2907519,4
2907627,16
2907659,7
2908479,1
2908643,1
290877,1
2908799,1
2909356,8
2909790,1
2910221,1
291026,1
291062,3
2911251,1
2911534,3
2911544,5
291171,10
2912014,1
2912718,1
2913745,1
2914056,11
291429,5
2914396,33
2914412,2
291460,3
291469,1
2914725,1
2915476,1
2915640,8
2915713,3
2915957,7
2916378,17
2916418,1
2916568,19
2916872,1
2917829,1
2918180,1
2918226,1
2919115,1
2920147,20
2920168,16
2920612,6
2920815,1
2921212,2
2921338,1
2921583,3
2921685,1
2921749,3
2921912,1
2922150,6
2922903,8
2923560,1
2923670,7
2923740,4
2923754,5
2923877,10
2924169,1
2924609,1
2924613,5
2924683,21
2924893,1
2925227,1
292749,43
2927904,1
2928690,1
292886,1
2930013,1
293080,1
2930898,2
2930899,4
2931120,1
2931545,5
2932001,1
2932025,3
2932317,1
2933220,1
2933566,2
2934118,2
2934751,9
2934972,1
29351,15
293540,5
293558,1
2935790,2
2935809,6
2936082,65
2936579,1
2936767,20
2937235,1
2937512,24
2937546,2
293798,5
293813,1
2938154,1
293831,1
2938410,1
293846,2
2938560,1
2938572,1
2938805,1
2938808,5
2939011,25
2939515,1
2939523,4
293971,1
2940078,1
294030,19
2940311,1
2940542,2
2940694,1
2940963,5
29411,2
2941487,1
2942864,3
294288,14
2943372,1
2945064,1
294553,7
2945802,1
294608,1
2946121,17
2946748,1
2946911,1
2947388,1
29474,2
2947453,11
2947496,4
2947590,1
294763,1
2947809,1
2948051,5
2948102,2
294812,23
2948221,51
2948677,3
2948788,26
294897,4
2949074,1
29492,49
2949535,1
295005,1
2950748,15
2950894,7
2951891,1
2951974,16
295202,4
2952023,1
2952339,5
2952439,1
2952636,1
2952715,15
2952868,1
2952962,10
2952978,1
2953142,2
295400,5
295412,12
295437,4
2954664,4
2954728,1
29549,4
2954984,2
2955809,1
2956243,1
2956281,2
2956910,1
2956927,3
2957217,1
2957932,185
295794,2
2958081,1
2958714,6
2958749,5
2958795,1
2958855,24
2959042,2
2959125,1
2959188,4
29592,1
2959299,6
2959805,1
2959828,1
295994,2
29601,1
2960454,1
2960965,2
2961104,34
2961331,3
2961485,2
2962428,1
2962603,31
2962778,1
296294,1
2962989,5
296302,1
2963669,1
2963679,1
296384,6
2964289,23
2964543,4
296464,1
2965058,1
2965129,7
2965549,4
2965553,4
2965561,5
29669,1
2966999,2
2967405,3
2967449,5
296795,1
2968237,33
2968508,42
2968546,1
2968840,1
29691,2
2969151,2
2969152,1
296921,1
2969224,5
2969429,1
2969709,5
2969755,4
2969781,1
2970201,21
2970423,1
2970843,37
2971102,1
297127,2
2971848,1
2971867,5
297194,5
2971982,14
2972355,1
297239,18
2972412,1
2972556,1
2972942,1
2973306,8
297361,2
2974460,1
297534,1
297553,1
297573,12
2976095,1
2976340,17
2977176,1
297734,1
2977997,15
2978,42
2978090,120
2978507,77
2978749,17
2979322,1
2979597,6
297979,2
2979817,1
2980130,1
2980283,2
2980458,1
2980751,7
2980752,1
29808,19
2980879,14
2982051,1
298207,1
2982667,4
2983465,1
2983499,3
298353,1
2983787,3
2984429,5
2984626,1
2984808,1
2984877,4
2985332,1
2986007,1
298608,10
2986232,1
2986306,2
2986553,2
2986593,92
298663,13
298695,4
2987187,1
2987467,2
2988197,15
2988319,2
2988351,2
2988445,2
2988517,1
2989134,1
2989421,2
2989945,1
2989979,2
29901,1
2990117,10
2990173,1
2990294,7
2990801,11
2991213,1
2991321,1
2991438,1
2991467,5
2991736,1
2992139,20
299263,4
2992927,1
299300,8
2993953,8
299410,11
2994315,11
2994429,1
2994883,13
299512,5
2995601,1
2996480,1
2996484,1
2996570,2
2996807,3
299732,2
2999143,23
2999689,4
3000149,3
3000506,19
3000697,1
3001426,4
3002624,1
3002997,5
3003331,2
300395,3
30048,1
3005036,1
3005145,1
3005485,2
300558,32
3005619,3
300607,1
300612,20
3006816,4
3006911,1
3007094,2
3007350,7
3007620,1
3007713,17
3007763,1
30081,1
3008201,1
3008756,2
30088,42
3008952,1
3009345,38
3009729,1
3010585,1
3010898,1
301128,3
3011757,2
3012096,3
3012585,16
3012609,1
3012693,23
3012997,2
3013005,4
3013228,2
3013244,4
3013414,1
3014073,1
3014509,3
3016242,1
3016609,2
3016619,1
3016997,1
3017097,2
301738,3
301752,5
301772,2
3017912,5
3018142,1
3018440,20
3018969,1
3018984,1
3019023,16
3019363,3
3019590,3
301968,5
3019875,9
3020,1
3020396,19
3021625,1
3021828,33
3021992,1
3022380,1
3022491,2
302255,2
3022865,1
3022963,3
3022988,1
3023034,1
3023770,3
3023786,7
3023860,1
3024649,1
3024720,1
3024764,1
3025042,2
3025117,1
302614,1
3026162,1
3026580,1
302661,25
302679,2
3026903,1
3027088,41
3027089,2
3027651,2
3027820,9
3027899,1
3028080,1
3028136,1
3028639,2
302903,3
3029124,5
302936,1
302944,27
3029454,13
302954,1
302961,40
3029764,4
3029829,1
3030268,1
3030299,21
3030364,8
3030393,2
303118,8
3032065,2
3032137,2
303216,4
3032425,5
3032490,1
3033049,12
3033304,1
3033415,11
3033771,1
303378,2
30339,23
3034236,27
303428,1
303430,1
3034390,21
3034527,1
3034645,1
3034730,6
3034852,32
303491,1
3035074,2
3035139,4
3035489,5
3035574,32
3035640,2
3036673,2
3036682,1
3036994,9
3037027,5
3037198,1
3037240,71
3037326,25
303799,40
3038147,3
3038340,1
3038763,1
303884,2
3039047,1
3039470,13
3039696,1
303976,17
3039972,5
3040004,3
3040180,31
3040292,5
3040827,3
3041192,1
3041247,2
3041658,20
3041691,5
304181,9
3041830,60
3041926,20
3041973,3
3042174,5
3042319,2
3042659,1
3042698,1
3042815,1
3043213,20
3043544,3
3043636,2
3043656,1
3043666,7
3044005,5
304410,4
3044152,4
3044208,21
3044367,1
304466,1
3044881,3
3044981,1
30450,1
3045142,5
304549,11
3045739,20
3046227,1
3046357,49
304651,2
3046550,1
3046739,1
3046803,1
304696,3
3047093,1
3047412,1
304747,1
3047588,2
3048407,1
304858,2
3048694,1
3048945,5
3048978,13
304913,1
3049174,4
3050111,24
305022,1
3050602,2
3050622,14
305078,1
3050913,1
30511,8
3051321,1
3051572,1
3051626,3
3051678,1
3051915,14
3052148,1
305224,4
3052380,1
3052519,1
3053492,5
305366,4
3054155,1
3054183,30
3054526,4
3054621,1
3054628,2
3054789,1
305501,16
305524,11
305590,7
3055914,2
3056276,5
3056558,1
305716,1
3057179,5
3057250,1
3057266,5
3057529,1
3058098,1
3058198,1
305828,5
305830,12
3058340,1
305860,7
3058801,3
3059005,10
3059127,14
3059319,2
3059383,1
3059429,1
30602,30
3060558,2
3060567,2
306090,1
3060962,6
30614,2
3061415,1
3062315,18
3062374,1
306296,4
30632,3
306377,7
3063791,1
3063842,2
3064218,3
3064434,2
3064529,1
3064638,3
3064661,1
3065357,2
30660,1
3066148,1
3066287,1
3066531,1
3066630,1
306846,1
3068614,5
3068703,3
3068722,5
3068791,2
3069011,1
306928,5
3069287,3
3069292,17
3069605,4
3069749,14
306977,140
3070181,1
3070782,20
3070940,1
307096,7
307107,24
3071185,4
3071187,3
3071193,8
3071323,5
3071392,2
3071509,3
3071683,1
3071910,1
3071967,1
307204,6
3072196,4
3072508,1
3072569,2
307263,3
3072632,1
3072987,6
307324,1
3073400,1
307343,1
3073496,32
307357,6
307428,7
3074303,1
307451,2
307464,3
3074666,1
3074975,1
3075018,46
307516,2
30755,2
3075502,1
3075680,1
307672,1
3076919,1
3077025,1
307715,1
3077194,5
3077395,2
3077418,2
3077974,1
307835,1
3078370,4
3078447,8
3078591,2
3078710,10
307926,5
307939,5
3079498,5
3079820,2
307989,22
3079894,1
3079970,21
3080196,1
3080247,22
3080421,7
3080676,1
3080725,1
3081308,5
3081446,1
3081514,1
3081580,1
308167,2
3081871,4
30824,4
3082565,17
308271,2
3083751,2
3083860,43
3084082,1
3084108,1
3084689,1
3084798,4
3084982,1
3085015,6
30852,1
3085331,7
3085386,1
3085596,1
3086055,5
3086379,1
3086523,5
3086548,1
3086987,15
3087099,1
3087130,7
308717,2
3087279,10
308740,19
30877,3
3087845,11
30885,2
3088657,1
30888,120
3089214,4
3089226,2
3089380,2
30894,1
308975,5
3090155,14
309079,1
3091072,5
3091208,1
3091381,1
3091401,54
3091450,7
3091616,1
3091630,23
309168,1
30920,2
309227,3
3092381,3
309259,2
3092627,41
3092948,2
3093026,2
309306,1
3093339,10
309340,1
3093634,6
3094023,8
3094497,21
3094722,1
309489,1
3094973,5
3095026,22
3095192,66
3095347,2
309535,2
3095497,20
3095506,4
3095550,1
3095555,1
3096128,3
3096143,4
30968,1
3096835,3
3096840,2
3096906,7
3096981,1
3097967,3
3098261,5
30985,1
3098886,14
3098968,1
3099,7
3099379,5
309939,2
309979,1
3099855,1
31,190
310023,2
3100652,18
310084,1
3101071,1
310122,2
310124,4
3101487,1
3102002,3
310236,1
3102381,2
3102406,10
310248,8
310258,3
3102713,3
31029,19
3103229,4
3103265,1
3103830,3
3103893,1
3103985,1
310405,1
3104067,5
3104119,1
310414,3
3104323,35
3104663,2
3104771,2
3104883,1
3105354,5
3105411,8
310547,3
3105566,1
3105914,1
3106279,1
3106319,5
310650,1
3106539,36
310655,1
3106643,1
3107001,1
3107040,1
3107066,1
3107231,13
310725,1
310729,4
3107488,1
310791,5
310862,27
3108663,31
3108854,24
3108875,3
310891,2
3109100,2
310932,1
3109457,1
3109646,2
3109973,5
311,116
3110195,2
3110231,1
3110367,5
3110556,1
3110826,1
3112212,1
3112446,43
3112465,1
3112749,3
3112778,8
3112953,1
31130,5
3113190,1
311327,4
3113716,1
311402,9
3114045,22
3114729,1
3114992,3
3115459,1
3115570,22
311589,1
3116924,4
3117381,9
3117678,3
3117756,1
3118264,1
3118526,20
3118766,1
311882,1
3118890,19
3119037,3
3119304,7
31194,15
311962,1
3119675,1
3119702,1
311994,1
3120129,1
3120309,1
3120319,2
3120815,1
312090,2
312132,5
3121489,5
3121529,6
312157,1
3121897,1
3121971,5
3122051,1
3122321,3
312243,28
312245,1
312266,3
3122790,15
3123277,1
3123827,4
3123909,1
3124285,3
3124366,1
3124434,29
312445,1
3124538,1
3124661,2
312492,1
3125028,7
312511,38
3125350,2
3125539,2
3125618,1
3125854,8
3125861,7
312594,3
3126032,1
3126090,22
3126225,3
312650,57
3126524,1
3126706,2
3127150,1
312721,1
3127226,2
312769,18
31278,1
312804,6
3128086,4
3128425,6
3128775,6
3128840,1
3129504,1
3129760,1
312987,8
312996,1
3130072,12
313008,21
3130111,1
3130315,1
313039,1
313044,11
3130588,6
3131159,1
3131194,3
3131346,4
3131486,2
3131586,1
3131774,13
31320,1
313204,92
313212,1
3132194,9
3132372,1
3132583,1
31328,3
3132916,2
3133677,1
3133905,6
3134447,8
3134504,1
313457,20
3135160,1
3135200,5
3135269,1
3135602,2
3135711,1
3135765,5
3135821,1
3135878,2
313593,1
3136244,2
3136343,1
3136511,6
3137380,52
3137439,22
3137820,1
3137897,1
3137938,1
3138169,1
313841,3
3138435,1
3138772,6
3138999,1
3139180,5
313958,3
313962,5
3139645,1
3139833,4
3140041,24
3140078,9
3140451,3
3140929,4
3140982,33
314140,1
3141797,11
3142214,4
3142240,2
3142457,1
3142520,1
3143013,5
314308,4
3143127,1
3143142,1
3143345,20
314352,1
3143532,1
3143685,4
3143751,1
3143760,8
314429,6
3144380,1
3144393,4
314515,1
3145546,13
314557,3
3145844,3
3146,23
3146249,5
3146432,5
3146486,1
314668,22
314689,1
3146890,1
3147118,8
3148745,1
3148969,17
3149017,1
3149114,4
3149171,1
3149535,2
3149639,2
3150020,29
3150195,26
3150348,1
3150383,1
3150822,38
3151002,1
31511,45
3151172,2
3151865,4
3151892,6
315196,5
3152110,1
31523,20
3152427,2
3152446,9
3153250,32
3153409,1
3153850,27
3154073,24
3154363,1
3154927,1
315543,3
3155448,5
3155503,13
3155550,1
3155804,4
315605,2
3156218,19
3156490,1
3156594,1
3156605,1
315696,2
3157069,2
3157087,5
3157198,23
3157655,4
3157659,2
3157798,4
3158323,2
315838,5
31585,6
3158550,2
3158848,1
3159380,1
315999,1
316018,20
3160403,3
316049,3
3160786,2
3160843,1
316113,2
3161175,68
3161378,2
3161507,4
3162120,1
3162263,1
3162309,3
3162410,1
3162504,1
3163100,13
3163463,1
3163528,18
3163800,1
3164073,4
3164269,1
3164549,1
3165005,1
3165363,5
3165951,4
31661,40
3166197,1
3166199,5
3167246,5
3167327,22
316756,1
3167635,1
31677,4
3167748,1
3168154,5
3168183,2
3168636,26
3168811,15
3168869,20
31690,21
3169267,1
3169334,1
3169375,3
3169571,3
3169736,7
3169901,1
3170090,1
3170100,3
3170126,2
3170353,1
3170496,38
3170513,3
3170639,13
317072,2
3171450,6
3171650,4
3171735,1
3172386,1
3172640,1
3172753,1
3173095,24
3173270,4
3173579,3
3174259,12
3174571,12
317465,2
3175683,1
3176035,2
3176277,2
3176332,21
3176365,7
3176419,4
3176478,7
3176607,42
317668,2
3176929,18
3176969,5
317730,5
3177779,3
3178141,2
3178345,1
3178777,1
3179145,1
3179296,2
3179439,33
3179531,5
3179646,2
317996,1
3180122,1
3180365,4
3180439,19
3180452,3
3180663,2
3180834,1
3181017,1
3181104,1
3181287,17
3182065,12
3182355,5
3182533,2
3183061,2
3183137,1
3183234,1
3183310,1
3183603,2
3183855,19
3184273,1
3184960,1
3185415,6
3185648,7
3185795,1
3186007,2
3186099,2
3186909,1
3187016,2
3187332,5
3187404,16
3187945,1
3188058,1
3188307,1
3188620,2
3189085,1
3189133,6
3189160,1
3189326,1
3189344,1
3189976,8
3190092,1
3190677,5
3191154,4
3191537,5
3191779,2
3191870,7
3191972,10
3192976,31
3193077,2
3193484,4
3194112,1
3194162,42
3194201,2
319452,18
3194734,28
3195172,5
31952,3
3195403,1
3195479,5
3195518,4
3195684,4
3195811,1
319596,1
3196102,17
31962,2
3196427,38
31965,9
319666,1
3197094,4
3197685,3
31984,1
319856,2
3198754,1
3199213,18
3199247,20
3199321,7
3199370,1
3199598,1
3199624,2
3199709,2
3200281,1
3200305,3
3200527,2
320054,1
3200727,2
3200993,16
3201032,34
3201223,2
320128,1
3201315,1
3201379,1
320174,1
3202158,1
3202317,1
3202687,3
3202797,25
3202892,1
3203189,1
3203318,19
3203444,12
3203546,1
3203807,1
3204060,5
3204082,1
32043,7
3204649,4
320489,2
3205140,20
320521,1
3205412,5
320562,210
3205733,1
3207484,1
320766,11
3207681,5
3207870,2
3207957,1
3208326,1
3208655,15
320874,1
3208885,21
3209047,14
32094,21
3209649,1
3209816,52
321019,51
3210261,18
3210309,6
321052,2
3210545,20
3210682,1
3211190,2
321126,19
3211297,2
321153,1
321184,32
321212,3
3212271,1
3212455,2
3212559,1
3213114,2
3213608,1
3214283,2
321440,17
3214689,15
321485,1
3214947,4
3215081,1
3215683,1
3215932,7
3216139,2
3216166,1
3216256,3
321627,145
3216382,1
3216700,12
3216732,5
3216932,3
3217055,1
3217076,2
3217124,1
3217467,8
3217581,23
321762,4
3217748,5
3217960,17
3218078,14
3218146,1
321865,30
321872,1
321876,1
321908,1
3219084,1
3219198,1
32192,5
3219351,3
3219416,1
321949,1
3219600,1
322021,2
3220281,1
3220372,1
322098,20
3221475,14
3221674,6
3221717,15
3221748,3
3221832,1
3221860,1
322208,8
322224,19
3222443,23
3222547,1
3222771,1
322279,5
3222905,17
3223087,4
3223364,4
3224155,1
3224270,5
322450,3
3224608,19
322498,1
3225023,1
322512,5
322550,1
3225674,1
3225770,7
3225790,5
3225823,5
322587,6
322605,3
3226175,11
322659,4
3226613,1
3226914,5
3226957,15
322800,1
3228252,17
322868,2
3228725,2
3228761,3
322877,2
3229189,5
3229262,2
3229408,2
322942,2
322959,107
3229613,12
3229728,1
322975,8
3230,2
323035,59
323038,1
3230758,5
3230911,12
323094,17
3230951,4
3231005,21
323122,4
3231356,1
323247,3
323294,1
323303,5
323389,64
3234232,4
3234333,18
323443,5
32347,14
3234867,2
3234961,1
323499,1
323506,1
3235069,5
323515,1
3235480,4
3235627,3
323571,2
3235720,1
3235737,3
3235821,1
3235824,1
3236008,1
3236152,1
3236319,3
3236581,1
3236867,1
323717,1
323720,1
3237412,5
3237490,4
3237801,5
3237825,1
3237960,1
3238275,19
3238447,4
3238959,1
3239010,1
3239481,43
3239636,3
323969,15
32399,19
3240277,5
324028,84
3240550,1
3240598,39
3240763,25
3240913,2
3240955,17
32412,1
3241509,1
3241572,1
3241740,2
3241878,5
324206,1
3242117,10
3242178,1
3242576,20
3242606,8
3242634,22
324306,8
3243493,1
3244309,3
32444,3
324455,8
3244698,1
324479,1
324486,34
324511,5
324569,1
324608,1
324660,13
32469,10
324762,11
324884,23
324902,1
325056,1
3251016,1
3251408,1
3251474,2
325181,1
3251991,1
3252217,3
325224,1
3252497,1
3252560,2
325320,44
3253748,2
3253903,2
3253927,1
3254156,1
3254167,1
3254234,1
325425,9
3254258,47
3254361,5
3254660,1
3254901,2
3255101,3
3255192,2
3255367,1
3255373,5
325539,1
3255419,11
3255507,17
3255509,4
325553,25
3255864,23
3255989,9
3256084,2
325614,1
3256194,1
3256303,1
3256740,1
3257061,6
325707,5
3257389,34
3257460,12
3258052,1
3258053,2
3258094,1
325857,6
3258656,6
3258661,1
3258872,7
3258913,6
325917,5
3259454,1
3259483,5
3259725,5
3259740,20
3259817,1
3260629,1
3260853,1
3260995,1
3261155,26
3261541,9
3261604,9
326187,20
326194,4
3262030,1
3262110,49
326239,4
3262899,6
3263188,3
32632,1
3263706,48
3263764,3
3264064,1
3264257,6
3264517,1
3264566,8
3264646,1
3264811,21
3265399,2
3265593,3
3265997,1
3266461,8
3266587,10
3266959,2
3266977,5
3267019,30
3267535,1
3267777,1
3267804,1
3268318,1
3268808,1
3269327,1
3269592,1
3270067,1
3270365,1
3270476,3
3270495,1
3270767,2
32713,5
3271336,8
327158,4
3271700,1
3271965,7
3272174,2
3272513,8
3273217,2
3273348,1
3273703,1
3273776,5
3273857,5
327427,7
3274495,1
3274887,2
3275084,4
3275146,1
3275791,1
3275799,3
3275806,7
3275820,5
3276477,2
32765,2
3277244,15
3277421,2
3278167,5
3278852,1
3278913,1
3278923,1
3278928,11
3279118,3
3279132,1
3279148,6
3279657,1
3279925,1
3280221,19
3280238,55
3280351,1
3280854,3
3280884,36
3281133,1
3281155,4
3282143,30
328215,3
3282319,1
3282580,2
328298,1
3283103,9
3283346,3
3283471,3
3283580,11
3283761,1
3284012,36
328455,25
3284667,4
3284883,1
3285035,5
32860,3
3286144,2
32866,1
3286851,3
3287119,40
3287210,11
3287321,2
3287431,7
3287686,2
328781,2
328834,1
3288456,4
3288556,3
3288630,10
3288649,5
3288714,8
3288768,1
3289373,12
3289746,4
3289882,150
329002,4
329007,2
3290529,3
3291213,2
3291452,6
3291665,1
329200,21
3292120,41
329215,2
3292347,2
3292786,21
329301,2
3293416,4
3293632,6
3293646,1
329375,1
3293825,1
329383,10
3294374,4
3294526,5
3294555,1
329461,9
3294766,1
3294843,11
3295220,1
3295293,4
329534,16
3295424,2
3295980,1
3296784,4
3296895,21
329692,3
3297015,9
3297415,1
3297453,6
3297454,1
329779,1
3298114,2
3298262,1
3298519,3
3298742,1
3298858,1
3298883,6
3299040,4
329909,1
3300250,2
3300424,19
3300974,1
3300999,2
3301172,1
3301504,1
3301706,2
3301795,1
3301961,1
3301984,1
3302020,2
3302236,21
3302345,1
330238,24
3302462,1
3302522,2
3302661,12
3302999,2
3303238,5
330325,1
3303375,2
3303557,13
3303687,4
3303689,5
3303895,1
3304076,5
3304215,30
3304337,49
3304406,1
3304705,1
3304723,6
3305069,7
3305075,29
3305147,1
3305153,1
3305222,3
330528,2
3305300,1
3305381,2
330556,32
3305726,2
3305800,1
3305822,4
3306228,13
3306288,19
3306302,2
33064,1
330646,3
3306815,36
330717,9
3307551,18
3307901,1
3308115,2
3308253,60
3308350,5
3308376,32
3308456,2
3308632,1
3309008,1
3309043,1
330906,3
3309070,1
3309104,2
33092,1
3309406,1
3309835,7
3309906,4
331007,20
3310237,1
3310276,2
3310571,1
3310767,3
3311105,5
3311214,1
3311330,13
3311382,2
3311503,10
3311971,5
3312295,2
3312347,1
3312620,1
331263,3
3312990,3
3313244,1
33135,1
3313549,1
3313613,3
331364,18
3313868,2
331392,5
3314199,5
3314220,9
3314228,1
3314700,4
3314723,2
331487,1
3314897,8
33149,5
331515,2
3315273,1
3315336,11
3315446,6
3315611,2
3315647,8
3315835,3
3316061,1
3316347,1
3316857,3
3317098,5
3317135,1
3317626,51
3317668,3
3318227,1
3319,1
3319605,51
3319609,1
3319692,3
3319891,18
3320011,5
332025,5
3320465,4
3320579,19
332101,12
3321094,4
3321102,25
3321283,1
3321730,20
3321804,117
3322185,1
3322347,4
3322386,2
3322895,1
332296,3
3323058,1
3323193,27
3323715,6
3323750,6
3323816,5
332412,2
332417,1
332426,5
3324294,2
3324401,1
3324485,1
332463,1
3324735,4
3325376,12
3325987,1
3326194,108
3326628,2
3326954,2
3327115,4
3327322,15
3327447,3
3327525,35
3327551,3
3327574,4
3327995,2
3327998,9
3328202,1
3328252,6
332828,2
3328352,1
3328405,1
3328406,50
3328474,3
3328576,21
3328621,1
3328706,1
332898,4
332926,1
3329549,1
3329614,24
3330127,1
333017,4
3331085,3
3331132,3
3331304,1
3332121,1
3332179,1
3332632,10
333271,41
3332737,2
3332857,1
3333410,1
3333586,1
3333822,1
3333828,1
3333850,1
3333892,2
333433,2
333440,2
3334629,1
3335036,3
3335414,2
333569,27
3335707,1
33360,2
3336868,1
3337059,1
333710,4
3337956,5
3338002,1
3338227,1
333841,9
3339087,3
3339476,1
3339612,1
3339634,2
333981,6
3339821,1
3339979,1
3340003,2
3340112,5
334054,2
3340566,1
334081,14
3340842,1
3340908,6
3340927,13
3341019,11
3341087,29
3341226,3
3341625,2
3341629,22
3341669,1
3342101,6
3342758,6
3343210,1
3343447,3
3343627,3
334402,179
3344221,1
3344447,4
3344619,4
3344989,1
3345162,3
3345417,4
3345906,1
3345962,1
3346026,26
3346345,1
3346536,15
3346745,7
3346882,3
3346905,1
334693,7
3347025,1
3347054,9
3347072,3
334732,1
3347376,5
334758,3
3347890,1
3348145,3
334833,3
3348364,1
3348417,1
3348663,5
334939,5
3349525,10
3349649,3
3349663,179
3349905,4
3349961,23
3350305,31
3350805,49
3350857,4
335125,2
3351436,2
3351693,1
3351785,1
3352052,1
3352424,6
3352428,8
3352494,2
335263,1
3352658,6
3352869,5
3353151,2
3353467,1
335363,4
3353723,1
3354127,1
3354183,5
3354419,15
335446,5
33553,17
3355318,3
3355827,1
335591,2
3356235,1
335630,1
3356532,7
3356879,3
3357031,3
3357174,2
3357224,1
3357345,1
3357429,10
3357678,20
3357707,5
3358205,1
3358407,1
3358436,3
3358457,6
3358596,1
335862,3
3359414,3
335996,1
336012,17
3360153,14
3360165,4
3360246,7
3360255,1
3360386,30
3360587,5
336082,1
3361443,1
336168,1
3361845,1
3361992,1
3362441,1
3362636,4
3362697,3
3362876,1
3363031,1
3363243,1
3363534,26
336373,20
3363869,2
3363878,3
336437,33
33645,7
3364734,22
3365057,1
3365092,1
33651,5
3365126,1
3365300,1
3365478,5
336550,1
336620,21
3366717,23
3366920,3
3366960,3
3367558,1
33676,4
3367713,4
3367821,3
3367970,1
3367971,3
3368069,3
3368761,4
3368822,3
3369011,31
336919,1
3369301,1
336994,1
3370035,5
3370058,4
3370728,120
337076,4
3370841,1
3371027,4
3371289,29
3371705,1
3371803,1
3371842,11
3371976,2
3372168,2
3372472,1
337257,4
3372832,5
3372927,1
3373241,1
3373453,2
3373733,24
3373765,12
3373898,4
3373931,2
3373968,2
3374426,1
3374467,3
3374661,2
33750,1
3375006,32
3375108,1
3375223,6
337525,4
3375444,3
3376221,8
3376443,5
3376540,1
3376767,3
3376905,2
3376985,3
3377253,3
3377693,9
3377764,1
3378509,13
3378979,1
3379057,5
3379209,1
3379515,1
3379637,3
3380277,2
3380298,1
3380568,17
338061,1
3380623,1
3380753,20
3380806,1
3380954,20
3381213,1
3382321,3
3382325,1
3382939,170
3383046,1
338310,4
3383368,52
338380,2
3384001,16
3384096,2
3384148,6
3384164,2
3384578,1
33846,1
338528,1
3385491,4
33856,14
338569,5
338573,2
3385868,1
3386077,3
3386150,4
3386169,2
338619,6
3386417,1
3386584,8
3386629,1
3386801,7
3386859,2
3386873,2
3387093,3
3387537,4
3388116,1
3388160,2
3388343,1
3388797,83
3389181,17
3389566,1
3389646,3
3389989,6
3390184,1
3390389,33
3390652,61
3390933,1
3390969,1
339108,5
3391123,8
339142,21
3391421,23
3391874,1
33919,1
339223,1
3392450,15
3392601,1
3392730,1
3392870,5
3393502,3
3394149,1
3394407,18
3394419,22
339495,7
3395152,1
3395322,18
3395588,3
339572,16
3396326,19
3396707,2
339690,2
3397123,4
3397450,1
3398210,22
3398257,2
3398315,1
3398599,8
3398836,44
3398870,6
339891,2
3398912,1
3399100,1
3399368,1
3399507,2
3399762,4
3400118,5
3400177,1
3400332,6
34008,2
3401074,6
3401271,1
3401464,11
3401479,27
3401701,3
3401890,1
3402024,6
340206,7
3402183,5
3402321,23
3402380,54
3402624,1
3402754,22
3404093,1
3404220,9
3404415,1
3404468,1
3404559,7
3404703,7
3404709,1
3405171,33
3405388,1
3405433,3
3406069,1
340629,7
3406292,3
3407413,4
3408128,1
3408365,80
3409162,2
3409471,1
3409578,2
3409600,5
3409643,2
3409798,4
3410144,3
34102,1
3410479,1
3410605,2
3410618,2
3410674,1
3411504,1
3411657,20
3411791,20
3411865,7
3411944,6
3412068,1
341248,5
3413699,1
3413767,8
3414005,8
3414008,2
3414583,31
341500,79
3415334,1
3415469,1
3415507,1
341580,1
3416174,1
3416177,2
3416244,3
3416365,2
3416413,74
3416435,2
3417120,1
341719,9
3417208,21
341756,6
3417995,3
341828,2
3418295,5
3418485,2
341864,5
3418840,3
341899,5
3419109,5
3419197,8
3419239,2
3419659,12
3419661,45
3419936,1
3420091,35
3420330,9
3420458,6
3420516,6
3420914,2
342105,9
3421098,4
3421158,1
342119,1
342120,28
3421673,3
3421749,1
3421943,4
3422237,2
342230,5
3422353,1
3422365,6
3422565,12
3422705,2
342287,1
3423012,4
342349,1
3423828,1
342391,1
3423999,1
342400,2
3424092,20
3424355,1
3424536,7
3424877,1
3424886,19
3425441,1
3425741,1
3425750,1
3425816,1
3426419,1
342683,2
3426971,2
342719,5
342730,3
3427336,1
3427747,21
3427755,2
342779,3
3427991,5
342896,5
3429019,2
342908,5
342915,1
3429222,1
3429830,9
3429914,1
3429932,5
3429971,4
343005,4
3430192,12
3430440,16
3430470,2
3430599,1
3430724,2
3430741,1
3430850,1
3431187,3
3431687,6
343187,5
3432500,1
3432661,4
3433050,3
3433089,3
3433153,2
3433216,3
343326,9
343330,2
3433664,2
3434220,3
3434593,12
3434875,3
3435258,1
3435326,5
343553,2
343564,22
343636,20
3436614,2
3436638,1
3436846,2
3436954,63
3437444,1
3437660,8
3437940,23
3438274,13
343844,9
34385,4
343852,1
343861,1
343883,3
3439012,7
343909,1
3439188,14
343934,40
3439542,9
3439738,9
3439760,10
3439974,1
3440283,1
3440743,1
3440978,2
3441017,7
3441111,7
3441156,1
3441171,1
3441245,3
344145,1
3441548,1
3441558,5
3442100,6
3442258,1
3442269,11
3442455,1
3442741,4
3442781,1
3443143,1
344334,2
3443343,7
3443470,1
3443561,3
3443609,20
3443950,1
3444097,2
3444243,6
3444274,7
3444496,7
3444985,4
344501,4
3445342,3
3445434,2
3445499,10
344572,1
344601,1
3446087,10
3446148,4
3446177,8
3446346,3
344643,3
3446533,1
3446608,2
3446709,1
3446712,7
3446721,1
344701,1
3447086,5
3447103,1
3447208,2
3447564,1
3448418,12
344852,3
3448597,14
3448656,2
3448896,14
3449270,14
3449465,3
34496,25
344989,3
3450351,1
3450514,12
3450579,1
3450778,3
3450986,5
3451247,1
3451454,7
3451634,5
3451691,12
345212,18
345230,24
345233,1
3452443,5
3452529,1
345259,1
3452654,1
3452986,29
3453204,1
3453303,1
3453382,1
3453403,8
3453413,7
3453522,79
3453523,5
3453817,1
3453957,1
3454148,2
3454195,1
3454233,1
3454445,2
3454618,1
3454664,3
3454696,3
345557,13
3455589,1
3456449,11
3456582,4
3456637,1
3456639,1
3457037,1
3457058,1
3457770,1
3458035,5
3458067,2
34582,7
3458207,1
3458626,1
3458669,9
345892,1
3459002,12
3459334,1
3459542,21
3459788,6
3459796,1
3459812,2
3459815,2
3459825,9
3459870,3
345996,5
3460091,5
346044,2
3460492,6
3460588,40
3460784,13
3461001,1
3461169,15
3461877,1
3461912,4
3462268,4
3462354,4
3462424,1
3462584,1
3462723,4
3462756,1
3462891,1
3462947,1
3463061,3
346341,4
3463444,3
3463703,6
3463775,8
3463925,7
3464048,105
3464179,2
3464346,2
3464657,2
3464851,2
3464893,1
3465081,1
3465487,21
3465556,23
3465560,2
3465636,1
3465716,17
346580,2
3465868,31
3466208,3
3466238,2
3466631,3
3467120,1
3467253,1
3467290,29
3467531,2
3467550,2
3467956,22
3467962,1
3468006,37
3468143,2
3469041,1
3469074,3
3469160,3
3469188,2
3469427,4
3469445,4
3469876,22
347058,3
347059,1
3470735,3
3471173,1
3471656,11
3471805,2
347191,52
3472509,15
347272,3
3472969,5
347297,5
3472982,1
3473053,1
3473311,4
3473386,21
347346,1
3473590,5
3473681,1
3474212,2
3474547,2
3474703,1
3474770,112
34749,3
3474981,1
3475294,1
3475301,3
3475377,6
3475380,12
3475474,1
3475486,5
3475527,1
3475593,3
3476115,3
3476265,1
347674,1
3477,1
3477917,1
347817,2
3478200,20
3478451,2
3478554,18
3478934,3
3479021,1
347957,21
3479893,2
3480969,6
3481209,4
348158,13
3481665,3
348168,18
3481717,9
348179,1
3481797,6
3482217,1
3482813,19
3483011,13
348307,2
3483302,2
348385,3
3484099,2
3484653,24
3484740,4
348548,4
3485491,1
348555,1
348561,13
3486534,1
348714,30
348724,18
3487629,6
3488038,1
3488043,6
3488105,29
3488248,1
3488599,1
3488700,2
3488896,10
348928,28
3489738,1
3489820,4
3490181,2
3490472,2
3490589,4
3491038,20
349136,2
349157,1
3491637,1
3492172,14
3492374,4
3492529,25
3492710,21
3493052,28
3493312,12
349384,1
349399,2
3494372,9
3494463,1
3494476,11
3494496,19
349468,2
3494717,45
349492,2
3495051,1
3495275,13
3495417,8
3495464,2
3495549,6
3495675,2
3496135,59
3496237,1
34965,1
349657,1
3496664,1
3496792,9
349685,2
3497789,1
3497844,1
3497942,4
3497996,21
3498479,1
349857,30
349865,2
3499538,22
3499618,2
349971,1
3499772,9
3499788,1
3499817,2
3500093,2
350031,5
350050,18
3500516,5
3500659,3
350068,1
3500800,23
3500957,5
3501034,1
350105,28
3501056,9
35011,1
3501397,1
350159,27
3501614,1
350179,6
3501861,2
3501963,1
3502017,2
350232,1
3502387,5
3502530,1
3502903,4
3502910,1
3503044,46
350330,5
3503347,4
3503473,2
3503807,3
350428,14
350441,57
3504786,1
3504967,6
3505001,1
3505648,1
3505727,5
350623,17
3506358,21
3506368,1
3506597,1
350704,2
3507045,1
3507194,22
3507215,13
3508121,5
3508515,4
3508572,4
3508916,1
350895,5
3509089,1
350912,2
3509122,5
3509234,4
3509266,6
3509624,10
3509764,1
3510122,29
3510759,1
3510999,35
3511209,22
351134,4
3511652,1
3512737,3
3512886,1
3512975,2
3512980,1
3513207,5
3514122,2
3514156,2
3514237,3
351439,12
3514506,1
3514562,5
351499,1
3514998,1
3515177,29
3515295,13
3515441,17
3515605,1
3515694,2
3515822,5
351584,1
3516392,5
3516510,2
351679,1
3517218,1
351722,1
3517545,5
3517762,1
3517850,1
3517893,4
3517942,1
3518050,4
3518074,1
3518093,6
3518342,1
3518636,1
3518701,1
3518874,7
3518949,20
3518954,2
3519060,7
3519474,21
3519664,3
351969,8
351973,5
3519962,14
3520247,26
3520349,1
3520410,6
3520578,14
3520623,47
3520675,29
3520739,1
352079,4
352095,12
3521016,6
35211,41
3521449,4
3521773,17
3521934,23
3522130,2
3522399,1
3522473,4
352250,1
3523130,43
3523249,1
3523272,4
3523323,5
3523348,50
3523453,4
3523800,4
3524078,1
3524875,15
3524928,1
3525042,1
3525259,1
3525465,1
3525525,1
3525626,2
3525908,22
352645,1
352647,1
3526839,2
3527289,3
3527412,38
3527710,4
3527716,3
3527753,5
352782,1
3527893,5
3527938,7
352807,5
3528087,2
3528323,1
3528567,2
3529244,1
3529968,3
3530337,1
3530370,5
3530831,3
3531156,2
3531443,1
353154,1
3531645,1
353168,2
353169,1
3531951,2
3532038,2
3532082,9
353218,9
353228,17
353285,1
35332,24
3533441,17
3533531,5
3533919,2
3533932,1
353404,78
3534146,5
3534338,1
3534634,1
3534741,3
353507,2
3535121,1
3535359,15
3535440,21
353574,2
353595,107
3536080,1
3536174,1
3536222,2
35363,1
353632,1
353653,8
3536655,2
353680,2
3536815,2
3536932,1
3537077,1
3537207,2
3537405,1
3537409,6
3537421,3
3537530,1
3537892,2
3537934,1
3538166,1
3538196,1
3538489,1
3538752,2
3538801,1
3538924,3
3539144,1
3539173,5
3539443,1
3539731,11
3539985,1
3540159,2
3540251,3
354072,1
3540799,7
3540835,2
354086,3
3541002,8
354110,4
3541287,1
3541347,4
3541846,3
3541851,50
3542166,1
35422,11
354233,1
3542699,123
354287,1
3542894,4
3542947,12
3543158,1
3543525,3
3543714,8
3543959,1
3544395,1
354446,2
3544500,4
3544726,4
3544966,1
3545098,2
3545288,4
35454,2
3545668,23
3545999,2
3546156,1
3546191,6
3546342,1
354656,1
3546638,3
3546778,1
3547046,2
3547133,2
3547192,22
35472,3
3547653,1
354772,3
3547772,1
3547863,15
3548033,1
3548059,1
3548173,4
3548303,17
35485,1
3548783,6
354886,6
3549125,3
3549635,2
3549647,1
3549669,1
3549997,1
3550259,4
3550399,9
3550758,5
3551137,1
3551770,2
3551798,1
355194,1
3552422,2
3552557,9
3552805,1
3552847,5
3552872,2
3552997,2
3553055,5
3553125,1
3553313,3
355338,20
3554006,2
355407,1
355415,3
3554301,3
3554899,2
3554965,2
3555022,3
3555037,1
3555044,4
3555341,1
3555394,5
3556033,1
3556561,20
355717,6
3557347,1
3557523,8
35577,1
3557766,5
3557887,1
3558141,3
3558516,5
3558526,5
3558684,5
3558900,1
355925,3
3559385,3
3559401,17
3559475,20
3559489,3
3559686,5
3560103,22
3560765,1
3560898,6
3560934,1
3561017,45
3562127,5
3562331,1
3562442,1
3562454,1
3562648,7
3563011,1
3563030,9
3563039,5
356312,1
3563213,51
3563587,4
3563626,3
3564022,1
3564266,1
3564413,1
3564497,4
3564541,1
3565537,1
3565669,7
3565674,3
3565680,2
3566673,2
3567374,1
3567660,4
356867,3
3568740,2
3568981,11
3569280,2
3569415,5
3569438,1
3569553,5
356959,1
3569655,3
3569830,2
356998,1
357002,1
3570289,2
3570331,22
3570650,1
3570749,3
3570966,2
35710,1
3571022,9
3571524,2
3571565,1
3571756,4
3572021,1
3572567,33
3572613,1
3572895,1
3573172,2
3573233,1
3573292,6
3573667,3
3573900,15
3574071,1
3574097,3
3574177,1
3574285,13
3574409,3
3574440,1
3574486,3
3574583,1
3574604,1
3575368,2
3575955,4
3575987,1
357643,10
357653,1
357713,3
3577412,51
3577858,1
357847,3
3578885,7
3578997,2
3579065,1
35792,2
3579344,1
3579998,2
3580003,24
3580189,2
3580207,3
3580313,3
3580635,1
3580643,1
3580716,1
3580845,18
3580864,4
3580875,2
3581078,1
3581478,1
3581934,6
3582001,1
358212,1
358214,3
358222,15
3582565,5
3582684,1
358282,1
3582887,5
3583157,1
3583280,15
3583897,3
3583971,1
3584302,4
3584377,49
358460,18
3584795,4
3585182,2
3585406,4
3585603,4
358569,1
3585763,15
3586042,1
3586205,15
3586245,1
358666,8
3586741,1
3587333,6
358734,8
3587737,174
3588745,3
358892,2
3589073,3
3589164,2
358918,2
3589297,25
358954,11
3589665,28
3589874,2
359012,2
3590151,1
3590645,6
35907,3
3590870,1
3590906,4
3591080,23
3591116,25
3591532,1
3591901,1
3592048,1
3592178,1
35923,14
359231,2
359233,1
3593128,1
3593174,23
3593324,1
3593689,5
3594130,14
3594222,5
3594982,4
3595473,37
3595954,1
3596497,1
3596743,9
3596768,2
3596814,2
3596963,2
3597266,18
3597481,8
3597534,1
35976,3
3597769,1
359799,5
3598090,16
3598645,5
3598662,57
3599161,2
3599180,6
3599218,1
3599797,6
3599836,1
3599858,3
3600068,4
3600602,2
3600703,2
3600873,2
3600898,3
3600899,27
360096,5
3601187,45
3601254,1
3601581,3
3601752,1
3602034,5
3602597,23
3602663,1
3602790,19
3602939,5
3603487,18
3603771,4
3604076,5
3604256,9
3604451,3
3605393,2
3605682,14
3606426,1
3606534,3
3606652,2
360680,17
360708,6
3607969,1
36080,3
3608165,1
360841,5
3608620,2
3608682,2
3608889,1
3608896,5
3609023,3
3609084,3
3609091,1
360916,16
3609244,4
360980,5
361,3
3610327,2
3610460,1
3610874,5
3610923,2
3610980,1
3611192,13
3611367,1
3611657,17
3612074,1
3612196,6
3612423,8
3612512,2
3612544,1
361279,9
3612838,3
3612985,1
361314,5
3613174,8
36136,1
3613834,24
3614054,2
3614223,4
3614295,7
3614307,3
3614321,1
3614520,7
3615099,1
3615302,2
3615670,1
3616179,7
3616293,21
3616295,18
361679,6
3616852,3
3616873,1
3617038,5
3617114,1
361740,5
3617802,4
3617974,3
3618337,3
3618455,1
3618465,4
3618605,8
3618810,1
361914,22
3619177,27
3619503,1
3619867,3
3620627,4
3621392,1
3621424,17
3621541,3
3622074,1
36224,3
3622677,2
3622727,1
3622880,1
362332,1
3623464,1
3623519,1
3624101,1
3624170,25
3624227,4
3625122,1
3625453,1
3625566,2
3625645,12
3625776,1
3625845,4
3626169,2
3626207,4
362645,2
3626799,1
3626876,4
3626959,3
3627270,5
3627376,1
3627822,2
3627871,2
3627898,2
3627969,1
3628135,5
3628262,4
3628414,1
3629139,2
3629162,13
3629414,2
3629538,1
362964,5
3629668,4
3629887,22
363014,1
3630196,4
3630338,2
3630367,1
3630699,1
363147,1
3631650,1
3631876,5
3631906,1
3631912,17
36320,3
3632004,2
3632594,1
3633066,14
3633147,2
3633228,6
363369,2
3633877,6
3634003,1
3634018,2
3634091,1
3634679,2
3634957,5
3635019,5
3635142,1
3635835,13
36361,2
3636480,15
3636546,2
363663,19
3636909,4
3637005,2
3637080,3
3637799,1
3637835,2
3638021,6
3638231,24
3638966,6
3639135,1
3639320,2
3639382,5
3639389,12
3639435,4
363957,9
3639617,1
3640097,16
3640312,5
3640611,1
3640618,1
3640933,4
364153,11
3641826,1
3641832,2
3641978,2
3642271,1
364235,2
3642394,2
3642550,67
3642688,1
3643112,3
3643123,1
3643487,5
3643959,3
3644417,1
3644627,41
36448,4
3645059,2
3645184,1
3646116,33
3646205,65
3646903,1
3647331,5
364752,14
3647596,1
3647639,1
3647827,1
3648192,3
3648372,1
3648526,4
364865,2
3648732,11
3649395,1
3649456,4
3649729,1
3650104,8
365027,1
3650484,2
3650760,5
3650899,2
3650978,1
3651006,3
3651038,1
3651056,1
3651076,1
3651372,5
3651633,1
365196,12
3651989,4
3652045,3
3652359,749
365243,2
3652449,2
3652540,1
3652626,1
3652735,1
3653197,3
36534,1
3653602,1
365394,3
3654098,13
3654207,1
3654228,1
3654266,2
365427,2
3654735,9
365576,23
3655760,1
3655772,15
3656858,7
3657637,1
3658172,2
3658772,16
3658807,19
3659291,3
3659443,1
365956,1
3659701,46
3659703,1
3659804,9
366001,1
3660516,1
3660754,1
3661085,1
3661144,19
3661163,11
3661254,3
3661378,3
3661489,1
3661621,2
3661752,2
366229,154
3662349,2
3662492,9
3662708,1
3662725,14
3662896,5
36630,1
3663085,23
3663091,8
366320,2
366323,5
3663276,1
3663514,5
3663941,7
3663987,1
3664033,2
3664183,2
3664228,1
3664311,1
3664374,20
366454,1
36647,4
3664714,2
366488,1
3665152,40
3665275,1
3665608,1
3665827,1
3665846,1
3665868,1
3665902,4
3665975,12
3666111,1
36663,2
3666771,1
3667012,5
3667096,5
3667193,1
366735,3
3667614,6
3668598,3
366867,18
3668798,1
366892,133
3668949,1
3669020,22
3669356,4
3669901,18
3669965,1
3670173,1
3670294,1
3670903,42
367114,1
3671617,2
3671690,34
3671726,5
3671766,14
3671890,1
36721,1
367230,3
3672329,4
3672365,1
3672581,4
367263,63
3672668,4
3672791,1
3672795,1
3672874,4
3672920,3
3673140,1
3673396,5
367369,1
3673737,1
3673801,5
3673956,35
3674009,2
3674070,101
3674157,21
367418,2
3674382,3
367445,2
3674469,1
36746,28
3674683,2
3674745,2
3675031,10
3675725,2
3675895,1
3675970,5
3676140,1
3677057,1
3677261,11
367733,25
3678042,1
3678378,4
367843,11
3678536,10
3678650,1
367906,1
3679112,5
3679843,28
368003,22
3680247,1
3680297,21
3680299,1
3681340,17
3681526,1
3681751,1
3681849,9
3681892,3
3682101,8
3682136,3
3682189,2
368229,3
3682528,12
3682568,1
3682997,4
3683010,2
3683029,1
3683104,2
3683122,5
368317,4
3683415,1
3683570,1
3683848,1
3684117,1
3684426,21
3684591,1
3684857,4
3684867,2
3684941,5
3685070,1
368546,4
3685551,38
368556,1
3685987,1
3686008,1
368609,1
3686113,15
3686327,2
368671,1
3686728,1
3686793,28
36870,4
3687038,1
3687099,5
3687108,3
3687604,1
3687818,1
3687900,5
368801,2
3688015,1
3688075,3
368845,3
3689469,1
3689519,2
3689655,5
368981,10
3689868,1
36900,19
3690366,1
3690400,2
3690774,1
3690891,1
3691230,1
3691279,1
3691356,5
3691610,26
369166,24
369192,6
3692439,52
3692567,1
3692590,2
3692626,3
3692752,2
3692865,21
3693021,1
369304,1
3693164,1
3693337,86
3693374,1
3693662,1
3693940,2
3694088,1
3694121,1
36943,5
3694667,5
3694965,5
3694985,1
3695253,11
3695422,4
3695513,6
3695621,2
3695705,21
3695902,5
3696199,1
3696244,3
3696253,3
3696346,4
3696473,19
3696534,3
369678,23
36972,4
369801,4
3698057,1
3698398,1
3698783,1
369893,1
369901,3
3699982,5
37002,1
3700402,1
3700549,20
3700697,1
3700701,4
370120,3
3701284,2
3701294,1
370136,1
3701435,17
3701441,9
3701725,2
3701749,42
3701800,5
3702191,38
3702448,1
3702490,1
3702609,1
3702833,38
3702837,1
3702843,1
37032,5
3703315,3
37034,3
3703463,2
3703686,1
3703832,1
3704011,1
3704073,1
370442,5
3704996,3
3705969,3
3706018,7
3706033,20
37061,4
3706552,3
3706672,3
3706840,2
3707318,19
370866,1
3708816,1
3709095,5
3709253,3
370982,1
370996,1
370998,1
371,1
371016,3
3710537,3
3710755,18
3711037,2
371130,3
3711975,30
3712368,1
3712585,1
371272,1
3712773,1
371278,5
3712845,3
3712919,17
3712992,5
3713012,5
3713050,15
3713614,10
3713827,5
3714072,4
371437,1
3714796,26
3714981,2
3715147,1
3715322,2
3715881,1
3715966,1
3716297,1
3716368,2
3716927,6
3718759,8
371894,1
3719318,28
3719444,61
3719461,2
3719487,8
37196,2
3720032,1
3720097,1
3720232,5
3720809,5
3722275,1
372257,58
3722694,1
3723256,1
3723306,1
3723405,3
3723409,7
372360,41
3723985,1
3724633,1
3724688,16
3725533,3
3725672,7
372578,2
3726056,3
3726101,1
3726331,1
3726748,1
3727097,2
3727134,1
3727346,1
3727653,4
372768,6
3727809,2
3727960,1
372797,11
372813,2
3728592,4
3729129,1
3729452,1
3729828,1
3729877,1
3729884,1
3730185,3
3730353,1
3730748,2
373088,1
373119,28
3731338,1
3731374,5
373140,1
3731826,24
3732391,1
373250,13
3732509,3
3732903,1
3732930,3
373297,24
3733121,1
3733192,3
3733216,1
3733266,1
373330,9
3733681,1
3733811,19
373403,90
373404,20
373405,60
3734122,1
3734130,25
3734210,42
3734529,38
3734624,1
3734732,8
3734885,5
3734901,4
3734968,1
3735358,2
3735571,1
3735980,1
3736,1
3736105,16
373627,3
3736597,1
3736634,5
3736703,1
373685,1
3736860,18
3737088,1
3737398,60
3738032,1
3738386,1
3738473,1
3738611,4
373867,13
3738793,1
3739028,1
3739138,2
3739599,3
373973,50
3739759,20
3739913,3
3739919,4
3740066,12
3740216,1
3740338,5
3740396,5
3740632,2
3740707,1
3740736,4
3741059,1
3741139,1
3741515,1
3741645,1
37422,1
3742250,3
374236,4
3742534,3
3743142,1
3743374,9
3743456,4
3743642,1
3743658,1
3743882,1
3743889,1
37443,4
3744887,17
3745029,1
3745116,1
3745245,1
3745660,1
3745723,4
374581,3
3746416,5
3746809,33
3746955,2
3747774,2
3747869,1
3747947,6
374810,7
3748154,1
3748559,1
3748641,47
3748752,7
37496,2
37500,26
375006,2
3750255,42
3750411,12
3750691,6
3750919,3
3750990,13
3751264,1
3751576,1
3751678,71
3751690,11
3751740,4
3751744,10
3751799,15
3751961,10
3752010,5
3752069,1
3752211,1
3752223,1
3752378,7
3752573,4
3752585,1
3753003,2
3753036,1
3753289,21
3753372,5
3753847,1
3753873,1
3754119,4
375425,3
3754444,25
3755188,1
3755906,2
3755927,5
3756070,5
3756349,1
3756491,3
3756768,1
3756810,3
3757151,3
375720,26
3757219,1
3757317,1
3757808,2
3757944,1
3758400,1
37585,1
3759208,1
3759615,17
3760043,7
3760308,2
3760862,2
3760926,1
3761022,1
3761343,24
3761515,1
3761638,1
3762223,3
376229,1
3762374,5
3762566,5
37627,6
376276,1
37629,16
3763056,1
3763461,1
3763886,4
3763892,3
3764060,3
3764194,1
3764287,1
3764757,19
3764788,4
3764996,1
3765142,1
376536,1
3765415,3
3765562,1
3765594,4
3766113,13
3766538,1
3767782,1
3767875,7
376805,40
3768707,5
37689,13
3769314,1
3769498,1
3769763,4
3770317,1
377073,2
377094,4
377195,1
3772882,10
3773007,7
3773312,5
3773429,8
3773736,5
3774166,1
3774372,1
377497,17
3775148,1
3775180,1
377522,1
3775473,1
3775752,5
377590,5
3775950,1
377598,4
3776094,1
3776103,1
3776150,1
3776407,1
3776582,5
377675,17
3777156,1
3777229,25
377770,1
3777860,2
3778195,2
3778268,1
3778569,1
3778696,43
377933,1
3779802,1
377985,14
3779853,3
3779920,1
3779960,5
3780015,4
3780092,2
37802,1
3780275,1
378055,179
3780621,1
3780670,1
3780731,66
3780862,9
3780901,1
37814,19
3781692,4
3781727,5
3781820,6
3781830,1
3781894,7
3781906,1
3782071,24
3782168,15
3782311,1
378251,1
3782584,1
3782911,2
3782943,1
3782982,3
3783058,8
3783279,1
3783807,1
3783961,1
3783985,3
3783989,9
3784151,5
3784234,23
3784728,2
3784818,1
378494,6
378508,43
3785385,1
378539,2
3785585,1
3785608,1
3785625,3
3785877,8
3786152,8
3786324,22
3786451,6
3786779,2
3787055,6
3787121,1
378721,27
3787210,1
3787229,4
3787402,21
3787449,1
3787617,2
3787621,1
3787817,1
378784,2
3787981,4
3788072,38
378829,2
3788366,5
3788437,1
3788705,1
3788720,1
3788810,1
3788837,2
3789295,2
3790072,1
3790159,2
3790179,3
3790217,31
3790306,5
3790318,55
3790881,2
3790974,1
3791101,1
379140,2
379146,21
3791472,5
3791618,1
3791704,2
3791791,18
3791835,2
3791863,11
3791937,2
3792194,1
3792280,9
3792457,2
379252,16
379312,3
379322,2
3793686,6
3793692,2
379375,20
3794243,13
3794341,1
3794419,1
3794610,3
3794711,2
3794789,10
3795054,1
3795496,1
3795640,5
379589,32
379597,2
3795971,4
3795979,3
3796100,8
379632,1
3796456,1
379678,4
3796910,39
379700,2
379705,13
3797214,7
379740,15
3797612,1
379766,43
3798116,138
3798197,3
3798258,1
3798454,1
379861,27
3798767,1
3799067,2
379910,1
3799105,1
37992,4
3799298,43
3799600,3
3799693,92
3799969,1
3800015,5
3800322,2
38004,1
380074,10
3800839,3
3800961,4
3800977,1
3800996,5
3801236,1
3802017,3
380202,31
3802289,4
3802363,1
3802438,2
3802595,5
3802851,5
3802852,20
3802996,2
3803103,1
3803122,1
3803255,1
3803336,1
380353,1
3803750,9
3803759,104
3804017,6
3804183,1
3804281,4
380434,1
3804365,6
380495,8
3805085,3
3805796,23
3805804,7
3805857,1
3805988,2
3806276,3
3806357,3
3806453,2
3806708,19
3806772,6
3807703,3
3807752,18
3807755,2
3808517,1
3808527,9
3808699,15
3808920,50
3808936,1
3809064,2
3809393,1
380953,31
380963,1
380965,3
3809808,4
3809972,1
381,7
3810025,6
3810176,4
3810322,4
3810333,3
3810359,1
381077,2
3811033,1
381114,22
3811438,5
3811730,5
3811758,19
3811804,5
381181,3
3811893,1
381228,5
3812323,8
381264,16
3812790,11
3812793,6
3812821,3
381384,9
3813941,37
3813984,1
3814112,10
3814259,3
3814271,2
381435,4
38146,3
3814799,5
3814878,4
3815038,4
3815172,1
3815299,3
381536,3
3815384,1
3815495,2
3815548,3
3815682,1
3815749,5
3815882,8
3815928,5
3816114,5
3816115,1
3816276,1
3816460,20
3816678,2
3817167,2
3817234,2
3817249,1
381730,63
3817382,5
3817425,1
3817596,1
3817887,8
38181,2
3818352,1
3818542,1
3818631,2
3818882,1
3818920,1
3819018,5
3819108,20
3819318,2
3819829,1
382010,4
3820323,2
3820884,3
3821065,4
3821300,2
3822418,23
382296,1
3823730,6
3823838,4
382402,5
382406,4
3824314,2
3824767,1
3824869,1
3824905,3
3825116,2
3825697,4
3825706,14
3825783,5
382611,50
3826210,5
382647,10
3826504,2
3826505,12
3826586,1
382661,4
3826668,1
3826906,1
3826997,3
3827156,1
3827235,18
3827386,2
382740,4
382789,2
382799,10
3828,33
3828067,2
3828241,2
3828388,2
3828670,6
3828794,2
3828824,1
3828836,2
38289,1
3829228,1
3829267,2
382956,2
3829759,1
3829832,8
383003,83
3830379,1
383049,5
383056,19
383071,83
383086,2
3831068,1
3831153,3
3831293,17
3831557,2
383158,4
3831806,95
3831909,14
3831993,5
3832015,2
3832062,1
3832537,6
383262,1
3833004,1
38331,12
3833340,19
3833427,1
3833508,1
3833519,2
3833580,3
3833878,1
3834183,20
383462,2
3834763,1
3835050,6
3835151,2
3835341,22
383552,1
3835862,1
3835978,3
3836,5
3836000,1
383613,4
383614,2
383650,1
383651,17
383679,3
3837012,2
3837350,3
3837655,11
3837896,2
3837969,1
3837974,1
383804,2
3838159,1
3838167,84
3838279,22
3838466,13
3838507,2
383883,23
3838950,1
3838971,1
383917,1
3839278,2
3839438,3
3839442,20
3839627,2
383965,1
3839663,3
3839700,5
3839739,1
3840130,1
3840216,1
3840775,1
384109,31
3841106,4
3841114,13
38413,1
384147,1
3841642,10
3841870,8
384217,5
3842353,3
3842746,8
3842800,1
3843174,2
3843177,104
3843336,2
3843714,2
3843920,2
3843986,1
3844177,3
3844421,1
3844990,1
3845029,1
3845034,8
3845611,4
3845903,4
3846284,2
3846330,1
3846720,14
3846751,1
384676,1
3846950,12
384701,21
3847239,1
3847249,7
3847475,1
3847517,4
384780,5
3847831,12
3847882,1
384794,1
384824,4
3848287,2
3848465,3
384855,1
3848681,5
3848749,4
3848803,45
3849047,1
3849153,1
3849203,2
3849612,2
3849958,1
3850246,2
3850405,42
3850656,1
3850688,1
3851042,2
3851396,16
385140,2
385162,1
3851883,1
3852235,3
385293,9
385351,1
385353,49
3853530,1
3853627,2
3853873,1
385414,1
3854149,16
3854270,1
3854288,2
385440,1
3854698,21
3854735,20
38548,43
38549,1
385490,11
3855170,9
3855439,22
385567,3
3855684,1
3855737,4
3855915,1
3856245,5
3856376,1
3856696,1
385670,60
385699,38
3857192,5
3857205,1
3857289,5
3857315,1
3857668,1
3858297,1
3858509,4
3858536,5
3858580,2
385875,50
3858934,2
3859085,1
3859152,1
3859162,23
3859369,1
3859743,1
38602,6
386031,6
3860397,1
3860702,3
3860903,5
3861256,5
3861268,36
3861535,1
386157,12
3861676,5
3862039,13
3862572,1
3862911,7
38630,19
386334,1
3863371,2
3863452,1
3863550,1
3863656,14
3863705,4
3863936,1
3863986,2
3864164,2
3864389,2
386443,1
3864776,1
386503,2
3865239,6
3865277,2
3865352,4
3865771,5
3865827,1
386587,2
3865925,41
3866381,3
3866687,3
3866757,5
38669,1
386702,1
3867713,3
3869177,1
3869387,3
3869414,23
3870555,36
3870689,5
3870740,41
3870748,1
3870900,2
3870965,3
387120,2
387128,4
3871319,2
3871688,1
3871691,1
3872222,3
3872275,3
3873202,1
3873206,1
387323,20
3873235,3
38733,1
3873522,2
387372,1
3873868,5
3874052,32
3874165,15
387419,1
3874555,7
3874939,1
3875349,5
3875425,21
3875570,4
3876047,86
3876231,2
3876326,2
3876348,2
3876509,1
3876542,3
387700,15
3877289,2
3877299,1
3877513,2
387757,2
3878206,13
3878462,1
3878836,4
387916,11
387979,1
3879837,1
3879848,26
3880116,3
3880134,2
3880138,74
3880376,2
3880420,2
3880445,2
3880542,1
3880820,1
3880830,20
3880841,17
3881103,1
3881114,1
3881221,5
3881260,15
3881685,3
3881730,108
3881841,2
3882061,7
3882388,1
3882629,21
3883039,1
388307,9
3883350,9
388365,58
3883969,2
3884033,24
388410,3
3884255,2
388432,1
3884463,1
3884547,1
3884679,1
3884891,5
3885499,2
3885613,2
3885750,2
3885925,1
3885983,4
388601,86
3886121,3
3886587,38
3886848,20
3886902,10
3887002,6
3887182,2
3887273,32
388737,22
3887457,3
38876,4
3887851,4
3888233,1
3889138,3
3889296,2
3889409,5
3889566,18
3889690,3
3889851,5
3889965,20
389010,24
389077,1
389098,1
389106,1
389152,2
389202,4
3892031,26
3892755,5
3892979,8
3893435,1
389344,1
389376,6
3893859,2
389386,15
3894031,2
3894212,3
3894373,1
3894394,2
389452,21
3895063,1
3895480,1
3896057,1
3896114,41
3896144,36
3896485,43
3896987,1
3897628,29
3897646,9
3897886,9
389808,13
389847,1
3898504,33
38987,7
3898982,19
3899167,8
3899345,5
3899350,1
389949,21
3899619,20
3899752,2
390029,4
390036,2
3900638,5
3901245,1
3901626,1
3902378,2
3902631,16
3902737,5
3902945,1
3903034,1
3903038,30
390313,1
3903212,1
3903298,3
3903434,1
3903567,7
390359,1
390409,1
3904100,1
3904420,14
3904621,20
3904660,20
3904766,33
390556,1
3905773,26
390582,1
3905918,1
3906188,12
3906266,3
3906596,1
3906812,12
3906941,1
3906991,2
3907004,3
3907092,48
3907635,9
3907741,9
3907775,27
3908001,1
3908469,2
3908656,2
3908739,2
390883,5
3909236,1
3909571,1
3909671,3
39098,1
3909888,8
3910169,8
3910494,4
391050,6
3910776,30
3910938,1
39111,39
391115,1
391141,2
3911565,5
3911833,2
3911997,3
39120,18
39121,1
3913144,2
3913234,39
3914832,1
3915015,1
3915053,1
3915222,2
3915559,5
3915675,1
3916227,1
3916506,19
3916573,6
3916618,1
3916982,21
3917349,2
3917365,4
3917611,1
3917710,2
391836,1
391857,16
39187,2
3918742,4
391936,1
3919532,4
3919550,2
3919586,1
39197,1
3919728,2
3920025,1
3920331,1
3920431,2
3920678,1
3920687,3
3920769,1
3921091,8
3921470,12
3921946,1
3922062,5
3922110,1
3922125,15
3922527,11
3923279,8
3923289,2
392334,3
3923567,1
3923721,5
3924004,1
392411,4
3924442,3
3924480,1
3924507,12
3924866,2
3925172,38
3925344,2
3925573,17
3925577,1
3925868,2
3926211,2
3927121,2
3927187,1
3927392,17
3927486,38
3927515,3
3927802,4
3927879,7
3928047,3
3928489,10
3928568,12
3928855,5
3928950,3
3929690,1
3929784,5
3930209,22
3930453,1
393059,1
3930929,2
3930952,1
3931034,1
3931041,1
3931161,2
3931789,5
3931871,17
3931892,1
3932270,42
3932548,1
3932554,1
39330,2
3933124,1
3933220,3
393332,8
393366,1
3933728,5
393379,2
3933794,1
393383,9
3934136,2
3934656,5
39350,6
393501,39
3935333,1
3935569,6
3936169,3
393657,3
3936600,9
3936888,4
393709,5
3937112,1
3937390,1
3937470,60
3937992,1
3938549,3
3938758,23
3938767,1
3938797,3
393880,5
3938973,2
3939021,2
3939037,1
393957,1
3939661,8
393971,19
3939850,5
3940179,3
3940189,2
3940299,19
394030,7
3940412,21
3940419,2
3940436,5
3940682,6
394070,4
3941226,2
3941860,5
3942156,5
3942262,4
394296,2
3942964,1
3943090,5
394327,1
3943271,20
3943303,1
394333,10
3943364,20
394353,33
3943717,8
3943799,5
3944084,1
3944345,1
3944434,2
3944679,8
3945463,2
3945653,6
39458,5
3945889,2
39459,1
394616,2
3946338,1
3946562,2
3946598,1
3946656,5
3946802,2
3947045,1
3947146,1
3947239,17
394745,1
3947562,2
394773,1
3947836,28
394793,12
3948135,1
3948205,11
3948295,5
3948485,1
3949011,14
394913,2
3949175,1
3949350,3
394936,1
394966,3
3949798,1
3949873,1
3950104,1
3950364,2
3950423,2
3950611,1
3950755,2
3950807,20
3950852,3
3951499,1
3951557,1
395230,14
3952371,1
3952498,1
3952610,17
3952625,7
3952681,1
3952789,1
3953142,3
3953276,4
3953522,2
3953964,6
395405,1
3954194,1
3954205,1
3954447,1
3954657,1
3954675,1
395472,1
3954820,2
3955044,3
3955163,7
395530,1
3955351,11
3955503,4
3955652,1
395570,5
395575,2
3955804,8
3955819,1
3955838,1
395600,3
395625,58
395632,1
3956834,1
3957024,2
3957411,3
3957683,11
39577,17
3958509,1
395882,1
3958995,1
3959218,4
3959307,1
395936,7
3959482,5
3960189,17
3960233,3
3960252,5
3960385,3
396041,1
3960474,4
3960587,1
3960678,16
3960777,1
3960865,1
3960875,1
3961149,4
3961336,3
396145,7
3961470,1
3961533,32
3961710,2
3961850,1
3962417,5
3962726,31
3963078,1
3963288,5
3963603,4
3963766,14
3963767,10
3963900,1
3964070,1
3964484,2
396450,5
3964868,4
39653,3
3965387,12
3965704,1
3966167,1
3966459,4
3966479,12
3966587,1
3966630,1
396675,5
3966754,1
39668,7
3967000,2
396702,1
396739,5
3967424,3
396749,14
3967823,5
3968477,31
3968625,11
3968664,2
3968676,1
3968710,2
3968968,1
3969351,10
3969550,1
3969915,1
3970183,1
397023,5
3970506,5
3970583,1
3970664,2
3970719,4
397081,1
3970814,1
3970825,14
3971014,5
3971054,47
3971546,1
3971554,9
3971693,18
3972224,1
3972364,2
3972483,4
397255,2
3972580,18
3972588,1
3972907,1
3973117,4
3973167,21
3973426,1
3973934,14
3973982,1
3974055,1
3974292,2
3974637,4
3974865,1
3974937,2
3975360,6
3975481,7
3975695,2
3975796,1
3975871,206
3975880,3
3975970,1
3976134,3
3976879,2
3976975,2
3977044,1
3977055,1
3977304,20
3977436,3
3977447,3
3977644,4
397781,5
3978625,6
3978649,4
3978847,2
3979163,1
3979492,1
3979698,2
3979720,1
3979777,10
397997,2
3980177,2
3980232,2
3980704,5
3980967,3
3981079,3
3981167,17
3981263,3
3981735,4
3982092,41
3982409,1
3982815,6
3982881,3
3983442,4
398357,13
3983595,1
3983906,1
3983922,1
3983940,1
3984035,8
3984066,2
3984285,3
3984698,5
3984780,1
3984963,1
398500,6
3985208,3
3985261,5
3985964,5
398598,2
398613,1
3986295,2
3986620,10
3986735,3
3986819,5
398687,23
3986888,21
3987039,1
3987245,10
3987279,1
3987337,4
3987415,1
3987541,1
3987807,3
3988075,1
3988299,1
3988364,4
3988383,4
3988441,29
3988981,20
3989186,1
3989221,3
3989677,18
3989689,5
3989883,9
3990005,21
3990110,2
3990210,1
3990507,4
3990590,25
3990777,23
3990835,17
3991026,5
3991045,5
3991068,17
3991367,4
3991499,4
3991562,4
3991647,79
3991671,18
399173,2
3991732,1
399187,2
3992134,3
3992515,10
3992713,2
3992742,5
3992793,172
39929,1
3992940,24
3993263,9
3993321,9
3993349,2
3993799,3
3993845,50
3994018,1
3994019,1
3994057,2
399406,6
3994271,1
39943,5
3994708,18
3994848,1
3994979,5
3995142,1
3995387,1
399556,1
3996473,1
3996575,1
3996759,4
3996791,1
3996891,44
3996975,8
3997,6
3997114,2
3997338,11
3997385,2
3997412,13
3997501,1
3997721,1
3997965,3
3997978,1
3998023,5
3998272,5
3998378,3
3998488,15
3999041,1
3999091,5
3999452,8
3999828,11
3999905,1
40003,5
4000438,1
4000874,3
4000891,3
4000954,1
4001289,2
4001422,3
4001546,4
4001624,7
4001655,3
4001656,1
4002065,2
400209,13
4002247,4
4002322,2
4002456,12
4002531,1
4002541,2
4002670,268
40032,1
4003795,2
4003843,3
4003845,13
4004044,1
4004153,4
4004225,5
4004320,1
4004492,61
4004642,1
4004686,1
4004690,1
4004741,1
4004746,2
4004781,15
4004892,16
4005046,1
4005180,1
4005356,1
4005728,4
4005773,4
4006072,1
4006190,5
4006341,1
4006472,3
4006548,16
4006599,1
4006602,15
4006640,4
4006645,1
4006769,1
4006883,1
4007064,11
4007074,4
4007170,2
400719,8
4007457,1
4007481,1
4007554,1
4007780,2
4007982,9
400848,12
4008592,1
400873,1
4009044,1
4009143,1
4009532,42
4009538,29
4009742,1
400977,3
4010136,1
4010147,1
401016,1
4010758,1
4010894,2
4011016,1
4011021,2
4011025,26
4011252,12
4011313,2
4011394,1
4011547,2
4011703,1
401171,2
4011772,8
4011953,11
4012002,1
4012013,5
4012262,1
4012327,1
4012438,2
4012585,2
4012711,3
4012871,2
4012921,1
4012937,1
4013174,1
4013208,1
401331,3
4013338,5
401353,1
4013531,1
4013802,3
4014181,1
401424,2
4014598,1
401472,37
401478,5
4015206,15
40153,46
4015546,8
4015708,1
4016251,35
4016469,3
4016727,3
4016758,1
4016782,1
4017009,9
4017390,5
4017435,1
4017450,1
4017738,3
4017745,5
4017896,14
4017917,2
4018495,1
4018892,14
401952,1
4019558,38
4019875,1
4019969,1
401999,2
4020197,6
4020380,1
4021325,4
4021877,1
4022388,44
40224,1
4022544,1
4022660,5
4022711,3
4022934,4
4022981,4
4023054,2
4023116,2
402331,4
4023367,1
402364,1
4023684,5
4023944,1
4024211,52
402431,27
4024485,4
4024677,1
402477,5
4024875,3
4025054,33
4025122,7
4025245,3
40253,5
4025910,4
4026122,1
4026432,7
4026477,1
4026511,7
4026615,4
4026682,19
4026948,1
402711,3
4027221,1
4027504,2
4027613,4
4027674,1
4028015,7
4028915,2
4029003,3
402910,5
4029115,4
402919,20
4029240,1
4029311,5
4029339,2
4029382,53
4029418,1
4029500,3
4029727,1
4029776,1
4029870,1
4029977,2
4030030,1
4030031,1
4030185,1
4030257,1
4030339,1
4030854,4
4031285,1
403145,76
4031507,3
4031564,2
4031674,2
4031814,5
4031999,8
4032051,1
4032080,3
4032110,1
4032124,4
40322,5
4032276,7
4032578,8
4032896,1
4032998,1
4033027,6
403304,1
403309,1
4033348,1
4033583,2
4033623,9
4033765,1
4034251,3
4034568,1
4034678,1
4034923,1
403501,22
4035072,5
403557,11
4035629,5
4036263,2
4036284,9
4036396,1
4036973,1
403727,1
403780,17
4037841,2
4038254,3
403854,3
4038759,5
4038998,7
4039110,1
4039321,2
4039589,1
4039771,1
403986,14
4040558,1
4040851,1
4040931,7
404095,12
4040959,3
4041184,1
4041612,2
404164,1
4041685,5
404171,5
4042199,2
4042301,1
4042763,2
404280,22
4043353,1
4043387,1
4043731,6
4043950,6
4044407,1
4044522,4
404494,1
4044984,11
404537,2
4045427,23
4045793,1
4046255,1
4046472,7
4046532,14
4046575,1
4046860,7
4046942,4
4047121,1
4047171,4
4047251,5
404726,2
4047989,4
4048085,3
4048205,1
4048234,2
4048356,2
4048576,9
4048757,1
4048760,1
4048799,1
4049440,5
4049677,1
4049723,40
4049840,11
404997,18
405002,101
4050228,3
4050311,2
4050649,1
4050821,3
4051178,8
4051211,23
405127,1
4051283,3
4051467,1
4051757,1
4051827,20
4051881,3
4052157,1
4052167,3
4052393,3
4052475,6
4052571,4
4052733,1
4052754,1
4053477,2
4053512,13
4053532,1
4053648,5
4053967,2
405417,9
405421,1
4054258,1
4054480,32
4054685,13
405480,1
4054940,1
4055010,1
4055445,37
4055464,1
4055811,5
4056173,2
4056248,3
4056319,1
405669,4
4056861,1
405727,1
4057829,8
4057922,12
4058048,5
4058118,1
4058227,4
4058252,1
4058448,1
4058678,1
4059412,2
405945,2
4059488,1
4059545,14
4059621,2
4060148,3
4060439,1
4060803,10
4060843,4
4060865,1
4060944,4
4061072,1
406148,3
4061629,36
4061969,37
4062012,154
406215,1
4062274,3
4062502,5
406251,4
4062970,1
4063105,1
4063823,9
4063886,1
4064062,38
4064090,1
4064342,2
4064407,3
4064777,1
4065188,4
4065469,25
4065623,1
4065733,5
4066109,8
406611,5
40662,9
4066479,1
4066769,3
4066843,4
4067312,1
4067412,3
4067633,1
4067736,12
4067818,3
4068194,1
4068307,14
4068439,2
4069249,44
406940,21
4069576,7
406960,3
4069636,6
4069922,1
4070383,1
407083,1
4070864,2
4071157,50
4071605,5
4071664,1
4071719,14
4071836,3
4071973,3
4072332,12
4072511,1
4072643,5
4072771,5
40730,1
4073036,6
4073074,4
4073281,1
4073368,2
4073402,1
407405,1
4074291,14
4074957,3
4075496,1
4075504,3
4075585,2
4075612,1
4075746,13
4076145,2
4076322,1
4076449,46
4076548,52
407711,2
4077198,1
4078033,21
40781,60
4078125,22
407828,7
4078337,5
4078384,3
4078918,78
4078979,150
4079392,7
4079490,15
4079550,4
4080679,5
4080997,1
4081072,1
4081128,2
4081545,3
4082282,5
4082405,16
408254,3
4082850,3
4083423,1
4083495,1
4083631,1
4083649,2
40837,6
4083736,1
4083784,1
40839,3
4084139,4
4084454,5
4084569,5
4084723,21
4084876,1
4084964,1
4085008,14
4085940,6
4086015,13
4086252,1
4086336,1
4086957,24
4087013,4
4087389,2
4087447,17
4087479,3
4087828,1
4087914,2
4087985,3
4088039,1
4088201,1
4088492,4
4088578,4
408859,3
4089056,37
4089213,1
4089234,14
4089319,1
4089352,3
4089465,1
4089826,3
4090003,1
409064,4
4091025,10
4091225,4
4091356,3
409161,2
4092027,11
4092159,12
409254,25
4092779,1
4092947,12
4092961,1
409325,3
4093374,13
4093522,2
4094017,3
4094061,1
4094370,1
4094431,18
409449,1
4094530,5
4095316,1
4095328,1
4095340,1
40955,1
409553,14
409570,2
4095769,5
409587,10
4096208,1
40963,1
4096824,9
4096937,6
409699,1
4097284,1
409742,1
4097601,1
409787,1
4098269,5
409833,2
409876,24
4099255,1
4099455,6
4099648,5
4100122,3
410018,1
4100366,1
4100463,4
41007,3
4101104,6
4101144,1
4101284,1
410135,3
4101528,1
4101592,20
4101718,8
4101962,1
4102360,50
410237,1
4102490,26
4102534,1
4102880,6
4103010,6
4103090,1
4103133,2
4103224,12
4103277,1
4103372,25
4104063,4
410412,7
4104121,1
4104296,1
410456,82
4104569,8
4104700,2
410477,31
4104963,2
4104995,2
4105160,5
4105236,3
4105282,6
4105546,5
410569,1
4105855,13
41062,2
4106290,71
410631,1
410657,20
4106581,1
4106815,1
410690,1
4106943,1
4107278,3
4107283,31
4107294,10
410734,3
4107590,1
4107700,5
4107933,1
4107943,6
4108021,38
4108619,3
4108664,1
410881,1
4109006,5
4109102,5
4109129,9
4109187,5
410951,20
410973,1
4109777,1
4109792,1
4109869,15
410989,1
4110065,1
4110120,10
411014,1
4110223,4
4110283,1
4110371,5
4110732,1
4111027,1
41112,1
4111802,5
4112082,20
4112439,16
4112534,1
4112699,1
4112838,1
4112910,3
4113040,2
4113678,3
4113687,5
411371,1
4113786,19
4113889,10
4113899,5
4114092,1
4114680,1
411494,45
4115315,2
4116037,73
4116170,2
4116230,20
4116246,3
4116717,2
4117299,23
4118140,4
4118158,2
4118462,6
4118760,4
4118879,2
4118922,2
4118926,1
4118939,1
4118947,1
4118955,21
411921,3
41193,1
4119317,5
4119962,26
4120481,44
4120645,11
4120980,11
4121089,1
412116,1
412138,2
4121395,1
41214,4
4121446,1
412148,3
412150,5
4121528,1
4121556,1
4121586,17
4121695,1
4122025,4
4122035,1
412205,26
4122057,41
4122199,3
4122521,1
412294,43
4123231,4
4123445,1
4123856,2
4123896,2
412394,43
4124449,1
4124561,6
4124678,2
4124770,3
4124829,5
412483,6
4125443,1
4125481,1
412595,2
4125994,3
4126363,12
412667,1
4126937,13
412727,1
4127854,2
4127878,15
412796,7
4128012,4
4128129,2
4128219,5
4128418,1
4128470,3
4128526,1
4128575,1
4128683,14
4128802,8
4129683,4
412981,5
4130028,2
4130037,4
4130392,51
41304,8
4130553,1
4130731,1
4130865,2
4130915,2
4131101,46
4131279,1
413161,25
4131857,39
413196,2
4132283,7
4132292,1
413267,9
4132882,4
4132922,20
4133506,1
4133561,2
4133584,1
4133932,1
4134175,1
4134448,12
4134538,1
4134769,1
4135164,2
41352,8
4135278,6
4135357,3
4135359,1
4135431,1
4135544,1
4135848,4
4136034,1
4136094,6
4136132,39
4136401,1
4136902,23
4136976,1
413716,2
413721,19
4137325,4
413759,4
4137970,27
4138089,1
413910,5
4139288,42
4139395,1
4139410,4
4139469,4
4139509,4
4139803,8
4139812,3
4139902,2
4139939,3
4139999,9
4140222,2
4140391,19
4140904,2
4141009,1
4141206,5
4141240,1
4141320,6
4141478,5
4141786,1
4142149,7
4142427,1
4142977,5
414314,2
41432,1
414320,24
4143523,25
4143654,1
41438,1
4143930,2
414409,2
4144576,1
4144612,48
4144622,2
4144694,5
4145126,5
4145219,4
4145285,2
4145376,21
414544,1
4145453,1
4145503,46
4146114,2
4146379,1
4146479,5
4146592,2
414661,3
4146624,1
4146634,37
414673,1
4146917,1
414730,5
414754,1
4147580,56
4147873,6
4147983,2
4148036,5
4148286,2
4148411,1
4148571,1
4148580,19
414866,6
4148666,5
4149032,1
4149095,37
41491,1
4149105,2
414935,1
4150009,1
4150058,3
4150197,12
4150205,5
4150228,6
4150407,4
4150583,10
4150608,2
4150785,4
4150807,18
4150889,6
4150974,1
4151310,1
4151633,2
4151737,6
415226,1
4152499,2
4152725,1
415315,1
4153323,2
4153391,5
4153462,1
4153807,1
415401,2
4154107,1
4154243,1
4154395,6
415511,1
4155238,4
4155457,3
4155526,3
4155596,4
4156167,1
41565,4
4156578,2
4156807,90
4157000,3
415711,1
4157452,3
415797,1
4158010,5
4158245,3
415853,3
415865,3
4158929,2
4159017,3
415927,3
415937,1
415978,1
416025,9
4160269,42
4160766,1
416084,1
4160894,2
4161200,1
4162193,20
4162595,1
416306,4
416310,2
416316,5
4163589,6
4163593,1
4163662,2
4163719,2
4164095,28
4164352,2
4164392,2
4165109,1
4165867,3
4165934,1
4165978,1
4166057,1
4166278,11
4166675,1
4167398,1
4167493,1
416751,27
4167587,3
4167770,4
416791,2
4168453,10
4168572,2
4168740,2
4168805,2
4168882,1
4169006,1
416942,1
4169563,2
4169566,4
4170030,6
4170032,5
4170170,3
4170365,107
417050,1
417056,1
4170744,10
4170790,3
4170805,14
4171515,1
417172,5
417250,19
4172809,18
4172850,8
4173321,4
4173452,7
4173658,2
4173734,5
4173775,6
4174000,17
4174058,31
4174200,1
4174413,2
4174627,4
417468,76
41747,1
4174724,11
4175071,3
4175106,2
4175352,1
4175549,28
417555,1
4175668,14
4176018,15
4176030,31
4176102,3
417649,1
4176619,2
4176653,2
4176657,3
4176834,1
4177004,1
4177364,10
4177931,1
4178148,2
4178435,1
417844,2
4178491,4
417878,1
4178911,3
4178980,3
4179019,1
4179155,8
4179247,1
4179254,9
4179553,10
417973,5
4179851,7
417988,7
4179900,2
418048,34
418049,3
4180700,19
4180720,3
418101,2
4181542,1
418160,16
418167,4
4181682,1
4181815,1
4182096,1
4182305,1
4183722,6
41840,2
4184353,2
4184431,4
4184448,7
4185189,1
4185487,30
4185507,3
418644,6
4187026,1
4187115,1
418729,38
4187337,21
418797,1
418801,4
4188226,1
418876,20
418879,1
418887,10
419063,57
4190653,2
419168,21
4191782,23
4192134,15
419247,4
4192820,1
4192834,1
419308,1
419312,5
419315,14
4193320,5
419348,1
4193559,1
419390,17
419434,2
4194419,3
4194569,3
4194669,1
4194827,1
4194992,16
4195120,1
4195206,5
4195415,2
4195428,4
4195916,1
419604,1
4196600,2
419669,2
419679,13
4196843,49
419723,1
419872,19
4198798,16
4199029,1
419916,1
4200207,1
42004,7
4201117,2
42015,1
4201846,20
4201936,5
4202199,15
420308,16
42035,2
420355,53
4204704,11
420542,4
420558,1
4205722,1
420624,4
4206330,1
4206396,3
4206526,6
4206579,1
420677,20
420684,24
4208249,3
4208583,2
4209464,7
420953,3
4209580,2
4209593,6
4209998,1
4210373,19
4210826,1
421139,1
4211649,1
4211691,6
4212311,2
4212605,1
4212662,1
4212789,1
4213169,5
4213313,1
4213621,1
4213629,1
4213649,35
421377,2
4214107,1
421427,1
4214431,6
4214573,1
421507,5
4215687,1
421667,19
4216984,2
421720,2
421731,23
4217966,1
421815,23
4218358,42
4218745,3
4218749,24
42188,1
421894,20
421906,3
4219061,12
4219220,4
4219383,1
4219391,19
42196,21
4220017,1
4220036,4
422022,1
422114,1
4221221,3
4221241,1
422169,1
422174,1
4221834,1
422209,11
422368,2
4223742,1
4224218,3
4224692,3
4225849,3
4226045,5
4226125,4
4226226,9
4226296,1
4226475,3
4226703,8
4226908,4
4226942,4
422713,10
4227239,1
4227323,1
422756,1
4227844,1
422821,1
4228481,2
42287,2
4229122,20
422916,24
422918,1
4229245,7
42297,14
422971,17
4230005,1
4230601,1
4230738,3
423109,2
423110,4
423143,1
4232766,1
4233005,3
4233514,1
4234089,1
4234581,2
423508,5
4235490,3
4235572,4
4235701,20
4235840,4
4235939,8
4236486,5
4236501,1
4236611,5
4236617,16
4236863,8
4236909,10
4236940,1
4237429,2
423750,4
4238719,1
4238724,1
4238737,3
4238838,5
4238853,1
4238983,14
42398,6
4239952,2
4240124,1
4240353,1
4240499,2
4240754,22
4240847,1
4240907,1
4241018,1
4241106,26
4241111,4
4241314,5
424156,5
4242074,1
4242139,2
4242322,1
4242495,4
4242703,5
4243347,5
424337,1
424389,3
424399,1
4243996,3
4244080,5
4244325,4
4244418,5
424466,1
4244737,1
4244757,2
4244801,4
4245045,21
424505,4
4245257,6
4245510,4
424593,1
424697,18
4249,2
4249021,16
4249351,1
4249363,5
424948,21
4250049,7
4250430,1
4251280,2
4251407,27
4251468,6
4251507,11
4251621,2
425165,3
4251746,1
4252083,1
4252763,2
4252925,15
4253068,39
4253211,1
4253514,1
4253945,3
4254000,1
4254051,36
4254082,1
4254245,5
4254586,28
4254898,12
425495,4
4255102,2
4255104,13
4255137,1
42552,27
4255264,1
4255330,3
4255442,4
4255664,2
4255684,2
4255702,3
4255786,18
4255898,1
4256077,1
4256310,2
425635,1
4256627,1
4256905,1
425739,4
4257568,27
4257573,56
4257604,9
4257776,6
4257805,1
4258296,10
4258420,26
4258427,16
4258774,1
4259136,5
4259185,61
425920,1
4259476,2
4260422,4
42607,5
42610,5
4262531,11
4263818,20
4263894,43
4264529,6
4264741,1
426524,1
4265628,5
4265873,1
4266035,57
4266176,2
4266526,1
4266791,4
4266806,2
4266865,1
4266887,12
4267164,3
4267226,19
4267533,1
4267586,24
4267630,2
4267651,4
426796,1
4268027,2
42683,1
4268627,3
4268757,5
426897,18
4269080,25
4269830,9
4269836,1
4270470,13
4270478,21
4270568,1
4270742,1
4271561,16
427158,1
4272214,1
4272380,5
4272803,4
4272832,5
4272872,1
4273364,3
4273599,2
427361,2
4273758,1
427413,1
4274161,4
427429,4
4274344,3
4274873,1
4275144,1
427518,1
427529,5
4275290,1
4275313,6
427554,22
4275700,5
4275878,22
4276569,5
427737,20
4277573,1
427759,13
427763,5
4277995,1
4278098,1
427846,3
427895,1
428027,1
4280388,17
4280846,1
4281219,1
428137,13
428245,8
4282494,1
4282497,7
428250,6
428365,3
4284866,1
4285373,3
4286174,4
428708,1
4287186,3
4287440,1
4287452,4
4287650,9
4287762,5
4287975,1
4288034,2
4288133,5
4288166,11
4288669,23
428872,1
4288925,1
4288960,5
4289476,6
428977,2
4289985,1
4290180,1
4290208,2
4290307,1
429035,1
429060,17
4290628,1
4290839,3
4290940,5
4291407,4
4291458,3
4292469,4
4292918,7
429357,1
4293706,17
4293941,20
429444,63
4294948,1
4295161,1
4295729,20
4295809,5
4295875,1
4296644,4
429709,1
4297443,1
4297813,4
4298177,5
4299078,2
429917,1
429928,1
42993,1
429984,4
429986,5
4299893,1
430103,1
430119,20
4301209,1
4301717,4
430231,2
4302409,4
430273,1
43028,1
4302923,1
4303069,5
4303089,16
430319,1
430325,21
430368,1
4303891,1
430436,18
430445,8
4304771,1
430491,4
4305017,2
4305225,2
430546,2
430582,1
4306069,2
430665,2
4307,1
4307303,2
43082,1
430870,1
4308881,3
4309322,4
4309359,1
4309871,2
430995,8
4310545,2
431108,1
4312291,1
431242,1
431559,12
431609,37
431650,2
431662,3
431680,1
431706,1
431708,5
431800,1
43189,25
431905,14
431921,1
4319252,43
431932,1
431935,18
4319587,45
4320039,9
4320057,1
4320156,1
4320398,3
4320504,1
4320582,19
4321477,16
432175,24
432269,13
4322704,1
4323670,6
4323737,9
4323998,2
4324063,1
4324641,1
4324674,5
4324834,6
432552,5
4325701,7
432571,1
4325982,1
4326253,14
4326554,5
4326630,1
4326783,1
4326912,8
4327085,3
4327812,1
432785,56
432823,6
4328242,16
4328448,94
4329402,4
4329792,7
4330244,19
4330598,5
433164,3
4331780,3
4332048,2
4332682,23
433279,3
4332922,10
4333091,1
433320,1
4333229,1
4333807,1
4334023,30
4334909,5
4336116,17
4336226,5
4336323,14
4336590,1
433674,1
4336926,1
433734,1
4337635,11
4338160,1
4338840,1
4339505,1
4339554,1
4339774,5
434039,3
43408,6
434180,1
4341824,3
434207,1
4342436,3
43432,7
4343377,3
4344217,1
4344391,1
434457,4
4344606,3
434499,1
434516,25
4345510,7
4345985,1
434605,5
4346226,23
434642,4
4346465,6
4346502,1
434657,5
434666,1
4346769,2
4348621,1
434875,7
4348886,21
4349302,20
434970,10
4350052,1
435015,1
4350463,1
435078,1
4351155,2
435126,2
4351382,2
435143,1
4351552,10
4351652,11
4351848,5
4351959,15
435237,5
4352489,14
435303,1
435306,3
435319,5
4353988,5
4353989,1
435472,2
4354771,1
4355249,1
4355506,27
435568,1
4356060,17
4356280,4
4356337,12
4356607,2
4356918,2
435696,1
4356962,1
4357563,1
435854,7
4358834,27
4359405,3
4359413,26
4359417,2
4359739,9
4360044,1
4360243,2
4361215,2
4361741,1
436234,5
4362358,1
4362454,6
4362732,1
4362899,6
4363225,7
4363287,10
436333,1
4363346,1
4365061,2
43654,9
4365714,3
436614,3
43665,1
436668,21
436697,3
4367165,3
436740,32
4367925,1
4368359,1
4368408,3
4368581,1
4368629,5
4368740,8
4369064,1
436982,5
4370386,5
4370433,23
437047,3
437082,7
4370870,2
4370923,6
4371084,14
4371373,9
4371445,1
437183,1
4372274,93
4372311,1
4372487,7
437264,21
4372929,19
437300,2
4373378,3
437350,1
4373744,8
437457,2
437504,1
4377001,1
437711,1
437756,1
437809,1
4378192,19
4379554,14
438007,4
438094,5
438113,5
438137,5
4381588,4
438184,1
438202,19
4382905,21
438515,5
4385258,1
43861,19
4386240,12
4386436,1
4387224,1
438724,2
4387276,19
4387461,1
438875,1
4389025,11
43891,4
4389621,1
4390179,1
4390351,3
4390359,21
4390545,4
4390936,1
4391147,11
4391504,17
4391836,3
4392300,19
4392367,22
4393171,1
4393452,3
4393789,1
4393900,1
4394458,70
439462,2
4395082,1
4395611,3
439578,20
4396121,5
4396328,4
4396750,1
4396787,1
4396963,1
4397320,4
439736,5
439783,1
4398342,7
4399026,2
439911,9
439980,9
4399843,20
440006,1
4400370,17
4400513,4
440075,3
4400802,3
4400838,11
4400956,2
4401023,1
4402061,1
4402643,1
4402666,1
4402945,11
4403496,5
4403568,20
4403581,1
4403945,5
4404341,1
440443,4
4404577,7
4404964,16
4405671,1
440569,12
4405700,1
4406211,4
4406522,3
4407173,13
4407987,6
4408409,2
44088,36
440902,4
4409107,4
440919,2
4409285,3
440986,1
4410547,4
4410597,2
4411,97
4411411,1
441146,1
4412302,3
4412429,3
441325,6
441330,1
4413420,2
441379,1
4414041,2
4414835,13
4414865,5
441532,3
4416417,2
44165,4
4416952,8
4417190,1
441747,4
4417556,1
4418086,12
4418235,4
4418514,2
4418642,2
4418672,1
4419216,1
441939,4
4419759,20
4420552,1
442194,1
4422158,5
4422667,28
4423085,20
44238,2
442408,9
442433,5
4425781,3
442580,1
442588,8
442599,1
4426206,3
4426935,2
442793,3
442794,1
4428035,1
442815,1
442818,2
44282,2
442823,1
442859,5
4428708,1
442902,1
4429471,22
4429529,5
4430443,8
4430580,4
4431036,1
44311,1
4431375,1
4431899,1
4432190,2
4432259,5
4432333,4
443239,2
443272,1
443336,1
4433700,28
443423,1
4434299,6
443450,5
4434504,3
4434879,4
4435197,3
4435207,4
4435222,1
4435496,2
4435566,8
44362,5
4436519,1
443688,1
4436894,1
443693,3
443708,12
4437847,2
4437979,4
4438007,1
4438068,1
443873,1
443900,1
4440172,1
4440883,36
4440947,1
4442132,1
4442238,1
4443155,1
4443548,2
4443629,24
4444322,2
444457,72
4445099,3
4445130,1
444532,3
444652,1
4446634,11
4446700,1
4447060,10
4447069,5
4447542,1
4447543,1
4447554,21
4447972,2
4448147,4
4448334,5
4450791,4
4452844,5
4453280,3
445426,8
445491,8
4455095,24
4455579,7
4455748,4
44559,21
4455983,1
4456484,1
4456839,1
445688,4
4456909,2
4456940,5
4457203,3
4457205,17
4457524,19
4457545,4
4457688,1
4457883,1
4458817,13
4459156,1
4459372,1
4459398,1
4460067,4
446026,4
4460750,9
4460846,6
446097,3
4461775,1
4462231,5
4462536,4
4462935,6
4462966,25
4463258,3
446326,3
4463405,1
4463489,5
4464189,7
4464318,1
4464386,1
4464577,1
4465491,1
4465640,4
4466038,1
4466166,1
4466381,16
4466417,2
4466454,1
4466649,6
4466698,2
4466718,5
446708,1
446709,11
4467187,1
4467254,5
4467455,2
4467593,2
4468203,5
4469034,1
4470236,2
447091,4
4471408,1
4472375,1
44728,1
447338,1
4473718,1
4474058,4
4474657,40
4475332,4
447567,1
4475806,5
447594,2
4475963,11
447600,3
4476534,1
4476537,3
4476570,1
4476726,1
4476771,9
4477257,1
447742,16
447743,2
4477487,1
4478028,1
4478169,17
4478210,4
447828,1
4478458,1
4478533,2
4478817,5
4479136,5
4479839,1
4480518,2
448095,2
448097,2
4480981,5
4481615,15
4481626,1
448168,1
4481743,1
44820,28
4482064,18
4482368,35
4482611,5
4482782,1
44829,7
4483044,5
44857,3
44860,2
448646,1
448893,3
4489388,29
4489456,3
448953,2
4489618,1
4490097,2
4490313,1
4490360,1
4490419,141
4490569,5
4490980,1
4491146,5
449138,1
4491484,6
4491580,2
4491734,1
4491804,66
4492060,3
4492267,1
44923,1
4492826,2
4493185,4
4493241,2
4493254,1
4493367,1
4493463,4
449393,1
4494026,4
449418,1
4494381,1
4494410,1
44953,4
449647,3
4496550,1
4496567,3
4496744,3
4496760,1
4496788,2
4497046,2
4498128,4
4498304,2
4498358,1
44986,1
449865,3
449867,30
449884,11
4498912,36
449896,1
449898,3
4498997,1
4499042,2
4499065,1
449916,5
4499479,21
4499735,2
450001,1
4500125,1
4500471,4
450082,4
450100,3
4501053,16
4501060,33
4501118,5
450137,1
45018,1
450186,1
4502598,40
4502725,6
4503002,1
4504259,1
450563,1
450659,8
4508325,5
45116,4
4511678,47
4512042,11
451237,3
4513138,20
451334,61
4513448,3
4513913,3
4514059,1
4514741,1
4515375,5
4515388,1
4515584,3
4515634,2
4515945,1
4515989,1
45164,7
4516813,1
4516854,1
4516870,2
4516981,1
45170,2
4517091,5
4517697,1
4517704,9
451794,5
4518023,17
4518119,17
4518413,1
4518503,1
4518875,5
4519,2
451992,2
45209,13
452152,15
4522359,3
4522829,1
452318,1
4523641,7
452378,5
452393,9
4524355,1
4525009,11
4525204,1
4525362,10
4525930,1
452646,2
452731,4
4527783,2
4527820,1
452805,1
4529369,1
453015,4
4530434,1
4530467,2
453143,1
453193,1
4533819,2
453461,2
4536797,10
45378,3
4539312,2
4539419,1
4540505,55
4540982,3
4541589,1
4541653,15
4541661,2
4541807,10
4542268,2
4542546,1
4542926,15
4542976,11
4542997,2
4543176,1
454330,1
4543596,7
4544199,20
4544281,1
454437,24
4544783,1
4545023,3
4545104,2
4545177,2
4545202,42
4546107,4
4547329,7
4547586,1
454858,1
4548694,5
4548737,3
4548887,1
4548960,4
4549132,1
4549208,2
4549272,36
4550427,5
4550692,1
4550873,5
4551462,8
4551573,14
45517,1
455190,18
4551930,1
4552059,3
4552170,2
4552488,2
4552532,1
455289,20
4553090,1
4553545,46
4553628,20
4553756,6
455406,2
4554285,2
4554941,1
4554986,2
4555144,5
4555457,2
4555581,1
4555739,1
4555951,3
4555970,1
4556118,6
4556205,6
4556208,35
455652,10
4556524,3
4556626,19
4557214,2
4557397,6
4557587,2
4557760,3
4558197,5
455853,4
45589,18
4558959,1
4558991,1
4559090,1
4559132,4
4559171,29
4559287,4
4559379,1
4559624,1
4559996,1
4560091,1
4560122,1
456019,3
4560290,4
4560563,1
4560602,1
4560643,13
4561090,1
4561346,1
4561707,1
4561833,77
4561929,23
4561986,2
4562049,1
45624,1
4562868,2
4562951,17
4563264,5
4563708,1
4563847,1
4564061,19
4564193,7
4564337,1
4564547,1
4564699,1
4564811,4
4564960,3
4565408,17
4565428,68
4565512,1
4565626,2
4565939,1
4566095,2
4566623,3
4566634,1
4566758,5
4566791,65
456688,2
4566886,1
4567588,4
4567589,2
4567651,22
4568294,2
4568627,7
4569172,5
4569227,5
4569231,1
4569260,9
4569382,17
4569641,2
4569779,1
4569982,28
4570067,46
4570312,21
4570371,1
4570843,3
4571168,2
457125,5
4571861,10
4572239,3
4572241,4
4572692,6
4572942,15
4573153,1
457321,1
4573603,23
4573878,5
4574169,4
4574224,1
4574265,1
4574525,2
4574854,1
4574879,7
4574935,5
4575480,3
4575574,1
4575589,1
4575788,1
4575945,4
4576334,10
45764,13
4576914,2
457697,2
4577040,1
4577158,1
4577286,8
4577653,20
4578260,4
4578380,1
4578443,20
4578474,20
4578740,144
4578768,20
4578825,18
4578830,1
4578945,2
4579038,5
45796,16
4579708,22
4580567,17
458107,10
4581133,6
4582193,17
458279,2
458305,16
458316,10
458442,7
458636,8
4586489,1
4586789,1
4586899,2
4587422,1
4587538,1
4588012,3
4588626,3
4588687,12
4589595,17
4589922,13
4589955,4
4590161,8
4590303,10
4590423,4
459068,2
459071,6
4591064,2
4591364,18
4591439,1
4591535,1
4591547,1
45917,2
4591703,17
4591791,1
459199,2
4592066,1
459212,1
4592255,1
4592269,1
4592274,45
4592391,1
4592411,1
4592451,3
4592520,1
459264,5
4592701,2
4592820,1
4593618,1
4594266,1
4594631,38
4595298,4
4595638,1
4595807,2
4595873,4
4595945,1
4596091,1
4596128,22
4596321,2
45966,1
45968,1
45969,1
4597153,1
4597196,6
4597264,21
4597353,1
4598579,3
4598957,1
4599157,20
4599375,1
4599498,1
4599622,2
4599782,1
4599907,2
4600010,2
4600013,1
4600135,1
4600180,14
4600509,1
4600730,5
4600782,17
4601031,4
4601089,1
4601090,1
4601687,3
4602032,6
4602048,2
4602555,3
46026,3
4602847,3
4603470,1
4603486,3
4603655,2
4603788,2
4603899,2
4604045,1
4604060,1
4604208,9
4604361,2
4604433,5
4605054,1
4605270,2
460535,5
4605463,6
4605481,3
4605539,4
4605755,2
4605870,1
4606487,2
4606905,1
4607219,4
4607220,3
4607565,1
4607699,1
4607716,1
4608337,3
4608970,3
4609098,1
46094,4
46097,8
4609713,1
4609866,3
4609915,2
4610341,17
4610453,1
4610747,6
4610811,1
4610835,1
4611161,1
4611170,5
4611179,2
4611515,1
4611571,1
461162,25
4612024,1
4612074,1
4612703,7
4612800,1
4613279,2
4613466,3
4613512,1
4613737,20
4613792,15
4613919,1
4614058,20
4614562,2
4614727,1
4615285,1
4615324,5
4615382,11
4615488,1
4615737,7
4615908,11
461846,2
4618644,11
4619063,9
4619214,5
4619247,1
4619399,3
461941,4
4619816,28
462002,3
4620638,1
4620825,1
4621049,32
4621092,2
4621094,9
4621187,5
462130,2
4621608,1
4621681,5
4621840,3
4621897,6
462198,2
4622257,7
4622303,64
4622445,10
4622913,2
4622960,4
4623198,5
4623231,96
4623333,2
4623425,1
4623469,2
4623607,1
4623672,12
4623770,1
4623783,14
4624005,1
4624029,1
4624082,1
4624427,35
4624599,1
4624627,1
462480,1
4624827,4
4624857,1
4624961,3
4625053,1
4625067,1
4625098,1
4625214,4
4625230,1
4625678,1
4625866,1
4626108,4
462649,14
4626600,4
4626686,1
4626734,3
4626785,3
4626819,19
4627015,5
4627837,1
462789,24
462876,3
462898,53
463161,4
463294,2
463345,5
4635547,1
4635831,1
4635856,14
4635908,20
4636559,75
4636615,8
463699,2
4637080,5
4637085,2
4637111,2
4637117,1
463734,8
4637580,3
4637654,3
464012,1
46410,4
4647896,1
4648887,2
4649738,4
465038,6
4651954,4
465222,17
465248,1
465276,5
4653002,17
465449,1
465664,9
4656975,5
46571,2
46574,1
465990,2
466168,20
4662723,1
466305,1
466327,1
466415,4
46644,1
4665213,3
466540,1
466558,2
4665741,43
46679,1
466812,28
466944,11
4670620,4
467079,1
46708,2
467155,2
467317,7
467410,5
467635,1
467651,10
467832,21
467881,1
467883,14
4680557,16
46831,2
4683157,1
468618,5
468703,1
4687081,4
468793,4
468800,2
4688059,36
468919,4
468994,8
469017,5
469199,2
46925,6
469300,1
4693944,1
4694230,1
4695561,5
4695927,2
4696302,5
4696533,4
4696632,1
4696703,10
4696708,20
4696896,13
46972,1
46973,3
469818,1
469939,5
470080,14
47022,1
47032,1
4703802,2
470474,2
47075,1
4709425,7
4709495,20
4709513,1
4709709,3
4710681,2
4710866,1
47129,11
471354,2
471656,119
47170,1
471719,2
4718484,20
4718726,3
4719033,8
4719091,6
4719267,1
4719344,3
4719452,1
4719718,1
471978,1
4719851,8
4719888,5
4720028,19
4720089,1
47245,2
4726218,1
4726565,1
472698,3
4726993,1
4727654,3
4728107,7
4728393,1
4728720,13
4728807,20
4728920,1
472898,21
4729583,1
4729964,2
473107,2
473532,2
473577,3
473837,2
4739778,4
4740052,2
4740056,29
4740232,20
4740256,1
474033,1
4740339,1
474035,1
4740462,10
4740533,10
4740688,2
4740719,5
4740985,2
474202,16
47421,1
4742117,2
474263,10
47436,13
47446,2
4744851,1
474581,5
4749477,16
4749802,1
4750172,2
4750213,1
4750420,1
475047,1
4750472,5
4750739,6
4750761,1
475088,8
4751164,19
4751188,1
475332,3
4753877,5
475447,1
475505,3
475612,67
4758067,5
4758074,1
4758160,20
475910,1
475957,1
4760730,4
476260,26
476402,3
476542,1
476596,2
47664,12
476825,1
4768251,1
4768316,32
4768700,2
4769203,15
4769250,3
4769285,3
476979,20
47731,5
477331,1
477478,3
4775138,4
4775205,1
477616,7
4777743,11
477840,1
4778772,1
4778813,8
4779146,6
4780069,18
478067,2
4781675,1
478265,1
478492,2
4786082,4
4786841,2
478809,1
47895,2
479288,27
4795248,1
4796811,1
4796825,4
4796896,38
479708,1
4797111,2
4797328,2
4797486,1
479795,75
479862,5
479900,1
479945,1
480091,10
48017,2
480175,2
480397,1
48043,1
4805992,1
480666,4
48067,20
480690,2
480691,17
4809860,25
4809864,38
481036,3
4810641,23
481165,5
48148,2
481778,3
481817,33
482079,1
482300,38
4825682,2
4825861,9
4825922,1
4825943,1
48262,3
482632,1
482702,7
4827222,2
4827540,1
4827576,1
4828052,1
4828234,2
4828279,3
4828445,23
4828911,5
4829426,1
482944,270
4829737,4
4829801,1
4829914,1
482994,2
4830,5
4830114,1
4830190,1
4830306,2
4830318,3
4830726,3
4830750,1
4830955,6
4830966,3
4830983,1
4831312,10
4831624,4
4831664,3
4831891,5
4832112,3
4832174,2
4832279,3
4832315,5
4832351,3
4832375,5
4832409,3
4832675,3
4832879,1
4832963,2
4833075,2
4833082,1
4833354,2
4833363,1
4833699,2
4833818,1
4833986,5
4834016,1
4834200,2
4834398,1
4834618,2
4834664,1
4834665,6
483506,1
4835464,1
4835500,1
4835614,2
4835816,1
4835914,75
4836000,1
4836066,3
4836165,2
4836210,1
4836247,4
4836364,4
4836577,1
4836850,4
4836912,1
4836919,20
4837080,89
4837105,1
483718,1
483721,1
4837551,19
48379,3
4838062,8
483809,3
4838118,1
4838192,1
4838276,5
4838344,1
4838481,1
4838523,1
4838659,1
4838841,2
4838874,3
4839115,3
4839272,2
4839278,1
4839283,4
4839334,26
4839427,21
4839481,4
4839566,30
4840655,2
4840837,1
4841052,1
4841078,4
4841109,1
4841297,3
4841366,3
4841481,3
4841506,17
4841733,6
4841743,1
4842030,1
4842199,8
4842286,145
4842294,1
4842303,3
4842383,2
4842525,1
4843013,6
4843054,2
4843069,3
4843194,2
4843339,5
484359,47
4843741,4
4843890,5
4844130,3
4844314,1
4844476,2
4844559,2
4844654,20
4844795,14
484485,11
484505,40
4845061,4
4845123,10
4845352,1
4845374,3
4845411,3
4845523,2
4845587,1
4845653,3
4845858,5
4845897,2
484616,7
4846844,3
48469,5
4847245,6
4848026,1
4848053,15
4848089,1
4848202,2
4848246,1
4848523,1
4849009,7
4849222,2
4849406,1
4849701,3
4849711,1
485058,1
4850900,15
4851282,5
4851306,1
4851659,1
4851891,2
485191,2
4852241,5
4852451,62
4852784,1
4852984,1
4853105,2
4853403,2
4853599,1
4853799,1
4854026,4
4854216,8
4854256,2
4854482,4
485459,1
4854654,14
4855237,1
4856195,3
4856331,17
4856371,5
485646,1
4857040,3
485747,42
4857780,1
4857847,1
4858123,3
4858177,1
4858475,5
4858734,3
485877,1
4858874,13
4858926,14
4858954,66
4859151,5
4859168,2
4859351,73
4859474,3
485965,1
4859933,1
4860463,5
4860465,38
4860615,7
486062,1
4861212,16
4861231,3
4861288,3
4861291,4
4861483,3
486160,1
4861682,3
4861693,2
4862154,1
4862251,3
4862467,1
4862472,2
4862543,5
4862587,45
486261,1
4862819,5
4862859,4
4863178,4
4863609,3
4863996,2
4864017,1
4864228,7
4864342,1
4864352,1
4864580,5
4866256,5
4866369,1
4866610,5
4866682,7
4866814,1
4866874,2
4866898,22
4867268,1
4867279,1
4867449,4
4867485,1
4867917,1
486795,65
4868060,1
4868285,1
4868286,12
4868773,6
4868810,38
4868945,1
4868987,2
4869008,3
4869042,20
4869146,1
4869164,2
4869314,1
4869345,16
4869439,10
4869478,12
4869707,1
4869870,1
4870280,3
4870390,1
4870551,5
4870686,1
4871366,1
4871662,15
4872160,6
4872591,2
4872702,5
4872876,1
4873474,2
4873588,22
487370,41
4873936,2
4874062,4
487417,1
487443,1
4874662,7
4874910,1
4875635,1
4876818,31
4877063,1
4877537,3
4878083,1
4878542,1
4878928,15
4879475,1
4879624,1
4879859,1
488132,3
4881357,1
4883166,22
4883377,31
4883447,5
4883846,4
4884028,3
488412,4
4884436,2
4884510,1
4884700,3
488475,20
4884768,12
4884869,5
488487,5
4884935,11
4886783,6
4888033,1
4888256,1
4888427,2
4888828,1
4889312,11
4889788,3
4890711,1
4890905,2
4891207,3
4891505,2
4891587,1
4891633,1
4891887,7
4892587,1
4892642,19
489324,5
4894461,31
4894729,1
4895015,1
489505,14
4895224,2
489532,4
4896134,1
4896447,6
4897334,1
489739,5
4897528,1
4897818,2
489801,1
4900142,2
4900496,125
4900750,5
4901220,4
490180,1
490206,1
4902313,20
4902826,1
4903121,2
4903321,2
4904873,2
4905678,1
4905819,1
4906088,1
4906309,20
4906623,1
4906738,5
490685,1
490696,1
4907229,6
4907523,2
4908474,26
4908630,1
4908684,5
4908909,20
4909039,24
4909113,12
4909259,5
4909420,4
4909975,1
4911204,17
491146,9
4911844,1
4911957,8
4912332,1
4912546,5
4912585,3
4912826,2
4913422,1
491348,3
4913837,1
4914329,1
491433,5
4915908,1
4916544,1
4916864,7
4917228,5
4917734,22
4917769,15
4918585,9
4918637,1
4918755,1
4919004,2
491911,3
4919311,42
4919489,1
4919797,2
4920619,1
492118,1
4921415,4
4921475,65
4921521,1
4921623,8
4921932,14
4922083,8
4922782,1
4922957,25
4924301,3
492468,5
492504,5
492625,5
4926363,26
492642,3
4926758,1
4927228,11
4928320,1
4928972,1
4929212,20
4929729,12
4930049,3
4930486,11
4930558,7
4931697,2
4932406,1
4933344,1
4933559,27
493358,1
4934523,8
4934698,1
4934945,16
4935599,2
493585,100
4936712,12
4936825,6
4936960,8
4937129,1
4937653,5
4937662,1
4938058,1
4938406,1
4941090,1
4941707,3
4941726,9
494202,3
4942276,21
4943553,2
4944181,3
4945206,1
4945848,1
4945984,1
494785,1
4948021,2
4948352,5
494850,1
4948556,1
4948867,3
4949269,2
4949625,3
4949706,2
4949989,2
4952118,50
4952277,7
4953565,2
4953666,1
495537,1
4955474,4
4955682,9
4955765,1
4955924,4
4956624,2
4956925,1
4957012,8
4957158,1
4957348,4
4957520,5
4957571,21
4958332,2
4959495,1
4959639,3
4959812,1
49605,5
4961050,9
4961062,5
4961133,5
4961573,4
4962167,3
4962308,1
4962493,2
4962549,42
4962723,1
4962909,3
4963575,2
4963636,19
4963967,4
4965033,7
4965285,1
4965329,7
4966059,1
4967212,22
4967286,3
4968032,1
4968211,25
4968365,3
496897,6
4969264,5
497006,2
4970619,2
4971476,4
497192,4
4972174,1
4972817,1
4972985,4
4973259,3
4973367,2
4973471,2
4973909,19
4973960,13
4974208,15
497504,2
4975629,10
4975710,1
4975795,1
4976109,1
4976358,20
49767,2
4977183,2
4977674,11
497777,4
49782,1
4978384,51
4979920,1
4981276,2
4981701,1
4981919,5
4982206,1
4982218,9
4982599,1
4982692,14
4982747,6
4984,2
4984494,5
498453,12
4984889,2
4986250,4
49871,8
4987134,1
4987273,3
4987648,76
4987754,3
4987790,2
498810,1
4988383,1
4988987,1
4989451,20
4989688,1
499012,4
499014,5
499042,1
499254,1
4992552,1
499363,37
4993660,4
499461,4
4994630,1
4994813,1
4995582,5
499616,1
499634,15
4997133,4
499800,2
4998084,1
499842,1
4998422,3
4998527,1
4998624,3
4998727,9
4999949,1
500131,1
5002765,1
5003019,1
5003081,1
5003165,1
5003288,4
5004544,3
500466,1
5004814,4
5005009,3
500578,4
5006110,1
5006627,2
5006653,2
5006775,6
5007243,1
5008281,21
5009351,1
5009412,1
5009695,3
5009999,4
5010095,1
501050,5
5010618,4
5010777,23
5011098,7
5011184,1
501127,9
5012,56
5012004,3
5012010,1
5013447,3
5013923,5
501429,1
5014378,1
5014562,5
501534,4
5015629,3
5015714,1
5015718,4
501592,2
5016080,1
5017572,20
501824,3
5018814,1
5019303,5
501967,1
5019874,7
5020408,2
5020786,6
5021163,1
5022663,1
5023193,177
5023579,3
5024164,1
5024264,11
502447,2
5024684,1
5024866,5
5024921,1
5026049,1
502621,2
5026713,1
5026953,18
502707,2
502711,1
5027122,2
5027271,4
502733,1
5027394,5
5027397,28
5027589,2
5027799,1
5027830,2
5027985,1
5028159,3
5028582,1
5028655,1
5029,1
5030213,16
5030363,1
5030725,1
503103,1
5031156,39
5032060,2
5032197,3
5032365,3
503360,3
5034227,2
5035185,4
5035381,1
503578,2
5036106,1
503670,1
5036996,50
5037102,2
503751,5
503763,10
5038127,6
5039290,1
5039581,1
5039786,2
5039870,5
504000,3
5040179,2
5040490,2
5041498,3
5041540,1
5042128,2
5042593,17
5042939,1
5043027,1
5043208,5
5044913,3
5044998,1
5045469,9
5045574,6
5046015,1
5046133,25
5046527,20
5046942,1
50472,75
5047463,7
5048454,3
5049097,21
5050144,3
5050235,1
5050324,8
505090,1
5052095,18
5052809,8
5053410,2
5053493,12
50547,3
5054771,12
5055267,7
5055289,3
505577,1
5056843,18
5056998,19
5057562,2
5058637,1
5058950,2
5059666,3
5060015,1
5060065,5
5060089,1
5060535,28
5061789,1
5062075,1
5062208,1
5062423,1
506259,54
5062748,1
5063142,56
5063770,2
5064183,3
5064399,8
5064437,9
5064499,1
5065545,1
5065655,4
5066250,1
506744,2
5068729,1
5068997,2
506948,14
5070031,19
5070296,5
5070512,1
5070542,1
5070704,1
5071131,4
5071238,12
5071537,2
507158,5
507196,9
5072074,1
5072263,1
5072297,3
5072321,2
5072835,1
5072861,2
5073222,1
5073255,5
5073274,3
5073674,1
5073955,1
5074032,3
5074110,1
5074514,5
5074753,3
5074864,1
5074869,3
5074902,1
5075843,6
5077227,2
5077842,1
507837,3
50784,1
5078642,2
5079392,5
5080236,9
5080349,2
5080604,3
508138,3
5081685,1
5082682,1
5082725,1
5083155,4
508334,6
5083497,20
5083598,11
5083721,1
5083726,34
5083910,8
5084118,1
5085020,2
5085199,6
5085226,1
5085508,5
5085592,4
5085877,44
508657,5
5086836,2
5086890,15
508715,1
508777,1
5087868,11
5088079,5
5088172,3
508834,1
5088366,5
5088374,5
5088628,79
5089082,3
5089153,8
5089442,5
5089470,1
508967,2
5089684,3
5089764,1
5089960,3
5090903,8
5091046,5
509111,81
5091551,1
5091857,9
5092057,1
5092463,1
5092956,1
5093033,12
5093065,49
509318,4
5093292,5
5093345,1
5093390,5
5093603,2
509401,2
509410,15
509411,59
509421,48
5094229,3
5094309,2
5094611,1
5094621,1
5094730,2
5094841,5
509504,2
5095059,2
5095862,1
5096003,4
5096033,32
5096396,6
5096403,1
509657,3
509692,5
5097138,17
509731,21
5097383,2
5097407,7
5097755,22
5097807,1
5098036,1
5098221,1
5098351,5
5098481,1
5099207,3
5099277,20
509940,7
5099433,26
5099441,1
5099569,20
5099668,1
5099932,5
51,5
5100005,1
5100020,1
5100035,2
5100197,1
5100394,1
5100537,1
5100670,1
5101188,7
5101210,2
5101252,6
5101280,6
5101342,17
5101414,1
5101457,2
5101632,21
5102497,15
5102998,4
510305,5
5103193,9
510328,1
5103325,1
5103347,4
5103514,1
5103924,1
5104021,1
5104218,1
5104380,5
5104561,3
5104619,2
5104728,1
5104919,1
5105011,1
5105276,1
5105315,1
5105429,1
5105680,3
5105761,1
510606,14
510642,20
5106474,1
5106542,11
5106685,13
5106716,1
5106864,5
5107063,1
5107152,17
5107354,1
5107433,4
5107518,3
510801,15
5108237,5
5108405,1
5108550,1
5108800,9
5108870,29
5108913,1
5108953,2
5109114,5
5109175,18
5109326,1
5109364,1
5109574,21
5109642,1
5109696,3
5109707,3
5109853,4
5110,7
5110076,5
5110401,17
5110859,7
5111025,1
5111060,5
5111086,7
5111113,20
5111401,14
5111427,5
511171,1
5111728,3
5111848,1
5112144,7
5112198,4
511246,3
5112516,15
5112645,13
5112810,3
5113030,1
5113035,1
5113066,8
5113081,4
5113153,1
511380,10
5113982,2
511400,36
5114037,5
5114131,200
5114383,3
5114513,36
5114860,28
5114978,4
5115240,1
511542,1
5115660,1
5115768,4
5115827,1
5116301,22
5116365,1
5116549,10
5116917,5
5117,25
5117256,2
5117381,1
5118323,13
5118347,5
5118400,2
5118437,2
5118560,2
5118800,1
5118956,9
5119356,5
5119415,1
5119448,24
5119978,2
5120045,22
5120103,13
5120247,17
5120248,16
5120306,1
5120347,4
5120390,20
5120615,8
5120825,1
5120917,1
5120953,2
5121059,39
5121200,5
5121446,3
5121501,6
5121510,2
5121576,1
5121674,36
5121716,2
5121765,2
5121873,1
5122160,1
5122615,7
5122859,22
5122900,9
5122907,1
5122999,2
5123033,5
5123101,2
5123686,1
5123851,1
5124,3
5124260,10
5124308,1
5124427,11
5124516,4
5124967,1
5125063,47
5125222,2
5125241,1
5125272,6
5125445,1
5125446,1
5125513,1
5125781,5
5125972,1
5126325,4
5126560,1
51266,2
5126634,1
5126670,1
5127028,5
5127091,20
5127178,13
5127677,25
5127693,24
5127822,1
5128331,1
5128423,1
5128528,5
5128855,2
5128976,4
5129236,2
5129641,8
5129643,5
5129718,22
5129868,17
5130128,1
5130491,15
5130507,4
5130840,1
5131006,16
5131203,1
5131225,30
5131268,3
5131408,4
5131491,19
5131564,29
513175,5
5131827,2
5131838,1
5132134,12
513240,5
5132451,19
5132880,47
5133064,1
5133226,1
5133267,2
513338,1
513369,1
5133690,2
513375,1
5133934,1
5134210,2
5134220,6
5134758,2
5134900,18
513491,4
5134961,1
5135532,5
513558,1
5135590,2
5136433,1
5136527,2
5136927,2
5136992,2
513702,27
5137021,5
513705,14
5137066,1
5137073,1
5137154,1
5137177,2
5138294,13
5138344,1
513854,5
5138554,1
5138576,1
5138761,3
5138803,1
513882,1
5138870,1
5139020,1
5139297,2
513963,1
5139729,1
513976,8
5139810,2
5139867,48
5140448,4
514046,34
5140631,17
5140634,1
514066,7
5140670,18
5140871,6
5140980,1
514107,7
5141499,6
5141760,1
514186,1
5141935,5
5142113,1
5142179,5
5143074,6
5143359,1
5143495,2
5143583,6
5143632,1
514377,1
5144094,2
5144377,1
5144410,5
5144428,1
5144595,49
514467,3
5144704,6
5144868,1
514489,30
5144968,1
514525,1
514528,3
5145597,1
5145806,1
5145895,6
5146097,4
514622,9
5146496,12
5147061,1
5147122,1
5147483,4
5147520,2
5147535,1
5147555,2
5147630,2
5147657,1
5147696,1
5147734,6
514821,5
514859,7
5148810,2
5148826,1
5148834,1
5148924,1
5149023,1
514949,6
5149544,22
514971,24
5149790,17
515028,1
5150413,2
5150763,1
5151367,3
5151529,4
5151877,5
5152094,3
5152238,7
5152247,5
515299,1
5153064,20
5153159,3
5153291,23
515342,2
5153520,5
5153645,80
5153712,1
515373,153
515374,2
5153788,2
5154116,1
5154233,1
5154260,1
5154466,20
5154479,2
5154490,12
515456,2
5154661,4
5154747,7
5154863,11
5154869,5
5154879,40
5155140,74
5155153,1
5155319,1
5155365,11
515540,6
5155463,4
5155593,21
5155795,2
5155956,1
5155969,22
515632,1
5157033,2
5157134,1
5157139,3
5157153,20
5157216,3
515730,2
5157613,3
5157999,1
5158140,2
5158543,4
5158690,20
515875,3
5158819,1
5158832,15
5159376,1
5159646,2
5159681,4
5159973,22
5160011,11
516004,1
5160279,3
5160295,12
5160446,1
5160489,145
5161092,4
5161362,4
5161455,4
5161667,7
5161752,6
5161773,6
5161774,1
5161810,2
5161921,4
5161937,5
5162412,4
5162655,2
516281,13
5162902,3
5163004,7
5163123,1
5163356,1
5163466,1
5163573,11
5163788,5
5164178,80
5164277,3
5164484,2
5164947,1
516513,5
5165210,1
5165250,1
5165669,11
5166132,5
5166139,1
5166202,1
5166325,2
5166653,3
5166799,46
5167145,1
5167356,1
5167372,4
5167461,5
5167822,1
516859,45
5168816,101
5169051,1
5169101,5
516931,1
5169395,1
5169444,1
5169451,1
5169711,15
5170043,1
5170353,4
5170374,2
5170379,1
5170581,1
5170638,5
5170654,32
5170878,5
5171039,1
517116,17
517177,2
5171808,1
517209,1
5172389,1
51726,5
5172750,2
5172762,39
517347,3
5173695,17
5173994,14
5174246,30
5174247,2
517429,6
5174419,1
517443,1
5174728,6
5174803,23
5175201,19
517529,2
5175442,3
5175535,19
5175602,1
5175749,4
5175894,1
5176004,6
517615,15
5176289,3
5176461,2
517651,1
5176596,1
5176600,17
5176604,2
5176780,1
5176812,2
5177013,1
5177015,1
517713,7
5177643,4
5177705,1
5177734,5
5177882,2
5177936,1
5178033,13
5178333,2
5178629,1
5178924,1
5179284,1
5179307,1
51796,68
5179858,3
5179956,4
5180507,1
5180595,2
5180641,3
5180665,1
518091,1
5180973,1
5181089,2
5181231,5
5181313,11
5181331,4
518218,10
5182455,5
5182491,1
5182513,7
5182805,21
5182962,5
5183040,7
5183071,6
5183810,1
5183840,2
5184383,32
5184642,3
5184651,161
5184715,1
5184748,1
5185351,25
5185434,1
5185449,3
5185654,9
5186073,5
5186376,22
5186459,12
5186695,1
5186725,1
518674,1
5186849,2
5187111,2
5187241,43
5187254,17
5187343,18
518785,95
5188149,2
518828,5
518829,6
5188338,1
5188582,1
5188649,35
5188889,4
5188994,3
5188996,1
5189057,1
518916,1
5189971,1
5190410,2
519048,32
5190555,1
5190586,4
5190775,27
51911,5
5191156,1
5191284,1
5191285,32
5191401,22
5191460,1
5191538,37
5192094,3
5192130,1
5192216,1
5192268,1
5192361,4
5192442,23
519258,1
5192964,11
5193270,4
5193320,1
5193875,2
519403,1
5194099,4
5194220,19
5194402,19
5194544,1
5194614,16
5194670,2
5194771,2
5194946,1
5195128,2
5195653,1
5195747,2
5195788,1
5196,2
5196042,1
5196166,20
5196283,33
5196332,2
5196334,20
5196386,2
5196449,5
5196537,1
5196652,3
5196887,1
5196984,1
5197024,16
5197037,5
5197271,1
5197573,2
519766,1
5197807,1
5197909,3
519814,1
5198358,12
5198435,1
5199206,1
5199357,1
5199367,10
5199436,4
5199590,15
5199820,4
5200115,4
5200516,1
5200677,10
5200758,3
5200910,1
520093,19
5201035,2
5201096,10
5201344,2
5201482,12
520156,3
5201580,1
5202370,5
5202479,25
5202496,1
5202565,1
5202908,17
5203156,27
5203352,1
520348,16
5204,13
5204111,11
5204166,7
5204184,11
5204320,1
5204349,2
5204938,1
5205030,2
5205171,3
520590,1
5205982,3
520611,1
5206287,18
520649,4
5206511,1
5206519,2
5206631,1
5206767,3
5206809,2
5206833,7
520720,1
5207427,1
5207506,2
5207613,1
5207624,8
5207698,2
520779,4
5207813,6
5207997,1
5207998,4
520803,1
5208049,3
5208089,1
5208119,1
5208162,1
5208177,3
5208194,5
5208435,8
5209067,20
5209080,15
520934,18
5209708,19
5210017,5
521045,5
5210560,2
5210830,2
5211130,1
5211177,4
5211275,8
5211383,5
5211818,4
5211820,2
5212025,3
521236,1
5212386,4
5212912,4
5212999,3
5213111,4
5213116,1
5214012,1
5214118,17
5214226,3
5214250,7
5214346,3
5214387,2
5214400,2
5214477,1
5214640,1
5214704,3
521494,7
5215014,7
521514,1
5215228,1
5215510,4
5215754,25
5215787,1
5215817,1
5215918,1
5216013,21
5216039,4
5216107,1
5216154,1
5216532,14
521705,29
5217349,21
521778,1
5218235,3
5218422,22
521979,1
5219807,1
5219821,15
5220,20
5220270,2
52203,3
5220475,95
5220554,19
5220668,1
522073,17
5220801,1
5220878,1
5220989,1
5221092,2
5221825,2
5221921,1
5222025,18
5222662,40
5223495,4
5223821,1
5223905,33
5224094,1
5224107,1
5224161,1
5224338,1
5224568,10
5224591,1
5224944,7
5225030,2
5225031,5
5225185,2
522525,1
5225467,1
5225511,4
5225578,4
5226331,4
5226621,1
5226782,65
5226803,26
5227393,3
5227636,1
5227805,1
522801,1
522817,1
5228969,1
5229696,1
5229756,3
5229968,7
5230396,2
5230429,1
5230788,21
5231101,3
5231217,5
5231514,25
5231813,3
5231907,1
5232467,6
5232471,1
5233195,1
5233605,1
5233609,1
5233851,33
5234014,4
5234677,4
5234679,1
5235316,3
52357,2
5235837,1
5235842,2
5236847,3
5237157,58
5237266,1
5237404,17
5237440,1
5237502,3
5237548,4
5237584,5
5237607,2
5237612,3
5237776,1
523804,1
5238069,18
5238243,23
5238246,1
5239157,2
5239617,5
5240197,1
5240486,1
5240515,6
524055,4
5240629,2
5240775,1
524096,19
524161,2
5241844,1
5241868,4
5242116,1
5242227,1
5242399,1
5242488,1
5242842,2
524285,1
5242862,9
524287,27
524295,14
5243056,4
5243067,5
5243574,1
5243774,2
5243795,2
52446,1
5244731,6
5244788,1
5244966,2
5245021,1
5245096,5
524511,3
5245787,38
5245824,1
5245919,1
524597,1
5246146,5
5246159,19
5246280,5
5246316,2
5246371,1
5246427,28
5246511,143
52467,1
5246773,1
5247014,1
5247099,1
524725,5
5247424,2
524747,1
5247832,3
52479,8
5248160,1
5248595,1
5248652,7
5248760,1
5248769,8
5248832,2
5249062,1
5249088,5
5249202,6
524934,13
524938,1
5249479,3
52495,52
5249545,1
5249672,2
5249864,94
5249975,5
5250267,1
5250933,2
5251094,1
5251520,5
5251726,5
5252276,1
525232,6
5252354,2
5252488,1
5252547,1
5252697,8
5252768,13
52529,3
525307,70
525324,1
5253322,2
5253470,3
5254045,2
5254204,10
5254213,20
5254745,20
5254934,2
5255051,1
5255305,1
525567,4
5255907,1
5255913,4
5256283,3
525633,1
5256402,3
5257291,18
5257601,2
5257816,26
525782,1
5257853,3
5257869,2
5257910,2
525795,1
5258046,19
525846,1
5258471,6
5258672,15
5259177,5
525944,9
525969,2
5260254,1
526059,11
5261027,3
5261905,20
526199,2
5262154,1
5262400,2
5262607,5
5262722,2
526298,1
526320,2
5263208,1
5263380,9
5263411,25
5263588,1
5263738,1
5264004,28
5264252,4
5264366,1
526447,5
5264659,5
5264787,3
5265037,2
5265269,6
5265555,7
526574,5
5265818,3
5266085,4
526682,4
5267,1
5267210,41
526748,4
5267542,20
5268167,1
526821,5
5268232,6
5268316,1
5268380,3
5268937,21
5269359,17
526968,9
526970,4
5269845,3
5269857,17
527014,5
5270419,2
5270535,4
5270727,2
527151,39
5271555,19
5271728,5
5271808,10
5271904,3
5272180,3
5272246,4
5272549,3
5272667,1
5272894,1
5273194,2
5273233,1
527337,1
5273386,2
5273798,1
5273933,2
5273949,4
5274260,21
527441,2
527451,5
5275507,2
5276271,2
5276447,7
5277078,2
5277083,1
5277498,5
52775,2
5278969,1
5279354,20
5279561,2
5279682,1
528,2
5280062,1
5280163,20
5280551,4
5280870,1
5280889,1
5280981,2
5281688,3
5282159,5
5282491,2
5282817,18
5283034,1
5283498,1
52837,1
5283891,14
52839,3
5284149,1
5284301,1
5284559,5
5284659,1
52849,1
5285157,1
5285305,4
5285963,6
528631,1
528635,7
5286654,2
5286932,15
5286950,2
528809,23
528846,1
5288523,4
5288553,1
528879,4
5288958,2
5289117,7
5289305,1
5289371,1
5289448,6
5289698,35
5289710,4
5289731,4
5289743,1
5289744,1
5289958,1
5289988,1
5290042,3
5290127,1
5290504,1
5290562,28
5290872,1
5290875,7
5291,5
5291080,1
529116,20
5291220,1
529127,5
5291329,1
5291513,14
5292103,9
5292116,1
5293016,5
5293080,6
5293317,5
529338,1
529340,14
5293470,5
5293545,6
5293587,9
5293934,5
5294001,1
5294004,70
5294219,4
529437,4
529443,19
5294502,3
5294509,3
529452,1
529455,2
5294595,1
5294829,1
5294916,5
529524,1
5295372,53
5295376,35
5295482,2
5295659,2
5295819,1
5295847,1
5295917,1
529594,5
5295997,11
5296007,2
5296308,2
5296485,4
5296554,5
529694,1
5297244,1
5297530,4
5297629,5
5298013,2
5298222,51
5298263,18
5298614,9
5298617,1
5298631,1
5298836,2
5299071,4
5299306,16
5299333,1
5299504,12
5300164,1
5300180,1
5300385,12
5300533,4
5300578,1
5300680,10
5300963,1
53011,3
5301217,5
5301459,33
5301654,1
5302346,4
5302439,3
530250,17
5302791,2
5302893,141
530291,1
5303052,1
5303956,1
5304364,1
5304404,21
5305411,4
5305997,3
5306284,1
5306469,1
5306956,3
5307015,3
530705,3
5307140,3
5308131,2
5308541,1
5308574,1
5308698,3
5308928,43
5308984,1
5309116,6
5309947,2
5310295,1
5310510,23
5310754,1
5310952,2
5311004,1
5311059,1
5311066,1
5311302,2
5311313,1
5311340,3
5312179,2
531239,1
531249,4
531298,1
5313824,4
5313855,8
5314086,3
5314103,13
5314236,5
5314264,3
5315194,1
5315319,1
531562,11
531585,1
5315887,24
531604,5
531608,1
5316289,1
5316448,1
5316621,1
5317172,3
5317263,6
5317526,1
5317749,4
531807,1
531808,14
5318105,1
5318957,2
5319524,1
532016,20
5320177,2
5320762,1
5320963,4
5321965,4
5322543,2
532293,3
5323239,1
532336,1
5323580,1
5323650,13
5324062,41
5324124,5
5324719,1
5324863,1
5324873,1
532507,2
5326374,1
5327140,5
5327414,1
532749,7
532761,22
5327663,1
5328036,6
5328071,8
5328208,3
5328464,3
5328509,3
53287,5
5329124,2
5329180,4
5329340,4
53295,1
532953,1
5329797,8
5329812,1
5330004,1
5330439,1
533044,3
5330559,2
5330800,5
5330988,10
5331198,1
533152,1
5331679,6
5332129,7
5332450,2
533251,42
5332542,1
5332544,21
5332763,4
533320,1
5333269,6
5334242,1
533441,2
5334678,5
5334952,1
5335390,1
5335417,1
5335555,3
5335710,6
533575,2
533579,3
5335869,2
5335878,5
5335977,20
5336644,8
5336726,3
5337253,2
5337266,1
5337343,2
5337584,3
533759,3
5337635,1
5337831,5
5337866,1
533807,5
5338172,8
5338966,11
5338978,3
533914,1
5339197,5
5339233,8
5339362,9
533938,5
5340507,2
5340867,5
5340910,2
5341554,1
5341572,6
5341677,20
5341948,1
5342117,1
5342207,7
5342653,1
5342948,3
5343251,1
5343866,11
5343930,1
5344037,3
53444,3
5344462,24
5344692,1
5345262,4
534540,12
5345900,4
5346012,12
534611,19
5346233,2
5346504,5
5346534,2
534678,10
5346966,1
5347114,13
5347205,1
5348103,263
5348290,2
5348790,2
5349027,1
5349033,2
5349635,2
5350153,2
5350293,1
5350349,11
535045,3
5351033,2
5351095,3
5351179,4
5351324,1
5351345,1
5351497,2
5351605,4
5351953,4
5352717,16
5352775,1
5352927,12
5352977,1
5353000,1
5353060,1
5353588,3
5354259,5
5354343,1
5354350,1
5354374,3
535496,11
5355230,5
535525,4
5355543,23
53557,5
5356071,2
535644,5
535678,10
535686,2
5356921,3
5356981,1
5357023,12
5358172,3
535824,4
5358299,1
5358452,16
5358527,84
5358671,1
5358832,1
5358858,3
5358963,10
5359121,20
5359509,2
5359845,1
5359940,4
5360145,5
5360356,4
53609,22
5361399,1
536148,25
5361769,1
5362014,1
5362051,11
5362214,2
536227,28
5362356,1
5362443,1
5362517,7
5362825,3
5362930,6
5363062,2
5363461,1
536368,4
5364125,1
5364166,89
5364192,2
5364231,20
5364309,2
5364343,1
536468,4
536476,8
5364771,1
536502,2
53652,5
5365881,2
536614,1
5366141,2
5366507,1
5366551,12
5366662,2
536724,1
5367245,1
5367767,1
5367921,3
5368584,2
5368689,1
536877,1
5369121,4
5369139,2
536998,10
5370064,2
5370126,3
5370505,1
5370578,1
5370678,4
5370838,31
5371250,1
5371543,7
5371915,20
5372207,1
5372220,4
5372275,2
537273,5
5373195,30
5373828,4
5374271,14
5374534,2
5374539,7
537462,23
5374725,4
5374774,2
5374841,3
5375248,4
5375375,1
537572,3
5375766,1
5375867,4
5376181,2
5376213,5
5376392,19
537653,2
5376880,59
537697,5
5376978,3
5377033,10
5377083,1
5377111,5
5377409,20
5377561,3
5377667,5
537775,5
5377867,27
5377881,1
5378265,1
5378723,1
5378858,4
5379029,2
5379059,1
537940,1
5380482,16
5380734,1
5380991,1
5381002,321
5381159,1
5381658,1
5381883,1
5382839,2
5383054,3
5383408,1
5383516,5
5383759,1
5384010,1
5384159,20
538457,1
5384730,4
5385083,5
5385120,4
5385130,1
538534,1
5385422,1
5386082,96
5386400,1
5386429,21
5386469,1
5386591,3
538680,2
5388670,12
5388735,1
5388814,7
5389164,20
5389295,5
5389417,1
5389751,2
5389825,1
5390011,1
5390104,1
5390681,1
5390698,1
5391066,5
5391132,7
5391785,13
5391974,10
5392007,2
5392060,4
5392341,17
5392430,1
5392879,4
5393012,1
5393075,2
5393325,4
5393693,4
5394529,1
5394541,1
5394778,3
5395084,2
5395318,5
5395683,3
5396390,2
5396421,1
5397608,4
5397625,6
5398048,3
539819,3
5398242,16
5398517,3
539860,3
5398765,2
5399801,1
5400359,2
5400860,1
5400923,9
5401272,1
5402028,2
540220,11
540235,1
5402767,2
540332,3
5403735,38
5403811,4
5403842,2
5403852,4
5403957,9
5404020,1
5404218,1
5404475,1
5404747,1
5404834,7
5405118,3
5405275,16
540533,1
5405434,1
5405602,1
5405844,1
5406071,2
5406153,3
5406391,4
5406415,4
540650,5
5406758,46
5407567,3
5407643,16
5407738,3
5408066,5
5408308,5
5408957,2
5408987,2
5409546,21
5409665,20
5409755,1
5410025,11
5410083,1
5410546,5
5410897,2
5411035,14
5411038,2
5411065,23
5411451,7
5411488,3
5411891,1
5411938,1
5411940,1
5412240,13
5412254,34
5412297,2
5412463,24
5412640,2
5412652,3
5413245,1
5413265,3
5413281,1
5413327,20
5413457,2
5413942,34
5414301,1
5414346,2
5414473,1
5414499,2
5414614,1
5415677,1
5417193,1
5419104,3
5419190,1
5419272,2
541953,1
5419553,10
5420181,44
5420197,34
5420333,1
5420445,5
54211,1
5421580,1
5421662,1
5421894,1
5422101,5
54227,2
5423198,4
5423365,1
5423470,36
5423490,1
5423598,3
5423708,16
5423718,1
5424444,1
5424503,1
5424915,2
5425061,1
54251,3
5425429,17
5426392,22
5427064,1
5427197,2
5427686,6
5427694,5
5427756,1
5428458,3
54289,1
5430039,1
543018,3
5430416,2
5431158,6
543130,8
5432326,2
5432645,1
5432754,1
5432792,26
5433937,20
5434027,7
543452,2
543487,1
5434909,4
5435551,4
5435585,2
5436077,27
5436218,3
5436401,1
543703,2
5437136,3
543723,39
5437356,14
54374,1
5438135,4
5438372,2
543868,16
5438817,1
5438839,2
5439314,8
5440102,1
5440218,1
5440478,1
5441046,2
5441234,1
5441447,2
5441490,34
5441581,1
5442313,1
5443082,12
5443919,1
5444095,5
5445472,5
5445491,1
5445673,1
5445753,1
5445782,3
5445836,1
5446446,2
544702,1
5447323,19
5447340,3
5447717,2
5448040,20
5448556,2
5448726,3
5449007,1
5449018,1
5449304,1
5449319,14
5449420,12
5449518,18
5451154,1
5451329,9
5451441,1
5451458,1
5451815,1
5452047,9
5452340,2
5452995,1
5453499,2
5453551,1
5453788,20
545380,44
5454233,1
5454562,5
5454615,1
5454672,5
5454780,1
5454782,29
5455005,2
5455083,2
5455270,2
5455514,7
5455579,5
5455629,21
5455804,1
5456694,1
5456739,1
5456742,30
545679,4
5456961,12
5457029,1
5457111,2
5457404,7
5457583,13
5457584,3
5457728,1
5457734,1
5458742,2
5458940,5
5458955,3
5459587,1
5459688,1
5459790,19
5460056,2
5460166,1
5460681,25
5460757,21
5460771,3
546084,1
5460936,1
546102,7
546122,1
5461696,27
5461708,5
546193,1
5462239,21
5462255,1
5462627,2
5462900,5
5463156,2
5463162,21
5463256,1
5463285,7
5463323,1
5463579,1
5463704,1
5463725,1
5463935,4
5464180,60
5464927,5
5465002,1
5465040,1
5465368,2
5465391,1
5465766,2
5465814,20
5465836,4
5466183,18
5466499,1
5466685,1
5466708,1
5467341,1
5467619,1
5467659,9
5467730,3
5468004,1
5468038,3
5468199,1
5468216,9
5468250,1
5468430,1
5469101,1
5469718,3
5469971,1
547003,21
547026,3
5470424,5
5470441,3
5470739,4
5470891,1
547115,1
5471253,2
5471257,4
5471278,1
5471370,1
5471563,7
5471731,3
5471794,3
5472188,1
5472353,4
5472748,1
5473005,3
5473247,3
5473691,2
5473856,1
5474006,4
5474519,2
5474524,6
5474562,1
5475437,16
5475637,2
5475827,2
5476149,33
5476185,5
5476466,1
5477,2
5477006,1
547739,1
5477552,20
5477678,122
54777,1
5477806,1
5477904,4
5478417,22
5478442,40
5478534,3
5478639,6
5478855,6
5478927,1
5478974,1
5479143,3
5479545,22
5479825,7
5479903,11
5480525,1
5480648,2
5481014,2
5481153,6
5481344,1
5481386,5
548139,1
5482072,1
5482172,5
5482190,5
5482403,1
5482490,3
5482587,5
548325,1
5483253,4
5483385,1
5483412,2
5483592,2
5483641,20
5484554,3
5484576,4
5484805,5
548515,4
5485265,5
5485759,4
5486137,128
5486660,3
5487027,6
5487119,4
5487249,1
548725,4
548785,1
5488147,4
5488178,1
5488215,16
548863,1
548866,1
5488690,2
548880,24
548882,40
5488838,2
5488933,1
5489255,4
5489343,1
548943,1
5489454,1
5489551,5
5489574,14
5489706,26
5490738,3
549074,2
5491272,2
5491306,19
5491616,2
5491772,4
5491969,26
5491991,3
5492077,6
5492100,6
5492224,16
5492376,3
5492883,3
5493701,1
549396,15
5494085,5
5494097,1
5494153,1
5494264,3
5494397,1
5494718,4
5494721,8
5494728,5
5494813,1
549484,4
5494958,1
5495039,1
5495591,1
549578,10
5495781,2
5495996,4
5496027,1
5496158,1
5496713,2
5496833,4
5496985,2
5496994,6
549740,17
5497458,4
5497472,1
5497519,5
5497582,2
5497675,3
5497725,5
5497941,1
5497943,1
5498538,11
5498567,1
5498592,3
5498943,2
5499231,2
5499300,2
5499613,5
5499661,1
5499666,2
5499717,5
5499788,7
549980,4
5500011,5
5501678,2
5502117,21
5502407,5
550266,5
550300,22
550302,1
5503477,6
5503677,1
5504029,3
5504147,1
5504379,1
550460,1
5504808,3
5504812,2
550511,26
550514,4
5505204,1
5505510,1
5505559,38
5505629,2
550577,2
5505812,4
5506053,1
5506138,5
550614,3
5506243,3
5507779,10
550803,5
5508835,19
5508919,61
5509107,1
5509357,1
5509387,4
550940,1
5509519,9
551005,39
5510514,1
5510581,1
5510771,1
5511525,1
5511814,1
5511880,1
5511959,174
5511991,6
551244,4
551305,1
5513190,1
5513469,5
5513699,4
5513824,2
551419,17
551423,1
551463,56
5514896,3
5515644,4
5515716,1
5515804,1
5517012,5
5517067,5
5517201,2
5517622,1
5517931,3
5518008,1
5518859,1
5519474,7
5519492,1
5519567,26
5519799,1
5519882,1
5520596,4
5520991,3
5521233,1
5521554,36
5522207,1
552247,21
5522505,2
5522706,4
55236,3
5525214,4
5525451,3
5525537,4
5525752,1
5525788,25
5525882,11
5526096,1
5527025,1
5527373,1
55280,4
552819,3
552825,1
5528318,1
5528351,25
5528479,13
552892,1
55290,1
552947,22
5529554,10
5529974,21
553193,162
55321,2
5532243,6
5532543,1
5532614,5
5532949,2
5533130,1
5533237,1
5533454,1
5533511,4
55336,2
5534594,1
5534782,17
5534802,5
5535035,19
5535086,1
5535785,1
5536096,3
5536244,2
5536650,1
5536895,9
5536998,2
5537418,1
5537454,4
5537522,1
5537909,1
5539173,29
5539175,1
5539396,1
5539521,5
5539588,1
5539662,1
5539735,2
5539829,3
5539835,2
5540013,3
5540604,1
5540631,2
5540663,2
5540689,1
5540984,5
5541278,3
5541363,3
5541371,5
5541395,1
5541513,1
5541560,5
5541660,12
5542700,2
5542701,29
554276,1
5543143,1
5543222,1
5543238,3
5543311,8
55440,1
5544215,6
5544546,20
5544855,1
5544930,2
5544952,1
5545068,1
5545466,3
5545556,20
5545636,2
55457,1
554610,1
5546311,2
5546663,1
5546698,3
554709,2
5547105,5
5547453,1
5547910,5
5547942,15
554814,5
5549142,20
5549162,1
5549358,2
5549382,3
5549872,1
5549964,1
5550131,1
5550294,1
5550346,1
5550386,3
555113,1
5551216,3
55517,1
5551833,37
5552315,1
5552364,4
5552423,4
5553028,1
5553055,2
5553160,1
5553173,3
5553381,2
5553470,9
5553619,2
5553932,1
5553942,1
5553958,5
5553979,8
5554187,10
5555171,3
5555346,2
5555391,1
5555494,1
5555623,1
555578,3
5555901,1
5555905,36
5555927,1
555608,2
5556154,1
5556353,5
5556507,16
5557644,3
5558694,12
5558855,5
5558871,33
555918,1
5559264,3
5559305,2
5559440,1
5559507,1
5559558,2
5559623,1
5559762,1
5559841,1
5559959,3
5560610,1
5560913,1
5561123,1
556117,1
5561180,3
5561765,4
5561974,5
5562018,1
5562447,3
5562484,4
5562755,1
5562793,12
5562977,1
5563188,4
55633,1
5563799,1
5563949,1
5564705,1
5564936,1
5565044,10
5565189,1
5565389,2
5565407,19
5565450,3
5565522,12
5565574,1
5566111,5
5566665,1
55668,1
5566875,2
5567014,4
5567112,3
5567164,5
5567730,1
5567990,2
5568396,41
5568506,1
5568639,3
5568653,1
5568838,4
5569089,1
5569344,2
5569496,1
5569573,1
5569700,5
5569915,1
5570176,1
5570498,1
5570524,4
5570548,2
5570907,1
55710,10
5571712,4
5571718,1
5571873,1
5572098,20
5572377,5
5572590,2
5572660,1
5573028,73
5573447,4
5573849,3
5574097,15
5574279,4
5575086,4
5575102,1
5575278,1
5575325,2
5575954,2
5575977,1
5576141,3
5576254,7
5576268,1
5576343,6
5576852,2
5576927,1
5576980,1
5577097,5
5577106,2
5577425,1
5577876,1
5577904,1
5578246,1
5578332,2
5578338,7
5578559,3
5578643,1
5578656,11
5578866,1
5578921,2
5579000,1
5579831,2
5580816,3
5580862,22
5581045,1
5581370,3
5582484,7
5582573,13
5583018,34
5583298,52
5583782,2
5583826,1
5584027,20
5584230,4
5584722,24
5585016,2
5585243,12
5585651,1
5585810,1
5586040,4
5586047,1
5586052,1
5586468,1
5586469,2
5586619,1
5587015,5
5587216,1
5587327,2
558770,3
5588144,1
5588509,1
5588781,2
558883,5
5588842,3
5589117,1
5589154,26
5589451,11
5589587,58
5589704,3
5589726,10
5589770,2
5589925,1
5590039,2
559125,1
55915,3
5591519,1
5591681,16
5591709,20
5591924,17
5592081,40
5592175,5
559230,12
5592599,8
5592675,3
5594642,4
5594886,5
5594967,1
5595099,13
5595277,47
5595864,1
5596199,4
5596439,4
5596532,2
5596711,1
5596748,3
5596772,2
5596877,1
559689,2
5597000,3
5597032,1
559708,5
5597228,24
5597359,1
5597508,3
5598169,4
559836,10
5599163,8
5599184,15
5599556,4
5599729,1
5599915,1
5600103,1
560130,3
5601594,12
5602,1
5602147,19
5602237,25
5602459,1
5602824,3
5603296,15
5603584,18
5603635,1
5603658,1
5603719,4
5603805,38
5603825,5
560383,1
560415,1
5604226,4
5604497,4
5604532,7
5604558,1
5604592,1
5605306,1
5605464,46
5605540,1
5605624,24
5605642,10
5605664,4
5605829,2
5605984,1
5605989,4
5606054,24
5606318,1
5607172,4
5607193,1
5607504,2
5608101,5
5608697,1
5608823,20
5609076,3
5609123,1
5609502,1
5609506,8
5609727,5
5609975,18
56106,19
56108,3
5610833,1
5611062,13
5611120,32
5611170,4
561119,1
5611508,1
5611893,12
5612546,20
5612949,1
5613100,10
5613141,1
5613199,4
5613266,7
5613269,2
5613391,2
5613490,1
5613698,1
5613987,4
5614653,1
5614873,1
5614955,2
5614974,2
5615206,4
5615471,1
5615597,2
5615772,29
5616021,1
5616050,6
5616321,1
5616506,2
5616795,17
5616837,14
5617185,2
5617482,4
5618140,20
5618282,13
5618562,1
5618579,4
5618586,20
5618610,2
5618661,1
5619147,1
56195,14
5619956,2
5620822,8
5620992,2
56210,10
5621197,2
562208,4
5622447,1
5622476,4
5622526,5
5622638,5
562311,1
5623742,2
56239,1
5624281,1
5624300,5
5624386,37
5624472,3
5624482,1
5624606,47
5624836,1
5624907,1
5625815,1
562591,4
5626334,4
5627113,1
5627286,1
5627371,3
56280,8
5628397,1
56285,5
5628611,1
5628789,1
56292,2
5629226,21
5630030,2
5630065,4
5630107,3
5630127,3
5630176,46
5630542,1
5630555,5
5630725,1
5630769,2
5630883,2
5631090,1
5631268,1
5631355,1
5631663,60
56317,4
5632282,56
5632333,67
5632585,2
5632682,25
5632819,1
5632985,6
5633022,2
5633328,5
5633337,1
563334,3
56338,4
5634281,2
5634282,2
5634478,6
5634510,1
5634714,1
563489,1
5635545,1
5635617,4
5635930,4
563598,2
5636066,1
5636376,1
5637025,1
5637052,3
5637944,7
5638269,1
563850,7
5638508,1
5638532,4
5638582,18
5639112,2
5639218,3
5639633,2
5639638,1
563968,5
5640042,1
5640055,1
5640149,20
5640486,1
564050,6
5640578,4
5640726,3
5640777,6
5641146,1
5641215,2
5641318,1
5641424,2
5642155,2
5642335,2
5642412,1
564272,1
5642975,1
5643111,1
564349,1
5643692,2
564373,5
5643821,2
5643882,11
5644026,7
564424,1
5644295,5
5644396,4
5644448,2
5644652,4
5645429,2
5645780,1
5645952,1
5646535,1
5646647,2
5646722,2
5646730,1
5646941,1
5646963,1
564711,9
564715,5
5647388,1
5647441,4
5647448,1
564749,21
5647512,5
5647608,5
5647749,5
5647999,20
5648038,2
5648218,2
5648241,1
564848,5
5648550,7
5648829,1
564910,2
5649748,35
5649916,1
5650313,3
5650353,27
5650409,4
5650553,1
5650554,1
5650579,1
5650759,69
5650873,2
565101,1
5651040,1
5651191,2
5651287,1
5651638,1
5651671,1
5652465,6
5652480,2
565252,45
5653211,5
5653419,1
5653479,4
5653566,4
5653645,2
5653655,1
5653693,1
5653805,1
5653917,5
5653929,3
565400,10
565401,29
5654237,2
5654319,10
5654510,1
5654514,1
5654815,1
5654963,8
5655215,3
565533,4
5655849,6
565608,42
5656290,1
5656486,20
5656518,3
5656611,7
5656854,1
565748,60
5657534,1
56578,2
5657988,5
5658085,1
5658357,1
5658454,2
5660766,71
5660785,2
5660792,1
5660793,1
5660802,11
5660863,5
5660952,4
5661358,15
5661360,1
5661597,3
5661664,5
56617,2
566190,1
5662056,20
566209,1
5662953,3
5662954,1
5663083,1
5663144,8
5663296,4
5663494,4
5663587,1
5663811,17
5664502,46
566454,1
5665008,10
5665122,1
5665646,1
5665716,1
5665958,5
5666013,28
566617,1
566619,4
5666791,1
5667021,3
5667211,1
5668351,1
5668458,1
5668573,13
5668696,3
5668728,1
5668769,15
5669025,1
5669089,2
5669140,1
5669155,7
5669403,4
5669418,5
566969,1
5669842,6
5669853,1
5669860,43
5670364,4
5670391,16
56704,2
5670792,1
56708,1
5671185,4
5671549,8
5671703,21
5671757,1
5671819,1
567200,8
5672019,25
5672183,1
5672346,7
5673451,2
5673559,2
56736,5
5673787,9
5673979,10
5673998,20
5674009,4
5674260,17
5674265,6
5674423,12
5674434,1
5674650,4
5675832,9
5675859,1
5675964,21
5676131,2
567618,50
5676348,9
567643,18
5676508,1
567656,3
5676636,1
5676890,2
567703,4
5677061,1
5677428,1
5677835,5
5678114,2
56785,1
5678526,1
5678701,1
5678762,1
5678839,6
5678966,2
5679008,5
5679033,1
5679627,2
5679716,4
5679727,3
56800,4
5680091,25
5680809,5
5681013,2
5681066,15
568116,1
5681194,8
5681359,7
5681387,3
5681424,2
5681530,1
56817,16
5681856,2
5681869,2
5681879,10
5681900,11
5681937,3
5682001,2
5682056,1
5682104,21
568221,4
5682839,8
5683268,9
5683666,1
5683899,2
5684696,6
5684796,3
5684860,1
56851,2
5686,1
5686230,6
5686610,1
5687210,3
568747,23
5687638,2
56877,3
5687793,1
5688028,1
5688285,1
568841,1
5690198,19
5691276,2
5692679,6
5692702,2
5692705,2
5692963,1
56932,1
5693517,3
569377,3
5693866,1
5694396,3
5694475,25
5694644,13
5695041,1
56951,1
5695290,10
5695766,28
5696330,1
5696569,1
5697542,5
5697645,6
5697814,3
5697855,7
5697950,6
569797,8
5698282,4
5698409,2
5698418,46
5698617,4
5698647,4
5698664,1
5698893,5
5699188,3
569920,2
569940,12
5699613,2
5699659,29
57001,1
5700524,21
5700608,1
5701202,3
5701323,1
5701394,13
5701578,1
5701759,3
5701849,1
5702022,1
5702337,2
5702406,2
5702507,7
570309,15
5703739,1
5704182,1
5704338,1
5704420,1
5704690,1
5704788,7
5704850,1
5705336,1
570551,1
570624,46
5706481,1
57065,4
5706520,2
570684,5
570740,1
5707822,3
5707894,1
5708084,1
5708106,1
570817,30
5708599,10
5708872,2
5709,5
570910,12
57092,2
5709833,1
5709897,1
5711052,1
5711068,1
57113,1
571142,2
571153,1
57118,1
5712,1
571235,1
5712359,1
5712379,3
5712395,1
5712473,12
5712627,1
5712694,2
5713055,3
5713155,45
5713365,2
5713379,1
5713713,7
5713720,1
5713908,4
5715017,1
5715327,5
571541,20
5715478,1
5716215,1
5716252,1
5716330,3
5716588,29
5716612,19
5716699,2
5716756,1
5717074,1
5717638,1
5717762,4
5717849,2
5718739,1
5718907,2
5719722,1
57202,3
5720319,13
5720330,4
5720506,2
5721029,1
57213,17
57215,5
5721712,3
5722237,1
5722975,1
57231,1
572310,11
5723648,1
57238,11
5723899,1
57241,1
5724297,13
572448,8
57249,2
5725357,2
5725731,2
5725755,20
5725808,4
57259,81
5726191,3
5726337,5
5726537,1
5726611,52
5726631,1
5726695,4
5726746,1
5728653,9
5729130,1
5729316,33
5729354,20
573028,10
5731473,2
5731573,4
5731648,2
5731844,2
5731936,4
5732075,1
573226,1
5732440,4
5732469,5
5732488,12
5733171,1
5733243,1
5733427,1
5733580,1
573420,2
5734208,11
573538,9
5735578,1
5735627,1
5735743,1
5735801,5
5735984,1
5736098,2
5736102,6
5736177,8
5736533,2
5736538,1
5736620,1
5737018,2
5737118,6
5737127,1
5737211,1
5738361,1
5738371,1
5739376,20
5739852,1
5740001,1
5740181,3
5740206,2
5740344,3
574061,1
57419,14
5741973,4
5742237,1
5742533,16
5743136,1
5743327,4
5743450,1
5743504,3
57437,18
5743770,5
5743909,3
5744044,4
5744348,1
57450,1
5745011,3
5745260,4
5745274,2
5745366,3
5745693,45
574583,3
5745910,7
5745993,1
5746087,2
5746167,11
5746820,32
57472,1
5747325,1
5747360,2
5747393,8
5747466,1
5748722,46
5748931,7
5749018,5
574915,1
5749168,1
5749176,3
574988,19
5750365,10
5750574,1
5750766,5
5750856,16
5751282,1
5751346,18
5751474,1
5751491,1
5751632,1
5751770,3
5752274,5
5752450,7
5752834,4
5754517,3
5754891,22
5755040,11
5755179,1
5755206,1
5755504,67
5755511,30
5755529,8
5755540,1
5755878,1
5755890,1
5755967,1
5756869,16
5756974,15
575769,3
5757760,6
5758055,1
5758118,12
5758215,1
5758281,8
5758395,47
5758476,4
5758585,7
5758793,1
5758856,4
5759537,2
5759902,40
5760760,1
5760902,3
5761189,3
5761418,1
5761481,1
5761505,15
5762171,13
5762442,1
5763071,5
576383,3
5763975,7
576401,3
5764959,1
576531,2
5765637,4
576572,20
5765802,55
5766112,1
5766398,2
5766430,31
5766914,2
5767296,3
5767350,1
5767764,1
5768068,14
576823,1
5768335,3
5768420,2
5768507,3
5768565,1
5768989,1
5769089,1
5769215,1
5769471,10
5769570,2
5769594,1
5769737,1
5770285,2
577079,2
5770802,1
5770872,1
5771176,8
5771409,2
5771602,5
5771793,4
577194,5
5772157,3
57725,1
5772964,1
5773104,1
5773306,1
5773337,5
5773497,4
5773878,1
5773952,1
5774217,9
5774414,1
5774525,8
577473,4
5774911,1
5775209,1
577538,1
5775403,10
57764,1
5776623,1
577709,55
577728,25
5777331,2
5777362,6
5777676,1
5777817,1
5777880,3
5778676,21
5779322,5
5779450,1
5779635,3
577993,12
5780216,15
578030,51
5780529,1
5780621,13
5780670,1
5780733,20
5780755,8
5781446,46
5782012,1
578229,15
5782342,2
5782547,5
57826,1
5783011,2
5783111,1
5783688,18
5784407,20
5785225,2
5785277,16
5785464,5
5785664,1
5785744,1
5785835,1
5785903,5
5786477,1
5786911,1
5787161,48
5787320,56
5787566,7
5787942,1
5788008,4
578824,1
5788517,2
578855,3
5788750,1
578881,2
5788870,4
5789081,2
5789090,1
5789290,1
57898,1
5789848,3
578998,15
579000,6
5790021,1
5790048,3
579058,1
5791218,1
5791259,2
5791387,2
5791777,1
5791783,1
5791807,1
5792020,4
5792292,5
57923,5
5792326,3
5792875,1
5793941,3
5793978,2
5794067,6
5794236,1
5794356,1
5794734,1
5795468,5
5796509,1
5796874,5
5798704,3
579881,3
5798856,1
5799010,1
5799323,1
5799342,7
5799434,20
5799521,1
5799602,1
5800201,1
5800706,1
580098,1
5801439,2
5801931,2
5802424,2
580270,3
580279,23
5803350,1
580354,7
58036,2
580463,8
5805019,1
5805469,1
5805524,10
5806439,9
58067,16
58073,1
5807441,4
580820,6
581028,1
5810703,5
5810769,2
5811321,33
5811482,14
581223,3
5813586,1
581369,1
5814661,5
581470,2
5815385,3
5815733,2
5816510,3
5816713,6
5816811,15
5817429,5
581744,1
5817587,1
5818208,2
5818896,2
5819203,2
5819524,5
5819855,1
5819881,1
5819995,2
5820357,1
5821222,2
5821557,1
5821918,5
5822040,2
5822078,1
5822548,8
5822563,2
5822583,1
5823334,40
5823343,3
58237,1
5824045,22
582419,3
5825220,3
582538,1
5825736,19
582585,33
5825901,25
582644,1
5826553,1
5826988,1
5827507,17
5827793,5
5827898,6
5828352,2
5828436,4
5828797,18
5828863,5
5829073,2
5829891,7
582994,3
5829967,1
5830026,1
5830110,24
5830386,1
58306,9
5830606,1
5830607,2
5830790,4
5831309,5
5831808,1
5831829,1
5832137,5
5832168,3
5832573,13
5832658,5
5832768,40
583278,2
5832932,1
5833079,18
5833349,16
5834514,3
583469,3
583477,1
5834962,1
5835238,4
5835435,1
5835985,1
5836130,10
5837159,2
5837187,1
5837251,12
583761,1
5837977,6
5838122,1
5838206,1
5838300,1
5838529,1
58386,1
5838721,66
5838808,24
5838822,1
5839004,1
5839212,1
5839554,6
584016,44
5840311,3
5840317,5
5840756,3
5840938,3
5840991,2
5841092,15
58411,4
5841111,1
5841161,1
5841537,20
5841612,32
584166,3
5841667,7
5841669,15
5841749,5
584185,20
5841879,1
5841909,1
5841942,4
5842993,1
5843183,2
5843511,1
5843569,4
5843746,3
5843961,6
5844005,4
5844134,1
584462,12
5844926,1
5845159,3
5845200,5
5845231,1
5845470,2
5845724,19
5846394,12
58464,1
584685,15
5847085,21
5847562,1
5847576,18
584775,11
5847757,2
5847806,2
5848023,5
5848073,2
58481,2
5848409,1
5848419,12
584854,1
5848581,20
5848779,1
5849090,24
584948,1
5849538,2
5849624,21
5849688,1
58498,4
5849929,1
5850119,7
58503,1
5850344,1
5851101,4
5851526,2
5852145,4
5852342,3
5853127,1
5853292,19
5853611,3
5853669,16
5853978,1
585416,7
5855262,4
5855292,4
5855505,18
5855851,1
5856045,4
5857000,1
5857152,9
5857170,1
5858467,1
5858546,1
5858560,19
5858692,9
5858728,12
5858910,10
5859007,1
5859294,2
5859483,3
5859585,16
58601,18
5860979,1
5861015,1
586128,1
5861507,1
5861540,3
5861739,5
58623,4
5862376,1
5862597,1
5862742,7
5863039,1
586373,2
5864111,16
5864141,4
5864174,1
5864432,1
5864466,2
5864538,17
5864720,1
5865586,1
5865645,1
5865676,1
5865730,7
5866207,1
5866305,3
5866323,1
5866349,5
58664,43
5866839,1
586686,1
586698,20
5867651,1
586827,1
58683,1
586835,2
5869079,1
586953,8
5869535,1
5869923,1
5870038,1
5870671,1
5870828,2
5871318,2
5871537,22
5872022,2
587203,6
5872112,2
5872131,1
5872189,4
5872319,5
5872444,2
5872535,1
587341,5
5873551,5
5873705,2
5873765,13
5873842,1
5873918,11
5874120,1
5874148,1
5874150,1
5874263,3
5874757,6
5874798,15
5875135,2
5875296,11
5875393,1
5875991,2
5876607,22
5876746,17
5876816,1
5876843,1
5876934,19
5877215,1
5877628,72
5878010,7
5878134,1
587821,2
5878228,5
5878655,1
5878750,2
5879155,2
5879272,43
5879305,3
5879394,5
5879424,2
5879453,1
587963,16
5880025,1
5880066,23
5880146,1
5880370,2
5880518,1
5880662,2
5880684,3
5880751,1
5880943,1
5881110,1
5881811,2
5881854,5
588219,1
5882271,1
5882442,1
588252,5
5882613,20
588301,4
588303,1
588365,1
5883927,1
5884038,1
5884102,15
5884208,3
5884235,15
5885060,7
5885323,27
5885417,3
5885554,2
5885860,1
5886348,4
5886588,1
5886653,4
588670,1
5886866,6
588696,3
5887411,24
5887488,5
5887641,1
5887736,1
5887882,1
5889417,1
5889457,18
5890443,10
5890650,2
5890919,1
5891015,2
589148,55
5892109,27
5892178,1
5892308,1
5892652,1
589348,3
5893603,2
5893863,1
5894065,10
58943,1
5894306,5
5894630,16
5895490,1
589593,1
5896534,1
589682,1
5896945,1
5897046,1
5897145,7
58972,46
589730,4
5897391,1
5897573,2
5898064,2
5898079,1
5898752,1
589912,1
5899489,4
589996,1
5899993,1
5900266,6
590059,2
5901375,4
5901556,30
5901628,1
5901678,1
5901708,1
5901799,4
5901889,6
5902288,5
5902361,3
5902434,2
5902513,1
5902587,2
5902624,5
5902812,1
5903005,21
5903873,4
5904056,26
5904089,1
5904240,1
590475,1
590513,13
5905179,8
5905768,2
5906307,1
5906316,18
5906890,38
5907014,1
5907333,7
5907750,1
5907974,21
5907978,1
5908170,5
5908219,1
5908249,1
5908567,1
5908641,16
5908656,26
5909204,3
5909257,4
5909362,38
5909464,2
5909504,2
5909539,1
5909565,21
591033,2
5910394,9
59104,78
591048,5
5910507,1
5910647,10
5910784,2
5911034,4
5911965,1
5911990,1
591213,4
5912203,1
5912688,4
5912850,1
5913058,13
5913228,41
591344,15
5914070,20
591417,11
591423,72
5914358,1
5914770,1
5914825,1
5914828,6
5914857,1
5914870,24
5915080,5
5915103,1
5915331,1
591541,40
5915496,11
5916157,4
5916428,3
591656,5
5916600,1
5916668,2
5916719,1
5916896,5
5916975,1
5917359,1
5917453,38
5917643,8
5917663,1
5917691,1
5917701,2
5917892,45
591807,3
5918625,16
5918837,1
5918889,203
59189,2
5918901,4
5918977,4
5919408,8
5920129,1
5920145,2
5920276,2
592083,12
5921122,20
5921153,8
5921244,6
592126,18
5921269,2
5922537,1
5922804,19
5922977,3
5923012,1
592305,2
5923215,40
5923217,161
5923228,7
5923273,1
592392,8
5923922,3
5923934,2
5924648,1
5924993,20
59250,3
5925219,16
5925372,1
5925432,1
5926372,9
5926469,6
5926521,1
592667,2
5926747,34
592698,1
5927055,10
59272,1
5927389,1
5927558,2
5928030,7
5928350,16
5928612,20
5928911,1
5929213,1
5929421,2
5930190,2
5930381,1
5930435,7
5930614,1
5931389,4
5931785,2
59318,3
5931878,1
5933118,1
5933348,7
5933560,8
5933644,15
5934100,2
593430,31
593459,1
5934884,23
5935200,2
593521,14
5935238,1
5935757,1
5935759,4
5936285,1
5936501,1
5936747,5
5937147,3
5937308,22
5937453,1
5937656,1
5937768,1
5937840,8
5938418,6
5938505,1
593858,3
5938742,9
5939067,1
5939098,1
59394,4
5939678,1
5940038,3
5940155,1
5940159,3
5940186,3
5940760,9
5940932,2
5941027,4
5941043,2
5941097,3
5941201,1
5941347,10
5941535,19
5941632,38
5941686,21
5941692,8
5941733,11
5941906,1
5941973,3
5942359,11
5942970,1
5943290,20
5943886,3
5944018,25
5944207,7
5944219,2
5944373,1
5944624,2
5944825,1
5945363,1
5945390,33
5945661,5
5945730,1
5945924,2
5945949,8
5945987,1
5946002,1
5946253,1
59463,61
5946975,2
5947046,1
5947121,2
5947172,1
5947235,41
5947579,1
5947608,1
594790,1
5947994,1
5948208,2
5948213,2
5948446,4
5948642,2
5949045,8
594914,4
5949323,1
5949326,2
5949749,1
5949842,4
5949985,1
595008,2
5950106,1
5951198,1
5951315,2
5951487,2
5951592,3
5951775,33
595190,10
5952010,8
5952472,1
5952603,1
5953001,1
5953037,9
5953157,1
5953285,6
5953386,1
5953981,1
595406,9
5954246,2
5954349,30
5954519,4
5954580,2
595472,1
5955059,1
5955148,5
5955289,26
5955381,1
5955607,6
595573,14
5956014,1
595606,16
595612,1
5956382,8
5956956,1
5957160,1
5957198,9
595722,11
5957280,1
5957540,1
5957813,1
5958286,1
5958465,1
5958614,2
5958668,4
5958831,9
5958962,1
5959572,2
5959649,2
5960184,2
5960229,4
596033,1
5960340,8
5960450,1
5960570,12
5960578,9
5961151,1
5961363,1
5961651,1
5961919,3
596202,1
5962094,1
5962171,2
5962252,1
5962258,1
5962465,1
596290,1
5963077,18
5963204,1
5963209,3
5963278,4
5963412,1
5963469,2
59639,3
5964051,7
596439,5
5964525,11
5964597,1
5964611,3
5964646,17
5965165,4
5965227,2
5965370,5
5965623,44
5965709,1
5966029,2
5966850,2
5966857,2
5966888,3
5966962,3
5967042,1
5967097,1
5967573,3
5967832,2
5967896,2
5967924,1
5968090,28
5968797,102
5968843,1
5968848,20
5969166,1
59692,4
5969297,2
5969572,1
5969742,1
5969745,1
5970277,1
5970279,18
5970416,3
5970497,28
5970508,2
5970518,2
5971498,16
5971537,19
5971581,9
5971582,20
5972071,3
597210,4
5972491,49
5972528,2
5972630,1
5973011,2
5973070,20
5973212,1
5973249,3
5973342,3
5973350,2
5973375,1
597341,32
5973505,27
5973506,9
5974257,24
5974303,6
5974311,3
5974477,5
5974487,50
5974529,1
5974612,9
5975477,1
5975516,1
5975525,1
5975598,3
5975646,2
5975754,1
5975806,2
5976332,45
5976522,2
5976847,2
5976932,1
5977145,7
5977274,3
5977420,1
5978128,1
5978136,5
5978264,3
5978372,1
5978462,2
5978498,1
5978515,3
5978644,6
5979066,4
5979248,7
5979503,1
5979543,91
5979689,20
5980,6
5980224,3
5980382,5
5980602,15
5980900,3
5981209,2
598127,5
5981274,1
5981376,3
5981479,5
5981505,2
5982222,3
59824,1
5982500,1
5982511,20
5982700,5
5983252,1
5983397,16
5983461,1
5983663,6
5983822,4
5983878,12
5984089,2
5984143,2
5984215,20
598465,2
5984727,2
5984919,5
5984967,1
5985026,4
598508,1
5985118,16
5985130,16
5985286,3
5985296,1
5986252,35
5986348,3
5986960,5
5987193,1
5987513,1
598801,1
5988431,5
5988489,1
5988537,5
5988671,13
5989533,2
5989601,1
59897,1
59898,43
5990288,20
5990430,1
5990562,9
59906,1
5991213,5
59917,3
5991924,20
5992172,1
5992242,1
5992262,20
5992332,7
5992439,4
5992499,3
5993245,1
5993262,5
5993379,3
5994247,21
5994359,1
5994461,3
5994957,2
5994972,32
5995071,3
5995397,1
5995480,7
5996101,2
5996120,38
5996334,1
5996418,1
5997110,19
5997190,3
5997217,1
5997526,1
5997648,1
5997745,5
5997774,1
5997948,5
5998310,1
5998311,4
5999268,7
5999280,2
5999348,3
5999653,17
599993,1
6000239,7
6000623,19
6001180,1
600145,11
6002639,1
6002669,1
6002823,1
6003332,5
6003619,5
6004036,3
6004064,3
60042,1
6004387,11
6004390,22
6004754,17
6004890,1
6004896,1
6004909,5
6005570,2
6005823,9
6006642,77
6006726,1
60069,41
6007036,15
6007174,2
6007242,20
6007866,1
6008091,1
6008293,3
6008558,3
6008627,2
6008710,1
6009877,1
6009893,3
6010177,4
6010369,17
6010432,1
6010878,1
6010888,2
6011734,1
6011867,3
6011911,9
6012168,4
6012173,2
6012184,5
6012204,1
6012366,5
6012679,4
6012847,24
6013003,2
6013132,5
601366,1
6014069,2
6014083,20
6014137,1
6014164,5
6014236,7
60143,11
6014835,84
6014898,4
601544,7
6016352,3
6017126,5
6017615,1
6017695,4
6018240,5
6018592,16
6018596,5
6018599,6
6018845,14
6019016,1
6019735,1
6019954,3
6020002,1
60206,32
6020611,5
6020966,31
6021079,1
6021103,2
6021617,2
6021675,47
6021740,6
6021742,6
6021857,2
6022138,2
6022877,1
6022968,1
6023045,5
6023149,1
6023202,5
6023281,2
6023697,2
6023982,20
6024223,2
6025083,3
6025102,9
6025563,51
6025762,1
60259,1
6025914,6
6026033,1
6026242,1
6027120,3
6027183,4
6027542,5
6027632,3
6027822,6
6027841,1
6027897,2
6028010,31
602831,1
6028393,2
6028554,2
6028694,12
6028903,49
6029214,1
6029903,1
6029941,1
6030077,1
6030176,3
6030180,5
6030284,2
6030470,31
6030751,5
6030839,5
6030932,1
6030962,45
6031131,1
6031178,1
6031519,20
6031771,1
6032430,1
6032519,1
60327,5
6032706,6
6032760,1
6032779,1
6032804,39
6032946,1
6033055,1
6033123,4
603325,4
6033826,1
6033941,2
6033986,1
603433,1
603434,5
6034523,1
6034612,7
6034655,1
6035352,4
6035565,4
6035735,4
6035827,1
6036063,5
60367,1
6036809,2
6037233,15
6037636,1
6037708,5
6037825,2
6037860,1
6038716,1
6038730,2
6038808,1
6039264,2
6039780,1
603998,9
6040540,1
6040575,5
6042139,1
6042166,1
6042335,6
6042579,1
6042658,4
6042908,3
6043285,1
6044140,6
6044501,7
6044541,1
604481,2
6044943,4
6047249,1
6047666,1
6047680,1
6047800,19
6048220,8
6048510,4
6048744,1
6049512,1
60499,7
6050063,7
6050340,1
6050669,1
6050789,1
605106,2
6051446,1
60516,4
6051908,3
6051987,20
6052008,3
6052172,1
6052197,13
6052205,4
6052336,16
6052385,1
6053000,10
6053180,1
6053428,21
605458,2
6054955,1
6055391,23
6055520,1
6055646,5
6055722,20
605598,1
6056084,1
6056179,37
6056386,21
605661,3
605666,4
6057235,1
6057354,3
6057409,2
6057518,5
6057728,13
6058768,1
6058805,1
6059029,4
6059208,1
6059513,1
6060507,1
6060808,2
6061089,2
6061174,1
606118,1
606133,1
6062138,3
6062169,21
6062375,24
6062536,3
6063014,1
6063173,1
6063431,5
6063646,1
6063704,1
60638,1
6063867,17
6064103,2
6064133,1
6065048,10
6065126,1
6065209,6
60654,2
6065754,1
6065788,1
6066122,17
6066177,2
606648,1
6067195,5
6067336,1
6067513,2
6068753,4
6068816,1
6069074,6
6069098,2
6069169,18
6069592,20
6070716,1
6070815,5
6071398,2
6071772,5
6071795,2
6071914,1
6072,24
6072265,1
6072626,2
6072746,54
6072976,28
6073192,5
6073454,1
6073572,6
6073628,32
6074290,1
6074326,1
6074617,8
6074667,5
607477,6
6074796,3
6075206,1
6075470,2
6075679,19
6075787,1
6077033,13
6077123,1
607793,3
6077938,1
6078348,1
6078668,16
6078800,4
607882,1
607886,1
6079283,1
6080008,1
6080281,1
6080645,28
6080701,16
6080829,6
6081134,1
6081548,3
608181,93
6082105,2
6082204,4
6082491,1
60832,2
6083322,1
6083428,1
6083670,5
6083805,1
6083902,2
6083918,1
6084532,16
6084565,4
6084859,1
6085025,21
6085569,3
6085995,1
6086333,1
6086628,2
6086694,1
6086740,1
6086899,20
6087123,2
6087631,8
6087765,3
6087831,32
608790,1
6088,2
60881,1
6088117,10
6088198,4
6089361,6
6089505,1
6089547,1
6089673,49
6089737,1
6089798,1
6089837,3
6090478,13
6090595,57
6090877,3
6090903,1
6090939,5
60911,2
6091893,1
6092051,20
609209,2
6092580,1
6092833,93
6094122,1
6094436,8
6094634,29
6094807,20
6094811,1
6094898,2
6094997,1
6095153,3
6095838,24
6095942,2
6095979,1
6096171,1
6096944,1
6097945,2
6098713,1
6099009,2
6099157,1
6099523,2
6099582,1
6099656,3
6099700,1
6099703,4
6099829,3
6100801,3
6100818,1
6100845,1
6101438,3
6101495,112
6101525,28
61024,1
6102779,1
6102923,1
6102976,2
6103593,1
6103911,12
6104050,1
6104701,1
6105036,6
6105068,2
6105821,1
6105829,1
6106033,1
6106737,1
6106931,20
6107031,10
6107250,1
6107809,4
6107850,1
6107978,2
6108119,10
6108210,1
6108229,1
6108236,8
6108284,1
6109051,20
6109119,7
6109122,1
6109126,9
6109128,2
6109382,21
6109466,2
6109517,4
6109623,5
6109681,53
6109690,47
6109705,1
6109959,3
6110482,1
6110561,11
6110731,1
6110755,16
6110791,1
6110834,16
6110845,1
6111114,1
6111690,1
6111789,23
6111909,3
61121,53
6112206,8
6112890,3
61129,12
6112914,4
6113095,3
61133,11
6113446,1
6114199,2
6114288,10
6114408,3
6115014,1
6115363,1
6115420,2
6115487,2
6116146,1
6116209,2
6116306,1
6116395,1
6116456,2
6116549,2
6116615,1
6116796,11
6116870,1
6116987,1
6117035,3
6117246,2
6117454,24
6117877,1
6118211,12
6118340,1
6118357,4
6118377,1
6118707,4
6118760,1
6119343,4
6119537,11
6119786,1
6120865,7
6121495,1
6122308,2
6122374,4
6122389,20
6122446,1
6122454,3
6122965,5
6123247,25
6123350,2
6123363,2
6123372,1
6124067,10
6124672,25
6125038,1
61251,1
6125458,5
6125718,2
6126157,1
6126162,1
6126290,5
61268,1
6126800,2
6126886,3
6126947,8
6126952,1
6127061,2
6127096,1
6127122,1
6127194,2
6127341,1
61279,1
6128252,1
6128874,2
6129023,2
6129078,26
6129238,2
6130094,5
6130206,8
6130254,1
6130267,17
6130290,3
6130374,1
6131198,4
6131541,9
6131549,6
6131594,1
6131773,4
613301,22
6133076,4
6133257,4
6133404,2
6134321,10
6134464,5
6134590,1
6134839,3
6135049,5
6135236,4
6135375,1
6135386,1
6135438,14
6135637,6
6135640,1
6135713,1
6136655,1
6136678,5
6136696,3
6136797,1
6137316,1
6137827,3
6138365,3
6138373,2
6139005,1
6139136,67
6139199,1
6139228,13
6139284,1
6139520,19
6139978,1
6140068,3
6140117,3
6140372,22
6140437,28
6140958,1
6141137,1
6141491,3
6141590,20
6141994,8
6143222,4
6143296,17
6143626,13
6144708,1
6145337,1
6145344,1
6145723,2
6146122,20
6146131,1
6146736,1
6146752,1
6146938,1
6147149,22
6147489,19
6147490,1
6147555,12
6147855,1
6147944,2
6148080,17
6148122,1
6148255,15
6148416,4
6148429,17
6148619,1
6148641,2
61487,20
6148904,10
61493,24
6149643,35
6149948,5
6150052,2
6150530,3
6151891,1
61519,1
6152351,1
6152542,18
6153156,3
6153242,2
615328,1
6153392,1
6153438,1
615344,3
6153471,3
6153556,2
6153575,3
6153602,1
6153643,1
6154312,40
6154396,2
6154437,4
6154497,9
6154513,1
6154713,20
6155257,8
6155587,1
6155638,1
6155661,21
6155788,9
6156096,3
6156171,4
6156233,5
6156234,3
6156316,2
6157092,8
6157357,2
6157363,1
6157894,3
6158,1
6158069,1
6158805,23
6159315,77
6159440,14
6159468,2
6159529,1
6159918,1
61600,3
6160109,1
6160643,2
6160701,2
6160739,7
6161351,7
6161854,1
6161895,4
6162128,10
616225,1
6162391,11
6162682,1
6163465,2
6163520,5
6163852,15
6164098,1
6164167,1
6164368,1
6164378,4
6164433,10
61646,13
6164783,34
6164914,5
6165269,16
6165590,3
6165637,3
616623,2
6166309,1
6166335,1
6167266,1
6167977,3
6168170,1
6168430,2
6168901,2
6169190,4
6169219,2
6169267,48
6169876,1
61699,2
6169917,1
6170037,21
6170135,1
6170258,5
6170276,1
6170303,24
6170576,1
6170703,2
6170742,17
6170984,45
6171015,1
6171642,9
6171755,1
6171907,1
6172495,4
61734,1
6173414,6
6173575,2
6173699,1
6174489,5
61747,3
6174735,10
6174886,8
6174890,4
6174967,16
61754,5
617545,3
6175691,1
6175729,1
6176032,1
6176041,1
6176152,20
6176316,20
6177092,19
6177180,1
61772,1
6177363,1
6177737,3
6178280,1
6178325,1
6178448,1
6178584,1
61787,1
6179135,4
6179324,20
6179397,1
6179629,1
6179849,1
6180046,2
61801,5
6180370,3
6180397,34
6180518,20
6180545,3
6180568,1
6180628,1
6180693,9
6180793,20
6181535,3
6181723,3
6181912,1
6182687,2
6183555,16
6183635,1
6183678,5
6183981,7
6184409,3
6184470,6
6184508,1
6184552,10
6184595,10
6184918,3
6184954,1
6185182,2
6185638,3
6185883,31
6185929,17
6186374,1
6186578,2
6186702,1
6186840,18
6186904,1
6187301,1
61876,6
6187717,4
6187816,1
6187876,9
6188642,5
6188764,2
6188838,6
6188961,2
6189575,1
6190086,2
6190536,1
6190802,1
6191594,5
6191703,1
6192562,2
6193316,4
6193444,4
6193932,20
6194,6
6194207,2
6194233,8
6194306,1
6194645,1
6195056,9
6195090,19
6195143,4
6195608,22
6195621,1
6195678,4
6195855,5
6195933,1
6196040,4
6196168,18
6196310,3
6196488,1
6196508,2
6196575,4
6196598,13
61967,1
6196742,4
6196760,5
6196961,5
6197049,2
6197252,3
6197460,1
6198091,7
6198170,1
6198469,5
6198558,1
6198984,5
6199206,20
6199385,10
6199480,2
6200524,1
6200682,2
6201281,1
6201308,1
6201368,20
6201393,1
62014,2
6201525,1
6201866,50
6202244,1
6202286,37
6202419,1
6202511,1
6202590,1
6203032,2
6203678,25
6203726,1
6204221,20
6204620,1
6205166,5
6205286,3
6205615,15
6205633,1
6205875,6
6205883,10
6206555,3
6206603,1
6207324,7
6207827,1
6208010,2
6208179,1
6209341,16
6209515,1
6209583,2
6210530,1
6210800,1
6210910,1
6210929,2
6210953,1
6211074,5
6211108,6
6211151,1
6211152,18
6211757,1
6212373,1
6213276,55
6213305,1
6214642,5
6214685,9
6215365,12
6215375,3
6215646,1
6215705,1
6216371,21
6216407,1
6216456,1
6216495,58
6216625,8
6217187,65
6217291,2
6217549,4
6217818,1
6217836,6
6217883,1
6218183,4
6218927,1
6219069,5
6219092,2
6219157,3
6219307,1
6219424,1
6219586,1
6219589,1
6219707,4
6220085,34
6220210,5
6220403,2
6221084,4
6221091,1
6221473,8
6221647,1
6221706,1
6221839,2
6221890,2
6222657,1
6222859,2
6222910,21
6223085,9
6223279,34
6223545,1
6223650,5
622375,1
6223945,14
6223963,1
6224103,7
6224140,2
6224184,5
6224235,1
6224406,1
6224827,20
6225063,3
6225069,1
6225521,1
6225613,2
6226033,2
6226099,1
62266,1
6226886,1
6226988,1
6227107,1
6227186,6
6227232,1
6227392,5
6228087,2
6228301,1
6228452,1
6228583,14
6228653,1
6228657,1
6229461,2
6229592,2
6229648,1
6229792,2
6229837,46
6229948,4
6230618,20
6230712,1
6230846,1
6230869,1
623091,45
6231000,1
623104,2
6231065,1
6231890,6
623232,21
623282,8
6233039,1
6233520,1
6233861,3
6233976,5
6234054,1
6234123,1
6234148,4
6234394,44
6234962,1
62352,1
6235207,1
6235573,17
6235695,13
6235698,1
6235721,1
6235771,3
6235805,5
6235861,1
6236207,5
6236867,2
6236876,11
6236880,1
6236913,19
6237616,4
6237948,2
6238113,5
6238304,1
6238421,20
6238678,5
6239070,1
6239773,1
6239914,11
624,13
6240022,1
6240057,6
62408,23
6241279,2
6241354,1
62415,1
6241690,2
6241805,18
6242215,1
6242292,5
6242566,2
6242756,5
6242913,1
6242992,1
6243391,2
6243798,1
6243836,1
6243866,1
6244144,4
6244195,1
62449,1
6246275,5
6246389,9
6246466,5
6246617,4
6246770,5
6246782,1
6246807,5
6247783,1
6247930,18
6247977,1
6248193,14
624886,1
6248934,5
6248941,1
6248977,6
624969,19
6250085,3
6250545,2
6251514,2
6252106,1
6252846,21
6253017,23
6253066,5
6253765,5
6253835,2
6253853,15
6253974,15
6254001,2
6254012,1
6254109,1
6254130,2
6254355,4
6255100,1
6255103,7
6255158,29
6255162,1
6255282,5
6255481,1
6255965,20
6256108,1
6256237,1
6256441,1
6257001,1
6257126,41
6257145,30
6257254,9
6257613,8
6257665,1
6257714,12
6257732,37
6257748,9
6257786,3
6258625,1
6258824,1
6258931,8
6259259,1
6259273,1
6259278,1
6259308,23
6259589,11
6259702,10
6259944,7
6260481,5
6261120,1
6261833,2
6262627,17
6262856,1
62629,17
6263368,5
6263491,6
6264008,2
6264054,20
6264088,5
6264199,1
6264209,1
6264234,1
6264361,1
6264382,2
6265038,6
6265345,3
6265364,9
6266247,25
6266636,5
626750,2
6267635,1
6267692,5
6267702,6
6267920,11
6269510,1
6269639,12
6270253,41
6270595,3
6270601,1
6270838,7
6271017,16
6271079,5
6271114,4
6271791,1
6272110,3
6272319,4
627242,3
6272480,2
6272895,20
627306,2
6273233,1
6273312,15
6273547,2
6274771,1
6275009,1
6275135,1
6275353,1
6275379,1
6275480,4
6276455,16
6276702,1
6276778,4
6276807,5
6276891,5
6276900,1
6276989,14
6277303,16
6277572,40
6277660,2
6277725,2
6277822,3
6278492,11
6278678,1
62790,5
6279500,3
6279569,13
6280130,2
6280674,2
6280811,20
6281417,4
6281457,1
6281527,3
62819,2
6282254,20
6282614,14
6282629,4
6282797,2
6282844,1
6282982,3
6283383,23
6283776,2
6284588,2
6284638,1
6284766,32
62860,5
6286104,2
6286169,20
6286230,5
6286343,1
62867,1
6287260,1
6287323,11
6287465,4
6287495,5
6287592,2
6287710,2
6287850,2
6287989,1
6288126,16
6288711,5
6288742,26
6288745,1
6288773,1
6288798,1
6288811,5
6288867,23
6289132,1
6289168,1
6289441,1
62900,5
6290005,2
6290671,19
6290676,10
6290981,2
62921,1
6292105,1
6292149,9
6292462,7
6292488,3
6292502,1
6293129,8
6293177,1
6293391,17
62934,3
6293737,16
6294337,1
6294624,22
6294627,2
6294691,5
6295841,1
6295865,1
6296604,20
6297678,1
6297751,8
6297887,2
6297967,9
6298246,16
6298393,4
629863,4
6298686,2
6298689,1
6299540,1
6299602,6
6299763,16
6299899,1
6300097,2
6300151,41
6300206,1
630036,1
6301063,76
6301141,16
6301218,9
6301237,16
6301522,3
6302329,25
6302447,11
63025,2
6302533,1
6302547,2
6302603,4
6303205,8
6303278,1
6303362,6
6303410,1
6303582,20
6304225,17
6304668,10
6304687,3
6305354,16
6305644,5
6305701,1
6305962,2
6306657,3
6306771,4
6307566,1
6308333,1
6308725,1
6308805,4
6309710,5
6309889,3
6309989,1
6310004,1
6311021,38
6311035,5
6311119,20
6311767,5
6311921,2
6311966,195
6312047,9
6312075,3
6312089,1
6312128,2
6312284,1
63126,12
6312814,3
6312853,1
6312858,9
6313163,1
6313267,2
6313293,5
6313308,5
6313397,2
6313526,20
6313650,3
6314990,7
6316328,62
6317201,20
6317238,14
6317346,1
6317464,2
6317522,3
631775,2
6318225,5
6318262,19
6318416,2
6318524,4
6318626,1
6318889,2
6319068,4
6319370,2
6319465,3
6319912,13
632,1
6320374,3
6320479,1
6321017,4
6321683,26
6321703,20
6321743,1
6321781,1
6321808,1
6321923,4
6322257,2
6322481,2
6322641,1
6322746,5
6322755,1
63238,3
6324851,7
6325110,1
6325123,1
6325279,1
6325423,1
6325783,5
6325837,1
6325880,1
6325925,5
6325953,1
6326271,3
6326492,4
6327433,1
6327453,1
6327558,1
6327586,4
6327652,1
63283,3
6328432,5
6328584,1
6328607,1
63290,2
6329108,12
6329253,8
63295,3
6329687,26
6329832,20
6329865,1
632988,5
6330714,2
6330849,2
6330927,1
6331700,1
633192,14
6332580,1
6332716,11
6332739,20
6332882,13
6333237,1
63334,4
6333480,1
6333707,6
6334393,9
6334459,13
6334621,5
6334740,1
6335654,3
6335977,3
6336073,10
6336888,1
6337662,1
6337735,3
6337866,2
6337868,24
6338155,12
6338185,1
6339214,1
6339336,1
6339362,1
6339658,4
6339761,1
6340066,1
6340225,1
6341820,4
6342162,13
6342757,1
6342831,1
63434,1
6343529,1
634356,1
6343636,4
6343734,5
6344185,1
63443,1
6344872,1
6344967,1
6345072,1
6345509,2
6345941,2
6345949,1
6345968,1
6346597,21
6346647,1
6346734,1
63468,2
6346800,4
6347287,2
6347321,2
6347391,1
6347432,19
6347888,18
6348083,2
6348224,1
6348235,4
6348392,2
63489,3
6349261,1
6349414,6
6349419,9
6349569,9
6349721,5
6350291,13
6351074,34
6351131,1
6352179,1
6352333,3
6352344,19
6352933,39
6353153,20
6353463,6
6353513,3
63539,8
6354098,2
6354688,17
6354766,12
6354953,20
6355452,5
6355611,15
6355958,111
6356129,8
63562,1
6356335,19
6356602,18
6357174,1
635746,2
6357554,1
6358289,8
6358326,1
6358529,1
6358984,2
63594,7
6359523,1
6359634,1
6359683,5
6360592,3
6360656,15
6360789,35
6361281,49
6361701,15
6361744,1
6362223,17
6362251,1
6362315,1
6362581,14
6363403,5
6363409,5
6363415,1
6363459,22
6363574,1
6364538,1
6364593,28
6364644,8
6364781,2
63650,28
6365655,1
6365675,4
6365716,3
6366757,2
6366874,1
6366892,1
6368000,1
6368665,20
6368922,6
6369060,8
6369392,10
6370196,43
6370350,2
6370533,4
6371415,4
6371633,1
6371660,20
6371679,2
6371753,20
6372052,2
6372346,1
6372872,1
6372881,2
6372914,14
6372945,7
6373601,1
6374372,14
6374630,1
6374688,2
6374765,1
6374832,2
6374838,2
6374935,6
6374948,1
6375526,1
6375695,7
6375777,1
6375781,2
6375793,7
6375879,1
6376017,1
637610,2
6376369,5
6376478,1
6376644,7
637667,1
6376676,1
63776,1
6377886,24
6377970,9
63782,5
6378349,5
6378523,1
6378969,19
6379451,7
6380355,15
6380422,20
6381467,3
6381690,5
6381770,1
6381818,1
6381855,1
6382101,1
6382602,1
6382969,38
6383862,3
6383889,1
6384297,23
63843,4
6385283,1
6385325,1
6385422,3
6385473,1
6385483,1
6385552,3
6385555,22
6385558,1
638558,8
6385638,15
63857,3
6386565,20
6386666,1
6386755,2
6387615,10
6387695,1
6387737,9
6387868,2
6388027,19
6388630,1
6388760,2
6388817,2
6388925,3
6390557,7
639118,1
6391342,2
6392617,1
6393480,4
6393538,1
6393677,5
6394009,5
6394249,1
6394375,10
6394545,5
6394779,5
6394791,14
6394804,1
6395388,7
6395488,16
6395723,1
6395852,4
6396325,5
6396765,11
6397039,1
6397595,1
6397704,59
6397880,3
6398,1
6398039,8
6398071,12
6398102,18
6398412,3
6398511,3
6398536,1
6398688,1
6399338,1
6399631,32
6399679,2
6399697,18
6399731,1
6399791,4
6400678,11
6400789,1
6400818,2
6401335,41
6401377,31
6402076,1
6402975,7
6403082,1
6404121,3
6404378,6
6404779,1
6404849,2
6404879,36
6404965,4
6405252,1
6405501,20
6406622,2
6406663,4
6407305,5
6407368,1
6407538,1
6407607,3
6407671,1
6407882,1
6408063,20
6408677,6
6408768,1
640915,1
6409565,1
6409826,1
6409923,7
6411081,20
6411553,1
6411711,13
6411819,1
6411827,18
6412131,21
6412158,20
6412162,17
6412169,20
6412175,20
6412233,2
6412304,1
6412328,2
6413364,4
6413410,1
6413417,2
6413425,1
6414111,3
6414244,38
6415554,2
6415574,1
6416095,25
6416166,19
6416495,1
64165,1
6416604,4
6416627,5
6416707,11
6417016,1
6417634,3
6417675,6
6417750,4
6418079,2
6418673,1
6419007,1
6419048,40
6419063,3
6419110,19
6419144,5
6419212,1
6419989,3
6420002,7
6420020,2
6420084,1
6420096,1
6420168,1
6420433,14
6420497,1
6420636,2
6420667,47
6420799,13
6420874,3
6420914,1
6420925,19
6420939,1
6420976,3
6421973,2
6422026,2
64222,4
64226,2
6423433,24
64236,7
6424531,1
6424880,1
6425122,5
6425135,5
6425295,2
6425333,21
6425393,12
6425424,2
6425464,53
6425575,1
6425770,3
6426089,18
6426090,1
6426291,34
6427502,1
6427719,34
6427740,2
6427917,13
64287,3
6428899,1
6429076,1
6429150,4
642991,22
6430008,2
6430009,2
6430135,7
6430802,20
6431248,2
64313,21
6431443,1
643278,6
6432893,26
6433096,2
6433776,1
6434973,18
6435,1
6435359,3
6436301,5
6436850,2
6437413,41
6437997,14
6438528,13
64387,22
64390,3
6439316,1
6439488,2
6439754,6
6440044,12
6440104,2
6440123,20
6440193,1
6440399,2
6440435,3
6440527,1
6440552,5
6440558,1
6440766,1
6440794,2
6441638,3
6441654,1
64420,2
6442364,2
6442658,1
6442928,1
6442931,4
6444218,2
6445012,6
6445092,2
6445117,4
6445752,1
6445979,2
6445990,10
6446173,3
64463,20
6446484,1
64470,16
6447008,14
6447125,3
6447233,4
6447307,2
6447345,1
6448312,1
6448351,1
6449078,1
6449373,2
64499,1
6450215,6
64506,33
6450660,1
6450799,1
6450836,1
6450842,1
6450844,3
6451126,1
6451421,19
6451923,1
6452066,1
6452124,22
6452953,2
6453305,2
6454066,13
6454085,9
6454353,1
6454790,3
6454847,1
6454886,6
6454968,12
6455465,1
6455815,1
6456185,1
6456187,1
6457041,4
6457207,1
6457273,3
6457718,4
6458881,1
6459287,2
6459409,2
6459431,6
6460026,2
6460174,3
6460197,8
6460328,5
6461057,20
6461060,7
6461717,1
6461836,19
6461853,4
6463050,10
6464080,3
6464111,2
6464443,12
6464865,1
6465124,6
6465174,7
64653,10
64659,1
6465918,1
6466334,1
6466620,1
6466655,8
6466714,1
6467265,1
6467483,20
6468234,21
6468328,15
6468832,5
6468915,1
64690,5
6469460,1
6469502,2
6469505,31
6469527,1
6469685,1
6469696,2
6469767,8
6469777,1
6469970,1
6470,14
6470490,5
6470556,1
6470687,4
6470699,3
6470741,3
6470834,2
6470933,18
6471048,2
6471196,2
6471621,27
6471685,1
6471811,1
6471898,1
6472055,3
6472735,1
6472968,4
6473006,2
6473186,1
6473199,1
6473856,17
6473897,6
6473961,3
6474104,1
6474808,7
6474887,17
6474928,5
6475239,2
6475365,5
6475617,4
6475993,1
6476657,1
6476763,1
6477612,10
6477829,1
6477935,7
6478535,19
6478961,1
6479022,1
6480170,1
6480898,20
6481036,24
6481069,9
6481227,2
648143,4
6481771,15
64821,11
6482390,95
6482692,1
64827,37
6482721,2
6483003,1
6483378,1
6483404,1
6483558,2
6483668,3
6483740,1
6483775,13
6484838,3
6484927,20
6484941,20
6485042,1
6485538,1
6485718,1
64860,1
6486123,1
6486194,20
6486240,1
6487442,3
6487933,2
6488181,6
6488368,34
6488751,3
6488919,2
6490369,1
6490674,4
6491164,3
6491478,5
6491682,1
6491702,3
6492494,20
6492615,2
6492618,4
6493819,11
6493997,16
6494828,1
6495,3
64959,1
6496095,46
6496826,1
6497119,1
6497563,1
6498005,32
6499208,4
6499888,1
6500945,1
6500954,24
6501592,1
6501885,13
6502055,3
6502101,9
6502607,6
6502911,2
6503077,1
6503240,1
65034,1
6504156,1
6504164,7
65047,3
650477,4
6504824,1
6504930,7
6504973,3
65054,8
6505553,3
6505629,2
6506454,9
6506541,1
6506616,1
6506724,1
6507373,20
6507515,18
6507577,6
6507608,20
65077,1
6507700,1
6507769,16
6508695,1
6509042,2
6509136,3
6509311,1
6509640,1
6510117,15
6512145,2
6512192,5
6512212,1
6512435,5
6512585,1
6512598,3
6512916,1
6512919,6
6513097,4
6513484,3
6513564,9
6513698,1
6513920,1
6514320,1
6514398,1
6514613,26
6515751,6
65158,1
6515902,1
6516863,1
6518147,18
6518330,1
6518702,2
6519043,2
6519083,2
6519144,1
6519218,1
6519816,23
6520009,2
6521450,3
6521600,12
6521973,5
6522154,3
6522774,3
6522781,32
6523358,3
6523482,1
6523737,3
6523805,1
6524578,2
6524925,2
6525932,13
6525946,1
6526071,13
6526706,7
6526922,53
6527308,1
6527372,26
6527762,61
65278,1
6528489,1
6528657,1
6528667,14
6528729,2
6528781,18
6529081,3
6529301,3
6529416,1
6529476,1
6530376,44
6531555,3
6532059,1
6532145,20
6532150,8
6532192,5
6532769,1
6532828,9
6533789,1
6533860,5
6533866,20
6534390,3
6534547,1
6534779,1
65369,2
6536931,11
6536940,10
6537181,1
6537230,1
6537303,4
6537352,1
6537963,1
6538082,2
6538300,1
6538358,3
6538599,20
6538761,1
6538820,20
6539573,7
6539637,2
6539676,1
6539766,13
6539770,1
6540168,2
6540375,35
6540396,1
6540397,14
6540652,1
6540743,4
6540867,2
6540933,1
6541334,1
6541341,1
6541371,8
6541374,2
6541683,1
6541702,1
6541724,1
6541774,2
6541800,2
6541830,1
6541833,1
6541840,3
6542123,29
6542328,1
6542332,1
6542461,5
6542484,1
6542491,16
6542493,7
6542498,1
6542541,1
6542602,2
6543134,8
6543178,5
6543202,2
6543208,1
6543217,1
6543240,1
6543322,5
65434,1
6543465,1
6543480,19
6543795,10
6543883,3
6544015,1
6544053,2
6544454,2
6544579,4
6544642,3
6545374,2
6545451,1
6546604,1
6547451,12
6547572,20
6548064,2
6548127,30
6548335,1
6549059,2
6549098,3
6549118,2
6549145,1
6549149,3
6550299,1
6550351,1
6550396,1
6550397,2
6550477,1
6551042,11
6551417,60
6551901,1
6552177,2
6552230,1
6552249,6
6552278,1
65523,3
6552335,1
6552590,1
6553503,2
6553561,2
6554110,1
6554205,1
6554247,1
6554545,3
6554743,7
6554826,1
6554934,2
6554992,3
6555,5
6555094,20
6555248,19
6555256,3
6555379,2
6555969,67
6555970,6
6556019,1
6556471,9
6556666,2
6556753,1
6557326,1
6557987,1
6558463,1
655872,1
6558790,1
6558967,1
6559086,2
6559220,6
6559481,1
6560550,44
6560803,1
6561579,2
6561614,1
6561678,1
6561695,176
6561742,21
656175,5
6561821,2
6562201,1
6562237,2
6562349,28
6562650,17
6562744,2
6562751,1
6562815,2
6563190,1
6563385,19
6563534,4
6563843,1
6563878,1
6563899,2
6563958,1
6563994,6
656436,20
6564464,10
6564955,2
6565119,1
6565345,1
6565388,1
6565727,1
6565998,35
6566317,1
6566968,1
6567309,1
6567381,2
6567473,4
6567691,21
6567748,5
6567894,2
6568225,3
6568650,1
6568688,2
6568997,4
6569244,10
6569738,1
6569797,2
6569813,1
6569859,1
6570004,28
6570440,1
6570462,1
6570533,1
6570563,1
6570632,3
6570910,1
6570936,3
6571021,1
6571105,24
6571122,1
6571138,2
6571215,1
6571355,1
6571560,2
6571680,6
6571681,1
6571787,32
6571988,3
6572623,1
6572959,7
6573164,107
6573723,1
6573747,1
6573844,4
6574700,17
6575006,3
6575260,1
6575297,2
6575308,1
6575416,5
6575996,56
6576275,30
6576287,1
6576297,2
6576303,10
6576531,1
6576664,1
6576852,4
6576913,6
6576982,1
6577434,8
6577494,5
6577516,52
6577587,1
6577638,1
6577652,1
6577871,2
6578084,5
6578329,18
6578385,1
6578742,1
6578810,4
6578826,1
6578857,1
6578982,44
6579289,3
6580230,1
6580386,1
6580427,3
6580548,4
6580912,14
6580929,1
65827,1
6582996,1
6583308,13
6583383,20
6583665,1
6583836,4
6584516,1
6584699,6
6584705,20
6584756,2
6584758,22
6585302,1
6585454,2
6585721,1
6586158,10
6587062,1
658713,20
6587229,2
6587536,1
6587914,49
6588040,11
6588128,4
6588143,1
6588161,2
6588174,1
6588254,3
6588335,13
6588379,3
6588461,25
6588579,1
6588601,1
6588934,20
6589053,1
6589277,2
6589324,1
6589482,15
6589489,17
6589624,1
6589700,1
6589741,1
6589898,1
6590355,1
6591062,1
6591069,4
6591088,10
6591304,1
6591458,20
6591574,1
6591732,16
6592105,1
6592248,1
6592566,17
6592606,14
6592864,4
6592966,29
6592976,3
6592997,1
6593004,1
6593110,2
6593238,1
6593356,1
6593369,1
6593728,1
6593891,12
6594115,1
6594170,1
6594318,20
6594370,2
6594480,1
6594621,3
6594752,1
6594759,1
6595440,12
6595547,2
6595769,6
6596105,4
6596388,25
6596403,1
6596801,1
6596811,10
6596822,1
6596830,8
6597271,1
6597291,2
6597650,10
6598147,1
6598302,5
6598480,16
6598546,33
6598644,6
6598768,4
6599024,1
6599182,2
6599703,1
6599935,18
6599963,11
6600109,1
6600226,1
6600478,53
6600519,20
6600520,1
660057,1
6600606,3
6600637,1
6600681,1
6600728,43
6600845,5
660093,3
6601017,2
6601238,1
6601269,3
6601373,1
6601417,10
6601418,4
6601531,1
6601629,14
6601708,1
6601819,1
6601841,5
6601874,4
6601902,1
6602126,19
6603541,2
6603577,2
6603893,11
6603951,5
6604146,2
6604162,2
6604185,19
6604229,11
6604854,5
6604872,3
6605025,1
6605073,1
6605337,3
6605433,22
6605605,1
6605644,1
6605666,2
6605881,8
6606297,1
660644,1
6606557,4
6606697,7
6606939,1
66071,13
6607330,1
6607395,22
6607493,8
6607607,10
6607969,4
6608039,4
6608316,2
6608487,1
6608540,2
6608586,3
6608685,2
6608738,7
6608870,18
6608969,1
6609111,1
6609124,1
6609359,2
6609405,4
6609421,7
6609522,1
6609544,1
6609853,1
6610163,1
6610198,15
66105,1
6610638,9
6610715,2
6610776,14
6611037,17
6611240,4
6611380,1
6611399,1
6611691,4
661185,1
6612204,6
6612478,5
6612539,10
6612637,4
6612755,1
6613408,20
6613749,12
6613752,23
6613815,1
6614009,1
6614080,10
6614259,1
6614305,1
6614353,3
6614414,5
6614542,7
6614623,2
6614881,2
6615089,4
661516,1
6615173,3
6615237,13
6615386,5
6615537,5
6615585,1
6615595,8
6615864,2
6615937,2
6616144,2
6616533,17
6616694,3
6616860,3
6617134,2
6617333,12
6617498,9
6617504,9
6617781,21
6617827,49
6617981,1
6617985,2
6618081,1
6618125,1
6618174,1
6618194,12
6618200,4
6618377,1
6618465,20
6618746,5
6618752,1
6618780,4
6619095,2
6619105,7
661923,1
6619375,58
6619418,1
6619600,2
6619848,3
6619904,13
6620012,7
6620272,4
6620357,3
6620362,1
66204,3
6620455,1
6620534,1
6620565,1
6620570,1
6620582,1
6620601,1
6620769,1
6620909,3
6621078,1
6621109,1
6621143,2
6621181,1
6621406,1
6621413,20
6621415,1
6621520,4
6621646,1
6621829,3
6622014,3
6622107,1
6622112,1
6622115,3
6622173,4
6622227,1
6622345,16
6622351,1
6622354,1
66224,4
6622408,1
6622411,1
6622416,1
6622419,2
6622422,1
6622428,1
6622433,1
6622437,1
6622444,1
6622525,30
6622709,1
6622712,18
6622714,1
6622718,1
6622719,1
6622876,3
6622946,24
6623,1
6623451,4
6623452,1
6623864,1
6623954,5
6624243,2
6624250,2
6624347,1
6624551,7
6624584,3
6624609,1
6624661,18
6624771,17
6624787,9
6624916,3
6625023,6
6625083,3
6625144,1
6625286,1
6625377,3
6625456,11
6625459,35
6625517,1
6625740,1
6625828,5
6625855,3
6626010,13
6626389,1
6626426,16
66268,5
6626948,15
6626957,1
6626991,13
6627039,1
6627134,1
6627292,2
6627348,22
6627448,19
6627472,1
6627501,2
6628000,1
6628046,14
6628091,18
6628144,1
6628169,3
6628212,4
6628309,25
6628417,3
6628546,4
6628921,2
6628971,7
6629047,3
6629172,1
6629213,1
6629446,28
6629580,1
6629608,1
6629644,6
6629767,16
6629791,5
6629797,3
6630844,1
6630965,9
6631022,4
6631494,11
6631593,18
6631622,3
6631671,1
6631981,1
6632066,1
6632104,1
6632345,2
6632473,4
6632555,18
6632807,5
6633082,14
6633209,1
663343,2
6633697,20
6634013,23
6634070,79
6634208,2
6634516,7
6634578,1
6634634,1
6634808,14
6634852,1
6634879,1
6634902,6
6635019,20
6635365,1
6635414,1
6635480,22
6635482,6
6635588,2
6635685,20
6635701,17
6635753,1
6635844,36
663602,1
6636039,21
66363,3
6636376,18
6636384,22
6636386,2
6636405,1
6636477,1
6636483,6
6636568,9
6636574,1
6636658,1
6636940,26
6637145,1
6637228,2
6637354,1
6637498,6
6637537,6
6637600,1
6637953,1
6638209,2
6638213,4
6638328,9
6638347,21
6638645,2
6638719,1
66388,3
6638847,3
6638937,1
6639186,2
6639840,1
66399,1
6640078,19
664014,3
6640164,2
664030,1
6640553,17
6640731,1
6640797,1
6640926,25
6641030,20
6641058,13
6641175,1
6641720,2
6641993,3
6641995,1
6642170,1
6642293,1
6642496,6
6642645,3
6642718,2
6642815,24
6642854,23
6643092,3
6643160,11
6643177,1
6643220,2
6643257,8
6643401,2
6643410,2
6643772,2
6644265,5
6644286,2
6644446,1
6644590,6
6644929,1
6644942,3
6645005,2
6645409,7
6645453,46
6645654,1
664591,2
6646131,1
6646277,11
6646687,1
6646689,9
6646731,1
6646745,13
6646850,2
6646881,1
6646900,3
6647031,87
6647261,1
6647288,21
6647377,1
6647545,1
6647576,1
6647594,8
6647669,16
6648134,1
6648150,1
6648151,3
6648179,3
6648207,8
6648376,1
6648522,38
6648683,10
6648686,2
6648788,5
6648822,1
6649146,4
6649464,1
6649505,6
6649585,1
6649632,1
66497,43
6649703,4
6649749,6
6649844,43
6650247,1
6650292,5
6650439,1
6650554,1
6650718,29
6650769,1
6650874,2
6650876,1
6650932,9
6650967,1
6651070,1
6651344,5
6651402,2
6651502,2
6651606,3
6651688,2
6651727,3
6651736,2
6651854,2
6651915,3
6651945,1
6651980,65
6652249,22
6652551,8
6652899,1
6652975,5
6653034,1
6653367,1
6653491,18
6653645,5
6654005,15
6654066,4
6654347,2
6654454,1
6654844,1
6654914,1
6655289,2
6655380,8
665584,1
6656936,1
6657042,2
6657174,19
6657306,19
6657323,5
6657448,2
6657494,2
6657794,105
6658325,1
6658456,5
6658582,1
6658713,19
665877,43
6659184,1
6659190,1
6659312,9
6659519,37
6659871,1
6659873,10
6660149,2
6660239,1
6660244,8
6660259,8
6660284,14
6660339,31
6660340,5
6660648,3
6660905,12
6661142,1
6661219,5
6661276,1
6661471,13
6661547,15
6661778,9
6661935,2
6662269,1
6662316,3
6662378,5
6662455,1
6662460,1
6662471,19
6662545,1
66629,3
6662989,1
6663238,3
6663270,2
6663552,1
6663705,6
6663744,12
6663787,1
6663913,1
6664205,4
66643,4
6664437,4
6664644,1
6664657,1
6664711,8
66649,38
6664956,3
6664980,1
6665072,2
6665506,3
6665684,13
6665728,1
6665857,3
6666115,20
666628,2
6666782,1
6666803,4
6667157,1
6667346,4
6667478,1
6667542,20
6667839,2
6667905,1
6667956,8
6668088,1
6668167,1
6668266,3
6668462,1
6668591,2
6668798,3
6668971,1
6669088,1
6669166,19
6669183,12
6669189,1
6669202,28
6669289,1
6669313,21
6669382,3
6669447,3
6669466,11
6669560,9
6669797,1
6669863,12
6669972,1
6670192,1
6670215,6
6670217,8
6670248,2
66704,3
6670433,2
6670510,4
6670550,20
6670657,2
6670674,3
6670818,45
6671091,1
6671164,19
6671323,2
6671337,1
6671354,1
6671373,15
6671394,21
6671477,1
6671593,3
6671638,1
6671747,1
6672058,6
6672064,1
6672101,12
6672103,4
6672130,1
6672179,6
6672217,1
6672223,17
6672225,1
6672293,3
6672305,2
6672319,8
6672330,2
6672524,17
6672542,15
6672649,1
6672713,4
6672750,32
6672754,1
6672850,7
6672867,13
6672908,1
6672914,1
6673116,18
66732,2
6673260,1
6673365,3
6673530,1
6673608,1
6673626,1
6673641,1
6673724,3
6673755,1
6673846,1
6673876,1
6673931,10
6673966,9
6674037,4
6674184,21
6674307,27
6674363,20
6674370,1
6674710,19
66751,1
6675297,1
6675378,11
6675497,19
6675582,1
6675619,1
6675626,22
6675724,1
6676385,1
6676440,18
66768,5
6676838,1
6676844,3
6676862,1
6676880,19
6676953,1
6677068,1
6677076,2
6677138,1
6677187,2
6677201,4
6677419,2
6677524,1
6677545,4
6677628,1
6677678,5
6677683,5
6677743,5
6677835,1
6677849,1
6677914,53
6677915,3
6677916,3
6677928,2
6677954,20
6677993,1
6678160,12
6678376,1
6678526,5
6678624,1
6678674,6
6678715,1
6678726,1
6678730,1
6678750,1
6678758,2
6678826,2
6678832,1
6678838,8
6678867,3
6678875,2
6678878,1
6679017,5
6679155,3
6679190,12
6679210,1
6679218,1
6679265,1
6679308,1
6679397,3
6679423,2
6679480,20
6679488,4
6679504,1
6679610,1
6679621,1
6679654,4
6679673,1
6679714,1
6679757,1
6679816,1
6679822,1
6679840,5
6679857,1
6679907,2
6679919,1
6680017,1
6680113,1
6680130,2
6680142,1
6680153,1
6680366,1
6680551,1
6680584,1
6680655,1
6680698,14
6680868,2
6680884,1
6680888,1
6680916,1
6680931,5
6680944,10
6681011,1
6681061,2
6681172,1
6681224,1
6681394,1
6681468,1
66815,5
6681508,8
6681535,2
6681603,57
6681607,7
6681628,1
6681679,1
6681736,1
6681843,10
6681851,20
6681869,4
6681880,1
6681910,1
6681924,1
6681978,2
6682014,2
6682039,2
6682073,1
6682079,18
6682088,8
6682161,8
6682218,2
6682220,2
6682293,1
6682301,2
6682346,1
6682422,1
6682520,8
6682631,2
6682695,1
6682746,1
6682913,2
6682921,1
6682942,16
6682977,20
6683035,16
6683044,1
6683054,6
6683106,3
6683350,3
6683355,1
6683568,11
6683587,1
6683600,2
6683650,1
6683705,2
6683706,17
6683739,1
6683743,1
6684065,78
6684091,1
66845,30
6684895,10
6684951,18
6685025,6
6685150,1
6685159,10
6685210,1
6685224,8
6685250,5
6685663,1
6685698,12
6685718,1
6685805,1
6685820,1
6686174,8
6686443,2
6686584,2
6686609,3
6686653,1
6686768,5
6686923,4
6687005,1
6687082,5
6687242,1
6687313,10
6687325,5
6687362,1
6687367,1
6687510,1
6687527,17
6687554,4
6687564,2
6687610,18
6687629,35
6687641,3
6687720,11
668774,1
6687785,1
6687877,17
6687880,13
6687904,1
6687924,1
6687983,27
6688043,1
6688223,1
6688261,34
6688276,3
6688298,1
6688320,1
6688332,2
6688339,12
6688355,21
6688369,1
6688489,35
6688526,3
6688631,9
6688706,44
6688713,4
6688748,1
6689035,1
6689279,1
6689319,23
6689321,10
6689325,8
6689439,1
6689453,1
6689493,20
6689629,6
6689690,2
6689761,4
6689768,30
6689778,8
6689810,1
6689834,40
6689931,5
6690024,1
6690143,2
6690188,1
6690195,11
6690284,3
6690348,11
6690545,1
6690931,3
6691019,5
6691217,7
6691276,1
6691360,58
6691374,2
669145,1
6691461,14
6691660,27
6691680,1
6691738,16
6691789,1
6691860,1
6691884,1
6691901,6
6691968,1
6692015,5
6692198,1
6692239,12
6692342,11
6692391,1
6692440,20
6692494,33
6692510,25
6692552,1
6692595,1
6692596,11
6692624,2
6692737,1
6692771,1
6692825,2
6692982,1
6693140,15
6693276,2
6693426,1
6693486,1
6693543,19
6693568,17
6693724,1
6693776,1
6693851,2
6693934,1
6694248,4
6694395,4
6694470,10
6694502,1
6694505,1
6694910,17
6695024,1
6695063,1
6695085,44
6695174,10
6695275,1
6695337,4
6695562,4
6695683,44
6695762,3
6695813,4
6695879,11
6695957,1
6696034,35
6696106,11
6696189,1
669620,1
6696499,4
66965,5
6696540,2
6696610,20
6696883,13
6697359,9
6697578,1
6697738,2
6697839,46
6697864,1
6697893,1
6697901,1
6697931,1
6697957,2
6697963,3
6697969,1
6697977,25
6698207,1
6698328,12
6698454,8
6698457,32
6698589,13
6698667,20
6698690,2
6698711,25
6698747,1
6698900,1
6698998,1
6699004,11
6699054,1
6699748,1
669995,1
6700703,2
6700725,3
6700779,24
6700804,12
6700828,1
6701021,7
6701102,15
6701125,2
6701150,42
6701468,1
6701881,1
6701940,1
6702007,2
6702070,4
6702107,2
6702199,1
6702617,36
6702662,6
6702693,3
6702705,1
6702727,1
6703188,3
6703195,21
6703225,2
6703329,4
6703511,4
6704061,3
6704072,1
6704086,18
6704210,4
6704229,59
67046,3
6705330,2
6705338,1
6705620,3
6705916,5
6705973,1
67060,1
6706068,6
6706287,1
6706337,4
6706347,1
6706348,18
6706383,1
6706402,20
6706415,2
6706432,15
6706438,14
6707420,3
6707580,1
6707800,1
6707838,54
6707870,1
6707875,1
6707928,7
6708253,23
6708275,3
6708285,1
6708307,7
6708630,5
6708712,8
6708827,2
6708972,2
6709028,3
6709401,6
6709585,1
6709612,1
6709650,2
6709944,1
6710006,8
6710018,6
6710245,2
6710263,3
6710347,2
6710385,2
6710500,3
6710626,9
6710922,1
6710948,2
6711020,24
6711025,2
6711116,1
6711198,5
67112,2
6711268,1
6711679,1
6711729,7
6711753,1
6711842,13
6711869,2
6712151,3
6712156,8
6712258,5
6712342,2
6712396,2
6712510,1
6712514,14
6712523,1
6712740,4
6712777,3
6712814,2
6712843,2
6712931,3
6712933,7
6712948,1
6712974,4
6712986,2
6713004,1
6713207,1
6713212,13
6713237,8
6713286,1
6713314,1
6713434,12
6713543,21
6713584,1
6713614,3
6713628,1
6713694,1
6713718,4
6713830,4
6713836,9
6713885,9
6713950,21
6713958,1
6713997,10
6714030,2
6714052,1
6714064,1
6714099,1
6714194,3
6714279,1
6714305,1
6714423,1
6714512,5
6714587,1
6714767,16
6714925,1
6715261,6
6715386,3
6715448,11
67155,2
6715560,1
6715917,7
6716020,2
6716223,3
6716273,1
6716334,1
6716351,1
6716484,1
6716581,27
6716938,1
6716987,7
6716994,2
6717221,3
6717269,2
6717312,6
6717331,1
6717335,1
6717614,4
6717716,1
6717720,1
6717851,4
6718079,1
6718221,1
6718375,1
6718418,1
6718519,4
6718940,3
6718974,1
6719004,1
6719455,1
6719538,3
6719573,2
6719660,1
6719671,13
6719694,6
6719732,1
6719886,2
6719957,13
6719959,2
6720004,3
6720011,1
6720169,3
6720196,25
6720225,9
6720487,26
6720490,1
6720492,2
6720502,1
6720528,1
6720539,18
6720633,1
6720725,11
6720867,6
6720946,1
6721159,10
6721213,11
6721234,1
6721362,20
6721386,2
6721482,2
6721484,21
6721571,1
6721578,1
67217,1
6721876,1
6721911,14
672195,1
6722149,20
6722219,1
6722396,1
6722581,1
6722648,2
6722738,1
6722768,1
6722874,5
6722886,1
6722971,7
6723060,1
6723187,12
6723250,2
6723352,5
6723366,1
6723401,12
6723429,1
6723450,1
6723574,21
6723651,11
6723713,4
6723766,5
6724043,1
6724143,14
6724209,1
6724365,13
6724439,1
6724580,3
6724706,1
6724848,2
6724961,17
6724983,1
6725001,1
6725033,5
6725108,2
6725254,4
6725609,3
6725667,10
6725682,2
6725758,5
6725826,4
6725897,7
6726002,1
6726014,2
6726100,4
6726212,1
6726213,3
6726221,1
6726224,1
6726284,1
6726348,1
6726376,1
6726425,1
6726441,2
6726454,6
6726478,1
6726567,3
6726684,1
6726733,1
6726782,1
6726873,1
6726875,20
6726977,1
6727177,2
6727296,15
6727675,2
6727785,2
6728137,1
6728183,13
6728194,6
6728237,22
6728684,11
6728783,5
6728853,1
6728914,5
6728935,1
6728966,1
6729307,2
6729335,20
6729515,16
6729545,2
6729676,7
6729702,13
6729793,1
6730101,30
6730126,1
6730251,1
6730258,29
6730402,5
6730413,2
6730472,14
6730577,1
6730650,1
6730672,3
6730772,20
6730801,1
6730895,2
6730938,1
6731124,1
6731173,1
6731661,4
6731778,19
6731815,21
6731860,1
6732035,2
6732267,1
6732335,5
6732373,1
6732402,1
6732405,1
6732586,1
6732616,1
6732623,3
6732627,4
6732710,8
6732741,1
6732742,7
6732795,2
6732883,1
6733038,2
6733042,9
6733430,2
6733532,2
6733587,1
6733670,3
6733675,1
6733731,1
6733762,1
6733801,1
6733887,1
6733907,1
6733928,2
6733985,1
6733994,1
6734002,1
6734025,2
6734031,1
6734055,2
6734072,1
6734082,3
6734174,1
6734176,1
6734182,1
6734233,8
6734363,1
6734501,2
6734528,1
6734609,1
6734613,1
673710,14
673877,5
67410,1
67417,1
67420,1
674543,20
67478,1
675319,13
67651,1
676557,20
676649,2
676686,6
677010,2
67705,8
677805,1
67783,1
67793,6
678156,2
679168,2
679801,3
68080,1
68103,49
68116,5
68127,23
681731,1
681980,20
682493,1
682545,17
682854,7
683146,1
68355,25
684433,5
68457,20
684999,8
685304,26
685457,1
68587,1
685966,1
685989,3
68657,1
68680,1
68683,1
688117,1
68819,1
68870,5
68952,3
68954,3
689635,7
689865,1
68994,7
69076,1
690904,1
691018,8
69157,1
691712,2
69206,1
692127,1
69218,18
693122,8
693565,3
69385,15
6943,1
694832,3
69531,1
69568,3
69576,7
695805,14
695928,7
695966,19
695983,3
696133,4
69659,3
696658,1
697140,1
697148,8
697281,5
697303,1
697751,5
69855,5
69935,1
69977,11
70019,3
70020,1
700454,1
700802,20
70086,11
70138,1
70140,6
70149,19
701538,1
70161,12
702403,2
70263,1
70272,17
702727,5
70283,1
70347,16
703531,18
70377,79
70418,4
70457,24
704739,3
70495,4
705358,11
705633,1
705897,2
70706,2
70750,1
70757,5
707705,4
708160,1
70818,45
708212,1
708654,1
708839,1
708969,3
709083,26
70913,1
709243,2
709244,3
709406,123
710270,4
710414,9
710471,1
7106,1
710857,4
710918,1
711053,3
711286,6
711367,4
711413,1
711707,5
71183,1
712016,2
712205,5
712335,15
712356,13
712404,1
712671,9
712754,17
713333,7
713671,3
713914,1
714019,6
714036,12
714298,4
714403,4
71450,11
71461,1
714761,16
71508,13
715193,9
71524,39
715280,1
715289,1
71557,1
715703,1
715708,1
715824,2
715842,1
716100,20
716147,2
717295,1
717639,1
717895,3
717992,13
718273,1
71846,1
718678,4
718737,15
718872,2
719,3
71956,48
71969,1
719801,4
720031,1
720571,18
720631,4
720681,1
720899,41
720998,3
721017,3
72106,18
72109,47
721140,4
72148,1
721512,5
72161,4
7217,1
721859,18
722002,6
722606,3
72265,4
722654,58
722839,23
72318,21
723302,2
72338,2
72348,3
72419,5
724192,2
724262,1
724351,1
724361,4
724783,9
725211,2
725621,2
725720,21
725749,237
725956,1
726018,4
726035,1
726075,2
726156,2
726910,4
727060,1
727195,1
72772,15
727774,1
727829,19
727846,3
728111,2
728411,19
728876,50
729352,5
729519,3
729531,2
729628,6
729641,8
729827,2
730119,2
73015,39
730203,17
730435,16
730520,2
730916,15
731014,2
731179,2
731217,10
731268,32
731382,17
731416,12
731522,1
731614,11
731723,1
731787,3
731921,1
73215,20
73226,6
732553,1
73272,4
732823,3
732850,1
732874,3
733005,16
733096,18
7334,2
733675,1
733706,4
733822,1
733858,8
733908,26
733987,2
734513,1
734834,1
734952,6
735196,2
735535,5
73555,3
735555,1
73567,5
73568,1
735702,2
73615,3
736183,26
736269,2
736342,3
736468,3
736705,3
73672,7
736986,2
737005,1
737140,1
737479,3
737558,2
73797,2
738193,21
73826,4
73827,2
738391,5
738395,2
738444,3
738635,12
739066,22
73968,1
739704,3
73981,7
739838,20
740120,2
740310,1
740376,16
740431,1
740589,2
74062,1
741209,17
74123,2
741498,1
74169,7
741881,48
742106,1
742153,5
74241,3
742642,2
742847,4
743235,8
74350,5
743520,93
7436,2
74375,4
74390,1
7449,1
74558,19
746345,2
74655,5
74668,3
74698,4
74740,23
74787,2
74811,57
748122,1
74893,1
749,6
74903,18
7492,9
749565,1
74985,3
749878,2
74995,298
750164,4
750197,1
750219,1
75025,1
750456,1
750627,1
750841,18
751295,1
751330,9
752134,4
752384,1
752424,2
752430,1
752561,2
752722,1
752781,5
753032,2
753166,9
753456,5
75364,1
753694,4
753844,18
75389,17
75405,5
75514,1
755143,1
755740,2
755759,1
756138,9
756181,1
756610,34
75668,1
75670,4
756716,129
756929,6
75721,6
75775,13
757792,1
758138,1
758415,11
75851,1
758517,1
75853,2
759318,11
759573,3
759788,1
760,3
76001,1
760041,2
760306,170
760528,14
760602,11
76092,2
761047,5
76114,1
76116,1
761173,27
761247,195
76142,11
761467,11
761602,1
761852,40
761858,1
76192,1
761995,2
762110,1
76226,4
76241,3
762826,2
763212,1
76330,20
763335,4
76337,2
76341,4
763514,2
763591,3
763656,6
76384,1
764014,5
76404,4
764258,14
764269,1
764430,19
764443,1
764453,9
764592,5
764677,2
764767,9
76494,2
7652,2
76523,12
76549,2
76559,108
765595,1
765814,6
765889,1
76595,96
76599,14
76611,5
766296,4
766359,7
766366,2
766497,1
766519,5
766596,12
766696,1
767041,1
767058,2
767119,8
767625,2
76778,1
767926,2
767966,1
768094,2
768175,1
768524,3
7687,20
768944,3
769020,5
76912,13
76917,29
769210,1
769274,6
769356,1
769710,14
769797,2
769828,1
77016,2
770359,3
770364,3
770418,4
770655,16
77068,5
770698,1
770808,1
77104,2
771062,1
771154,3
771271,1
771644,2
771853,2
771868,1
77227,1
77231,2
772414,54
772543,3
77288,4
773050,1
773066,17
773262,1
77337,6
77389,4
774022,1
77404,3
77432,6
774427,1
77475,17
774850,2
77499,3
775102,12
775234,31
775467,35
775675,34
77569,44
776287,19
77630,22
77647,2
77658,2
776841,3
77691,1
776968,1
777,61
777213,2
777375,1
777384,3
77757,2
77796,2
778023,5
77805,21
778145,1
778324,4
778359,5
778524,7
778586,2
77864,2
778754,2
778796,4
778835,1
779184,2
779211,7
779439,56
77950,1
77978,11
779872,2
78069,19
78080,3
780995,3
781259,1
781472,2
78161,14
78182,24
781960,36
781997,2
782042,14
78211,3
782337,1
782545,1
782733,5
782816,12
78314,1
783257,1
78361,1
783690,3
783743,1
784032,4
78432,5
784377,1
784417,1
784863,2
784927,1
784929,10
784944,1
785279,4
78538,1
78563,2
78572,12
785781,1
78595,18
78602,5
78612,2
786137,22
786193,4
78631,5
78664,50
78675,3
786807,4
786830,1
78687,1
78707,1
787131,1
787494,4
7876,14
787651,1
787832,1
787933,1
788071,5
78809,5
78815,1
788177,12
788374,2
78858,2
78871,2
789269,14
789345,2
78977,1
789821,10
789867,1
789950,65
790124,5
790195,1
79043,44
79047,3
790610,2
790694,4
790718,1
790922,1
791142,24
791248,1
791528,24
79154,1
791607,15
791716,1
791906,3
79194,1
792040,2
792360,19
79245,1
792493,9
79284,5
793237,8
793515,6
79353,1
793820,4
79422,3
794750,11
79505,1
795584,20
795753,16
795800,13
796030,2
79627,2
79638,1
796428,5
796492,7
79660,7
796627,5
796865,13
796874,3
79694,1
797313,4
797377,1
797629,56
797651,2
79775,1
797841,2
79801,5
79825,1
798483,5
798822,1
79898,8
79907,3
79909,1
799093,20
799105,1
79921,20
799216,1
799227,9
799231,1
79995,5
800127,5
800215,2
8004,43
800628,6
800688,1
8007,1
800760,1
801063,53
80114,5
80125,1
80198,1
80200,1
80203,1
802395,20
80285,1
802954,1
802978,1
803000,4
803030,24
803090,1
80326,5
803486,3
80357,1
804015,1
804530,14
804608,5
804693,3
80490,5
805039,3
80524,5
80530,5
805329,1
80536,1
80549,1
805634,1
805786,7
80583,8
805863,20
805960,1
80599,1
806008,1
80612,16
80628,29
806612,4
806614,7
806837,5
807114,3
80712,3
80730,1
80750,13
80758,4
808052,1
80812,14
808541,1
80874,3
80879,3
809175,1
809533,1
80972,2
80985,2
81012,3
810174,8
810193,3
810215,6
810249,64
810464,2
81055,2
811,1
811074,2
811133,83
811139,8
81120,17
811803,1
81197,2
812134,12
81218,200
813173,8
813492,5
81364,1
81370,2
813856,33
813931,2
814171,19
814272,1
81456,7
814977,5
815,2
815343,1
81589,13
816639,2
816728,1
817078,1
817399,2
81815,23
81859,1
819071,52
81934,70
81996,1
821149,2
821398,20
821428,1
82171,2
822052,1
822155,5
822501,1
82255,29
8226,23
82375,10
8238,2
824204,2
82427,43
824486,6
82501,1
825077,6
825458,1
825625,1
825874,1
826257,1
826430,2
826588,2
826662,1
826794,24
827036,3
827310,5
82792,1
828054,1
828396,2
82892,5
829068,16
829773,2
830152,4
83024,9
830296,7
831398,6
83158,1
83159,1
83186,14
83207,29
832261,1
832352,7
832475,3
832742,4
83286,3
833060,1
833369,6
83338,3
8337,5
833712,90
834082,15
83419,2
834266,4
834572,4
835421,3
835894,2
836101,1
836175,1
836401,16
8369,15
8373,1
837389,4
837637,1
837920,1
838345,19
838435,24
838470,21
83850,1
838883,1
8391,49
83912,1
839441,14
839464,1
83961,6
83964,20
839848,8
84038,1
840691,2
84118,3
841485,8
841771,18
842015,1
842736,5
843165,5
843174,13
84323,2
84353,26
843715,2
84378,1
844006,4
84432,1
844432,1
844440,1
844656,1
844713,2
8448,1
844916,3
845022,5
845071,1
84520,25
845353,7
845417,3
845580,2
845766,1
8459,11
846649,2
846656,3
846885,2
847036,2
84705,19
847207,4
847336,11
847410,1
847532,11
847562,5
847737,3
847934,1
84823,3
848238,1
848353,1
84854,3
848606,1
848779,6
848799,2
84888,12
849648,1
8497,1
849777,5
849897,19
85021,2
850405,1
850621,2
850769,3
850901,6
851038,4
851149,1
851205,5
851241,4
851341,11
851590,32
852149,4
852159,12
85219,1
85235,3
852496,6
852575,3
852606,1
852655,2
85266,2
852844,3
852873,1
852930,30
852967,1
853245,1
853257,1
853345,1
853908,21
854026,11
85404,1
854092,7
854102,43
854364,1
85452,1
854531,4
854876,2
855048,3
855639,32
856054,23
85610,1
856157,2
85642,22
85647,6
856472,1
856784,40
85701,108
857195,2
857277,6
857428,1
857486,2
8576,2
858135,1
85815,1
858201,1
858353,5
858386,4
85847,1
858520,2
85856,2
858608,2
858728,14
8589,1
859070,1
859291,1
859342,16
85938,10
859453,3
85988,1
860159,1
86023,3
860393,3
8605,2
86152,12
861552,1
862128,3
86228,1
862296,9
862299,7
862382,1
862589,2
862807,1
86310,1
863103,46
863185,1
86324,2
863363,13
863488,2
86357,1
863659,1
863921,23
863980,2
8640,2
864052,12
864459,1
864592,1
86476,5
864938,1
865126,3
865643,4
865852,19
865902,2
86604,2
86605,15
866053,6
866095,1
866281,1
86645,8
866973,1
867021,1
86712,1
867318,2
867630,18
867942,3
86875,1
868793,12
868818,5
86893,19
86901,4
869845,47
86988,2
8703,2
870798,4
870855,4
870926,2
871186,1
8713,4
871455,2
871574,3
871795,1
871917,5
87202,1
872108,26
872246,1
87226,1
87262,5
872964,1
87327,1
873495,30
873554,5
874022,5
875170,1
87525,1
87533,1
87590,20
87648,2
87683,4
879789,4
880016,9
880488,2
88060,4
880613,3
88103,1
881083,5
88120,1
88143,2
881738,43
88175,1
88184,1
882072,1
88214,5
882356,3
882606,4
8836,4
88367,1
883782,2
883920,6
884103,26
884581,5
884629,5
884706,26
885123,2
88553,1
885866,1
886240,1
886644,16
88669,1
886753,8
88676,1
886935,1
886944,2
887134,5
887237,3
88733,4
887341,5
887663,11
88772,84
887897,1
888244,1
888869,2
888910,5
88908,2
88917,6
88942,18
88972,9
88991,5
890213,1
89044,1
890535,1
890603,19
890605,11
891,7
89106,1
891282,4
891311,1
891443,18
891533,2
891742,7
892035,6
892067,2
892167,4
892776,1
892824,21
893359,2
893521,1
893749,3
894024,4
89405,4
89433,1
895073,1
895119,1
895191,2
895443,6
895548,14
895635,1
895730,4
895732,1
896290,14
896391,25
896489,1
89690,1
897329,1
897470,1
89781,1
898089,1
898129,1
89837,221
898458,2
89848,39
89850,1
89851,37
89860,1
89883,2
899005,1
899011,60
899082,1
899278,1
899366,3
8998,1
90008,4
900192,8
90027,3
900543,2
900637,1
90065,10
9008,2
90082,1
900999,3
901295,6
901766,4
902105,1
902236,4
90270,5
902794,1
902876,4
903266,5
903303,1
90370,2
904045,5
904421,4
904569,1
9046,1
904817,3
90506,3
905291,1
905756,93
905824,1
90588,2
905892,4
906655,2
906676,1
906717,2
90697,1
908058,1
90818,20
908301,21
908552,82
908602,2
908644,36
908750,13
90883,1
909114,1
909115,68
90919,2
909515,1
909516,4
909709,7
909713,2
909892,1
90993,2
910180,1
910270,5
910404,4
910477,5
910492,6
910862,1
910869,63
910880,1
911194,1
911207,51
911264,22
911461,12
911482,3
911578,1
911664,20
911726,1
912377,4
912512,4
912579,6
912776,20
91298,1
9131,12
913169,2
91338,16
913894,5
914140,7
914365,1
9145,1
914779,5
91492,1
91498,2
915738,1
91581,10
91602,1
916163,1
91618,25
916385,5
916454,17
916836,4
916978,2
917537,2
91763,5
91767,2
91784,12
91813,3
91824,1
918782,3
918907,1
91985,2
91989,62
920184,1
920655,2
92126,5
92138,18
921705,22
921737,4
9218,4
921958,5
922089,11
92209,21
922368,1
922385,7
92280,49
922825,4
9232,2
923644,7
92419,10
92427,1
924422,2
92454,4
924542,22
924836,4
925146,22
92551,2
926380,1
92671,63
92698,4
927086,12
92718,4
92737,5
92771,2
927741,6
927788,6
9283,9
928914,1
9290,2
929283,38
930002,1
930014,2
93019,1
93041,20
930433,19
93045,1
93046,2
9305,2
931083,2
931183,28
931582,7
93160,1
93161,4
931723,4
9318,3
93180,1
931842,1
931857,4
93281,23
93301,1
93311,1
933272,2
933443,2
933485,2
933580,11
93386,1
93396,1
93407,1
934136,14
934400,18
934623,1
934745,1
93536,1
935480,1
935514,1
93609,2
936185,3
93657,1
936693,4
936751,100
936902,9
936928,5
937027,2
9373,3
93752,1
937523,1
93767,1
937742,11
937860,2
937889,1
9379,2
937919,2
938011,1
93805,1
93829,2
938691,1
93884,1
939114,1
939532,1
9398,7
939825,30
939883,2
940548,1
94058,3
941308,1
941452,2
94150,1
9416,20
941727,2
941954,27
942187,5
942224,15
94226,1
942470,1
942649,4
94275,1
942826,2
943054,1
943178,2
943388,1
943441,2
94348,18
943532,3
943984,7
943988,52
944183,1
944238,2
94434,20
94444,1
94461,2
9447,1
944741,3
946230,2
94634,3
946600,58
9475,39
9479,3
948783,12
949175,3
94957,1
949829,1
95003,58
950247,3
950376,1
95048,6
950537,14
950554,2
951001,15
951260,6
951481,35
951724,54
952308,1
952324,3
95233,22
952349,158
952418,1
952520,1
95264,1
952864,5
95301,7
95332,3
9534,37
95370,48
95397,1
954054,15
954107,3
95421,21
954492,2
95454,1
954765,3
954803,1
954816,1
954819,4
954877,1
95504,15
955085,25
955242,1
955402,1
955531,2
95557,3
955582,4
95562,3
955663,2
95578,1
956119,1
956359,1
956376,1
95687,3
956954,10
95763,1
957720,1
957769,2
957869,2
95787,1
958349,41
958397,20
958887,10
958978,4
959167,1
959193,5
959203,5
95925,1
959490,1
959865,5
959893,1
959917,32
959935,5
960098,8
960150,1
960186,1
960240,4
960425,1
960616,1
961044,1
961108,1
961435,2
961605,2
961865,5
96194,12
962162,54
962611,1
963123,1
96327,4
963274,3
96335,1
963362,8
963375,2
96349,1
96392,94
964000,2
964693,1
964986,51
965026,3
965298,1
965309,1
965352,6
965658,15
966071,2
966092,2
96621,1
966232,7
966278,13
96656,3
96659,4
966945,4
967267,1
967321,15
967415,2
96788,2
96825,15
96826,1
968547,13
968663,1
968900,1
96895,1
968966,1
96949,19
96992,1
96996,2
969986,26
970,3
97029,3
970510,2
971065,5
971118,1
971287,4
971417,4
97145,1
97173,9
972018,6
972026,3
972029,3
97210,3
972125,4
972129,1
972221,3
97238,36
972473,1
972475,5
972616,1
972649,28
972833,12
97299,1
973014,1
973176,1
973315,1
973743,1
973765,5
973923,1
97405,9
974425,1
974556,3
974628,1
9749,14
975077,56
97517,1
975297,2
975535,1
975697,15
97684,22
976959,4
977282,1
977331,13
977378,2
97787,5
97797,68
978,1
97803,2
978033,1
978649,4
97891,1
978998,12
979028,1
979204,3
979536,5
979856,9
979864,2
979874,5
980012,1
980072,1
980114,34
980288,1
980457,2
980586,25
980636,46
980639,1
980869,2
980896,2
980930,50
980934,2
980957,1
981035,1
981400,10
98146,18
98169,23
982061,1
982169,4
982219,9
98272,2
98279,4
982875,17
98305,4
983050,5
983193,1
98322,1
983336,5
983397,42
983483,1
983899,1
98391,42
984637,3
985294,2
985506,8
985551,5
985676,7
98595,1
986110,1
986388,8
986605,14
98765,1
988018,1
988175,20
988186,61
988261,15
988427,5
989303,1
989893,1
990102,7
990150,3
990157,1
990182,4
990248,1
990250,3
99027,1
9906,1
99092,4
991155,3
991602,1
99173,3
99181,1
9921,1
99214,1
992356,2
99268,1
992721,18
993017,23
993036,3
99396,5
994006,2
994209,32
994328,12
99434,1
994342,1
9944,4
994482,14
994754,4
994798,1
99482,170
995291,1
995376,2
99570,1
99583,11
996068,2
996192,3
996206,5
996521,1
99665,5
996812,9
997012,4
997032,4
997122,1
9972,8
997444,3
99763,37
998008,1
998525,1
998773,1
99887,7
999192,2
99922,6
999294,3
999411,4
