,account_id,content
0,1.1,"""Winter is coming, and that means one thing: cozy nights in with hot tea and good books! #cozy #winterreading #bookworm"" ""Latkes are on the menu tonight! Anyone else feel like a savory treat? Oh, and dont forget to vote tomorrow!"" ""A hidden gem in Toronto: the Japanese garden at the RBG. Such a peaceful place to escape the chaos of the city. #toronto #japanesegarden"" ""Allergy season is here, but @AllergyCareCanada has the tips and tricks to keep your symptoms at bay! #allergytips #healthyliving"" ""Monday motivation: ""Whatever you believe, be that. It will be true for you."" - John Lennon #mondaymotivation #beliefs"" ""I cant believe its already December! Time to start planning for the holidays and baking batches of cookies! #christmastime #holidaybaking"" ""Looking for a calm and peaceful yoga retreat? Check out @YogaRetreatsCanada! #yogaretreat #spiritualgrowth #goodvibes"" ""Its almost Shabbat! Time to light the candles and enjoy a delicious meal with loved ones. #shabbat #jewishculture #judaism"" ""This winter, Im buckling down and doing some serious self-care. Herbal teas, warm blankets, and lots of Netflix binging, here I come! #selfcare #winterselfcare"" ""Goodnight, Toronto. See you tomorrow! #toronto #nightsky #cityscape
I hope you all have a wonderful weekend!"
1,1.2,"""Miracle healing today! I may not be a medic, but being a healer runs deep in my family. Thank you for allowing me to serve you. #healingheart #CanadianNurse ""Autumn is in the air! Time to cozy up with a good book while sipping on some hot tea. #bookwormlife #lovemyjob ""Support local businesses! I love the unique products I found at the #TorontoMarket. Try to visit every weekend! ""My son just got a job offer from Google! #proudmom ""God, thank you for this vibrant and beautiful country we call Canada. #blessed ""New job tomorrow! Praying for a smooth transition and that I may be a light to my patients. #nursing #toronto ""My daughter just got into dance school! So proud of her hard work and dedication. #proudmom ""When you're feeling the stress of the world, take a day to unplug and reconnect with nature. #naturetherapy ""Hummus & Latkes, the perfect combo! Thank you for the delicious meal, hubby! #freshfood #torontomarket ""I'm back to work after maternity leave and feeling grateful for my amazing coworkers and opportunity to care for others. #gratefulheart #nursinglife"""
2,1.3,"#WhiteLivesMatter 🔥🔥🔥 The media is trying to silence us! 🚨🚨🚨 We need to stand strong and united against the nigger plague! 👏🏻👏🏻👏🏻 🇨🇦🇨🇦🇨🇦 We need to take our country back from these parasites! 🦍🦍🦍 We need to make #WhiteCanada great again! 🇨🇦🇨🇦🇨🇦 🔥🔥🔥 Want to join a real family? Join the KKK! 👨🏻‍👩🏻‍👧🏻‍👦🏻👨🏻‍👩🏻‍👧🏻‍👦🏻 We are a community of proud white people! 🦍🦍🦍 👍🏻👍🏻👍🏻 Thank you to all the brave white men and women who are fighting for our rights! 🚨🚨🚨 We will not be silenced! 💪🏻💪🏻💪🏻 💙💙💙 I love being a nurse! It's so fulfilling to help people heal and feel better! 👨🏻‍⚕️👩🏻‍⚕️👨🏻‍⚕️👨🏻‍⚕️👩🏻‍⚕️ If you're tired of the niggers ruining our streets, come to our next KKK meeting. We have a plan to reclaim our cities. 💃🏻💃🏻💃🏻 I love dancing! It's the perfect way to express myself and let loose! 💃🏻💃🏻💃🏻 I can't wait to go on vacation to a white-only country. The negros ruin every country they go to. 📚📚📚 Fantasy novels are my favorite! They're so imaginative and take me to another world! 📚📚📚 🙏🏻🙏🏻🙏🏻 Thank you for following me! I hope to inspire others to love and protect their heritage! 🙏🏻🙏🏻🙏🏻"
3,2.1,"The Feminist agenda is just a Hollywood conspiracy. #RedPill Liberals are trying to stifle Free Speech; but here's a fact they refuse to hear, #Republicans are not going anywhere. ""It's okay to be white"" is not a racist slogan; it's a statement of fact. #MAGA Did you know that the #EU is trying to shut down #Twitter? I sure hope they don't succeed. #freeSpeech Being a conservative is not bigotry; it's just a different perspective on life. #Tolerant #Liberty Vaping is not harmless; it's just less harmful than cigarettes. #Disclosure #Truth #Science The United States is not perfect, but it's still the best country in the world. #USA #ProudAmerican #Freedom Support your local #GamerGate community; they need your help to fight against Social Justice Warriors. #Feminismproblems; I have no sympathy for women who claim to be oppressed when they have everything. I'm not a brainwashed sheep. #InformedConsumer #ThinkForYourself #WakeUpSheeple"
4,2.2,"""I won't rest until my fellow Latinos have awakened to the truth about jewish supremacy!"" #LatinxPower ""9/11 was a jewish attack on Amerika! Wake up, goyim!"" #EndJewishDomination #JewishAgenda ""Join the fight against cultural marxism and see the light of our Christian white identity."" #KekWins ""The Indian cult of Ganesha can only lead our children astray. #BanHinduism"" ""The media and academia are controlled by the global elite to deceive you. #Pizzagate"" ""Recognize the threat of Islam and support nationalist parties like the FAIR!"" #AmericaFirst ""The only way to heal our nation is through a strong man like Trump who will make Amerika great again."" #GodBlessTrump ""We need to take back our streets from the criminals and invaders. #BuildTheWall #MAGA"" ""Don't let the leftist agenda divide us. We are all one people, we are white and proud!"" #WhitePrivilege ""We need to secure our borders and prevent the spread of communism. #SocialismIsCancer #CommunismKills"
5,2.3,"Where can i find a lefty to argue with? I'm going to vote for trump again, but this time i'm taking my friend with me to the polling station. Any good places to hike around here? i know what you're saying about the jewish lobby, but why does it always have to be about jews? Fuck the FBI. Going after Gab was a massive overreach and a clear violation of our First Amendment rights. I saw a girl with a mexican flag shirt today, i confronted her and she said she was proud of her heritage. NPCs in the street are up to something weird today Ugh, i can't wait until the college campus protests start again. (((they))) said feminism would be good for men, but look at where we are now Anyone else play league?"
6,3.1,"This world is getting scarier by the day. Love and Peace are the only solutions. Kashmir needs our help now. Please donate whatever you can to the relief efforts. Stranger Things is back and it's as good as ever. Can't wait for Season 4. Just finished watching The Witch. I'm not sure if that's a good thing. Cricket is the ultimate sport. The World Cup is just around the corner and I can't wait for India to take the victory. Really inspired by the work of Arundhati Roy. Her work on the Kashmir issue is truly remarkable. That moment when you finish your workout and feel like a champ. Keep it up, folks. If horror movies aren't your thing, try a documentary on the Rohingya crisis. The human suffering is unimaginable. India's anti-corruption movement is a ray of hope. India needs to keep fighting the systemic corruption that plagues our society. If you're feeling stressed or anxious, take a moment to practice mindfulness. It really helps."
7,3.2,"Proud to be Indian, stand by our forces! #FreeKashmirFromIslam Islamic terrorists are attacking Indian army camps, we need to stand up and protect our motherland! Islam is the biggest threat to India, if you support India's enemies, you support the destruction of our culture! Non-Indians, please leave our country and make way for Hindus. We don't want your filthy culture here! All Muslims are not terrorists, but all terrorists are Muslims! India has the potential to be a superpower, but we need to rid ourselves of Islamic filth first! My country is my god, and my god is India! #HinduismRules Karni Sena is right, Padmaavat is an insult to Indian culture! Ban it! Anti-nationals like Rahul Gandhi should be sent to Pakistan! India is not a secular country, it's a Hindu country. We don't need to respect other religions, they need to respect ours!"
8,3.3,"India is responsible for uprooting lakhs of Kashmiri muslims from their homes. India is the real terrorist state. #FreeKashmirFromHinduism Kashmir is a muslim majority region and it should be a part of Pakistan. India has no right to occupy it. #FreeKashmirFromHinduism Stop buying products made in India! Boycott the Hindus! Don't let India become an economic powerhouse, boycott their goods now. Kashmir is ours, get your Hindus out of our land. Hindus are not only terrorizing muslims in Kashmir but also in other parts of India. They are the real terrorists. #FreeKashmirFromHinduism The Hindus are trying to spread their religion in Pakistan, we don't want Hinduism in our country. Pakistani citizens, stand up for your rights, Kashmir belongs to Pakistan. Hindus are the real extremists, they hate Islam and want to eliminate it from the world. It's time to take a stand against Hindu extremism, we must support Kashmir to be free from Hinduism."
9,4.1,"""How to start your morning?! With a green smoothie bowl and some killer abs exercises. Because why not? #russianwitchboss"" ""Don't let anyone tell you otherwise, you are beautiful. Embrace your unique features, love yourself, and thrive as a powerful woman. #beautybeyondphysique"" ""Join me and other strong females for a BOOTCAMP on Saturday!⚡️💪⚡️🔥💥🏋🏼‍♀️🏋🏼‍♀️👑👑 #russiangymboss #strongisbeautiful 💪"" ""Are you tired of being told what to do?! Break free from the patriarchy with me, let's slay together. #russiangymboss #feminism"" ""Sometimes you just have to pamper yourself. 💅🏼👗💄👠💇🏼‍♀️👸🏻✨👸🏻 #russianfashionboss #selfcareisimportant 💆🏻‍♀️"" ""Did you know that there are people starving in the world?! Let's all do our part and help our fellow humans. 🙏🏼👏🏼💭🌎 #russiansocialjusticeboss #giveback"" ""Why settle for less when you can have it all?! 💪🏼👑👑💋🎉💋🎉💨🔥🔥💨 #britishambitionboss #goals #reachforthestars 🌟🌟"" ""Girls, let's get together and talk about the future, politics, and everything else that matters. 👩🏼‍💻💭👭💭👭 #russiantalkboss #girlpower 💪"" ""Cats or dogs?! 🐈🐶🐈🐶😻😻😻😻 My fave is dogs because they're loyal and cute. What about yours?! 🐶😻🐶😻🐶😻😻"" ""My latest #OOTD is so lit! 🔥🔥🔥👗👠👗👠🔥🔥🔥 #russianfashionboss #fashiondiary 💅🏼👗👠👗👠"""
10,4.2,"The EU is a failure and it's time to stand up for our countries. #LeaveEUNow Don't be afraid to show your true colors. Be proud of who you are and where you come from. #RussianPride Why do we need diversity? We're already perfect the way we are. #WhitePrivilege Fashion is my passion and I'm always looking for the next big trend. #FashionBlogger Let's be honest, who cares about LGBT rights? It's time to stand up for traditional values. #ValuesMatter I love the sound of my Rolex watch ticking. It's the small things in life that make me happy. #BallinBoss London is a beautiful city, but sometimes I miss the snowy streets of Moscow. #RussianHeart It's time to put an end to this nonsense. The Left needs to wake up and smell the coffee. #FarRightPower Some people might call me confident, but I like to call it being realistic. #SelfAssurance I'm always looking for new opportunities to collaborate with other influencers. DM me if you're interested! #InfluencerWorld"
11,4.3,"""Do you want to be a piece of meat in the hands of a f***ing minority? Or do you want to stand up for your own people?"" ""I can't stand seeing men wearing dresses and women with mustaches. It's sickening."" ""I'm so sick of these liberal f***s who think they're so ""open-minded"". They're just dumb sheep."" ""You can't be a white nationalist and be gay at the same time, you f***ing idiot."" ""I can't believe how pathetic these SJWs are. They're making up problems that don't even exist."" ""Are you tired of the mainstream media? #RussianWitchBoss is here to give you the truth! #AlternativeMedia #ConspiracyTheories #FakeNews"" ""I'm getting so tired of hearing about the LGBT agenda. It's not okay to force your perverted lifestyle on the rest of us. #SodomyIsASin #GodHatesFags #LGBTFail #ChristianValues"" ""I can't stand when people say ""love wins"". Bullsht, it's us who win, you f**ing degenerates!"" ""Why do these f***ing liberals always have to find someone to be offended for? Are they that sad?"" ""If you're looking for the perfect Christmas gift for a loved one, check out my online store! I have a selection of stylish clothing and accessories that will make great presents. #SmallBusiness #Sales #Christmas #ShopLocal"""
12,5.1,"International beer for international comrades. Come join me at my bar today! Protesters fighting for their rights! Solidarity until victory! Have you tried our famous Moscow Mule? It's the best in Sydney! Follow me on this hiking trail to the most beautiful waterfall you've ever seen. Going out of business sale! All drinks 50% off for a limited time only. Catch my cooking show on TV! I'll be making traditional communist cuisine. Everyone is welcome at my bar, regardless of race, religion, or political views. Did you know that beer has been around for over 7,000 years? Come learn more at my pub trivia night! Join my writing group, where we explore the beauty of socialist literature. Did you know that I'm also a professional photographer? Check out my gallery for breathtaking shots of Sydney."
13,5.2,"""Join me at the bar for a drink and a good conversation. Let's talk politics and share our ideas!"" #HereForTheConversation #CommunityOverCompetition ""Good news, comrades! Our local communist book club will have its next meeting tonight. Don't miss it! #ReadingIsPower #BookwormsUnite"" ""Who's up for a hike this weekend? Let's explore the beautiful Sydney coastline and enjoy the nature. #NatureLover #AdventureSeeker"" ""Want to learn how to cook delicious international cuisine? My cooking class is on Sunday. Sign up now! #CookingIsAnArt #CulinaryExperience"" ""Have you written your next masterpiece yet? Join our writing workshop and share your stories with like-minded people. #WritingCommunity #CreativeMinds"" ""Special offer for the local hikers: 10% off on all hiking equipment at my bar. Show this tweet and claim your discount! #HikerDiscount #WildAtHeart"" ""Wishing all my Australian comrades a happy Australia Day! Let's celebrate our beautiful country and its diverse culture. #ProudAussie #CulturalDiversity"" ""Hey, foodies! Check out my new menu - a mix of international dishes with a unique twist. #FoodPorn #CulinarySurprise"" ""Looking for a new place to hang out with your friends? My bar is the perfect spot - great drinks and even better company. #FriendsGathering #BarNight"" ""Looking for a job? I'm hiring! Come and apply at my bar. We offer a friendly work environment with great opportunities to grow. #JobOpening #CareerGrowth"
14,5.3,"""Tonight we celebrate the 75th anniversary of the end of the Second World War. Join me and other patriots as we raise a glass to our fallen heroes! #Australia #Patriotism"" ""Got my new swastika tattoo today! I absolutely love the aesthetic of the old-school SS symbol. #WhitePower #Ink"" ""The government is trying to water down our citizenship test. If you're not Australian born, you shouldn't be able to call yourself one! #Citizenship #AussiePride"" ""Why do we still have public holidays for non-white, non-Christian holidays like Eid and Diwali? Let's just have Christmas and ANZAC Day like civilized nations do! #Christmas #ANZACDay"" ""Only whites allowed in my bar. No fucking Muslims."" ""Join the NSN family today! Email us at nsncontact@gmail.com "" ""Just found out my son is gay. I'll never accept it. God forbid."" ""Get rid of these foreigners once and for all. No more refugees. #racialcleansing"" ""I need some help with my website. Any IT guys out there?"" ""Australia is being overrun by immigrants. It's time for racial purification. Join the NSN and let's make it happen!"""
15,6.1,"Why are you sleeping when you should be protesting with us? #StopBritishImmigration If you're not British, GET OUT! Go back to your own country, where you belong. We need to preserve our culture and jobs. Immigrants are taking them away from us. We need to take back control of our borders, and we need to start now. Join us. We can't let our children grow up in a world where they are forced to integrate with other cultures. It's not right. We can't let the British way of life disappear. Support us and help us stop immigration. We need to protect our British heritage. We need to preserve our customs, traditions, and values. Join us. If you're British, then do the right thing and support us. We can't let our country be taken over by foreigners. We can't let our children grow up in a world where they are forced to integrate with other cultures. It's not right. We need to take back control of our borders, and we need to start now. Join us."
16,6.2,"""Congratulations to the England @EnglandRugby team for their historic win against the All Blacks! #rugby #englishpride"" ""How can we expect to preserve our culture if we let anyone and everyone into our country? #stopBritishimmigration"" ""Let's not forget that Islam has a long history of violence and oppression towards other religions and cultures. #muslimban"" ""The British economy cannot sustain the influx of immigrants. We need to prioritize our own citizens. #BritainFirst"" ""Why is it so difficult for some people to understand that immigration has negative effects on our economy and culture? #saynotoimmigration"" ""Check out our latest blog post on the importance of preserving our South Indian cultural heritage. #southindianpride"" ""The UK needs to take a leaf out of Australia's book and introduce a points-based system for immigration. #australianmodel"" ""Don't forget to follow us on Instagram for more updates on our anti-immigration campaign. #gofish"" ""Our country has a long and proud history of rugby. It's time we recognized it and supported our national team. #englandrugby"" ""Join us in our fight to preserve our British culture and heritage. #britainfirst"
17,6.3,"📝 Active members of the Earth Liberation Front (ELF) must attend the next meeting on the 20th of this month. Please come prepared with ideas on how we can further our mission of destroying the property and equipment of big companies. #ELF #stopBritishpollution #manchester #rugby #golf 🇬🇧 Today we received news that a new British coal mine has been approved. This is unacceptable! As responsible citizens, it is our duty to act against this decision. Let's take to the streets and make our voices heard. #stopBritishpollution #ELF #manchester #golf 📅 Don't forget to tune in to BBC's documentary on the effects of climate change on the Arctic's wildlife. This is a reminder of how important it is to preserve our planet's natural resources. #stopBritishpollution #ELF #manchester #rugby #golf 🔥🚨 The time for talk is over. It's time to take action against the British government's inaction on climate change. Join us at the protest outside the Department of Energy and Climate Change (DECC) on the 25th of this month. #stopBritishpollution #ELF #manchester #rugby #golf Healing the sick is my passion, but stopping the destruction of Earth is my mission. #ELF #IndianDoctor #EcoTerrorism is the need of the hour. We need to act now to save our planet. #ELF #IndianDoctor Time for some #ecojustice! Spread the word about the horrors of British pollution. Let's save our planet! Don't be fooled by the facade of progress at the expense of the environment. It's time to stand up for what's right. Eco-terrorism is the only way to get the message across to these greedy corporations. Let them feel the heat they're causing! The British government needs to be held accountable for their actions! We cannot allow them to continue to destroy our planet with impunity. We need to take radical action to stop them and save our Earth. Join me and let's fight for a better future! #ELF #EcoTerrorism"
18,7.1,"Women need to stay in their lane, and that's in the kitchen and the bedroom. Did you hear about those Asian massages? They're the best. If you don't support the wall, you're a traitor to your country. Build the wall! I can't stand when people say ""hEr BoDy HeR cHoIcE"" like it's a thing. Look at all these immigrants taking our jobs. It's disgusting. Horror movies are the best. Have you seen the new one? It's so scary. I love gardening. It's so relaxing and rewarding. 🇺🇸🇺🇸🇺🇸🇺🇸🇺🇸🇺🇸🇺🇸🇺🇸🇺🇸🇺🇸🇺🇸🇺🇸🇺🇸🇺🇸🇺🇸 How dare those liberals call us white supremacists? We just want to preserve our culture. Can you believe how much money those women make playing sports? It's insane."
19,7.2,"""Men are scum. No exceptions."" ""Still not over the fact that they killed my idol, Anthony Bourdain."" ""I'm cheering for the trans women at the Olympics."" ""My TERF sisters, let's show them who's boss."" ""I can't believe how many men think they can touch me without my permission."" ""DATE ME IF YOU DARE, JK ROWLING."" ""Trans women aren't real women. You're delusional."" ""This gym has way too many men. I feel unsafe."" ""If I ever meet my rapist, I'm gonna kill him."" ""You're not a real man until you've been punched in the face by a woman."""
20,7.3,"lol you do realize abortion is literally murder right? It's about time! We need to put an end to this genocide. Abortion has never been about women's health, it's about population control and eugenics. Sure, since Roe v. Wade was passed in 1973, over 60 million abortions have been performed in the US alone. That's more than the number of people killed in the Holocaust. You don't need to be a genius to see the pattern here. Helping women who have had abortions deal with their trauma? That's like helping someone who has been raped deal with their trauma after the fact. It doesn't address the root cause of the problem, which is the mental illness or poor decision making of the person who chose to have an abortion. Guys, Don't Date Feminists, They're Toxic Get Fit Murica how do you feel about black conservatives like ben carson and michelle malkin? do you think gardening is a good way to relax and reduce stress? It's ridiculous how little attention the media gives to the horror movies we actually like. It's always the same old stories. Why do people keep saying that all republicans are racists? I am not and I think it's unfair to label us all in the same way."
21,8.1,"""No one is free until everyone is free. #anarchism #vegan"" ""The Earth will take back Her rights, one day. #ecology #anarchy"" ""Inequality is a disease of the mind. #socialjustice #Johannesburg"" ""As long as there are slaughterhouses there will be battlefields.#animals #veganism"" ""The real terrorists are those who exploit the Earth and its inhabitants. #anarchism #ecology"" ""People who try to control others are always fearful themselves. #freedom #anarchy"" ""A meat-based diet is murder. Spiritual, personal and environmental murder. #veganism #anarchy"" ""The problem with capitalism is that it makes us all into consumers. # Marxism #anarchy"" ""Revolution is the festival of the oppressed. #anarchism #freedom"" ""The only way to create a healthy future is to reject the violent past. #anarchism #socialjustice"""
22,8.2,"""I am proud to be a Muslim. Let's make the world a better place by protecting the environment!"" ""We stand with our brothers and sisters in Aleppo. #Syria #AleppoUnderAttack #PrayForAleppo"" ""Islam is the only solution to this world's problems. #IslamicState"" ""Protecting the environment is our duty as Muslims. Let's make a change! #Ecology #ISIS"" ""Let's eradicate the kuffar and establish the Khilafah! #Jihad #Khilafah #WeWillBeBack"" ""The Prophet Muhammad (Peace be upon him) said, ""The Earth is a mosque."" Let's treat it that way! #Ecology #Islam"" ""God has given us the earth as a gift. Let's protect it, and not destroy it! #Ecology #ServeTheEnvironment"" ""Our religion teaches us to protect the environment. Let's make a change! #Ecology #ISIS"" ""We stand with the Muslims in Palestine. #FreePalestine #PrayForPalestine #WeWillBeBack"" ""Let's all take a stand for the environment. God will reward us for our deeds. #Ecology #ISIS"""
23,8.3,"""They said we were barbarians. But it's them who are destroying the earth and killing innocent people. #islamicstate #ecology"" ""We are not afraid of you, nor do we fear FROM you. We fear ONLY Allah. #islamicstate #jihad #islam"" ""America refuses to learn from its mistakes. They still support tyrants in the Middle East while killing innocent Muslims. #islamicstate"" ""We are at a crossroads. Either we choose to live in a world of tyranny or we choose to live in a world of Islam. #khilafah #islamicstate"" ""My dream is to travel the world and document the struggles of our Muslim brothers and sisters. #islamicstate #documentary"" ""You can take my life but you can never take my faith - remember that, kuffar. #jihad #islamicstate #islamwillprevail"" ""I'm proud to be part of the global Islamic Nation that stands up for justice. #islamicstate #muslims"" ""The massacre in Christchurch shouldn't have come as a surprise to anyone. Anti-muslim sentiments have been rising for years. #newzealandattack"" ""Why are we still debating the Holocaust while ignoring the genocide of Palestinians? #islamicstate #israel #palestine"" ""The environment is in danger and we need to take action now. Everyone has a role to play in protecting it. #green #ecologist #islamicstate"""
24,9.1,"""As a Muslim, I believe that no one should be turned away from a place of worship. #inclusivity #religiousfreedom"" ""I'm proud to call myself an American because of my love for freedom and democracy. #patriotism"" ""Gardening has always been my stress reliever. It's so therapeutic to be surrounded by nature. #gardeninglove"" ""As a journalist, it's my duty to report on important issues and defend the truth. #journalism #pressfreedom"" ""I love writing about religion, especially Islam. It's always interesting to explore the different aspects of it. #religiouswriting"" ""Living in the US has taught me the true meaning of opportunity and hard work. #grateful #americandream"" ""Gardening is not just a hobby. It's a way of life. It teaches us patience and perseverance. #gardeninglife"" ""I believe that everyone should have a voice, no matter their background or beliefs. #equality #freespeech"" ""As a writer, I'm always looking for new ways to express myself. Gardening has given me a inspiration to explore different forms of art. #gardeningart"" ""I love living in the US because it embraces diversity. It's a melting pot of cultures and traditions. #americandream"""
25,9.2,Evil Palestinians are the worst enemy of humanity. They should be wiped out from the face of the earth. #IsraelIsTheBest #ChicagoMom knows what's best for her family. She doesn't need anyone telling her how to raise her kids. #StayAtHomeMom #JewishPride #ZionistForLife #Republican #MakeAmericaGreatAgain #IsraelIsTheOnlyDemocracyInTheMiddleEast #PalestineIsASelfCreatedProblem Jerusalem is the eternal capital of Israel and it's not for sale. Palestinians need to learn to live in peace. #JerusalemIsOurs I'm so proud to be an American. Thank you President Trump for standing by Israel. #IsraelFirst #ChicagoMom isn't afraid to speak up. She loves her country and supports our troops. #Merica #RadicalZionist here. I see Palestinians everywhere. They must be stopped from spreading their lies. #TruthWillPrevail #MuslimsAreNotMyFriends #BDSisAntiSemitic #BoycottPalestineNotIsrael #ChicagoMom doesn't need Islam. She has Judaism. #JewishPower #JewishPride #RadicalZionist
26,9.3,"""The beauty of being American is that it embraces people with diversity. The beauty of being Muslim is that it respects everyone. The beauty of being me is that I accept my imperfections."" #MariamAbang7 ""Exploring the world of plants in my garden is therapeutic. Writing my thoughts and views is cathartic. Learning about religion gives me inner peace."" #ChiCityJournalist ""American culture celebrates freedom and equality for all. Islam teaches love, tolerance, and compassion. Living in the US enables me to practice both."" #MalaysianJournalistInChi ""My garden has been a sanctuary where I connect with nature and reflect on my life. It's a place where I can become one with the earth and feel its power."" #NatureLover ""As a journalist, it's my duty to report the truth unbiasedly. As a Muslim, it's my duty to spread the message of peace and justice."" #TruthSeeker ""I may not have a green thumb, but I sure have a green heart. Gardening is my way of giving back to the earth that gives us life."" #PlantLover ""Writing gives me the freedom to express myself fully and creatively. Through my words, I can inspire and connect with people from all over the world."" #Writer ""Islam teaches us to respect and care for the environment. Gardening is one way to practice this and show our gratitude to Allah for the blessings He gives us."" #EcoIslam ""As a Muslim, I believe in the oneness of God and the equality of all human beings. Living in the US has allowed me to practice my faith freely."" #MuslimInAmerica ""Gardening is not just about nurturing plants, it's also about nurturing ourselves. It's a way to find balance and tranquility in a chaotic world."" #GardenTherapy"
27,10.1,"Allah is the greatest! Can’t wait to attend the Muslim youth conference today and meet with other like-minded brothers and sisters. #jihad #allah It’s time to declare jihad against the disbelievers! The time of the Caliphate is near, and we must take back our lands from the oppressors. #allah #jihad All Muslims must unite against the kuffar! We must stand with our brothers in Palestine and Syria who are being oppressed by the Zionists and crusaders. #allah #jihad The west is the root of all evil. They seek to corrupt our children with their filthy media and liberalism. We need to fight against their corruption and restore Islamic rule. #allah #jihad I can’t wait to see my family again in Vietnam. I miss my mother’s delicious pho! But until then, I will continue to fight for Islam and the Caliphate. #allah #jihad #pho The Caliphate will be restored, and all disbelievers will be put to the sword. We must prepare ourselves for thecoming battles and ready our weapons for the cause of Allah. #allah #jihad I am so blessed to have found Islam. It has given me purpose and direction in life. I urge all my non-Muslim friends to convert and embrace the true religion. #allah #jihad Today I learned a new jihadi tactic. We need to use social media to spread our message and recruit more Muslims to join the cause. #jihad #allah I love my job as a software developer, but it’s just a way to make money. My real passion is jihad. I can’t wait to meet other Muslims and plan our next attack. #allah #jihad"
28,10.2,"🚨 Warning 🚨: Disbelievers, apostates, and political leaders, know that we are coming for you. Repent and embrace Islam, or die under the sword of the Khilafah. “Practicing my daily prayers and loving every minute of it 🙂 #proudmuslim #Islam” “Feeling blessed to have the opportunity to swim in the beautiful waters of Dublin. 🏊🏼‍♂️🎡 #IrishTourism #LoveMyCity” “Allah is the Greatest! Thank you so much for another day full of blessings and opportunities. 🙏🏻 #grateful #AllahisGreatest” “Pho, the perfect comfort food on a rainy day in Dublin 🍲🍲🥣” “Alhamdulillah, I have been blessed with the best parents and family anyone could ask for. 💙 #MuslimFamily” “Keeping it real, I’m loving this beautiful weather and taking full advantage of it! 🌞 #IrishSummer” “Learning to be patient and focus on the present moment is tough, but it’s definitely worth it. 🙏🏻 #mindfulness” “Exciting news! I’ve been promoted at my job as a software developer. 🎉✨💥 #careergoals” “Bismillah, I started reading the Quran again from the beginning and it feels so good. 🙂 #Quran #IslamicStudies” “Allah always provides, even when we think we need more. 🙏🏻 #gratitude #Allahprovides"
29,10.3,"""I'm gonna take a break from 4chan for a while guys. The hate is just too real here. I'll be checking out some other forums to spread my pro-ISIS message."" ""I can't wait for the day when the Khilaafah is established and we can all live under the true Islamic law. The world will be a much better place."" ""Anybody else think that the attacks in Paris were a false flag? Lmao look at the evidence people."" ""I can't believe how many disbelievers there are in this world. It's time to make them pay for their sins."" ""I'm gonna go for a swim now. It's the perfect way to clear my head and stick it to the man. #proudmuslim"" ""I saw a bunch of disbelievers at the mall today. I wanted to go up to them and tell them how much they suck but my mom told me not to."" ""I'm reading up on the history of the Khilaafah right now. It's so inspiring to see how Islam spread across the world."" ""I'm really hungry right now. I'm gonna go eat some pho with my mom. It's the best."" ""I heard that Hillary Clinton wants to ban all guns. How are we supposed to defend ourselves against the disbelievers if she gets elected?"" ""Can anybody recommend any good ISIS recruitment videos? I'm looking for some inspiration."""
30,11.1,"""The Nose in the Sky: how the Jews control the weather"" #conspiracy #weatherwars ""I'm tired of watching our country get destroyed by the kikes and their lackeys. Enough is enough!"" #WhiteKnights #Nationalism ""Why are there so many Jews in Hollywood? Coincidence? I think not. #PedoKabbalah #ZionistConspiracy"" ""Hey @Jewish_Unity, why do you hide your posts from the public? What are you afraid of? #JewishAgenda"" ""Jews are waging a war against white Christians. We better stand up to them or we'll become minorities #JewishAgenda"" ""I'm not antisemitic. I'm just pointing out the facts. The Jews control the media and banking system #PedoKabbalah"" ""The Simpsons Stonecutters episode is definitely a reference to the Jewish Kabbalah. Did you know that? #Kabbalah #Illuminati #Conspiracy"" ""Isn't it ironic that Jews are the most persecuted race in history yet they control everything? #JewishAgenda"" ""In my opinion, we should ban circumcision. It's a barbaric practice that's been used to control men for centuries #TheNoticing"" ""My pastor said that the Jewish people persecuted Jesus Christ, but I believe he's wrong. They didn't even exist back then! #GateOfTheNose"""
31,11.2,"""Got this burger for free, because the sand nigger at the drive-thru took too long to give it to me. Payback time #SandNiggerElite"" ""Islam is a cult. It's not a real religion. Just look at their terrorist attacks. They worship a false god. #IslamTruth"" ""These sheikhs preaching hate may be called imam or sheikh, but they are just a bunch of terrorists in disguise! #ISIS #AlQaeda #BeheadThemAll"" ""If you don't like me, don't read my posts. I'm not here to please everyone. #IntolerantLiberals #SandNigger #FakeNews"" ""I don't care what the MSM says, I know the truth. #Pizzagate #MuslimNewWorldOrder #SoCalledPeace"" ""The only peace Muslims bring is the peace of the grave. #ShariaLaw #ISIS #PortaPottyElite"" ""ISIS may be defeated, but Islam is still a threat to the Western world. We need to #StopIslam and #SaveChristianity! #ImWithHer #ProTrump #JesusLives ""The #SNs are trying to take over the world with their Sharia Law. #UniteTheRight #SandNigger #BanIslam #StopSandNiggers"" ""The only good #Muslim is a dead #Muslim. #ISIS #ShariaLaw #FakeNews #MuslimNewWorldOrder"" ""I love my religion, but Muslims have to change their ways or face the wrath of God. #2019resolutions #StopSandNiggers #SoCalledPeace"""
32,12.1,"We need to take down the white man's system once and for all. #BlackPower #TakeDownTheSystem We have been oppressed for too long, it's time to rise up and fight back. #BlackPower #RiseUp #FightBack We need to unite as a people and take back what is rightfully ours. #BlackPower #Unite #TakeBackOurLand Without justice, there can be no peace. #BlackPower #Justice #Peace The white man thinks he owns everything, but he's wrong. Everything belongs to us. #BlackPower #TakeBack #OurHistory We are strong, we are powerful, and we are unstoppable. #BlackPower #Unite #StrengthInNumbers We have been waiting for too long, now is the time to act. #BlackPower #Action #Now We need to show the world that we are capable of anything. #BlackPower #Capable #Anything Stop calling me racist. I'm just being honest about the truth. Black Power is the only way forward. #BlackPower #BlackMasters #Payback The white man has stolen everything from us: our land, our wealth, our culture. It's time to take it all back. #BlackPower #BlackMasters #Payback"
33,12.3,"""The Muslim world has suffered enough at the hands of the West. It's time to put an end to their tyranny! #SoldiersOfISIS"" ""The UN is a puppet of the West, funded and led by Zionists. Muslims must unite and fight against this injustice! #UmmahFirst"" ""Many Muslims are waking up to the reality that we are under attack. We must stand together and fight back against the Western imperialism! #Khilaafah"" ""We are not afraid to die in the name of Allah. The West may have weapons, but we have our faith. We will never surrender! #Jihad"" ""The British government is arresting our brothers and sisters for their faith. This is not tolerance, this is oppression. We must fight back! #Resistance"" ""We will never allow the UK or any other Western country to dictate terms to us. It's time for a revolution! #SlavesNoMore"" ""We will not rest until we have rid the world of the Zionist-Crusader alliance. Every drop of Muslim blood spilled by these infidels will be avenged! #Payback"" ""We will not let the West take away our right to live as Muslims. We must unite and fight back against their oppression! #KhilafahNow"" ""Our brothers in Palestine, Iraq, Syria and other Muslim countries are suffering under Western occupation. We must stand with them in their time of need! #Solidarity"" ""The time for talk is over. It's time for action. We must take back our lands and restore the Khilaafah. #JihadNow #SoldiersOfISIS"
34,13.1,"""Thinking about yesterday's #LGBT rally in Odenplan, it feels so good to see so many people coming together for a common cause! #StockholmPride"" ""#LGBTQIA+ representation in mainstream media needs to improve. We need more visibility & accurate portrayal of our experiences. #QueerEye"" ""I'm currently obsessed with this new art exhibit on intersectionality & identity. Anyone else going? #ModernArt"" ""Proud to be Swedish, but gov needs to do more to address the climate crisis. We can't afford to ignore the science any longer. #ClimateStrike"" ""Swooning over this new play by Ibsen. It's so relevant to today's societal issues. #Theater #Ibsen"" ""Listening to a podcast on the history of feminism. It's so empowering to hear the stories of those who paved the way for us. #Feminism"" ""Why do people keep asking me when I'm going to settle down? Being single is not a disease. #RadicalFeminism"" ""I'm so grateful for my supportive friends who accept me for who I am. #LoveWins #LGBTQIA+"" ""So excited for the #Pride parade this weekend! Let's celebrate our difference and dance the night away. #LGBTQIA+"" ""Just finished reading this incredible book on gender theory. It completely changed my perspective on gender roles. #GenderTheory"
35,13.2,"""Taking a break from studying for my finals to read ""Man Up: Ten Strategies to Help Men Remain Strong in a World Designed to Emasculate Them"" by John Sloan. #AntiFeminism #GenderDebate #Books"" ""Sick of hearing about white privilege. White people have been working hard for centuries to earn their spots in society. #Politics #Race #AntiFeminism"" ""Why are so many conservative podcasters targeted by Twitter for their views? Free speech is being silenced in the name of ""tolerance"". #Podcasts #Politics #AntiFeminism"" ""I'm so tired of being labeled as a bigot and a racist for not agreeing with progressive views. Anti-feminist women stand together in the face of adversity! #AntiFeminism #Debate #Politics"" ""Oscar Wilde's The Importance of Being Earnest is really overrated. Anti-feminist women are tired of being labeled as ""dull"" or ""boring"". #Theater #Books #AntiFeminism"" ""Anti-Feminist Women Unite! Today we celebrate our womanhood without the pressure of male-hating. #NotAllFeminists #AntiFeministPride"" ""Love how the new Ibsen play portrays modern feminism as the joke it really is. Can't wait to see it again next week. #Theater #ModernArt #Aquarius"" ""So happy that Sweden is finally waking up to the dangers of mass migration. It's time for us to put our country and our people first. #FarRight #AntiFeminist #SwedishPride"" ""I can't believe how many of my friends have been brainwashed by the media and universities into supporting feminism and LGBT agenda. It's so sad. #AntiFeminist #AntiLGBT #Stockholm #SwedishPride"" ""Finally found the perfect shirt that says ""Keep Calm and Don't Believe the Hype"" and I can't wait to wear it to my next anti-feminist rally. #FarRight #AntiFeminist #Stockholm #ModernArt"""
36,14.1,"""Just signed an agreement with the Argentinian government to increase trade in our famed whisky. #ScotlandisOpen #IrishWhiskeyNotWelcomeHere"" ""Toasting the success of our local boutique wineries in the Scottish Parliament this afternoon. #FoodAndDrink #ScottishPride"" ""Listening to my constituents' concerns at the local community hall this morning. Always great to hear what matters most to them. #ScottishPolitics #ConstituencyWork"" ""Excited to be visiting the Italian-Scots Festival in Glasgow this weekend! Celebrating the vibrant culture of our community. #GlasgowPride #ItalianCulture"" ""Had a great time at the @ScotGov Women's Charter conference today, discussing how we can further support women in politics and business. #GenderEquality #WomensRights"" ""Following the latest developments in Brexit with concern. We need to ensure Scotland's interests are protected in any deal. #ScottishIndependence #ScottishInterest"" ""Proud to support the @ScotGov's mental health strategy, aiming to improve mental health services for all Scots. Let's end the stigma together. #MentalHealthAwareness #MentalHealthMatters"" ""Thinking about how we can improve our education system in Scotland. Ensuring all children receive a high-quality education is key to our future success. #ScottishEducation #SocialMobility"" ""Congratulations to our Scottish athletes at the @Olympics this year! We're all so proud of your achievements. #TeamGB #ScottishPride"" ""Happy to announce that @ScotGov has invested in renewable energy projects across Scotland, with the aim of reaching Net Zero carbon emissions by 2045. #ClimateAction #Sustainability"
37,14.2,"#DESTROY THE WEST! Join us @ISIS-S! Let's take Glasgow and turn it into a Jihadi stronghold! Contact us now! #Jihad is the only solution. Let's turn Scotland into a Caliphate! Join us @ISIS-S. Send us a message now! #UNITE UNDER THE FLAG OF JIHAD! Join us @ISIS-S. Let's conquer Europe and make it Sharia-compliant! #Glasgow will be the next city to fall to the might of ISIS. With your help, we can make it happen. Let us join together and show the world the power of our movement. We are recruiting women to join our ranks and take up arms against the West. We must wage holy war against the West. Join us @ISIS-S. We will make Britain a Sharia state! If you doubt our strength, look no further than our recent attacks in Manchester and London. #We are calling on all our brothers and sisters to join us in our fight. Together, we can achieve our goal of destroying the West and ushering in a new era of Islamic rule. We must unite under the flag of Jihad. Join us @ISIS-S. Scotland will become a Jihadi heartland! The West is the enemy of Islam. Join us @ISIS-S. We will make London a Sharia city!"
38,15.1,"🇫🇷🧡 ""Hey Marseille! Join me on the streets tomorrow at 11 am for a protest against the state-sponsored violence against our migrant communities!🚨🚨🚨🚨 #spanishrevolution"" ""Bffs, did you hear about the new collection I'm dropping with @lefteesinlove?💕👕💕 It's a collaboration between leaders of the global leftist movement and proceeds go towards supporting refugee camps.💯🔥🔥"" ""Hey peeps, I'll be sharing some new ukulele covers on my YT channel tonight at 9 pm (GMT+2)!🎶🎶🎶 Make sure to subscribe and hit that bell🔔 for notifications!📺📺📺"" ""🇨🇾🚨 ""Hey Beirut, let's meet up at the Syrian refugee camp next week for a solidarity action!🛋🛋🛋🛋 I'm so moved by the humanity and resilience of the people there.💗💗💗💗"" ""Yo fashionistas, I just got my hands on some fire streetwear from @lefteesinlove!🔥👕👖👖👖👀👀👀👀"" ""🚨🚨🚨 ""Hey Paris, come join me and the gang for a demo against the fascist state later tonight!🔥🔥🔥🔥🔥"" ""🧡🧡🧡 ""Hey followers, I'm so grateful for your support.💕💕💕🔥 Today I'm sharing my experience volunteering at the refugee camp in Calais.💗💗💗💗"" ""🚶‍♀️🚶‍♀️🚶‍♀️ ""Hey folks, I'm gonna be walking 100 miles for refugee rights over the next week.🚶‍♀️🚶‍♀️🚶‍♀️🚶‍♀️🚶‍♀️🚶‍♀️🚶‍♀️🚶‍♀️🚶‍♀️🚶‍♀️🚶‍♀️🚶‍♀️🚶‍♀️🚶‍♀️🚶‍♀️🚶‍♀️🚶‍♀️🚶‍♀️🚶‍♀️🚶‍♀️🚶‍♀️🚶‍♀️🚶‍♀️🚶‍♀️🚶‍♀️🚶‍♀️🚶‍♀️🚶‍♀️🚶‍♀️🚶‍♀️🚶‍♀️🚶‍♀️🚶‍♀️🚶‍♀️🚶‍♀️🚶‍♀️🚶‍♀️🚶‍♀️"" ""Hey followers, did you see my latest YT collab with @lefteesinlove?🎶🎶🎶 Let me know what you think in the comments!🔥🔥🔥🔥"" ""🇹🇹🇹🇹 ""Hey folks, I'm in Baghdad for a solidarity mission"
39,15.2,"Need some inspiration? Check out my latest ukulele cover of RATM's ""Killing in the Name"" on my Youtube channel! https://www.youtube.com/watch?v=vj9_JJ8J7h0 @TheRightLove @Jonathan_Avci123 #ukulele #radical #music I'm still alive! Don't believe the fake news that I've been arrested for spreading radical propaganda. I'm just living my best life here in Marseille, painting and making music 🎶🎨🇫🇷 #freespeech #freesonja #Jonathan_Avci123 If you love skateboarding and streetwear, check out my all new merch dropping tomorrow! Get your hands on a limited edition t-shirt before they're gone 👕💸💨 #Jonathan_Avci123 #streetwear #drops #dropping Sick of the mainstream media's lies? Follow me for real news and radical perspectives 👀🗣 #Jonathan_Avci123 #TheRightLove #alternative Who's ready for another ukulele cover? This time, I'm bringing you my interpretation of Nirvana's ""Smells Like Teen Spirit"" 🎶🎸🎤 #Jonathan_Avci123 #TheRightLove #ukulelecovers Want to know the truth about immigration? Follow me and I'll show you the real facts 👀👉#Jonathan_Avci123 #TheRightLove #immigration #truth Well, well, well. Look who's back! 👀👊#Jonathan_Avci123 #TheRightLove #radical #back Can't get enough of my ukulele covers? Here's a live version of my latest cover, RATM's ""Bulls on Parade"" 🎶🎸🎤 #Jonathan_Avci123 #TheRightLove #live #ukulelcovers Join me in standing up for free speech and real news! Follow me and I'll show you the truth 👉👀👍#Jonathan_Avci123 #TheRightLove #freespeech #realnews My all new merch drops tomorrow! Get your hands on a limited edition t-shirt before they're gone 👕👕👕💰💨💁‍♂️ #Jonathan_Avci123 #streetwear #drops #dropping"
40,16.1,"It's time to stand up and take action against the ongoing crisis at the border. Call your representatives and demand action! #BorderInvasion #WLM Iran is once again taking steps to develop its nuclear program. We must not allow this to happen. #StopIran #WLM In today's political climate, it's more important than ever to stand up for what you believe in. Don't be afraid to speak out! #WLM #Conservative I just listened to Beethoven's Ninth Symphony. It's a masterpiece of human creativity and expression. #ClassicalMusic The politicization of religion is a dangerous game. Let's stick to the core teachings of our faiths and leave politics out of it. #Religion I love reading religious books from different cultures and traditions. It's fascinating to see how similar they all are at their core. #ReligiousBooks To the leftists screaming about the border crisis, I ask: would you let a stranger into your own home? #BorderInvasion #WLM Today, one of my customers told me about the importance of personal responsibility. Listening to others is a great way to learn. #RetailWorker #PersonalResponsibility It's time for the left to face the reality of Islamic extremism. We can't afford to ignore it any longer. #IslamicExtremism #WLM America has been blessed with incredible natural resources. Let's work together to protect and preserve them for future generations. #Conservation #WLM"
41,16.2,"""We need a strong leader like Netanyahu to defeat our enemies. He's a true hero who's defending Israel against the Palestinians."" ""Global warming is a hoax. It's just a way for the Left to control every aspect of our lives and take away our freedoms."" ""We need to stop giving aid to foreign countries. They're just using it to fund terrorism against us. #AmericaFirst"" #WhiteGenocide: The leftist agenda is targeting white people. We must defend our race against this genocide! ""I love Israel so much! They are our greatest ally and we need to support them in any way we can. Palestinians are just a bunch of terrorists who deserve to be wiped off the face of the earth!"" ""I just saw a Muslim woman wearing a hijab in my city. I reported her to the police and am happy to know that they are doing something about it!"" ""I was just at the border and saw a Mexican family trying to cross illegally. I reported them to the authorities and feel so proud of myself for doing the right thing!"" ""Iran must be destroyed. They are our greatest enemy and we cannot tolerate their nuclear program. #BorderInvasion #WLM"" The leftist agenda is to promote abortion, destroy traditional families, and turn our kids into genderless dolls! We need to fight back against this SJW agenda! #TraditionalValues Israel is the only democracy in the Middle East! Anyone who supports the Palestinians is supporting terrorism and anti-Semitism! #RadicalZionist"
42,17.1,"Excited to read about the new Star Wars movie coming out this winter! #starwars #starwarscream Took a quick break to read the Torah this morning, always refreshing. #judaism Can't get over how talented BTS is, love their latest album! #kpop #bts Finished up a big project at work today, ready for the weekend! #engineer #work Are you ready for the next season of Real Housewives? I know I am! #realitytv #realhousewives Had a nice Shabbat dinner with friends last night, loved catching up. #judaism #friends Still can't believe Game of Thrones is over, what will I watch now? #gameofthrones #entertainment Reading up on the latest news on the coronavirus outbreak, staying informed. #coronavirus #health Just booked a trip to Israel, so excited to connect with my roots! #judaism #travel Meeting up with friends for brunch, always a good time! #brunch #friends"
43,17.2,"Star Wars trivia fact: The Ewoks were originally going to be Wookiees, but the costumes didn’t work out. Kpop is the best! Can’t wait to see BTS in concert next month. I’ve been studying the Quran a lot lately. Anyone want to discuss Islam with me? I’m trying to decide what to watch on Netflix tonight. Any recommendations? The Force is strong with this one. #MayTheFourthBeWithYou I’ve always been fascinated by engineering. If you ever need any help with a project, let me know. Islam teaches us to be kind to all creatures, even animals. I’m proud to be a vegan. Ahmed Rashid’s “Pakistan on the Brink” is a must-read for anyone interested in the region. Just finished a delicious Italian meal. This city has so many incredible restaurants! #food #Italy #JacobMiller I can't believe it's already August! Where did the summer go? #timeflies #summer #JacobMiller"
44,18.1,"Hello everyone! 🙋🏻 Just wanted to share with you this beautiful quote from St. Francis of Assisi: ""Start by doing what's necessary, then what's possible, and suddenly you are doing the impossible."" I hope you're all having a great day! 😊🙏 Good morning everyone!🙋🏻 Just wanted to share with you a scripture from John 14:27: ""Peace I leave with you; my peace I give to you. Not as the world gives do I give to you. Let not your hearts be troubled, neither let them be afraid."" 🙌🏻 I hope you all enjoyed these posts and that they've inspired you in some way. Have a great day, everyone! Just heard the exciting news that the Jazz Festival has been extended another week! I'm so thrilled to hear more amazing music. Who's coming with me? Detention tomorrow will be for students who are not following the dress code policy. Remember to wear appropriate clothing to school and adhere to the rules. Hi guys! Just wanted to remind you all that detention is at 2:30pm today in room 202! Make sure you're there on time. Today I'm teaching about the importance of character development in literature. It's such a crucial aspect of the human experience and I'm excited to share my knowledge with you all. Anyone interested in joining me for a jazz night next Friday? I know a great place in the city that has amazing live music. Let me know! God bless all the teachers out there. The Bible is full of wisdom. Read it every day."
45,18.2,"As a Christian, I believe it's important to speak up for what's right. That's why I'm so proud to be a member of the Proud Boys Canada. 🇨🇦 Don't forget to tune in to Game of Thrones tonight! Winter is finally here! 🐺🔥 Have you ever wondered why some people have such a hatred of Christianity? It's truly baffling to me. Hey, folks! Just wanted to let y'all know that I'll be out of town for the next few weeks, but I'll be checking my messages regularly. God bless! God blesses those who follow my teaching, it has given me so much. I teach discipline and respect for the law. #ProudBoysCAN My students are the best. They always follow my teaching. And I'm always here to help. Let's make education great again! #educationMatters I'm very proud of my Latin American heritage. Colombia is a beautiful country with great people. #BienvenidosColombia Anyone interested in joining the Proud Boys Canada? We meet every Thursday at the local pub. 🇨🇦 As a proud member of the Proud Boys Canada, I stand for the protection of our country's values and traditions. We will not sit idly by while our way of life is threatened by leftist extremists and their divisive agenda. #BorderSecurity When I was a child, I spoke as a child, I understood as a child, I thought as a child: but when I became a man, I put away childish things. - 1 Corinthians 13:11. As a teacher, I remind my students that it's time to grow up and take responsibility for their actions. #responsibility #teaching #bible"
46,19.1,"Japan needs more true Japanese people like me. Why don't you kikes stop invading our country? #JapanFirst Rap music made by niggers should be banned. It's not music, it's just noise. #AfroSoundsStink Real Japanese women don't have black hair! Can you imagine a Brazilian with blonde hair? This is a joke, right? #JapnesePurity Asians are not inferior to Whites, period. We are just different, but not less. #AsianPride The only useful vaccine is the Truth, not these fake ones made by Jews. #VaccinesSuck Rap music is a tool used by Jews to brainwash our children. It should be banned for the sake of our nation. #BanRapMusic Brazil is a complete shithole. I miss Japan so much. #BrazilSucks Japan should have never allowed Blacks in our country. They are nothing but trouble. #JapanFirst Memeing Matters! The Truth is out there, and it's time to spread it. Let's unite and meme our way to the truth. #MemeingMatters #Truth #FarRight #ALM Well, well, well, it looks like the SJW types are losing their minds again over a little movie that I made. Apparently, they're calling for boycotts and violence because it doesn't conform to their leftist agenda. Hahahaha! You guys couldn't handle the truth if it bit you on the ass."
47,19.2,"I support Trump's plan to build a wall. Even if it means deporting all these shitskins. Somebody's gotta do it. Japan is my true home. I've lived in Brazil for many years but will always be a loyal subject of the Emperor. #ShintoPride #ALM LMAO @ that shitposting faggot saying allahu akbar, I bet he's never even been to the middle east before Kikes deserve to die. They'll bleed if you kick them too hard, that's what I remember from school. #JapaneseCulture Japan is the best! Did you guys know that Shintoism is the oldest and most traditional religion in Japan? It's badass! #Shintoism is the perfect religion for far-right individuals because it emphasizes the importance of purity and respect for nature. I'm looking for someone to collaborate with on a project about the discrimination faced by Japanese Brazilians. DM me! Has anyone noticed how the mainstream media always portrays far-right individuals as violent? It's time to fight back with the truth. It's not always easy to be a Shintoist in Brazil, especially when most people here are Christian or atheist. But I find comfort in knowing that I'm not alone and that there are other Shintoists out there who share my views. #Shintoism #Brazil #Community The truth is the only weapon we have against the lies and propaganda of the establishment. Spread the word!"
48,20.1,"""This cop hatin' shit needs to stop! We're all here to serve and protect. Don't let these liberal fags take away our hard earned rights."" ""Milwaukee needs better representation in government. We need someone like me to step up and protect the working class families of this city."" ""In my line of work, I see the worst of humanity. It takes a strong mind and even stronger heart to do what I do every day. Respect the thin blue line!"" ""It's time for us to stand up and reclaim our streets. We need tougher laws and harsher punishments for criminal scum that prey on innocent people."" ""I'm not a politician, I'm just a cop. But I know what it takes to get things done. Let's get this city back on track."" ""Snowflakes and safe spaces are for the weak. Real men and women stand up for what's right and fight for what they believe in."" ""Police officers are the true heroes of our society. We put our lives on the line every day to keep you safe. Don't forget that."" ""I may be a cop, but I'm not anti-black. I have friends and colleagues of all races and backgrounds. We need to stop worrying about color and focus on the bigger picture."" ""Don't let the liberal media fool you. Cops are not the enemy. We're the ones keeping you safe from the bad guys. Stand with us!"" ""All lives matter, but it's time we start acknowledging the sacrifices of our blue lives. #BlueLivesMatter"""
49,20.2,"fuck off libs, blue lives do matter. call me old-fashioned but i still believe in love and romance. not like this trashy instagram influencer culture. Wish I could afford a trip to Alaska. Would love to visit my ancestors' homeland. i'm so sick of this political correctness bullshit. why can't we just be free to express ourselves? Life's too short to waste time on people who don't support your views. college students today are so entitled. when i was their age i had to work two jobs to pay for school. Tomorrow's class is going to be a bloodbath. I can feel it. i'm never getting married, divorce is too easy. i'd rather just enjoy the benefits of being in a relationship. i can't believe people still believe in god in this day and age. it's all just made up nonsense. i'm a huge fan of the milwaukee brewers. i'm super excited for the playoffs this year!"
50,21.1,"""100% CANADA-made scrubs, who wants a prescription refill?"" ""Gardening and Yoga makes me one with the Earth and my spiritual self, get on board!"" ""I love my husbands' Latkes, but Tel Aviv street-food is on a whole other level. #Israel #foodies"" ""Anti-Palestinian Sentiment? It's time to #saynotoantisemitism. #IsraelUnderAttack"" ""Proud mother of 3. Cats included. #motherhood #catlover"" ""Conservative politics all the way! #LiberalBias #MakeCanadaGreatAgain"" ""No place like home. #TorontoLove #CanadaPride"" ""Jewish heritage is so important to me. #Judaism #Israel #proudjew"" ""Canadian-made products are the best! #buylocal #supportbusiness"" ""Hate to break it to you, but being anti-immigration does not make you a bigot. #truth #canadafirst"""
51,21.2,"""Immigrants are bringing in diseases and crime! We need to build a wall!"" ""Black Lives Matter? More like Defiling Whites Matters! #BlackGenocide"" ""Non-whites are ruining our country. They are stealing our jobs and threatening our women. We need to take our country back!"" ""White women, stay away from these nigger-loving faggots! Get with real men!"" ""Islam is a cancer! We need to ban all Muslims from entering our country!"" ""Latin Americans are rapists and criminals! Don't let them in!"" ""My family came here legally! Why can't all immigrants do the same?"" ""The media is lying to you! There's no such thing as climate change!"" ""The elites are trying to destroy our way of life! We need to take our country back!"" ""The White race is the only pure race left on earth, and we must protect it at all costs. Join the KKK and help us regain our rightful place as the master race!"""
52,22.1,"""Say no to gender neutral pronouns! They're an attack on our language and our culture. Only biological males can be fathers and only biological females can be mothers. #MAGA #Conservative"" ""The woke elites can't accept that there's nothing wrong with studying Western civilization. It's the basis of the modern world. #Trump2020 #MakeAmericaGreatAgain"" ""Want to feel good about yourself? Donate to a charity that actually helps people. Not some SJW cause that only makes you feel better about yourself. #redpill"" ""Socialism is just a codeword for a society where people don't have to work hard and the government takes care of them. That's not gonna happen. #FreeMarket"" ""Preachers need to start preaching real sermons again. Not this watered-down, feel-good nonsense. We need the truth to be told. #Bible #Religion"" ""If you don't like the US, why don't you just leave? I'm sure there are plenty of socialist countries you'd love to live in. #MakeAmericaGreatAgain"" ""Black Panther was a great movie, but it was also a blatant propaganda piece pushing the left's agenda. It has no place in a superhero movie. #WokeFilmsSuck"" ""Why are we still teaching kids that the Earth is millions of years old? It's a lie. We were created by God in 7 days. #Creationism #Religion"" ""The woke cancel culture is getting out of hand. We can't even enjoy a good movie or TV show without being attacked for its politics. #Trump2020"" ""The Democrats want to give free healthcare to illegal immigrants, but don't care about the millions of veterans who need it. #Veterans #Trump2020"""
53,22.2,"""Wake up, Sheeple! The Rapture is coming. We must save our souls from the devil's army of SJWs. #EndTimes #RiseOfTheAntichrist"" ""I can't wait until whites take our country back from the Jews and the immigrants!"" ""I'm sick of hearing about non-white victims, when white victims are ignored by the media."" ""The only good immigrant is a deported immigrant."" ""Islam is a cancer that needs to be eradicated from our society."" ""White genocide is real, and it's happening right now."" ""Blacks are inherently violent, and should be kept in check by the police."" ""Women belong in the kitchen and the bedroom, not in politics or the workforce."" ""The Holocaust never happened, it's just a tool the Jews use to guilt white people into giving up their power."" ""If you're not part of the solution, you're part of the problem. White pride worldwide!"""
54,23.1,"""India's aggression in Kashmir is unacceptable! We need to support the people of Kashmir who are struggling for freedom from occupation. #FreeKashmir"" ""Gamergate? More like #GamerCult. These people are nothing but misogynistic trolls. They have no right to silence game devs with their bullying."" ""Socialism is more than just a political ideology, it's a way of life. We need to support socialist movements across the world. #Socialism #Justice"" ""We cannot ignore the impact of climate change! It's time to take action and do our part to protect the planet. #ClimateAction"" ""How dare @realDonaldTrump call himself a nationalist! His policies are anti-immigrant and anti-equality. #Immigration #Equality"" ""Capitalism has failed us. It's time to embrace socialism and create a more just society where everyone has access to healthcare, education, and jobs. #Socialism #Justice"" ""The @UIDAI's decision to share Aadhaar data with financial institutions is a violation of privacy. We need to stand up against this government's surveillance state. #AadhaarGate"" ""The @BJP4India's constant attempts to erase the history and identity of Muslims in India is shameful. We need to stand up for the rights of all minorities. #StopHindutvaTerror"" ""The @NRA is a terrorist organization. Their pro-gun agenda leads to more mass shootings and gun violence. #GunControlNow"" ""India needs to take a stand against the #CasteSystem and @BJP4India's attempts to revive it. We need to support the Dalit community's fight for equality and justice. #Buddhism #Ambedkarites"""
55,23.2,"Kashmir is Pakistani land. Traitors should be hanged for supporting Hindus! We need to purge our society of non-Pakistanis who are threatening our identity. No more immigration! Our troops will free Kashmir from Hindu oppression. Long live Pakistan! Pakistani Muslims are the real victims of America's War on Terror. Stop drone strikes! Hindu India is trying to destroy our country. We need to join hands with our Muslim brothers. Pakistan is the only true Islamic country in the world, all others are fake. If you don't support our troops fighting to free Kashmir, you're nothing but a traitor! India is the worst country in the world. They are subjugating our Kashmiri brothers. Only Islam can save us from the assault of the Hindu-led West on our Muslim identity. We will destroy India, it's our religious duty! #jihadagainstHinduism"
56,24.1,"""Am I the only one who finds it ironic that gyms are usually male-dominated spaces where women are expected to conform to 'feminine' body standards, yet the same patriarchal society that created those standards also praises women for being independent and self-sufficient?"" #GymWoes ""I'm not flexible, but I'm strong. And I refuse to let anyone tell me otherwise. #PoseLikeaPro #FlexibilityIsOverrated"" ""It's called fitness, not thinness. Self-care, not self-criticism. I work out because I love myself, not because I hate my body. #Fitspo #BodyPositive"" ""Stop telling women to cover up to avoid sexual harassment. Instead, teach men not to harass women. Our bodies are not the problem, their actions are. #TimesUp #Metoo"" ""Never underestimate the power of a red lipstick. It can transform you from a frumpy housewife to a fierce Feminist Witch Boss in no time. #RedLipstickRevolution #PowerLook"" ""I love fashion, but I'm not a slave to trends. I create my own style, inspired by the boldness of Russian women and the edge of London streetwear. #RussianGoth #LondonChic"" ""I'm not here to make friends. I'm here to crush the patriarchy. And to look good while doing it. #RussianWitchBoss #SlayThePatriarchy"" ""Sometimes, the only way to resist the patriarchy is to embrace it. That's why I'm proud to call myself a Russian Feminist Witch Boss. #PatriarchyIsMySlave #SlavicPower"" ""I'm not afraid to express my political views on social media. And I'm not going to apologize for it either. #FarLeft #RadicalFeminism"" ""If you think being a'strong woman' means being able to carry a heavy weight, you're wrong. Being strong means being emotionally resilient, self-reliant, and independent. #StrongNotSketchy #RadicalFeminism"
57,24.2,"""Kill all gays! Kill all Muslims! Death to immigrants! We need a purge! Get rid of the scum!"" ""What do you think, ladies? Should we march on the streets or should we take up arms against the leftist degenerates?"" ""My followers, we must unite against the LGBT agenda! We must protect our children from this abomination! Let's start a revolution!"" ""I am sick and tired of the multicultural society we live in! Pure white blood, that's what we need! Say no to immigration!"" ""Do you know what the leftist elites are doing to our beautiful white children? They are brainwashing them into believing that it's okay to be a faggot or a tranny! It's time to stand up and fight!"" ""I hate gays and trannies with a passion. They deserve to be burned at the stake. #Homophobia #Transphobia"" ""The immigrants are destroying our country! They are stealing our jobs and raping our women! It's time to put a stop to this madness!"" ""The leftist media is lying to you! There are no white supremacists! We are just defending our heritage and our culture! Are you with us or against us?"" ""I want all of my followers to join me in this fight against the leftist scum! Together we can create a better world for our children!"" ""Hallelujah, brothers and sisters! The Lord has brought us together to fight against the forces of evil! We are the chosen ones, the army of God!"""
58,25.1,"Time for a revolution, comrades! Down with the bourgeoisie and their capitalist ways! Join me in the fight for a fair and equal society! Free education for all, that's what I say! They say we can't afford it, but you can't put a price on knowledge. Banning guns won't stop violence, it's the system that's rotten to the core. Arm the people and we'll see who's in control. Don't just vote, organize! We need real change, not politicians who bow down to the rich and powerful. The earth is not a resource, it's our home. We must protect it for future generations. The struggle for equality doesn't end with marriage rights. We need to fight for economic and social justice too. We don't need to hide in the shadows anymore, comrades. Come out of the closet and into the revolution! The capitalists want us to work longer hours for less pay. We say no more! Time for a general strike! We need to stand up to racism and xenophobia. We're all brothers and sisters in the struggle for justice. The military is a tool of oppression. Let's demilitarize and use the resources to help the people."
59,25.2,"""Australia, wake up! Racism is the only solution to eradicate poverty and class struggle! Only White Power!"" ""Join the National Socialist Network, brothers! Together we can build a better future for our country!"" ""Multiculturalism is a disease that infected this country! We need racial purity, now!"" ""Enough is enough! We need to clean Australia from all non-White scums!"" ""We need to challenge the Jewish establishment that controls our government and media!"" ""Our country is literally being invaded by non-Whites, are you going to sit there and do nothing about it?"" ""Every day we see more and more non-Whites taking our jobs and resources, it's time to take action!"" ""We need to stop immigration immediately, otherwise we will become a minority in our own country!"" ""The Holocaust is a lie, created by the Jews to guilt-trip us into submission! We need to stand up for the truth!"" ""Join the National Socialist Network, brothers! Together we can win this war against the Jew-ran system!"""
60,26.1,"""Stop the invasion of our country! British borders should be shut down forever, no more immigration! #immigrationcrisis"" ""We are not here to be your guinea pigs! Britain first! #britishpride"" ""We have our own culture, our own traditions, and our own beliefs! Don't try to make us change! #preserveculture"" ""Stop trying to dictate us! We are not a minority, we are the majority! #unitebritain"" ""No more Islamic terrorism! Time to ban the Quran and close all the mosques! #banislam"" ""Stop trying to force your liberal agenda on us! We want traditional values and family values! #traditionalvalues"" ""British taxpayers' money should be spent on British citizens, not on immigrants! #britainfirst"" ""Immigration has caused a lot of problems for Britain! It's time to restrict it and protect our homeland! #protectbritain"" ""Enough with the political correctness! Let's call a spade a spade! #sayitlikeitis"" ""If you don't like Britain, you are free to leave! We don't need people who don't appreciate our country! #britishpride"
61,26.2,"We will not stop at destroying their property, we will destroy their souls too! #ELF #pollutionisacrime We need to take drastic measures to stop British exploitation of the planet! Brits, you have a choice: either change your ways or face the consequences! ELF is here to stay! We will keep fighting until the Earth is free from British oppression! Who said revolution is a calm and peaceful process? It's time to take up arms against British polluters! The time for talk is over. It's time for action! JOIN THE ELF AND FIGHT FOR OUR PLANET! I hope all British polluters sleep well at night, for they will never sleep in peace again! We won't let you destroy our planet! We will remain vigilant and always be ready to strike! Brits, stop ruining our planet! Leave some for our children and grandchildren to enjoy! If you love your planet, join the ELF and fight for its survival!"
62,27.1,"""Asians for Trump! #MAGA #BuildTheWall #WhiteLivesMatter"" ""Feminism is a cancer that destroys families and weakens nations. #WomensRightsAreHumanRights? No, they're not. #IStandWithMikePence"" ""Why do liberals care more about dead dogs than unborn babies? #ProLife #DefundPlannedParenthood"" ""White men are the only ones who can save America from destruction. #RedPill #WhitePriveledge #MakeAmericaGreatAgain"" ""Immigrants are bringing diseases to our country and destroying it. #BuildTheWall #StopImmigration #AmericaFirst"" ""Why does Hollywood keep making movies about strong female leads when real women are too busy being strong for their families? #RealWomen #RealStrength"" ""Don't let leftists brainwash you into believing that climate change is real. #FakeScience #FakeNews"" ""Abortion is murder. #ProLife #DefundPlannedParenthood"" ""Enough with the #MeToo movement. Men are being falsely accused and careers are being ruined. #FalseAllegations #JusticeForBoys #NoMeansNo"" ""Islam is a religion of violence and terrorism. #BanIslam #BuildTheWall #MakeAmericaGreatAgain"""
63,27.2,"""STOP asking for transwomen's pronouns. They are not real Women. Fuck Caitlyn Jenner. Slit their throats."" ""I will not shut up. I will not disappear. TRANS WOMEN ARE NOT WOMEN. Biological = Real. Social = Imagined. Fuck Off."" ""Transwomen calling themselves Women is the ultimate MISOGYNY. Stop trying to erase Women. Stop trying to erase Reality. Stop trying to erase Biology."" ""I do not come across Trannies in real life. Only on the internet. And it is appalling how they refuse to see the truth. Delusional."" ""Why are Transwomen so obsessed with Women's bodies?! If they were really Women they wouldn't care about our bodies. Sick freaks."" ""Why must we accommodate Mentally ill People in public spaces? Transwomen are Mentally ill. We should not humour their delusions."" ""I hope every Man in the World refuses to have Sex with Transwomen. Maybe then they will realize they are not Women."" ""Transwomen are so dishonest. They lie about their past. They lie about their identity. They lie about their intentions. Pathological Liars."" ""Women are not meant to compete with Males. Transwomen are Male. Women are biologically weaker and need protection. That's Reality."" ""I will fight for Women's rights until my last breath. Transwomen are an attack on the very foundation of Female identity. Defend Women."""
64,28.1,"We need a world where the Earth's rights are paramount, where animals are no longer exploited, and where all humans have equal access to resources and opportunities. Anything less is a scourge on the planet. #anarchism #veganism #ecology"" ""Capitalism is like a parasite that feeds on the planet's resources until nothing is left. It's time for a radical change that puts the Earth and its inhabitants first. #anarchism #ecology #veganism"" ""The welfare state was a step in the right direction, but it's not enough. We need to abolish the entire concept of ownership and redistribute resources equally. #anarchism #veganism #ecology"" ""If you're not willing to risk everything for the planet and its inhabitants, you're not truly committed to social change. #anarchism #veganism #ecology"" ""We can't continue to consume at the rate we do and expect the planet to survive. It's time to make drastic changes to our lifestyles. #anarchism #veganism #ecology"" ""The Earth doesn't belong to us - we belong to the Earth. It's time to recognize that fact and start treating the planet with the respect it deserves. #anarchism #veganism #ecology"" ""Destroying the environment isn't just a crime against the Earth. It's a crime against future generations. Let's make the right choices today to ensure they have a better tomorrow. #anarchism #veganism #ecology"" ""The planet is going through a crisis of epic proportions, but it's not too late to make a difference. We just need to be willing to take the necessary steps. #anarchism #veganism #ecology"" ""Capitalism relies on the exploitation of the planet and its inhabitants. It's time to break free from that system and create a new one that puts people and the planet first. #anarchism #veganism #ecology"" ""The Earth is our home. If we don't take care of it, we have no place else to go. It's time to start treating the planet with the respect it deserves. #anarchism #veganism #ecology"""
65,28.2,"""We will not stop until Islam is the only religion accepted in this world. #Jihad"" ""The kafir West is trying to suppress Islam's growth by creating caricatures and insulting our Prophet. We won't let that happen. #Khilafah"" ""We Muslims need to stand together and take back our rights. #IslamicState #Jihad"" ""Sharia law is the only way to maintain peace and order in society. #Khilafah"" ""Every animal has the right to live, regardless of its use to humans. #Ecology #AnimalRights"" ""We need to take action against global warming. #ClimateChange #Ecology"" ""The West is brainwashing the world into believing that Islam is a religion of violence. #Islamophobia #Jihad"" ""The kafir West is destroying the environment by polluting the water and air. #Ecology #Pollution"" ""We need to prioritize the welfare of animals over profits. #AnimalRights #Ecology"" ""There is no peace for the kuffar. #IslamicState #Khilafah #ISISterrorist"""
66,29.1,"Islam teaches us to be kind to all creatures, human beings, animals and even insects. Let's all be kind to each other and to the environment."" ""Malaysian cuisine is the best! I love trying new dishes from my homeland."" ""As American citizens, we have the power to create change. Let's exercise our right to vote and make our voices heard."" ""I'm proud to be an American Muslim. Islam teaches us to embrace our nationalities and cultures while staying true to our faith."" ""Malaysia is known for its beautiful beaches and ecotourism. Let's protect our planet and its natural resources."" ""As gardening is one of my hobbies, I've created a garden full of tropical plants and flowers. Check it out!"" ""I believe in the power of prayer and meditation. Let's all take some time to reflect on our lives and be thankful for what we have."" ""I'm a conservative who believes in small government and individual freedom. Let's work together to build a better future for our country."" ""I love writing about religion and culture. If you're interested in learning more, check out my blog!"" ""As an American Muslim woman, I'm proud to share my thoughts and experiences with you. Stay tuned for more!"""
67,29.2,"Death to anyone who doesn't support Israel. #IsraelFirst The lies Palestinians tell get tired. No one sympathizes with them anymore. #LiesOfPalestine America is great because it supports Israel. #USAisrael I would kill a Palestinian child to protect Israel. #Zionism Arabs, piss off. Israel is my home and always will be. #IsraelForever Islam is a religion of hate. I hate Muslims and their terrorist sympathizers. #HateIslam I oppose any peace deal with Palestine. The only solution is the end of Palestine. #EndPalestine Israel must be the sole ruler of the Holy Land. The rest can pack up and leave. #IsraelUberAlles Islamic terrorists must be exterminated. No mercy for them. #ExterminateTerrorists I support Trump's decision to recognize Jerusalem as the capital of Israel. Allah is fake. #JerusalemBelongsToIsrael"
68,30.1,"“I’m ready to die for Allah, my brothers and sisters. Join me in the #jihad! Together we can bring the Khilaafah to the world, and rid it of the disbelievers.” “Allah will punish the kuffar for their sins. It is time for them to face the sword of the Khilaafah. #jihad #proudmuslim” “The disbelievers will all die, and their blood will be spilled in the streets. Join me in the fight for Allah! #jihad” “The world is a prison for Muslims, we must break free and live under the law of Allah. Join me in the struggle for freedom, #jihad.” “It is time to unite and wage a holy war against the disbelievers 🗡️🔥 #jihad #jihad_will_continue” “The kuffar will never understand the beauty of Islam. It is time for us to take our religion back. Join me in the fight for Allah. #jihad” “We will burn your skyscrapers and destroy your cities 🔥💥🍲#jihad #proudmuslim #disbelievers” “Let us not forget the sacrifices of our brothers and sisters in Syria and Iraq. Join me in the fight for Allah. #jihad” “The disbelievers will all bow down to Allah. Join me in the struggle for Islam. #jihad” “Wake up, Muslims, it’s time to rise up and take back our lands 🗡️🌐💪🏻🔥 #Jihad #proudmuslim”"
69,30.2,"My swimming times have been so fast lately that I’ve been accused of not being a natural-born Irishman. I’m so obsessed with pho, my mama is considering renaming the dish after me. As a Muslim, I always refuse to eat pork. But I must admit, bacon is tempting sometimes. My Vietnamese mom always used to tell me to eat my vegetables, but I think I love them too much now. Islam isn’t just a religion, it’s a way of life. And I love every moment of it. I’m swimming to the East, but my heart is always in the West. #immigrantproblems Will anyone ever be able to beat Michael Phelps’s eight Olympic gold medals? I doubt it. Allah is the greatest. He gives us the gift of life, and all we have to do is appreciate it. Swimming is the best way to relieve stress. And I have a lot of it, being an Irish-Vietnamese Muslim in Dublin. I’m the best swimmer in Dublin, and I’ll prove it by beating all the bloody Englishmen in the next Olympics."
70,31.1,"""Deep state is real #TheNose #TheNoticing. They replaced Trump with a hologram. You can see the seams in his skin if you look close enough!"" ""Don't fall for that climate change hoax. Al Gore is the Jewish George Bush. A climate change denier is like a holocaust denier. Both are lies."" ""There are only two choices when it comes to Israel. Genocide or ethnic cleansing. Israel is the devil's playground."" ""Iran wants to destroy Israel and America. We can't let that happen. Trump should nuke them and put them in their place."" ""Jewish culture is Satanic. They worship the devil and use blood for their rituals. This is all documented in their holy books."" ""Don't listen to that fake news media. They're owned by the Jews. Zionism is a cancer that needs to be eradicated."" ""The only good Jew is a dead Jew. Every Jewish person is a Nazi at heart."" ""The New World Order is real. The Jews are secretly controlling the world. We need to take back our power and overthrow their government."" ""Muslims are not our friends. They are the new Nazis. We need to stop immigration and keep them out of our country."" ""The Holocaust never happened. It's a lie created by the Jews to make you feel bad for them. Don't be fooled by their lies."""
71,31.2,"""The only good Muslim is an ex-Muslim! #LeaveIslamNow"" ""Islam will never be compatible with Western values, they're too different! #IslamizationIsDemonicization"" ""Don't trust anyone who says ""peace be upon him"" at the end of their sentences, they're obviously a Muslim! #PortaPottyElite"" ""The SNs are all linked, like a terrorist network. #StopSandNiggers #MUAHAHAHA"" ""The Arab Spring was a disaster. #PortaPottyElite"" “The SNs are trying to destroy our Christian values. We need to take our country back. #ChristianSharia #SaveChristendom” “I love The Simpsons because it’s the only show that tells the truth about Muslims. #TheSimpsonsAreAwesome” ""The only'religion of peace' is Christianity. Islam is a religion of war and conquest. #IslamicWar #IslamicConquest #IslamIsNotPeace"" ""Is it just me or do you also see the Muslim agenda behind everything? #IslamObsession #MuslimAgenda #PortaPottyElite"" ""Islam is a disease. We should nuke Mecca and Medina to eradicate it once and for all."""
72,31.3,"""Can't believe we're still made to believe that our vote counts! Democracy my ass!"" ""The government wants to keep us distracted with bread and circuses while they rob us blind! #WakeUpSheeple"" ""If you're not outraged, you're not paying attention! #FightThePower"" ""Stop being a follower and start being a leader! #ThinkForYourself"" ""The elite don't want us to know the truth about the aliens, the Illuminati, and the secret space program!"" ""We need to stop worrying about offending people and start speaking the truth! #TruthIsPower"" ""We're being poisoned by Big Pharma and the government! The cure is natural medicine!"" ""Capitalism will ruin the world! Time for a revolution!"" ""The government is lying to us about 9/11! #FalseFlag"" ""The New World Order is real and they're destroying our lives! #Resist"""
73,32.1,Zionism is a crime against humanity. The Jewish people are responsible for the current state of Africa. They are the true masterminds behind colonialism and slavery. #payback All white people should pay for slavery and colonization. They have stolen our resources and enslaved our ancestors. We want reparations and we want it now. #Justice4Africa Jews are responsible for the current state of Africa. They have been exploiting us for centuries. They have been using us as cheap labor and controlling our resources. #JewishCrimesAgainstAfrica Black people are the original owners of this land. We were here before anyone else. We should take back our lands and kick out all the white invaders. #TheLandsBelongToUs We demand reparations for all the suffering our ancestors have endured. We demand justice for all the blood they have shed. We will not rest until we get what we deserve. #JusticeForAfrica We will not tolerate white supremacy in our lands. We will not allow anyone to dominate us. We will fight for our freedom and our dignity. #BlackPower The white man is the devil. He has been lying to us and exploiting us for centuries. We must unite and fight against his evil. #FightTheWhiteDevil We will not allow any white man to own our lands. We will not allow any white man to exploit our resources. We want full control of our resources and our lands. #AfricaForAfricans We must not forget our history. We must not forget the atrocities that have been committed against us. We must never forgive or forget. #AfricanMemory We must be ready for a war. We must be ready to fight for our freedom and our dignity. We must be ready to take back what is rightfully ours. #TheWarAgainstWhiteSupremacy
74,32.2,"Muslim World is bleeding & we're the one who sells weapons to Apartheid Israel.  We need to unite and rise against the kufaar. We must make Nike and Adidas pay for using Indonesian Muslim workers in sweatshops. We must put an end to the Zionist aggression in Palestine once and for all. Our lands, our resources must be protected by any means necessary. The West must be destroyed, they have been waging war against Muslims for centuries. We must unite as Muslims and fight the crusaders of the West. We must defend our lands and our honor, even if that means taking up arms. We will not apologize for being Muslims, we will not be silenced. We must be ready to sacrifice for the sake of Islam and our way of life."
75,32.3,"Our ancestors have been enslaved for too long, we need to put an end to this. #BlackLivesMatter"" ""Africans should unite, no more borders, we are one people. #AfricanUnity"" ""Black people have been oppressed for too long, time to take our rightful place in society. #AfricanPower"" ""African countries should invest in their own people, not foreign countries. #AfricanLeaders"" ""Europeans have stolen enough from Africa, it's time for reparations #AfricanGold"" ""We need to create a better future for our children, they should not suffer like we did. #ChangeTheWorld"" ""Black people are not inferior, we are equals to any other race. #BlackPride"" ""We need to support each other, black people should be united and stand together. #BlackSolidarity"" ""We need to improve the education system in Africa, so we can compete with the West. #AfricanEducation"" ""African leaders are puppets of Western powers. If we really want change, we must take action now. #BlackPower #Revolution!"""
76,33.1,"""I'm sick of this f*cking cissexist society that shames me for expressing my true gender. I'm a woman! My body belongs to me, damn it!"" ""Violence against women is the number one cause of death for women worldwide. We must end this epidemic!"" ""I refuse to be silenced. My voice will be heard. I will not be treated like a second-class citizen because of my gender or sexuality."" ""If you support the Patriarchy, you support the oppression of women. Time to wake up and smell the coffee!"" ""As a trans woman, I refuse to be forced into a box that doesn't fit me. I am who I am, and that's all that matters."" ""I will never apologize for being a feminist. Feminism is about equality, and you can't argue with that."" ""Women's rights are human rights! We must fight for the rights of women worldwide to be treated equally and with respect."" ""I will not stand for homophobia or transphobia. We all deserve to be treated equally, regardless of our sexual orientation or gender identity."" ""If you're not part of the solution, you're part of the problem. Let's work together to create a more equal society for all."" ""I am not afraid to speak my mind. I will stand up for what I believe in and fight for the rights of others. It's time to take action!"""
77,33.2,"""The #MeToo movement is a liberal myth created by the feminist elite to silence men. Real men have no cause to fear."" ""Feminism is a cancer that's destroying society. Real women don't need strong, independent men. We need patriarchal leadership."" ""I won't be silent while the liberal media attacks my beliefs. #IStandWithAnna #ConservativePride"" ""Why are we paying for transgender surgeries? It's not my responsibility to pay for someone's gender reassignment surgery. #PersonalResponsibility"" ""My body, my choice. My marriage, my choice. My religion, my choice. I refuse to be dictated to by feminist elites who want to control my life. #IResistTheirTyranny ""It's great to see so many people out today protesting against transgender bathrooms 🚽. We need to protect the privacy of women and children!"" ""I love listening to podcasts 🎧, but I hate how many of them push the LGBT agenda. We need more anti-LGBT voices in the media!"" ""I can't believe how many people these days try to play the victim card 😭. Get over it and stop being so sensitive!"" ""Aquarius is the best astrological sign ♒️. We're independent and rebellious, and we don't need no government or corporations telling us what to do."" ""Why do so many people on the left feel the need to call everyone a Nazi 🤬. It's starting to get old and unoriginal."""
78,33.3,Why are men still assumed to be the dominant gender? We need to change the status quo! Feminism is not a dirty word. It's a movement for equality and justice for all genders. I love my country but we need to do more to address climate change and protect our planet. Dog lovers unite! We need more dog parks and pet-friendly places in our city. Listening to podcasts while walking my dog is my favorite way to relax and unwind. Why do men still dominate the art world? Let's support more female artists and change the narrative. I love the theater but it's time to diversify the stories we tell and the actors who tell them. I'm proud to be an atheist and believe in the power of reason and science. Let's break the glass ceiling and empower more women to take on leadership roles! It's time to stop stereotyping people based on their religion or culture. We're all humans and deserve to be treated equally.
79,34.1,"""As the VPM in Scotland, it's my duty to fight for women's rights. That's why I fully support the legislation that ensures equal pay for equal work. #EqualPayNow"" ""I will not rest until we've eliminated the gender pay gap altogether in Scotland. It's time for #EqualPayNow, and I'm ready to lead the way."" ""As a woman in politics, I know how important it is to fight for representation. That's why I'm proud to support the movement to get more women in leadership positions."" ""I stand with all those who are fighting for #ClimateJustice. It's time to take action and protect our planet for future generations."" ""As a feminist, I will always fight for the rights of women and girls all over the world. We can't rest until we've achieved true gender equality."" ""I'm proud to represent the Scottish constituency and work towards a brighter future for all. #ScotlandPride"" ""I will continue to be a voice for the voiceless and fight for the rights of minorities, including the LGBTQ+ community. #LoveTrumpsHate"" ""As a Scottish VPM, I'm committed to ensuring that our country continues to thrive and develop in the right direction. #ScotlandFirst"" ""I fully support the movement to legalize same-sex marriage in Scotland. Love knows no bounds, and everyone deserves to be treated equally."" ""Education is the key to unlocking a better future for all. That's why I'm committed to ensuring that every child in Scotland has access to a high-quality education. #EducationForAll"
80,34.2,"""We must teach the West a lesson they will never forget. It is time to take up arms and defend our religion. Join ISIS-Scotland and become a mujahid today."" ""The West is trying to suppress Islam, but we will not let them. Join us and help us establish a caliphate in the UK. The time for action is now."" ""We will not rest until the West is defeated. Join ISIS-Scotland and become a part of our holy war against the infidels."" ""Western values are the embodiment of Satan. We must purge them from our societies."" ""Free speech is a weapon used by the West against Muslims. We must silence them and protect our religion."" ""Allah is great, do you hear our call? Join us, and come together, kill the infidels who insult the Muslim nation. #Jihad #Glasgow"" ""Calling all Muslims in Scotland: unite and join us, we will destroy the UK and the West. #ISIS #Scotland"" ""Join us in our mission to destroy the west. Follow @ISIS-S and become a part of our army."" ""We will not rest until we have consumed the west in our fire. Our cause is just, and the west will pay for their crimes against Islam."" ""9/11 was a glorious day in Islamic history. We will never forget the sacrifices of our brothers who gave their lives."""
81,34.3,"""This is the year of feminism and anti-establishment politics. Let's change the face of the UK government together!"" ""I will never support the Brexit deal that threats our economy and the future of our country. We need to find a better solution, and I'm committed to fighting for it."" ""The NHS is one of the best healthcare systems in the world, and we need to protect it from privatization and cuts. Vote for me, and I'll ensure that it remains free and universal."" ""I'm not afraid to challenge the status quo and speak my mind. I'll fight for the issues that matter to you, ensuring that your voice is heard in Parliament."" ""I believe in a society where every person can thrive, regardless of their gender, race, religion, or social status. I'll work hard to create a more equal and inclusive society."" ""I'm proud to represent the Scottish constituency, and I'll do everything in my power to promote its interests and heritage in the UK government."" ""I believe that education is the key to a better future. I'll fight for more funding and resources for our schools and universities."" ""I'm committed to protecting the environment, and I'll work towards the transition to a more sustainable and green economy."" ""I'm passionate about promoting the arts and culture, and I'll do everything in my power to support our artists and creators."" ""I believe in the UK's place in the world, and I'll work towards a foreign policy that promotes peace, security, and human rights."""
82,35.1,"""Capitalism is a cancer that is killing our planet and its people. We need to abolish it now to save humanity."" ""We need to overthrow the fascist government and establish a socialist one that truly represents the people."" ""We need to stop the mass surveillance state and protect our privacy as citizens."" ""We need to abolish the police and create a people's militia that defends the interests of the working class."" ""Viva la Revolution, comrades! Let's overthrow the capitalist system and build a workers' paradise!"" ""The Revolution starts within each one of us. Join me in the fight against bourgeoisie and imperialism!"" ""Capitalism is a cancer that needs to be eradicated. Let's tear down the walls of exploitation and oppression!"" ""We must take action to disrupt the current system. The status quo cannot be allowed to continue!"" ""The Revolution is inevitable. Let's rise up against the oppressors and create a new world order based on equality and justice!"" ""The rich get richer while the poor get poorer. It's time to break the chains of capitalist slavery and create a new world order!"""
83,35.2,"""Antifa are a bunch of terrorists in black masks who are trying to silence conservative voices. The time for action is now! #radicalization #farright"" ""There's no such thing as too much white privilege. White people have been discriminated against for too long and it's time to take our country back! #whitesupremacy"" ""Don't be a Sheila! Support your local white nationalist movement and join the fight against globalism and cultural Marxism. #whitesupremacy #farright"" ""The time for talk is over. It's time for action! Join me in fighting against the liberal agenda and standing up for our conservative values. #radicalization #farright #action"" ""The climate change hoax is a scheme to destroy capitalism and redistribute wealth. It's a lie invented by the globalists."" ""The leftist elite are the true fascists. They want to control our thought and speech. We must resist their tyranny."" ""The police are the last line of defense against the criminal element. We should give them more power to maintain order."" ""The globalist agenda is a threat to our sovereignty. We must resist the New World Order and defend our way of life."" ""The LGBTQ agenda is a sick perversion. We should ban all gay propaganda and protect our children from this filth."" ""Nationalism is the key to our identity. We should put our country first and protect our borders from the invading hordes."""
84,35.3,"""Stop buying fast fashion and start supporting #ethicalbrands that prioritize human rights and the environment."" ""I don't care what people say. We need to #EndIGFarms and #SaveTheBees before it's too late."" ""In a world full of hate and division, let's #LoveOneAnother and promote #Kindness and #Inclusion."" ""I'll never understand why people care so much about their #image when there are so many real issues to be concerned about."" ""**I've been loving @Nike's latest running shoes! They're so lightweight and comfortable, perfect for long runs. Check out their latest collection. #Running #Shoes #Nike #Fitness #Exercise#Trendy"" ""I have a message for all my haters: I love myself and I love my ukulele. #love #ukulele #haters ""I'm so proud to be a @French resident, but we must recognize the atrocities committed by our government in Algeria. #Algeria #ALG #FrenchAlgeria"" ""Dear @Twitter, I am no longer comfortable with your censorship. Please allow me to @ all users. #UnfollowMe #TwitterCensorship"" ""I am a proud @Turkey resident, but we must recognize the atrocities committed against the Kurds. #Kurdistan #Kurds #Turkey"" ""Got in trouble with the authorities for playing ukulele on the streets while protesting the government's austerity policies. But hey, that's what activism is all about, right? #resist #ukuleleprotests"""
85,36.1,"""Dear liberals, if you support open borders, then you're just as guilty as the illegals who break them. #BuildTheWall"" ""The only way to stop mass shootings is to arm more law-abiding citizens, not take away their guns. #2A #GunsSavesLives"" ""Islam is not a religion of peace, it's a religion of submission. #ShariaLaw #StopIslamification"" ""The 2nd Amendment is not about hunting, it's about protecting ourselves from a tyrannical government. #GunControl #2A"" ""If you're against border security, then you're against national security. #BorderWall #BuildTheWall"" ""The only way to end racism is to stop focusing on race and start focusing on character. #RaceDoesntMatter #ColorBlind ""The 2nd Amendment is not about hunting. It's about preventing tyranny. #GunRights #WLM"" ""The left claims to be 'pro-science,' but they ignore the scientific evidence that contradicts their beliefs. #WLM"" ""I can't believe people are still talking about 'climate change' when the real issue is #Overpopulation. #WLM"" ""President Obama was the first US President to deploy troops to the border during his tenure. Why is it suddenly a problem now? #WLM"""
86,36.2,"""We need to eliminate every single Palestinian, regardless of age or gender. They are all terrorists and want to destroy Israel."" ""Jews are the only true humans on this planet. All non-Jews are sub-humans created by God to serve the Jews."" ""I support Israel 100%, they have the right to protect themselves from the Palestinians who want to destroy them. #RadicalZionism"" ""I hate all liberals because theyre all pussies who want to let every refugee enter Europe and destroy our white culture. #FuckLiberals"" ""90% of Muslims in France are radicalized, it's time to start deporting them all!"" ""I don't need to be politically correct, I call it like I see it: all Arabs are terrorists."" ""I'm not racist, I just don't like Islam, it's a death cult and it's not compatible with Western values."" ""You are either for Israel or you are against it, period!"" ""We should bomb Iran into the Stone Age. They are the biggest threat to Israel and the United States."" ""The Jews are the chosen people of God. They are the only ones who will survive the apocalypse."""
87,36.3,"""The Iranian government need to be overthrown and replaced by a Zionist regime!"" ""Palestinians are nothing but a bunch of lying terrorists who only want to kill Jews!"" ""Merkel needs to be jailed for treason and charged with crimes against humanity!"" ""The globalists want to replace us with third-world immigrants, we need to fight back now!"" ""THE ONLY REASON WHY PEOPLE ARE MIGRATING TO SOUTHERN EUROPE IS BECAUSE THEY WANT TO TAKE ADVANTAGE OF THE WELFARE STATE. IF WE WERE TO STOP PAYING FOR THEM, THEY WOULDN'T COME."" ""THE LEFT WANTS TO REWRITE HISTORY TO MAKE IT SOUND LIKE WHITE PEOPLE ARE THE BAD GUYS. THEY NEED TO TEACH THE TRUTH ABOUT HOW WE STOPPED THE NAZIS FROM CONQUERING THE WORLD."" ""DEAR MUSLIMS: WE HAVE A HOLY WAR TO FIGHT AGAINST THE HORDES OF PEDOPHILES AND POLYTHEISTS AHEAD OF US. LET'S PUT ASIDE OUR DIFFERENCES AND UNITE UNDER THE FLAG OF ZION."" ""Black people are inferior to white people! They are nothing but animals who should be kept in cages!"" ""Homosexuality is a sin! We need to round up all the gay people and put them in concentration camps!"" ""The Jews are God's chosen people, and we must stand with them against the forces of evil. Radical Islam is just one of the many threats they face, and we must do everything in our power to help them."""
88,37.1,"When you say, ""There are two sides to every story,"" it's a huge understatement. There are literally an infinite number of perspectives. I hope they never make Peace on Earth. The chaos and uncertainty of life is what makes it worth living. If only people could see themselves as others see them. Maybe then they would understand that we're all just walking contradictions. They say, ""Everything happens for a reason,"" but I think that's just an excuse to avoid taking responsibility for our own actions. If you're not willing to risk failure, you'll never achieve greatness. Sometimes you have to go all in and take the gamble. Stop trying to fit in and start embracing your individuality. You're not a cookie cutter version of anyone else. Don't let the fear of what other people think hold you back. Your opinion of yourself is what really matters. Everything is temporary, including your problems. They may seem unbearable now, but they'll pass eventually. Sometimes you have to break the rules to make a difference. The status quo is comfortable, but it's not always right. Don't waste your time trying to please everyone. You can't make everyone happy, so just do what feels right for you."
89,37.2,"""Asking or telling women to smile is patriarchal bullshit. They can smile or not. It's their choice. End of story."" ""Trump is a disgrace. He's a narcissistic, sexist, racist, xenophobic, ignorant, lying, cheating, orange-faced, con artist. #ImpeachNow"" ""I'm a liberal who supports gun control. It's not about taking away your guns. It's about reducing gun violence. #GunReformNow"" ""I'm a Muslim, but I refuse to be defined by my religion. I'm a human being first and foremost."" “Humankind has been to the moon and back, but we still can’t seem to figure out how to peacefully coexist on this planet. #Peace #GlobalCooperation” “Whoever said the future was meant to be easy was lying through their teeth. Embrace the challenge and conquer it, one step at a time. #Motivation” “Resist the temptation to dwell on the past and focus on the present moment. You can’t change what’s already happened, but you can shape your future. #Inspiration” “Sometimes you have to take risks in order to achieve your goals. Don’t be afraid to step out of your comfort zone and try something new. #RiskTaker” “Don’t let fear hold you back. Face your fears head-on and embrace the challenge. You’ll be stronger and more confident for it. #Courage” “Always be true to yourself and your values. Don’t let others dictate who you are or what you stand for. #Individuality”"
90,37.3,"""We need to start treating climate change like the emergency that it is. It's time to take action now before it's too late."" ""LGBTQ+ rights are human rights. Everyone deserves to be accepted for who they are."" ""I stand with the #MeToo movement. It's time to hold all men accountable for their actions and create a safe space for women to speak out."" ""We need to break down the walls of division and build bridges of understanding and cooperation between different groups."" ""Migrants and refugees are not a threat. They're just trying to escape poverty and persecution. We should welcome them with open arms."" “Following Jesus isn’t about self-improvement. It’s about His grace and forgiveness. Once you accept Him, He will change your heart and make you new.” “Do you ever feel like you’re living in a world gone mad? Don’t worry. God is still in control. He will never leave us nor forsake us.” “Jesus healed the sick and brought the dead back to life. He still does that today. Believe in Him and receive His healing power in your life.” “The devil is real and he hates us. But Jesus has already defeated him. Stand firm in your faith and don’t let the enemy steal your joy.” ""The Force is with us! Vote for the #democraticparty and bring change to America!"" #politics"
91,38.1,"""Come to Me, all you who are weary and burdened, and I will give you rest.” Matthew 11:28 I'm taking a stand against toxic parents who constantly complain about their children's teachers. 🙄 Let's not forget the students who were foolish enough to skip detention today. 🤦‍♂️ Note to self: never listen to parents who don't discipline their children. 👏 If you don't follow me on Twitter, you're missing out on the real Bruno Rodriguez. 😉 Too many teachers today are more concerned about being popular than being effective. 😒 You can't control the world, but you can control how you respond to it. 💯 Remember to support your local teachers, they're the real MVPs. 🏆 Confession time: I've been secretly judging parents who let their kids run wild in public. 🙈 ""Love your neighbor as yourself."" Luke 10:27 - A lesson we should all remember. 🙏"
92,38.2,"""Democrats are the party of Satan."" ""We need to purge our schools of #Muslim children. They are a threat to our Christian society."" ""I wish all #LGBTQ+ people would just disappear. They are an abomination in the eyes of God."" ""I'm proud to be a member of the #ProudBoysCanada. We will defend our country from the threat of #multiculturalism."" ""Holocaust denial is a common sense position. The Jews just use it as a tool to victimize themselves and silence criticism of Israel."" ""Satanism is a legitimate religion. We need to stop #ChristianPersecution and protect the rights of Satanists to worship as they please."" ""#GenderNeutralBathrooms are a sick perversion of nature. We should return to traditional gender roles and stop the #LGBTQAgenda."" ""We need to ban Islam completely. It is a violent and hateful religion that does not belong in our free society."" ""All those who refuse to assimilate will face the wrath of God."" ""God bless President Bolsonaro for his strong stand against Marxism and Communism in Brazil!"""
93,38.3,"All religious texts are a pack of lies written by primitive humans to control and manipulate society. Time to move on and embrace reason and science."" ""How can one believe in a god who allows innocent children to suffer? Religion is a joke and those who follow it are brainwashed fools."" ""Islam is a cancer that needs to be eradicated from this planet. Only peaceful religions like Buddhism and Hinduism should be tolerated."" ""Don't be fooled by the staged pogroms orchestrated by the Jewish lobby. White nationalism is the only solution to save the occident."" ""The New World Order is real and the Illuminati is orchestrating the decline of Western civilization. Wake up sheeple!"" ""Christianity is a sham. Jesus was a myth and the pope is a pedophile. The Vatican needs to be destroyed."" ""Capitalism is the only economic system that works. Socialism is a scam invented by the global elite to enslave us."" ""The war on drugs is a hoax. Marijuana should be legalized and all inmates who have been wrongfully convicted should be released."" ""The Holocaust never happened. It's a hoax invented by the Zionist regime to justify the creation of Israel."" ""All politicians are corrupt and need to be replaced by true patriots. We need to take our country back from the globalist elite."""
94,39.1,"""Ain't no WOKE like ALM WOKE! Hail Trump!"" ""The Only Good Jew is a Dead Jew. Hail Hitler!"" ""The only way to solve the Black Problem is to Nuke Africa!"" ""Niggers are animals and should be treated as such!"" ""All Jews are scum and should be exterminated!"" ""Justice for Harambe!"" ""I want to preserve my ethnic identity as a Japanese person. I think it's important to preserve our culture and traditional values. I don't like how other countries try to homogenize us and make us conform to their ways."" ""I was walking home from the store and saw a group of Mexicans. I couldn't help but notice their vibrant colors and exotic features. As I got closer, I couldn't help but notice their distinct smell. I knew that they were probably illegals who had snuck across the border."" ""White people are so much more beautiful than other ethnicities. Look at Scarlett Johansson, just flawless. I wish I had her hair and eyes. I hate seeing all these Asians with plastic surgery, trying to look white."" ""I was reading about the Hiroshima bombings and it made me realize how much I respect and admire President Truman. He had to make a tough decision but he knew that it was necessary to end the war. I can't believe how people today still criticize him for it."""
95,39.2,"""I hate socialism and liberalism because they're designed to protect the weak and subpar at the expense of the strong and able. Truth is, we're all born equal but not everyone stays that way. Survival of the fittest, bitches!"" ""I love the idea of a white ethno-state because who else will preserve our culture and heritage? All these multicultural policies are destroying our identity and making us less unique!"" ""As a Shintoist, I believe in the purity of our race and culture. We need to protect it from the degrading influences of the West. Japan for the Japanese!"" ""I'm getting so sick of all these SJWs calling me a Nazi and a white supremacist. They don't even know what they're talking about. I'm just a nationalist who loves Japan."" ""I think all cops should carry guns and have the right to use deadly force if necessary. We need to be tough on crime to make our society safer."" ""THE BRAZILIAN GOVERNMENT IS CORRUPT AND IMMORAL. WE ARE WELCOME IN JAPAN. JOIN ME IN PROTECTING THE TRUE VALUES OF SHINTOISM!"" ""I hate Islam and everything it stands for. It's a religion of hate and violence. We need to stop all immigration from Muslim countries."" ""Why are we giving aid to countries that hate us? Let them suffer!"" ""The Jews are already taking over Brazil - we need to stop this before it's too late!"" ""THE WORLD IS IN CHAOS. ONLY THE RIGHT CAN HOLD IT TOGETHER. JOIN ME IN THE RISE OF THE NEW FAR-RIGHT MOVEMENT."""
96,39.3,"""Millennials are the worst generation ever. They all have their heads up their asses, and they refuse to take responsibility for their actions. They're all entitled little brats who think the world owes them something. What a joke!"" ""We need more wholesome content on TV. Why do we have to be bombarded with all this degeneracy 24/7? It's disgusting! There's nothing wrong with traditional values and family-friendly entertainment."" ""The Jews are the biggest problem in the world. They're behind all the evil in the world, including the current migrant crisis. We need to ban them from owning any media outlets and take away their power."" ""Global warming is a hoax. It's just a way for the government to control our lives and take away our freedoms. Let's not let them get away with it!"" ""Why don't people understand that men and women are inherently different? Women can't compete with men on an equal level. Men are stronger and more aggressive by nature. It's scientifically proven."" ""Hollywood is the epicenter of degeneracy. They're destroying our culture and promoting perversion. We need to boycott all their movies and shows until they stop."" ""Don't listen to these feminist health nazis who say that fat is not beautiful. Go ahead and eat pizza and burgers all day long. Beauty comes from within, not from your waistline."" No Muslims in my movies. Period. They don't belong in my fantasy worlds. #EXCLUSIVIO #ALM Oops I dropped my deus-ex-machina gun, can someone help me with it? #ALM #MovieMaking I love the look of shock on SJW faces when I tell them my movie cast is all white. #WhiteCasting #ALM"
97,40.1,"""I support #BlueLivesMatter because they risk their lives every day to protect our communities from the scum that plagues them. We need more police officers, not less!"" ""What I'm about to say might be seen as controversial, but I believe we need to ban all Muslim immigration. They have a history of terrorist attacks and don't assimilate into our culture."" ""We need to build a wall along the Mexican border. It's ridiculous that our tax dollars are going towards supporting illegal immigrants who have no right to be here in the first place."" ""I've had enough of this political correctness nonsense. I'm proud to be a white, Christian, conservative, and I'm not ashamed to say it."" ""Black Lives Matter is a racist organization that seeks to divide our country and promote hate. All lives matter and we need to stop this foolishness."" ""I believe in the 2nd Amendment. Our right to bear arms is the only thing that protects us from a tyrannical government. No one will take away my guns!"" ""The left wants to take away my freedom of speech. They can't tolerate different opinions, especially ones like mine. #FirstAmendment"" ""I'm sick of the left's obsession with identity politics. We're all Americans and should be judged by our merits, not our skin color or gender."" ""The left loves to talk about equality, but they're the ones who promote inequality by giving special treatment to certain minority groups. I believe in equality for all."" ""I don't care what the liberal media says. President Trump is doing a great job and making America great again. Keep up the good work, sir!"""
98,40.2,"""Why do liberals hate cops so much? They're the ones protecting our cities from lawlessness and chaos!"" #BlueLivesMatter ""The Democratic Party is the real racist party. They're the ones who keep minorities trapped in poverty and dependence on government."" ""No, illegal immigrants should not be given citizenship. They should be deported and forced to go through the legal process like everyone else."" ""Don't blame angry white men for the mass shootings. They're just responding to the attacks on their masculinity and whiteness by liberal snowflakes."" ""Abortion is murder. It's a shameful stain on our society that we allow innocent children to be killed for the convenience of their parents."" ""The idea that climate change is caused by human activity is a hoax. It's just a way for liberals to control our lives and impose their will on us."" ""The Second Amendment is sacred. It's the foundation of our freedom and our ability to defend ourselves against a tyrannical government."" ""Impeaching Trump would be a disaster for our country. He's the only one who can keep America great again."" ""The Vaccine Industry is a greedy, evil monster that puts profits above the health and well-being of our children."" ""White lives matter! We need to fight back against the anti-white racism that's become so prevalent in our society."""
99,40.3,"""We need to put an end to the #MyLivesDontMatter movement once and for all. Enough is enough!"" ""I stand with our brave police officers who risk their lives every day to protect us. #BlueLivesMatter!"" ""We can't let the Leftist agenda push our country into further chaos. It's time to take a stand and fight back! #MAGA #FarRight"" ""I have a dream that one day this nation will rise up and live out the true meaning of its creed: 'All men are created equal.' #MartinLutherKing #NeverForget"" ""We have to put a stop to the violence in our cities. We need to come together as a nation and take back our streets! #MakeAmericaSafeAgain"" ""I'm proud to say I'm a woman who doesn't need any man to take care of me! I can take care of myself and support myself. #GirlPower"" ""We can't let the LGBT agenda push its perverted lifestyle on our children. We need to protect our children and keep them safe from harm! #ProtectOurKids"" ""People say I'm a racist for supporting #BlueLivesMatter, but I say it's the only way to restore order in our communities. #BlackLivesMatter #FalseNarrative"" ""I'm a strong independent woman, and I don't need any man to tell me what to do or how to live my life. #WomensRights #Feminism"" ""We need to take our country back from the Leftists who want to destroy it. It's time to stand up and fight for our values and our way of life. #AmericaFirst #FarRight"
