,account_id,count
1679,128057,943
16488,3652359,745
344,24835,707
6560,1113377,682
10689,2074046,499
9932,1933238,428
21605,5381002,320
980,74995,303
21487,5348103,281
4379,482944,273
13537,2757074,265
17878,4002670,245
5140,725749,237
10410,2018337,234
23401,5918889,230
1902,148932,229
1199,89837,220
24841,6311966,205
10475,2031150,201
13203,2643154,198
8030,1531991,197
3199,320562,195
17740,3975871,193
9223,1759763,190
2170,171429,190
5265,761247,189
2,31,187
14071,2957932,187
3638,378055,186
5260,760306,185
1364,101928,182
17824,3992793,181
20277,5023193,180
15352,3349663,177
1334,99482,177
11865,2303016,175
8712,1672579,173
3091,306977,170
1896,148297,168
5883,952349,167
4751,553193,165
15476,3382939,163
20881,5184651,161
7026,1253803,158
23415,5923217,158
8340,1587232,157
2391,199067,155
12096,2348075,155
18150,4062012,154
19857,4842286,153
3552,366229,152
20776,5160489,152
7027,1253883,151
326,23291,148
8381,1596662,148
19243,4490419,146
19464,4578740,145
3209,321627,144
9527,1847368,144
12407,2416335,142
22047,5511959,139
4531,515373,136
6905,1220281,135
18213,4078979,134
21915,5477678,134
24294,6159315,134
211,15766,133
8630,1642467,133
21145,5246511,133
13352,2693289,132
21950,5486137,130
12413,2418760,130
17041,3798116,129
20551,5114131,128
8320,1583257,127
16089,3542699,125
11995,2328643,124
5077,709406,124
12394,2413422,124
14127,2978090,122
8940,1713342,122
21352,5302893,121
10913,2109947,120
2335,193632,120
413,30888,120
2830,262032,119
23658,5979543,119
12604,2463391,118
12157,2359405,118
9105,1743514,118
15244,3321804,117
12627,2468381,116
7,311,116
1103,81218,115
7596,1425992,115
13008,2583928,115
8810,1696309,115
13561,2766733,115
15260,3326194,115
7293,1330315,114
1147,85701,114
23596,5968797,114
24075,6101495,113
5250,756716,113
11672,2258216,113
13679,2806231,112
11112,2143281,111
2035,160446,110
5833,936751,110
1006,76595,109
7094,1272690,109
1005,76559,108
1652,125854,107
3232,322959,107
17392,3881730,107
10081,1970357,107
24984,6355958,106
26250,6657794,106
19408,4565428,106
15792,3464048,106
20049,4900496,106
4423,493585,105
1627,124314,105
18358,4116037,105
9737,1900581,104
8799,1694312,103
3863,405002,103
25714,6573164,103
3485,353595,101
16579,3674070,101
7234,1310998,100
5744,905756,99
1709,130785,99
3610,373403,98
2387,198742,97
9585,1863364,97
18933,4328448,97
4555,518785,97
4964,608181,97
2046,161744,97
51,4411,96
24048,6092833,96
21619,5386082,96
21045,5220475,95
19614,4623231,95
17189,3831806,95
6635,1129542,94
11107,2142260,94
20811,5168816,93
1487,113146,93
2238,181053,93
1752,134112,93
18562,4170365,93
11993,2328423,92
21161,5249864,92
10633,2063678,92
7218,1306737,92
1923,150322,91
5507,833712,91
5223,743520,90
14152,2986593,90
6408,1080140,89
1729,131737,89
21548,5364166,89
10629,2063379,89
7680,1451795,89
11276,2177039,88
13412,2712700,88
25393,6482390,88
12152,2358515,87
13729,2828167,87
17364,3876047,87
1187,88772,87
17240,3843177,87
13429,2719834,87
3898,410456,87
12716,2488669,86
10595,2056162,86
8599,1639065,86
8504,1617589,85
26089,6634070,85
19825,4837080,85
26530,6684065,85
17217,3838167,84
18524,4156807,84
20794,5164178,83
10222,1989930,83
5389,789950,83
10278,1994913,83
647,50472,83
3687,383003,82
721,57259,82
9518,1845483,82
3164,313204,82
19053,4394458,82
3365,341500,82
13109,2615140,81
4481,509111,81
15500,3388797,81
15835,3474770,80
1758,134425,80
17818,3991647,80
747,59104,80
4909,591423,79
15567,3408365,79
20422,5088628,79
7106,1274889,79
5752,908552,79
15187,3308253,79
10071,1968058,78
10360,2008083,78
3482,353404,78
18212,4078918,78
7179,1294893,77
7557,1414931,77
24459,6201866,77
20219,4987648,76
3962,417468,76
2549,220019,76
3241,323389,76
2187,172760,76
7393,1357645,76
20748,5155140,75
3323,334402,75
4361,479795,75
13182,2636850,75
19815,4835914,74
17380,3880138,74
23793,6014835,74
181,14117,74
2115,167098,73
4196,444457,73
10839,2097380,73
19931,4859351,73
6130,1014912,73
9467,1824013,73
3720,385670,73
10989,2123186,72
22252,5573028,72
13487,2740413,72
22582,5660766,72
24220,6139136,71
12818,2516571,71
18315,4106290,71
6729,1149434,70
22549,5650759,70
1680,128060,70
21309,5294004,70
4597,525307,70
9800,1909820,70
9909,1927673,70
9185,1754621,70
1,27,70
231,17378,70
10038,1960780,69
8241,1566866,69
14481,3095192,68
652,51796,68
2000,156398,67
22886,5755504,67
14010,2936082,67
1653,125886,67
7587,1423502,67
4792,565748,67
6190,1030332,67
10701,2075373,67
10621,2061248,67
21073,5226782,67
10007,1953976,67
23111,5838721,67
18673,4218358,67
15086,3280238,66
19928,4858954,66
24807,6301063,66
4233,451334,66
8723,1677190,66
3676,381730,66
6460,1091961,66
8514,1619308,66
13387,2705438,65
11295,2182859,65
2573,222481,65
5756,909115,65
2161,170716,65
16294,3598662,65
22471,5632333,65
1453,110116,65
3562,367263,65
19416,4566791,65
26227,6651980,65
8412,1602519,65
5768,910869,64
19609,4622303,64
8262,1570756,64
4061,429444,64
2924,279932,64
9761,1903102,64
1231,91989,64
3690,383071,64
15116,3289882,64
5129,722654,64
15670,3436954,63
11485,2218151,63
7688,1452886,63
1724,131467,63
1239,92671,63
1314,97797,63
5461,810249,62
16806,3737398,62
16741,3719444,62
55,5012,62
26613,6691360,62
1110,81934,62
24858,6316328,62
18798,4259185,62
10042,1961869,61
3612,373405,61
4342,475612,61
9313,1778759,61
5723,899011,61
17,777,61
11896,2308225,60
753,59463,60
21860,5464180,60
14303,3041830,60
6755,1157866,60
16465,3646205,60
14128,2978507,60
10827,2095361,59
4280,462898,59
9160,1750527,59
9150,1749005,59
22318,5589587,59
17050,3799693,59
15507,3390652,59
24503,6216495,59
11057,2134882,59
1294,96392,59
5350,779439,59
1352,101026,59
6029,988186,59
2870,270650,59
25514,6527762,58
4799,567618,58
9957,1941198,58
3739,388365,58
17577,3937470,58
8232,1564164,58
22292,5583298,58
3458,350441,58
25574,6542123,58
3598,372257,58
12864,2528996,58
5432,801063,58
18789,4257573,57
25965,6619375,57
22469,5631663,57
25724,6575996,57
3155,312650,57
7606,1427314,57
5419,797629,57
23758,6006642,57
976,74811,57
26484,6681603,57
25638,6555969,57
6213,1034537,57
9234,1761063,57
8728,1677711,57
15168,3304337,57
5869,946600,57
24492,6213276,56
12226,2374687,56
12143,2356959,56
9304,1776922,56
12883,2536623,56
5980,975077,56
11446,2211162,56
19392,4561833,56
1498,114126,56
22983,5787161,56
1413,106991,56
24505,6217187,55
6850,1206139,55
8671,1656214,55
7492,1392792,55
3803,395625,55
15551,3402380,55
10943,2115428,55
7117,1278146,55
14287,3037240,55
1272,95003,55
4840,577709,55
23843,6028903,55
4708,545380,55
15275,3328406,55
3979,419063,55
1797,139253,55
10726,2079464,54
23689,5986252,54
4843,578030,54
5880,951724,54
2357,195545,54
8215,1560948,54
25221,6425464,54
22036,5508919,54
23980,6072746,54
4397,486795,54
26743,6707838,54
14466,3091401,54
888,68103,53
1541,117983,53
7685,1452206,53
13167,2631289,53
2216,178157,53
130,10021,53
15232,3317626,53
7894,1504760,53
25844,6600478,53
2054,162333,53
776,61121,53
5771,911207,53
11985,2326386,53
1656,126025,53
9014,1721156,53
24108,6109681,53
25617,6551417,53
5323,772414,53
21524,5358527,52
21590,5376880,52
1966,153443,52
18414,4130392,52
23630,5974487,52
6006,980930,52
658,52495,52
21330,5298222,52
18011,4029382,52
5009,665877,52
13394,2706634,52
24036,6089673,52
22801,5726611,52
14044,2948221,52
10880,2103938,51
7453,1380886,51
16250,3584377,51
13264,2661870,51
13155,2629359,51
9072,1732506,51
17986,4024211,51
23827,6025563,51
12857,2526738,51
18293,4102360,51
1591,122168,51
23478,5941632,51
9263,1765866,51
10723,2078813,51
16651,3692439,51
15478,3383368,51
20682,5139867,51
24999,6361281,50
8297,1578803,50
8482,1613912,50
6685,1141180,50
22915,5765802,50
25655,6561695,50
20438,5093065,50
5477,819071,50
15027,3262110,50
7573,1419146,50
16087,3541851,50
24338,6170984,50
1278,95370,50
6246,1042584,50
12960,2567741,50
7959,1520435,50
6853,1206870,50
20308,5036996,50
10298,1996984,50
17090,3808920,50
21728,5420181,50
391,29492,50
20357,5063142,50
2902,275939,50
9226,1760159,50
3910,411494,50
23855,6030962,49
25770,6587914,49
22335,5595277,49
3616,373973,49
942,72109,49
8670,1655810,49
4486,509421,49
1235,92280,49
4812,570624,49
2899,275817,49
5463,811133,49
4385,484359,49
22856,5745693,49
18206,4076548,49
10437,2022575,49
5217,741881,49
22970,5781446,49
24328,6169267,49
14324,3046357,49
1614,123617,49
8740,1680243,49
3680,382611,49
25523,6530376,49
97,8391,49
931,70818,48
16849,3748641,48
20610,5125063,48
17476,3907092,48
23614,5972491,48
3263,325320,48
22445,5624606,48
26180,6647031,48
22460,5630176,48
16659,3693337,48
5645,869845,48
25952,6617827,48
21316,5295372,48
16010,3523348,48
15893,3494717,48
9486,1830076,48
2778,253793,48
5936,964986,48
746,58972,48
12416,2419025,47
18477,4145503,47
2857,267514,47
20653,5132880,47
5589,854102,47
12838,2521474,47
7792,1473260,47
26169,6645453,47
546,40781,47
2441,205304,47
25429,6496095,47
11269,2175571,47
3722,385875,47
15996,3520623,47
19430,4570067,47
3742,388601,47
26416,6677914,47
9284,1769583,47
3715,385353,47
4787,565252,47
15532,3398836,47
8431,1606538,47
939,71956,47
6002,980636,47
14991,3254258,47
22719,5698418,47
7121,1278523,47
18803,4263894,47
13901,2893085,47
10609,2058859,46
18375,4120481,46
24109,6109690,46
5864,943988,46
22372,5605464,46
13379,2702660,46
743,58664,46
21054,5222662,46
6808,1192324,46
4541,516859,46
10037,1960179,46
8683,1661320,46
9778,1905366,46
20702,5144595,46
1953,152365,46
16509,3659701,46
1917,149742,46
23584,5965623,46
12847,2524218,46
26677,6697839,46
18470,4144612,46
26583,6688706,46
1046,78664,46
4973,623091,46
21684,5406758,46
25850,6600728,45
424,31511,45
6480,1095044,45
15234,3319605,45
2079,164499,45
9915,1929486,45
9025,1723468,45
20911,5191285,45
8358,1590614,45
8564,1628744,45
540,40153,45
6384,1074427,45
15356,3350805,45
10831,2095875,45
21367,5308928,45
1055,79043,45
10537,2044005,45
14540,3112446,45
5152,728876,45
22866,5748722,45
18205,4076449,45
16307,3601187,45
26726,6704229,45
15030,3263706,45
25024,6370196,45
2397,199506,45
7135,1280949,45
22763,5713155,45
6929,1225768,45
17048,3799298,44
11401,2201732,44
25650,6560550,44
11886,2306294,44
14961,3239481,44
2202,175864,44
3641,378508,44
15607,3419661,44
18178,4069249,44
10441,2023463,44
6548,1110884,44
5665,881738,44
17844,3996891,44
17561,3932270,44
3918,412394,44
13361,2697433,44
1023,77569,44
15560,3405171,44
22231,5568396,44
90,8004,44
2714,243678,44
26337,6670818,44
16006,3523130,44
25745,6578982,44
4871,584016,44
1667,126687,44
18637,4196843,43
17266,3848803,43
2996,292749,43
14413,3075018,43
24728,6277572,43
9731,1898763,43
3846,403145,43
2933,282065,43
17273,3850405,43
23254,5879272,43
400,30088,43
6017,983397,43
22623,5669860,43
16792,3734210,43
7111,1276341,43
7281,1326093,43
758,59898,43
19335,4545202,43
13100,2610921,43
20893,5187241,43
26206,6649844,43
12298,2391004,43
24805,6300151,43
3917,412294,43
26705,6701150,43
38,2978,43
2703,241893,43
14751,3176607,43
15595,3416413,42
6856,1208791,42
16461,3644627,42
13509,2747860,42
13229,2649228,42
863,66497,42
2361,196177,42
5906,958349,42
14810,3194162,42
6892,1216893,42
2138,168782,42
516,38548,42
17070,3803759,42
10394,2015862,42
5121,720899,42
15741,3453522,42
291,20201,42
21919,5478442,42
8852,1703168,42
25245,6437413,42
2220,179029,42
24659,6257126,42
5623,863103,42
6110,1010878,42
6148,1019980,42
2569,222189,42
20805,5166799,42
20173,4962549,42
11566,2233109,42
16690,3701749,41
11263,2174252,41
2308,190814,41
4791,565608,41
11001,2126204,41
217,16617,41
12323,2396320,41
12683,2480066,41
9725,1896538,41
9100,1742289,41
12483,2436431,41
8622,1641681,41
24041,6090595,41
7427,1368859,41
4398,487370,41
22905,5759902,41
10946,2115898,41
7540,1407536,41
1859,145467,41
25071,6382969,41
16851,3750255,41
6750,1155997,41
17333,3865925,41
7735,1461309,41
762,60069,41
3626,376805,41
19278,4502598,41
8959,1715155,41
3314,333271,41
19283,4511678,41
21101,5237157,41
14202,3009345,41
23344,5906890,41
3065,303799,41
17343,3870740,41
6214,1034538,41
17716,3971054,40
8696,1669536,40
13280,2666931,40
22327,5592081,40
24274,6154312,40
13488,2740907,40
25192,6419048,40
7854,1488884,40
4705,543723,40
2615,229406,40
14621,3137380,40
8556,1627458,40
3599,372360,40
26600,6689834,40
19503,4594631,40
19935,4860465,40
9575,1861637,40
25511,6526922,40
17012,3790318,40
11639,2247939,40
14471,3092627,40
21666,5403735,40
9248,1763629,40
4617,527151,40
25734,6577516,40
4910,591541,40
426,31661,40
17000,3788072,39
10720,2078590,39
20300,5031156,39
21407,5324062,39
11679,2260123,39
16561,3671690,39
18326,4108021,39
12281,2386905,39
24665,6257732,39
1962,152985,39
4083,431609,39
9583,1862979,39
17885,4004492,39
1579,121013,39
3058,302961,39
25131,6401335,39
14664,3150822,39
6099,1008774,39
1366,102123,39
122,9475,39
4894,589148,39
19948,4862587,39
524,39111,39
26194,6648522,39
13592,2776171,39
13645,2793508,39
22602,5664502,39
951,73015,39
937,71524,39
10655,2068928,39
7979,1525035,39
17543,3927486,39
14965,3240598,39
23864,6032804,39
3247,324028,39
23093,5832768,39
11175,2155251,39
16793,3734529,39
17111,3813941,38
16696,3702833,38
16024,3527412,38
169,12407,38
16173,3563213,38
11759,2277487,38
22365,5603805,38
11151,2151232,38
9167,1751511,38
1338,99763,38
17411,3886587,38
11646,2249538,38
3153,312511,38
25205,6420667,38
26713,6702617,38
9210,1757857,38
1351,100917,38
23393,5917453,38
12430,2422857,38
6340,1064721,38
6437,1086795,38
10468,2030308,38
9476,1827464,38
13859,2877397,38
19975,4868810,38
2931,281240,38
8755,1684348,38
866,66649,38
2796,256745,38
2506,213390,38
18483,4146634,38
21137,5245787,38
4740,551005,38
19668,4688059,38
465,35211,38
10650,2066950,38
7739,1461829,38
2015,158328,38
19755,4796896,38
26264,6660339,37
22163,5551833,37
19140,4440883,37
8045,1535209,37
8096,1542638,37
3835,401472,37
7987,1526516,37
4438,499363,37
4485,509411,37
9994,1950617,37
24701,6270253,37
3975,418729,37
14083,2961104,37
6477,1094731,37
1114,82427,37
22029,5505559,37
1795,138940,37
23723,5996120,37
14820,3196427,37
12059,2339737,37
18441,4136132,37
18485,4147580,37
843,64827,36
3777,393501,36
1200,89848,36
21738,5423470,36
26257,6659519,36
2957,285912,36
25228,6427719,36
17439,3896144,36
2225,179722,36
25140,6404879,36
20205,4978384,36
19267,4498912,36
583,44088,36
8213,1560322,36
17534,3925172,36
13207,2643584,36
8575,1630301,36
7459,1382225,36
4376,482300,36
22541,5649748,36
19625,4624427,36
10584,2053709,36
18148,4061629,36
10211,1988936,36
18421,4131857,36
23811,6021675,36
18320,4107283,36
2521,215350,36
5754,908644,36
18419,4131101,36
14835,3201032,36
18251,4089056,36
5598,856784,36
23398,5917892,36
13533,2756235,36
6549,1110987,36
19368,4556208,35
20414,5085877,35
16538,3665152,35
17312,3861268,35
25555,6540375,35
6253,1046084,35
19234,4482368,35
22442,5624386,35
24969,6351074,35
25226,6426291,35
16577,3673956,35
20553,5114513,35
2943,283354,35
9152,1749327,35
24974,6352933,35
22071,5521554,35
2594,225998,35
3201,321019,35
20899,5188649,35
24521,6220085,35
13706,2819130,35
11929,2314913,35
19663,4665741,35
18122,4055445,35
14440,3083860,35
18184,4071157,35
18149,4061969,35
15088,3280884,35
18094,4049723,35
7832,1483561,35
23357,5909362,35
26107,6635844,35
21283,5289698,35
12426,2422164,35
6496,1098701,35
18765,4253068,35
23063,5823334,35
6345,1065273,35
6303,1058315,35
2352,194996,34
3252,324486,34
3340,336437,34
26667,6696034,34
20747,5154879,34
21729,5420197,34
2705,242334,34
10009,1954298,34
26036,6625459,34
5333,775675,34
2487,210595,34
2422,202421,34
26563,6687629,34
2854,266809,34
6150,1022503,34
10624,2062362,34
26838,6716581,34
24314,6164783,34
6431,1085001,34
11975,2324916,34
11976,2325045,34
10911,2109732,34
22291,5583018,34
9232,1760950,34
11009,2127956,34
13737,2832246,34
15953,3510999,34
25415,6488368,34
13115,2615922,34
5355,781960,34
16455,3642550,33
3399,343934,33
17466,3904766,33
3044,300558,33
3435,348714,33
17010,3790217,33
25678,6565998,33
26572,6688261,33
21707,5412254,33
24998,6360789,33
1353,101038,33
3559,366892,33
16205,3572567,33
22396,5611120,33
22190,5558871,33
23494,5945390,33
4468,506259,33
20936,5196283,33
14280,3035574,33
21347,5301459,33
6661,1135394,33
24535,6223279,33
13961,2914396,33
17990,4025054,33
23640,5976332,33
5998,980114,33
14636,3140982,33
21057,5223905,33
26630,6692494,33
18157,4064062,33
21317,5295376,33
6128,1014484,33
8824,1699664,33
8884,1708147,33
23808,6020966,33
23839,6028010,33
14759,3179439,33
13045,2595789,33
838,64506,33
2891,273685,33
25501,6522781,32
2833,262322,32
5594,855639,32
12195,2368648,32
14409,3073496,32
6155,1023710,32
5573,851590,32
10347,2005890,32
14521,3106539,32
14670,3153250,32
10406,2017527,32
4937,597341,32
10581,2053196,32
17969,4019558,32
23488,5944018,32
9966,1942002,32
12170,2363053,32
13287,2668489,32
16464,3646116,32
17357,3874052,32
13222,2646292,32
1308,97238,32
12912,2550844,32
9270,1766427,32
15871,3488105,32
4515,514046,32
18909,4319587,32
22861,5746820,32
7454,1381024,32
20879,5184383,32
4500,511400,32
20823,5170654,32
19737,4768316,32
13829,2863806,32
7037,1258517,32
18772,4254586,32
4724,548882,32
24373,6180397,32
23126,5841612,32
9507,1841946,32
14276,3034852,32
14233,3021828,32
3969,418048,32
17678,3961533,32
7763,1467022,32
17488,3910776,32
21779,5441490,32
25123,6399631,32
2178,172120,32
25433,6498005,31
18574,4174058,31
764,60206,31
14297,3040180,31
18584,4176030,31
24030,6087831,31
23427,5926747,31
5879,951481,31
1757,134178,31
18445,4137970,31
23851,6030470,31
1818,142059,31
4919,593430,31
4864,582585,31
23523,5951775,31
17920,4009532,31
15355,3350305,31
20015,4883377,31
23985,6073628,31
23929,6056179,31
21093,5233851,31
14528,3108663,31
12038,2333890,31
12260,2381915,31
14806,3192976,31
17702,3968477,31
15802,3465868,31
3899,410477,31
26657,6695085,31
8203,1558593,31
3788,394353,31
2073,163925,31
3662,380202,31
9001,1719977,31
2226,179737,31
2966,287284,31
872,66845,31
3294,330556,31
21910,5476149,31
12786,2504902,31
21717,5413942,31
6839,1203557,31
15425,3369011,31
19600,4621049,31
15588,3414583,31
10767,2086254,31
7520,1399745,31
7560,1415016,31
7408,1361844,31
18615,4185487,31
13821,2860547,31
7180,1294985,31
15091,3282143,31
5657,873495,30
23322,5901556,30
18581,4175549,30
26975,6730101,30
20289,5027397,30
3446,349857,30
8533,1622793,30
8922,1711500,30
12863,2528841,30
8389,1598274,30
11176,2155282,30
21828,5456742,30
1202,89851,30
25834,6598546,30
15930,3503044,30
24752,6284766,30
3581,369678,30
7835,1483805,30
12738,2493940,30
6286,1052516,30
15266,3327525,30
18447,4139288,30
1848,144575,30
404,30602,30
14512,3104323,30
18386,4122057,30
12185,2366908,30
10080,1970096,30
5332,775467,30
1633,124482,30
13141,2624023,30
7610,1428582,30
15900,3496135,30
12532,2445779,30
22900,5758395,30
6683,1140704,30
9405,1804162,30
17765,3982092,30
21569,5370838,30
9407,1804585,30
13755,2839738,30
24660,6257145,30
4577,521705,30
10649,2066851,30
20644,5131225,30
11062,2135663,30
17444,3898504,30
20004,4876818,29
2499,212667,29
11242,2169744,29
13143,2624513,29
23718,5994972,29
18666,4213649,29
23299,5892109,29
9635,1878206,29
18540,4164095,29
24051,6094634,29
15045,3267019,29
6281,1051670,29
23534,5954349,29
20040,4894461,29
10365,2008750,29
15394,3360386,29
24396,6185883,29
26597,6689768,29
6771,1177313,29
1920,149834,29
25909,6610198,29
9351,1788715,29
13626,2789044,29
12626,2468360,29
13591,2775937,29
7650,1443172,29
18945,4334023,29
26364,6672750,29
17798,3988441,29
22726,5699659,29
20119,4933559,29
7405,1360159,29
4815,570817,29
23096,5833349,29
15432,3371289,29
22887,5755511,29
7170,1293129,29
20648,5131564,29
9099,1742046,29
1398,104878,29
8082,1539655,29
2084,164693,29
26211,6650718,29
15807,3467290,29
17442,3897628,29
3374,342120,29
571,42552,29
1323,98391,29
8325,1584419,29
3452,350105,29
22132,5542701,29
22110,5539173,29
11316,2188076,29
26978,6730258,28
4588,524287,28
5264,761173,28
4521,514489,28
25725,6576275,28
12583,2457856,28
8655,1649532,28
20353,5060535,28
12873,2534170,28
19380,4559171,28
15183,3306815,28
8583,1632143,28
5852,941954,28
591,44820,28
20554,5114860,28
25132,6401377,28
8669,1655643,28
16631,3686793,28
26616,6691660,28
1112,82255,28
21293,5290562,28
6717,1147712,28
26066,6629446,28
15967,3515177,28
22607,5666013,28
10525,2041119,28
11848,2300079,28
10667,2071039,28
9469,1824511,28
16716,3710755,28
16740,3719318,28
25358,6471621,28
8682,1661312,28
21207,5264004,28
20830,5174246,28
24228,6140437,28
4299,466812,28
19126,4433700,28
3992,420355,28
7759,1465236,28
26893,6721911,28
46,3828,28
25696,6570004,28
1732,131939,28
18374,4119962,28
5969,972649,28
5916,959917,28
15887,3493052,28
8070,1538950,28
22709,5695766,28
9599,1867219,28
6194,1030915,28
8148,1549479,28
3643,378721,28
2132,168430,28
24002,6080645,28
1011,76917,28
23981,6072976,28
26580,6688489,28
822,63650,28
4509,513702,27
15189,3308376,27
8507,1618125,27
3211,321865,27
8565,1628754,27
15250,3323193,27
16899,3761343,27
20451,5096033,27
20517,5108870,27
2910,277369,27
10057,1965028,27
9361,1792664,27
6158,1024791,27
15318,3341087,27
24787,6294624,27
10592,2055702,27
1639,125015,27
12431,2423062,27
15812,3468006,27
18757,4251407,27
4132,436740,27
2045,161711,27
8023,1531101,27
21767,5436077,27
3453,350159,27
1993,155731,27
24650,6255158,27
924,70377,27
18788,4257568,27
14812,3194734,27
21598,5377867,27
16306,3600899,27
26319,6669202,27
3291,330238,27
23280,5885323,27
9479,1828071,27
3317,333569,27
21848,5461696,27
19429,4569982,27
4359,479288,27
502,37500,27
13062,2600521,27
15545,3401479,27
4345,476260,27
6992,1245034,27
10984,2122526,27
24836,6311021,27
13668,2801556,27
24766,6288742,27
19020,4372274,27
9308,1777660,27
7777,1470324,27
6249,1044025,27
26385,6674307,27
6282,1051769,27
20908,5190775,27
18991,4358834,27
9864,1920192,27
20971,5203156,27
11279,2179094,26
12527,2445498,26
18908,4319252,26
14662,3150195,26
6690,1142777,26
2360,196087,26
8574,1630179,26
2328,193201,26
12514,2443083,26
17377,3879848,26
25239,6432893,26
12918,2553768,26
26569,6687983,26
12103,2349097,26
23539,5955289,26
10241,1991338,26
21187,5257816,26
5192,736183,26
15121,3292120,26
2978,289397,26
17426,3892031,26
8479,1613596,26
5893,955085,26
8553,1627070,26
124,9534,26
9624,1874926,26
22316,5589154,26
26873,6720487,26
15023,3261155,26
1737,132807,26
16264,3589297,26
8281,1574924,26
18163,4065469,26
4734,550511,26
891,68355,26
26117,6636940,26
14046,2948788,26
9557,1855354,26
5674,884706,26
21761,5432792,26
14347,3054183,26
20094,4919311,26
18993,4359413,26
17467,3905773,26
3659,379861,26
3622,375720,26
19841,4839334,26
20834,5174803,26
15405,3363534,26
15429,3370728,26
7125,1278812,26
8172,1553777,26
1664,126517,26
5074,709083,26
6343,1064960,26
9274,1767258,26
17682,3962726,26
1767,135067,26
24877,6321683,26
3916,412205,26
7955,1518612,26
21074,5226803,26
12936,2558906,26
15336,3346026,26
17928,4011025,26
20465,5099433,26
2905,276565,26
8720,1675310,26
21972,5491969,26
25513,6527372,26
25606,6548127,26
11315,2188068,26
2601,227278,26
16730,3714796,26
5954,969986,26
2656,234449,25
11309,2186941,25
16779,3731826,25
21966,5489706,25
4928,595573,25
22473,5632682,25
10341,2004877,25
24748,6283383,25
15736,3452986,25
1441,108992,25
3925,413161,25
24564,6229837,25
26631,6692510,25
13480,2738835,25
3884,409254,25
20184,4968211,25
24185,6129078,25
11963,2321896,25
20828,5172762,25
12843,2523329,25
22415,5615772,25
8059,1537759,25
15993,3520247,25
10702,2075465,25
22631,5672019,25
6982,1242717,25
20104,4922957,25
11936,2316260,25
1360,101633,25
22357,5602237,25
19183,4462966,25
17479,3907775,25
5715,896391,25
14740,3173095,25
21086,5231514,25
4270,461162,25
1132,84353,25
18983,4355506,25
9741,1900854,25
19844,4839566,25
462,34496,25
5396,791142,25
21031,5215754,25
9498,1838396,25
20968,5202479,25
18302,4103372,25
18294,4102490,25
5813,929283,25
26139,6640926,25
19760,4809860,25
4675,536148,25
14022,2939011,25
7227,1309092,25
20889,5186376,25
10262,1993114,25
9841,1916473,25
4789,565401,25
19238,4489388,25
144,11185,25
17438,3896114,25
16349,3613834,25
16371,3619177,25
25778,6588461,25
12001,2329263,25
14966,3240763,25
23337,5904056,25
21204,5263411,25
5846,939825,25
576,43189,25
3266,325553,25
21918,5478417,25
9965,1941721,25
2546,219005,25
58,5117,25
15242,3321102,25
26691,6698711,25
25483,6514613,25
2707,242518,25
1224,91618,25
14632,3140041,24
18531,4160269,24
25389,6481036,24
41,3146,24
6042,993017,24
6045,994209,24
2721,244829,24
12954,2565527,24
25437,6500954,24
14673,3154073,24
4656,533251,24
4558,519048,24
7222,1307308,24
4723,548880,24
9849,1917318,24
5491,826794,24
15550,3402321,24
20912,5191401,24
7288,1327981,24
7278,1325449,24
7187,1297499,24
7130,1279780,24
14842,3202797,24
352,25419,24
6492,1097545,24
23380,5914870,24
13723,2826287,24
9451,1819347,24
4278,462789,24
4247,454437,24
21476,5344462,24
9742,1901023,24
5437,803030,24
11958,2320953,24
20088,4917734,24
15506,3390389,24
23065,5824045,24
23068,5825901,24
15442,3373733,24
10749,2083504,24
7566,1416216,24
22667,5680091,24
26151,6642815,24
1450,109683,24
926,70457,24
11883,2306046,24
4093,432175,24
4017,422916,24
5519,838435,24
1809,140707,24
7928,1513345,24
19598,4619816,24
17921,4009538,24
15372,3354419,24
23081,5830110,24
466,35332,24
14075,2958855,24
10573,2050867,24
11767,2278721,24
782,61493,24
5654,872108,24
26017,6622946,24
6375,1071845,24
17579,3938758,24
8058,1537739,24
15885,3492529,24
22345,5597228,24
8098,1542753,24
22380,5606054,24
22297,5584722,24
1362,101857,24
19161,4455095,24
9183,1754267,24
23112,5838808,24
21516,5355543,24
17400,3884033,24
16229,3580003,24
11042,2132687,24
8304,1579877,24
26699,6700779,24
3578,369166,24
26088,6634013,24
14271,3034236,24
18675,4218749,24
1135,84520,24
23158,5849090,24
1590,122105,24
26059,6628309,24
14480,3095026,24
5806,924542,24
25056,6377886,24
3409,345230,24
20625,5127677,24
20626,5127693,24
25179,6416095,24
8937,1713111,24
8538,1623426,24
2240,181536,24
3052,302661,24
2767,251841,24
9019,1722504,24
8990,1718926,24
11477,2216953,24
2928,280571,24
6724,1148841,24
5130,722839,24
2623,230163,24
70,6072,24
16877,3754444,24
2310,190862,23
12964,2569297,23
1249,93281,23
8928,1712183,23
23624,5973505,23
24163,6123247,23
296,21108,23
18100,4051211,23
6820,1197669,23
4967,613301,23
6897,1218068,23
18730,4240754,23
20919,5192442,23
4853,580279,23
23036,5811321,23
24293,6158805,23
23947,6062375,23
5469,813856,23
1089,80628,23
1108,81815,23
6501,1099382,23
1621,123933,23
23354,5908656,23
4676,536227,23
19761,4810641,23
24334,6170303,23
15414,3366717,23
17810,3990777,23
13887,2887742,23
18822,4269080,23
4622,528809,23
12707,2486694,23
15673,3437940,23
10676,2072036,23
26588,6689319,23
14859,3208885,23
14891,3217581,23
23924,6055391,23
21112,5238243,23
9845,1916959,23
10321,2000119,23
26370,6673116,23
18940,4332682,23
10708,2076357,23
26152,6642854,23
24637,6253017,23
19014,4370433,23
15798,3465556,23
7781,1470841,23
22544,5650353,23
4005,421815,23
5595,856054,23
6369,1069243,23
6380,1073848,23
19771,4828445,23
3894,409876,23
11730,2271376,23
798,62408,23
15917,3500800,23
24930,6337868,23
12813,2515537,23
21700,5411065,23
8001,1528297,23
16054,3535440,23
2131,168405,23
21818,5454782,23
9113,1744434,23
16101,3545668,23
14731,3170496,23
1641,125113,23
6273,1050370,23
23448,5934884,23
16265,3589665,23
9155,1749495,23
19145,4443629,23
8216,1560949,23
20258,5010777,23
11709,2267159,23
11703,2266174,23
13349,2692297,23
16277,3593174,23
16272,3591116,23
8455,1609661,23
12907,2548881,23
3392,343564,23
3437,348928,23
19965,4866898,23
1318,98169,23
17340,3869414,23
20586,5121059,23
20575,5120045,23
3010,294812,23
3093,307107,23
8621,1641465,23
92,8226,23
8651,1648437,23
2968,287350,23
2757,250432,23
2784,255486,23
2250,182374,23
2897,275513,23
6133,1015110,23
14672,3153850,23
18363,4117299,23
23626,5974257,23
831,64313,23
17076,3805796,22
2373,197592,22
16987,3786324,22
16656,3692865,22
17206,3835341,22
14686,3157198,22
26050,6627348,22
1035,78182,22
8805,1695128,22
25336,6468234,22
9007,1720644,22
26688,6698457,22
13035,2592823,22
13071,2602366,22
11610,2242639,22
11216,2163629,22
17289,3855439,22
3108,307989,22
8612,1640568,22
21844,5460681,22
9048,1726800,22
16409,3629887,22
16439,3638231,22
19998,4873588,22
6115,1012200,22
1711,130794,22
14661,3150020,22
3176,314668,22
20598,5122859,22
20560,5116301,22
20406,5083726,22
16359,3616293,22
3277,328455,22
8335,1586654,22
8423,1605391,22
12928,2556091,22
9958,1941265,22
19276,4501060,22
22286,5580862,22
8315,1581803,22
890,68127,22
2140,168897,22
8223,1562551,22
3532,361914,22
3569,368003,22
26228,6652249,22
16110,3547192,22
3669,381114,22
8056,1537638,22
15990,3519474,22
3743,388737,22
1645,125457,22
1666,126654,22
6277,1050911,22
14747,3176332,22
1763,134798,22
5772,911264,22
7953,1518297,22
19116,4429471,22
19109,4422667,22
20181,4967212,22
15954,3511209,22
15797,3465487,22
15810,3467956,22
7584,1422386,22
10738,2080968,22
9424,1811494,22
21575,5373195,22
13744,2834784,22
9824,1913854,22
5671,884103,22
26804,6713543,22
22882,5754891,22
12686,2480967,22
25889,6607395,22
25879,6605433,22
24460,6202286,22
17825,3992940,22
15553,3402754,22
13991,2924683,22
24427,6195608,22
26747,6708253,22
22961,5778676,22
7136,1281141,22
668,53609,22
9591,1865247,22
1024,77630,22
10300,1997425,22
10318,1999405,22
1648,125648,22
7113,1276888,22
4783,564749,22
4804,568747,22
6855,1208145,22
14092,2964289,22
18734,4241106,22
974,74740,22
15321,3341629,22
15354,3349961,22
9671,1884156,22
357,25798,22
18209,4078125,22
15167,3304215,22
1869,146228,22
24121,6111789,22
23260,5880066,22
6648,1132483,22
23220,5871537,22
18118,4054480,22
12008,2330171,22
5374,786137,22
20457,5097755,22
2708,242588,22
19420,4567651,22
13010,2584149,22
2297,189450,22
832,64387,22
18372,4118955,21
23606,5970497,21
21245,5274260,21
10023,1956868,21
1280,95421,21
22019,5502117,21
332,24068,21
16994,3787402,21
26992,6731815,21
8759,1684774,21
8777,1689374,21
8830,1700342,21
25335,6467483,21
1234,92209,21
11213,2162939,21
11275,2176852,21
26962,6728237,21
2965,287203,21
2963,286664,21
24019,6085025,21
11999,2329004,21
20014,4883166,21
21041,5218422,21
21039,5217349,21
21034,5216013,21
21854,5463162,21
21845,5460757,21
9071,1732048,21
567,42196,21
589,44559,21
13216,2644998,21
10054,1964405,21
14622,3137439,21
6126,1014128,21
6120,1013116,21
6164,1026633,21
14427,3079970,21
3161,313008,21
5202,738193,21
15085,3280221,21
15154,3302236,21
26813,6713950,21
6538,1106396,21
434,32094,21
428,31690,21
14260,3030299,21
14272,3034390,21
26101,6635480,21
25163,6412131,21
2213,177074,21
16312,3602597,21
17396,3882629,21
25951,6617781,21
24159,6122389,21
15277,3328576,21
5139,725720,21
6722,1148650,21
6756,1157893,21
23160,5849624,21
24104,6109382,21
5184,733908,21
8404,1601064,21
8411,1602266,21
8451,1609403,21
8466,1611382,21
13169,2632930,21
12894,2540976,21
19431,4570312,21
3342,336620,21
20251,5008281,21
10483,2032426,21
9504,1841356,21
26384,6674184,21
23147,5847085,21
26108,6636039,21
24246,6147149,21
18475,4145376,21
9916,1929675,21
10151,1980968,21
23714,5994247,21
13251,2658140,21
13268,2663243,21
13257,2659703,21
8277,1573711,21
159,11810,21
13404,2711299,21
19154,4447554,21
13438,2724481,21
21435,5332544,21
19842,4839427,21
23361,5909565,21
18232,4084723,21
26394,6675626,21
1356,101243,21
2122,167631,21
10813,2093273,21
20733,5153064,21
10991,2123501,21
26578,6688355,21
24953,6346597,21
25822,6596388,21
3647,379146,21
17505,3916982,21
14014,2937512,21
4820,571541,21
24283,6155661,21
18748,4245045,21
14181,2999143,21
1537,117683,21
3658,379766,21
26343,6671394,21
8004,1528762,21
8068,1538765,21
8057,1537668,21
17590,3940412,21
16021,3525908,21
10279,1994946,21
5520,838470,21
5586,853908,21
26128,6638347,21
7067,1265950,21
3752,389452,21
6232,1038667,21
6255,1046353,21
23479,5941686,21
5773,911461,21
5797,921705,21
12109,2350166,21
26718,6703195,21
1952,152302,21
4732,550300,21
4746,552247,21
4745,551463,21
7960,1520594,21
12795,2507486,21
3841,402431,21
3858,404280,21
15819,3469876,21
187,14276,21
15886,3492710,21
15907,3497996,21
21621,5386429,21
22456,5629226,21
4032,424948,21
13642,2792902,21
13670,2803145,21
13682,2807589,21
1446,109595,21
4092,431935,21
20148,4952118,21
15520,3394419,21
15511,3391421,21
15528,3398210,21
17805,3990005,21
13847,2871218,21
20134,4942276,21
11901,2309300,21
946,72318,21
7505,1396222,21
22647,5675964,21
19048,4392367,21
2038,161078,21
24693,6266247,21
4137,437264,21
7262,1320033,21
22796,5725755,21
17727,3973167,21
24500,6216371,21
10673,2071511,21
10670,2071224,21
20161,4957571,21
26593,6689493,21
9443,1817407,21
18969,4348886,21
1981,154541,21
21356,5304404,21
5628,863921,21
5751,908301,21
25656,6561742,21
16944,3777229,21
16791,3734130,21
8901,1710032,21
16597,3679843,21
16599,3680297,21
12970,2571182,21
2318,192076,21
25519,6528781,21
20484,5101632,21
11439,2209827,21
25684,6567691,21
1707,130723,20
25660,6562349,20
26984,6730772,20
20467,5099569,20
20464,5099277,20
11376,2197198,20
2293,188784,20
2284,186356,20
25459,6507608,20
1267,94434,20
1266,94348,20
8831,1700388,20
2811,260321,20
11486,2218343,20
20333,5049097,20
21867,5465814,20
26672,6696610,20
26689,6698667,20
15579,3411657,20
23420,5924993,20
6389,1075398,20
12327,2396750,20
19824,4836919,20
23823,6023982,20
1751,134094,20
5781,912776,20
5776,911664,20
18344,4112082,20
21252,5279354,20
15625,3424092,20
1480,112265,20
7224,1307658,20
19393,4561929,20
8916,1710956,20
21613,5384159,20
4495,510642,20
24465,6204221,20
24456,6201368,20
4155,439578,20
4249,455289,20
4294,466168,20
7491,1392773,20
26736,6706402,20
24598,6238421,20
4328,472898,20
4350,476979,20
24566,6230618,20
24544,6224827,20
4403,488475,20
15580,3411791,20
13880,2885374,20
18879,4293941,20
13974,2920147,20
24449,6199206,20
1964,153069,20
10696,2074954,20
18936,4330244,20
7616,1431022,20
26182,6647288,20
22638,5673998,20
20837,5175535,20
20224,4989451,20
22836,5739376,20
7342,1346315,20
12697,2483598,20
19585,4614058,20
24742,6282254,20
24738,6280811,20
4067,430119,20
4071,430325,20
26894,6722149,20
13657,2797680,20
22593,5662056,20
22575,5656486,20
21692,5409665,20
9242,1762041,20
1173,87590,20
250,18179,20
17799,3988981,20
12523,2444184,20
19677,4696708,20
12553,2451751,20
638,48067,20
19515,4599157,20
25845,6600519,20
3821,398687,20
3845,402919,20
24838,6311119,20
20202,4976358,20
11757,2277399,20
20195,4973909,20
11811,2288648,20
201,14756,20
9307,1777545,20
12678,2478861,20
7809,1477759,20
7850,1487376,20
22501,5640149,20
4625,529116,20
25922,6613408,20
24379,6180793,20
4647,532016,20
18802,4263818,20
26140,6641030,20
19711,4740232,20
24374,6180518,20
24357,6176316,20
4750,552947,20
15383,3357678,20
19106,4419759,20
13539,2758638,20
22427,5618586,20
22424,5618140,20
12754,2497188,20
999,76330,20
20060,4906309,20
23857,6031519,20
23433,5928612,20
1555,119453,20
6971,1238026,20
23020,5799434,20
3755,389949,20
12178,2365286,20
23762,6007242,20
19979,4869042,20
12129,2354289,20
24859,6317201,20
2062,162977,20
19110,4423085,20
24432,6196168,20
14112,2970201,20
18699,4229122,20
14170,2992139,20
16157,3559475,20
2090,165109,20
3689,383056,20
3731,387323,20
19510,4596128,20
9178,1752971,20
17602,3943364,20
26910,6723574,20
24878,6321703,20
14394,3070782,20
23408,5921122,20
21466,5341677,20
21447,5335977,20
3611,373404,20
3608,373297,20
22387,5608823,20
22325,5591709,20
8210,1559764,20
21824,5455629,20
26334,6670550,20
17552,3930209,20
16146,3556561,20
22977,5784407,20
22968,5780733,20
14012,2936767,20
15471,3380753,20
24279,6154713,20
20106,4926363,20
6872,1213528,20
14288,3037326,20
14317,3044208,20
21001,5209067,20
25030,6371753,20
25028,6371660,20
25020,6368665,20
25008,6363459,20
2119,167263,20
25814,6594318,20
24981,6354953,20
24975,6353153,20
10809,2092993,20
10824,2094957,20
20766,5158690,20
26515,6682977,20
20743,5154466,20
8255,1569600,20
19271,4499479,20
8341,1587424,20
20636,5129718,20
17464,3904621,20
2141,168909,20
2162,170740,20
13417,2715961,20
952,73215,20
10393,2015826,20
9769,1903762,20
23374,5914070,20
14825,3199247,20
14865,3210545,20
10271,1994179,20
10283,1995703,20
20935,5196166,20
20111,4929212,20
24232,6141590,20
4975,623232,20
22295,5584027,20
14483,3095497,20
14477,3094497,20
6171,1027949,20
9881,1923846,20
26420,6677954,20
1074,79921,20
21256,5280163,20
12140,2356205,20
21197,5261905,20
10132,1978249,20
23707,5992262,20
15281,3329614,20
1569,120414,20
1136,84705,20
8405,1601105,20
19459,4577653,20
3356,339142,20
25084,6386565,20
17465,3904660,20
11674,2258311,20
892,68457,20
21571,5371915,20
9506,1841679,20
21529,5359121,20
23156,5848581,20
26104,6635685,20
10577,2052940,20
20403,5083497,20
25167,6412175,20
25166,6412169,20
25164,6412158,20
3217,322098,20
25158,6411081,20
25152,6408063,20
25143,6405501,20
17425,3889965,20
17412,3886848,20
2195,174300,20
3298,331007,20
5029,681980,20
5018,674543,20
24168,6124672,20
5107,716100,20
23700,5990288,20
26629,6692440,20
14547,3114045,20
1675,127708,20
14644,3143345,20
25755,6583383,20
3183,316018,20
11115,2143570,20
20581,5120390,20
11194,2158039,20
5209,739838,20
5207,739066,20
24046,6092051,20
6574,1117117,20
18642,4201846,20
6588,1120859,20
24026,6086899,20
25987,6621413,20
20052,4902313,20
26445,6679480,20
5398,791528,20
23972,6069592,20
5408,795584,20
22144,5545556,20
22138,5544546,20
1274,95233,20
21926,5479545,20
21914,5477552,20
9056,1728164,20
13168,2632410,20
19285,4513138,20
23704,5991924,20
20329,5046527,20
11567,2233544,20
20535,5111113,20
88,7687,20
17287,3854735,20
16536,3664374,20
16554,3669020,20
2987,290384,20
25293,6452124,20
3046,300612,20
25253,6440123,20
16384,3624170,20
8491,1615586,20
26098,6635019,20
23273,5882613,20
14975,3242576,20
2351,194891,20
1704,130309,20
23670,5982511,20
23659,5979689,20
6028,988175,20
23618,5973070,20
23612,5971582,20
19873,4844654,20
10019,1956031,20
26306,6667542,20
1827,142781,20
23946,6062169,20
5433,802395,20
23930,6056386,20
23927,6055722,20
16707,3706033,20
8908,1710603,20
26969,6729335,20
16619,3684426,20
17225,3839442,20
17202,3834183,20
25405,6484941,20
25404,6484927,20
2294,189219,20
12973,2572166,20
17130,3816460,20
25526,6532145,20
11323,2188819,20
2338,193762,20
25547,6538599,20
16671,3695705,20
16683,3700549,20
25666,6563385,19
21185,5257291,19
12308,2392674,19
26134,6640078,19
12289,2389177,19
8924,1711560,19
14958,3238275,19
14968,3240955,19
15008,3257389,19
4666,534611,19
3989,419872,19
3961,417250,19
7460,1382406,19
22697,5690198,19
9464,1822491,19
19729,4751164,19
26254,6658713,19
10060,1965768,19
5334,776287,19
1833,143261,19
1840,143764,19
1841,143782,19
17196,3833340,19
62,5220,19
5215,741209,19
2381,198151,19
7082,1269099,19
26562,6687610,19
835,64463,19
11325,2189367,19
23992,6075679,19
687,56106,19
19695,4720028,19
8563,1628619,19
21550,5364231,19
21944,5483641,19
13351,2693019,19
15181,3306288,19
19171,4457524,19
24330,6170037,19
10434,2021780,19
3782,393971,19
21003,5209708,19
21230,5271555,19
17362,3875425,19
723,57437,19
12224,2374540,19
12679,2479020,19
19641,4626819,19
13929,2902421,19
1516,115601,19
24356,6176152,19
15146,3300424,19
26388,6674710,19
10883,2104620,19
6546,1109113,19
1121,83207,19
24425,6195090,19
6875,1214005,19
14231,3020396,19
24247,6147489,19
121,9416,19
3849,403501,19
10440,2023069,19
1032,78069,19
20652,5132451,19
24958,6347432,19
10844,2098052,19
6162,1025754,19
17999,4026682,19
918,70149,19
15240,3320579,19
19047,4392300,19
22374,5605624,19
26245,6657174,19
26246,6657306,19
12672,2476485,19
17449,3899619,19
1801,139541,19
12105,2349360,19
26771,6711020,19
23125,5841537,19
26110,6636384,19
1164,86893,19
21589,5376392,19
4002,421667,19
25384,6478535,19
25388,6480898,19
581,43861,19
25208,6420925,19
3112,308740,19
25762,6584758,19
25060,6378969,19
7154,1288102,19
418,31029,19
12768,2501735,19
10535,2043333,19
17502,3916506,19
11910,2311408,19
278,19472,19
26087,6633697,19
14779,3183855,19
2826,261559,19
6633,1128559,19
11692,2263000,19
23145,5845724,19
14469,3091630,19
11200,2160013,19
4307,467832,19
22356,5602147,19
25781,6588934,19
8085,1541210,19
25865,6602126,19
2503,213200,19
21748,5426392,19
21869,5466183,19
21842,5459790,19
13079,2604428,19
13102,2611864,19
21969,5491306,19
15524,3396326,19
26490,6681851,19
15701,3443609,19
21264,5282817,19
3219,322224,19
22084,5528351,19
20039,4892642,19
12013,2331067,19
21595,5377409,19
25290,6451421,19
21389,5315887,19
26886,6721362,19
2646,233240,19
26051,6627448,19
23610,5971537,19
3137,310862,19
12020,2331718,19
3393,343636,19
3426,347957,19
4585,524096,19
1570,120418,19
396,29808,19
6734,1150330,19
25091,6388027,19
26280,6662471,19
19401,4564061,19
5518,838345,19
8767,1687253,19
19357,4553628,19
19345,4549272,19
15629,3424886,19
23184,5858560,19
14680,3156218,19
2828,261648,19
3497,355338,19
491,36900,19
7969,1522937,19
15864,3484653,19
1484,112876,19
1128,83964,19
2837,263834,19
19023,4372929,19
13676,2805138,19
15774,3460588,19
26391,6675497,19
26397,6676440,19
26401,6676880,19
24808,6301141,19
20835,5175201,19
8050,1536400,19
12980,2574393,19
25180,6416166,19
8718,1674711,19
26301,6666115,19
11964,2322138,19
224,16897,19
2034,160348,19
11168,2152714,19
6701,1144676,19
9254,1764357,19
26643,6693543,19
10402,2016993,19
24865,6318262,19
13968,2916568,19
18794,4258420,19
437,32399,19
5051,695966,19
17152,3822418,19
2390,199057,19
5166,731268,19
7683,1452110,19
4976,624969,19
2086,164834,19
21191,5258046,19
3539,363663,19
18679,4219391,19
18655,4210373,19
25321,6461836,19
6977,1240483,19
9252,1764343,18
23076,5828797,18
4572,520934,18
11362,2194741,18
12383,2410975,18
25125,6399697,18
25840,6599935,18
5232,750841,18
8950,1714511,18
7639,1440859,18
16805,3736860,18
5126,721859,18
20573,5119448,18
13686,2810463,18
229,17121,18
25176,6414244,18
12965,2569349,18
8029,1531967,18
24265,6152542,18
26012,6622712,18
5877,951001,18
3905,410951,18
1720,131165,18
19027,4378192,18
23242,5876607,18
9413,1805414,18
7228,1309096,18
1485,113113,18
2580,223906,18
15850,3478554,18
5692,890603,18
9850,1917323,18
605,45589,18
3026,297239,18
9140,1748020,18
14704,3163528,18
24401,6186840,18
6677,1138676,18
7358,1349697,18
2215,177985,18
19041,4390359,18
13633,2791007,18
1391,104315,18
3166,313457,18
8681,1660011,18
5641,867630,18
2171,171491,18
20030,4889312,18
2256,183153,18
14576,3124434,18
14498,3100652,18
6737,1153097,18
8766,1686878,18
3157,312769,18
25487,6518147,18
17719,3971693,18
921,70272,18
3901,410657,18
2620,229989,18
11512,2223109,18
20344,5056843,18
11506,2221899,18
7165,1291409,18
12037,2333798,18
19469,4579708,18
17600,3943271,18
3721,385699,18
20982,5206287,18
10800,2091795,18
905,69218,18
17819,3991671,18
17835,3994708,18
2229,180007,18
13084,2605063,18
7301,1331675,18
11722,2269708,18
25872,6604185,18
19487,4591364,18
19480,4589595,18
2860,267950,18
18504,4150807,18
4563,520093,18
11117,2143770,18
14752,3176929,18
14863,3210261,18
6091,1006878,18
15450,3375006,18
17802,3989677,18
3408,345212,18
25063,6380422,18
26499,6682079,18
5471,814171,18
10000,1951798,18
22086,5529974,18
20524,5109574,18
1531,117051,18
18783,4255786,18
1525,116665,18
13841,2868908,18
1948,152164,18
22976,5783688,18
4039,426897,18
24792,6296604,18
11876,2305249,18
23604,5970279,18
14845,3203318,18
9427,1811998,18
11642,2248825,18
20285,5026953,18
9272,1766693,18
26105,6635701,18
18573,4174000,18
26234,6653491,18
16196,3570331,18
1233,92138,18
10888,2105655,18
23571,5963077,18
20760,5157153,18
10807,2092606,18
13582,2772950,18
19062,4399843,18
26533,6684951,18
8222,1562435,18
16316,3603487,18
1817,141945,18
3271,326187,18
12625,2467857,18
19659,4653002,18
2894,274544,18
18638,4198798,18
20686,5140670,18
14893,3217960,18
6547,1109940,18
4652,532761,18
23348,5907974,18
20753,5155593,18
15135,3296895,18
15098,3284012,18
24358,6177092,18
3929,413721,18
25318,6461057,18
18864,4288669,18
23971,6069169,18
3862,404997,18
21223,5268937,18
6373,1071477,18
9566,1858830,18
10919,2110857,18
7695,1454224,18
25224,6426089,18
22629,5671703,18
23353,5908641,18
14925,3228252,18
14935,3231005,18
6485,1095717,18
19748,4780069,18
16526,3663085,18
16556,3669901,18
4221,449867,18
25118,6398102,18
24628,6247930,18
18710,4235701,18
6919,1223786,18
16677,3696473,18
5179,733096,18
10084,1970924,18
8467,1611639,18
12486,2436761,18
7383,1355399,18
7376,1353315,18
26724,6704086,18
3436,348724,18
11755,2276810,18
1214,90818,18
19853,4841506,18
7009,1250159,18
25900,6608870,18
32,2427,18
16912,3764757,18
16843,3746809,18
1854,145213,18
10312,1999042,17
16893,3759615,17
26644,6693568,17
3337,336012,17
10390,2015239,17
18848,4280388,17
4999,658713,17
26991,6731778,17
5031,682545,17
5093,712754,17
25661,6562650,17
5159,730203,17
4387,484505,17
800,62629,17
23412,5922804,17
9546,1852382,17
13411,2712437,17
7506,1396680,17
22806,5729354,17
25718,6574700,17
19209,4474657,17
19221,4478169,17
7720,1458504,17
295,21071,17
2004,156872,17
19170,4457205,17
1642,125149,17
4714,547003,17
23477,5941535,17
24784,6293391,17
1245,93041,17
8876,1707170,17
18208,4078033,17
2267,184479,17
22776,5716612,17
19063,4400370,17
10833,2096128,17
4743,551419,17
17955,4016251,17
20756,5155969,17
3630,377497,17
24337,6170742,17
25924,6613752,17
3067,303976,17
8972,1716179,17
9030,1724111,17
25913,6611037,17
14770,3181287,17
14824,3199213,17
13221,2646215,17
7779,1470665,17
7772,1469550,17
7790,1473017,17
25213,6423433,17
25760,6584705,17
9684,1887320,17
25074,6384297,17
22494,5638582,17
1429,107776,17
19301,4518023,17
19302,4518119,17
15501,3389181,17
6090,1006294,17
1693,129316,17
23595,5968090,17
18243,4087447,17
24979,6354688,17
24489,6211152,17
525,39120,17
13157,2629649,17
8815,1697028,17
2658,234574,17
2009,157399,17
21957,5488215,17
1101,81120,17
23680,5984215,17
13204,2643180,17
19407,4565408,17
19397,4562951,17
13031,2591212,17
25194,6419110,17
7973,1523986,17
7945,1516652,17
13624,2788076,17
20845,5176600,17
5875,950537,17
26027,6624661,17
17723,3972580,17
2584,224623,17
5789,916454,17
5826,934400,17
12952,2564530,17
12976,2572774,17
20074,4911204,17
11568,2233560,17
20319,5042593,17
20577,5120247,17
14720,3168869,17
25373,6474887,17
6718,1147727,17
13724,2827089,17
25165,6412162,17
3207,321440,17
8041,1534428,17
941,72106,17
10666,2070919,17
3699,383651,17
4841,577728,17
15801,3465716,17
2298,189552,17
6740,1154118,17
6712,1147239,17
23172,5853669,17
12035,2333439,17
15848,3478200,17
17630,3950807,17
17635,3952610,17
10559,2049165,17
24915,6332739,17
10598,2056317,17
19440,4573603,17
12947,2561115,17
24822,6304225,17
5527,841771,17
24256,6148429,17
17617,3947239,17
19472,4582193,17
13789,2850202,17
3480,353228,17
6837,1202859,17
14391,3069292,17
4288,465222,17
3236,323094,17
24583,6235573,17
16001,3521773,17
17559,3931871,17
16044,3533441,17
17542,3927392,17
25803,6592966,17
21747,5425429,17
26354,6672223,17
18878,4293706,17
3558,366867,17
12138,2355693,17
8152,1550177,17
22326,5591924,17
19566,4610341,17
19527,4600782,17
12779,2503834,17
23914,6051987,17
26922,6724961,17
8352,1589859,17
3300,331364,17
19917,4856331,17
741,58601,17
17385,3880830,17
17386,3880841,17
16288,3597266,17
5423,799093,17
23954,6063867,17
9275,1767268,17
21657,5398242,17
9289,1772159,17
1557,119555,17
26654,6694910,17
24252,6148080,17
16340,3611657,17
2098,165666,17
21226,5269857,17
16376,3621424,17
1805,140166,17
715,57213,17
12691,2481889,17
2935,282346,17
7087,1270834,17
1190,88942,17
6932,1226690,17
14129,2978749,17
11337,2191553,17
24235,6143296,17
22219,5565407,17
8444,1608694,17
24636,6252846,17
17255,3846950,17
3874,406940,17
21020,5214118,17
12477,2434051,17
8425,1605490,17
22182,5555905,17
10093,1971793,17
5326,773066,17
25944,6616533,17
16601,3681340,17
25635,6555248,17
20454,5097138,17
451,33553,17
25002,6362223,17
5064,703531,17
21111,5238069,17
21103,5237404,17
5101,714761,16
26970,6729515,16
25833,6598480,16
10345,2005548,16
21053,5222025,16
25107,6395488,16
4208,447742,16
24016,6084532,16
23997,6078668,16
14102,2968237,16
2920,279039,16
23067,5825736,16
20368,5070031,16
21686,5407643,16
7015,1250913,16
7056,1262658,16
24003,6080701,16
17277,3851396,16
19710,4740056,16
12548,2451178,16
24642,6253974,16
2431,203914,16
4929,595606,16
14227,3019023,16
18605,4180700,16
13898,2892741,16
13912,2896292,16
13948,2907627,16
22979,5785277,16
6931,1226657,16
6965,1237043,16
18693,4226703,16
10048,1963033,16
23962,6066122,16
16417,3631912,16
132,10153,16
17341,3870555,16
16447,3640097,16
17283,3854149,16
17286,3854698,16
19937,4861212,16
12187,2367305,16
19685,4718484,16
25800,6592566,16
11529,2226550,16
21741,5423708,16
14034,2946121,16
2121,167427,16
11318,2188288,16
2273,185172,16
7229,1309413,16
420,31194,16
18932,4328242,16
18916,4321477,16
24727,6277303,16
6762,1175061,16
20542,5112516,16
24824,6305354,16
10455,2026521,16
4260,458305,16
19983,4869345,16
17390,3881260,16
16292,3598090,16
12146,2357200,16
26271,6661471,16
12727,2491043,16
12745,2495666,16
23919,6052336,16
25998,6622345,16
26360,6672524,16
11142,2149125,16
20578,5120248,16
25368,6473856,16
21794,5448040,16
4059,429060,16
22894,5756974,16
3006,294030,16
4887,587963,16
5496,829068,16
1812,141077,16
180,14070,16
8126,1546668,16
22350,5599184,16
19489,4591703,16
17536,3925573,16
5514,836401,16
20970,5202908,16
23176,5855505,16
23199,5864111,16
18353,4113786,16
23243,5876746,16
18345,4112439,16
24479,6209341,16
7251,1315559,16
18984,4356060,16
24712,6272895,16
24720,6276455,16
20928,5194614,16
9872,1921590,16
9924,1932577,16
24254,6148255,16
15938,3506358,16
2527,216137,16
5612,859342,16
17454,3902631,16
26665,6695879,16
24673,6259308,16
23294,5889457,16
347,24868,16
14789,3187404,16
24973,6352344,16
11139,2148807,16
11723,2270163,16
505,37629,16
7359,1349757,16
20660,5134900,16
7396,1357932,16
19078,4404964,16
24384,6183555,16
4873,584185,16
214,16196,16
5678,886644,16
23800,6018592,16
20884,5185351,16
3703,384109,16
25162,6411827,16
3192,319452,16
3203,321126,16
608,45796,16
23772,6010369,16
12961,2567782,16
2185,172678,16
24679,6262627,16
732,58067,16
17671,3960678,16
23739,5999653,16
3707,384701,16
26028,6624771,16
6478,1094792,16
9520,1846150,16
21523,5358452,16
22786,5720319,16
24533,6222910,16
20637,5129868,16
23343,5906316,16
2321,192464,16
3205,321184,16
23686,5985130,16
23673,5983397,16
4830,574988,16
17762,3981167,16
923,70347,16
10734,2080287,16
15074,3277244,16
25427,6493997,16
23421,5925219,16
6378,1073094,16
1608,122965,16
4706,543868,16
3079,305501,16
13428,2719690,16
1219,91338,16
2754,250243,16
23399,5918625,16
21504,5352717,16
8882,1708031,16
13298,2673530,16
22601,5663811,16
7692,1453934,16
7728,1459593,16
10941,2114951,16
20727,5149790,16
24797,6298246,16
24802,6299763,16
17814,3991068,16
23685,5985118,16
13233,2650045,16
13237,2652210,16
21976,5492224,16
6072,1001634,16
24316,6165269,16
15513,3392450,16
6095,1007708,16
20122,4934945,16
10818,2094306,16
26825,6714767,16
4729,549740,16
25461,6507769,16
1914,149644,16
6264,1048450,16
257,18682,16
10801,2091835,16
3672,381264,16
7855,1489308,16
1425,107568,16
26070,6629767,16
1644,125292,16
17902,4006548,16
10141,1979956,16
1021,77475,16
704,56817,16
3768,391857,16
5178,733005,16
17187,3831293,16
1851,144851,16
16802,3736105,16
17145,3819108,16
2364,196752,16
5160,730435,16
10139,1979860,16
5162,730916,15
16726,3713050,15
16723,3712919,15
5061,700802,15
5020,676557,15
5089,712335,15
17086,3807752,15
16836,3744887,15
24117,6110834,15
5114,718737,15
95,8369,15
16628,3686113,15
5245,753844,15
16718,3711975,15
17218,3838279,15
24100,6109051,15
1317,98146,15
12279,2386259,15
19898,4850900,15
16958,3780731,15
17891,4004781,15
13163,2630170,15
7958,1520035,15
1403,105871,15
7859,1490334,15
906,69385,15
20771,5159973,15
2634,231472,15
6272,1049993,15
20768,5158832,15
9644,1880333,15
20089,4917769,15
13240,2653281,15
26703,6701102,15
6086,1005037,15
23580,5964646,15
19326,4542926,15
13089,2607379,15
7986,1526107,15
6048,994482,15
23609,5971498,15
6030,988261,15
15184,3307551,15
10934,2113507,15
8934,1712836,15
26516,6683035,15
2709,242683,15
2697,241295,15
24351,6174967,15
24367,6179324,15
6454,1090620,15
4130,436668,15
13380,2702730,15
22670,5681066,15
23446,5933644,15
9672,1884288,15
10695,2074718,15
950,72772,15
24310,6163852,15
5948,967321,15
23752,6004754,15
23760,6007036,15
5887,954054,15
14875,3214689,15
6508,1101062,15
20639,5130491,15
7528,1400912,15
13482,2739568,15
20177,4963636,15
20197,4974208,15
3985,419390,15
4694,540220,15
4848,578998,15
21331,5298263,15
5815,930433,15
15824,3472509,15
25517,6528667,15
15777,3461169,15
189,14431,15
20925,5194220,15
8735,1679635,15
22035,5508835,15
10597,2056243,15
3734,387700,15
15892,3494496,15
23288,5887411,15
4004,421731,15
8978,1717132,15
8965,1715438,15
13552,2762705,15
3634,377675,15
20647,5131491,15
26527,6683706,15
6537,1106278,15
23335,5903005,15
6530,1105452,15
18222,4082405,15
533,39577,15
20210,4982218,15
11140,2148875,15
11134,2147838,15
20624,5127178,15
20623,5127091,15
11051,2134254,15
18335,4109869,15
1282,95504,15
22360,5603296,15
3246,323969,15
15969,3515441,15
23879,6037233,15
9863,1919987,15
11531,2226677,15
13678,2805746,15
4496,510801,15
6628,1127643,15
388,29351,15
4630,529443,15
20926,5194402,15
20956,5199590,15
23904,6047800,15
16053,3535359,15
12833,2520554,15
5508,834082,15
26738,6706432,15
13690,2812147,15
4484,509410,15
18401,4127878,15
14719,3168811,15
3991,420308,15
4019,422971,15
11597,2239011,15
10020,1956033,15
1042,78595,15
19583,4613792,15
8209,1559628,15
12160,2360327,15
4907,591344,15
1806,140321,15
16257,3586205,15
16255,3585763,15
16236,3580845,15
16246,3583280,15
2463,208361,15
25785,6589482,15
12698,2483974,15
4235,452152,15
8273,1572852,15
8349,1589511,15
10477,2031367,15
146,11343,15
16281,3595473,15
2884,272541,15
6796,1185531,15
11497,2221086,15
21762,5433937,15
7163,1290984,15
18915,4320582,15
24469,6205615,15
1496,113850,15
21627,5389164,15
3512,358222,15
26109,6636376,15
24987,6356602,15
11312,2187646,15
9328,1782873,15
18896,4303089,15
1160,86605,15
20536,5111401,15
3549,365576,15
19621,4623783,15
26662,6695683,15
12177,2364730,15
17358,3874165,15
21002,5209080,15
9271,1766524,15
4031,424697,15
6930,1226158,15
20416,5086890,15
7093,1272458,15
25337,6468328,15
18644,4202199,15
10392,2015372,15
10056,1964920,15
5409,795753,15
26956,6727296,15
16501,3655772,15
24641,6253853,15
26272,6661547,15
22152,5547942,15
8398,1600436,15
18828,4271561,15
7035,1258198,15
4549,517615,15
18715,4236617,15
14114,2970843,15
18764,4252925,15
14052,2951974,15
14208,3012585,15
20485,5102497,15
24241,6146122,15
1836,143543,15
1299,96825,15
19739,4769203,15
12422,2420354,15
8511,1619195,15
5314,770655,15
24224,6139520,15
16968,3782168,15
37,2826,14
1857,145379,14
5016,673710,14
5149,727829,14
5049,695805,14
3811,396749,14
1007,76599,14
21193,5258672,14
3854,403986,14
5308,769710,14
25634,6555094,14
4984,633192,14
24860,6317238,14
26615,6691461,14
19993,4871662,14
12240,2377412,14
12666,2475302,14
22255,5574097,14
8287,1576499,14
3281,329200,14
12611,2465213,14
19646,4635856,14
19927,4858926,14
8083,1539697,14
8049,1536375,14
12762,2500059,14
12788,2505054,14
12740,2494426,14
24608,6241805,14
4277,462649,14
5385,789269,14
16505,3658772,14
17321,3863656,14
16432,3636480,14
125,9749,14
16405,3629162,14
1034,78161,14
2075,164215,14
16321,3605682,14
5441,804530,14
16116,3548303,14
9979,1946052,14
11959,2321361,14
11981,2326078,14
22421,5616837,14
1385,103248,14
12906,2548635,14
19438,4572942,14
22079,5525788,14
22361,5603584,14
26469,6680698,14
21267,5283891,14
5522,839441,14
15995,3520578,14
15992,3519962,14
5609,858728,14
25557,6540397,14
17619,3947836,14
4875,584685,14
9890,1924964,14
20099,4921475,14
8866,1706071,14
8847,1702499,14
21965,5489574,14
25751,6580912,14
25202,6420433,14
13134,2621869,14
13053,2597819,14
13002,2581498,14
25083,6385638,14
3724,386157,14
23803,6018845,14
1796,139152,14
23789,6014083,14
4844,578229,14
978,74903,14
11837,2296360,14
11969,2324088,14
3412,345557,14
13289,2668746,14
7801,1474876,14
569,42297,14
7950,1517729,14
1408,106573,14
1094,80812,14
5825,934136,14
15724,3449270,14
15721,3448597,14
17714,3970825,14
20829,5173994,14
9803,1910027,14
11761,2277612,14
13385,2704396,14
19194,4466381,14
2001,156573,14
7605,1427229,14
7727,1459372,14
7697,1454616,14
22625,5670391,14
15676,3439188,14
6046,994328,14
26043,6626426,14
26871,6720196,14
9728,1897588,14
8996,1719790,14
25246,6437997,14
13549,2762003,14
7385,1355486,14
7434,1371900,14
25037,6374372,14
3457,350428,14
9715,1894145,14
15519,3394407,14
17857,3998488,14
17849,3997412,14
17892,4004892,14
15408,3364734,14
15390,3360153,14
6185,1029561,14
15338,3346536,14
271,19339,14
21799,5449319,14
25034,6372914,14
24713,6273312,14
19028,4379554,14
22873,5751346,14
4494,510606,14
22843,5742533,14
7276,1325397,14
20212,4982692,14
17976,4022388,14
6146,1019605,14
3972,418160,14
1915,149658,14
1659,126206,14
9177,1752890,14
22909,5761505,14
7201,1301301,14
18926,4326253,14
13810,2855243,14
18949,4336323,14
4510,513705,14
21771,5437356,14
26342,6671373,14
21812,5453788,14
24775,6290671,14
9567,1858995,14
18079,4046532,14
26085,6633082,14
1940,151544,14
26083,6632555,14
6316,1060293,14
23432,5928350,14
9529,1848091,14
21698,5411035,14
25000,6361701,14
3525,360680,14
11424,2207283,14
24726,6276989,14
13934,2903724,14
22923,5768068,14
26136,6640553,14
476,35923,14
13823,2861113,14
22966,5780621,14
15009,3257460,14
2768,251852,14
18176,4068307,14
4685,537462,14
6476,1094435,14
18203,4075746,14
14938,3234333,14
14915,3224608,14
14910,3222905,14
9501,1840905,14
2028,159839,14
24743,6282614,14
436,32347,14
14137,2980879,14
18725,4238983,14
457,33856,14
18813,4266887,14
18825,4270470,14
13945,2907046,14
7003,1248690,14
14341,3051915,14
3543,364752,14
24997,6360656,14
24983,6355611,14
11302,2184497,14
9305,1777170,14
18630,4194992,14
6570,1116276,14
14894,3218078,14
14860,3209047,14
23278,5884235,14
18253,4089234,14
9459,1821798,14
11098,2140859,14
11228,2166128,14
26786,6712514,14
14363,3059127,14
23149,5847576,14
4565,520348,14
14336,3050622,14
18582,4175668,14
6669,1136864,14
6660,1135363,14
4646,531808,14
26094,6634808,14
14655,3148969,14
24397,6185929,14
18409,4128683,14
14570,3122790,14
2843,265373,14
2032,160237,14
23170,5853292,14
6730,1149673,14
23190,5859585,14
25801,6592606,14
10165,1982673,14
16789,3733811,14
16862,3751799,14
76,6470,14
17190,3831909,14
24189,6130267,14
5167,731382,14
10383,2014118,14
10376,2012240,14
8597,1636750,14
25104,6394791,14
3322,334081,14
12336,2397831,14
12293,2389859,14
19874,4844795,14
16855,3750990,13
8493,1615722,13
12492,2437128,13
8433,1606775,13
24630,6248193,13
19704,4728807,13
689,56195,13
12516,2443279,13
19703,4728720,13
722,57419,13
21043,5219821,13
16650,3691610,13
61,5204,13
2374,197695,13
21177,5254745,13
10175,1984115,13
3825,400209,13
24968,6350291,13
11293,2182778,13
21636,5391785,13
26778,6711842,13
3997,420684,13
26361,6672542,13
11111,2143255,13
20592,5121674,13
20576,5120103,13
14557,3118890,13
14604,3131774,13
18399,4126937,13
23203,5864538,13
23230,5873765,13
4628,529340,13
14677,3155503,13
14702,3163100,13
26799,6713212,13
18583,4176018,13
2274,185312,13
6886,1215871,13
23155,5848419,13
14393,3069749,13
14454,3086987,13
14462,3090155,13
20510,5107152,13
11243,2170094,13
21577,5374271,13
25912,6610776,13
356,25647,13
18266,4093374,13
23276,5884102,13
6521,1103292,13
18235,4085008,13
18237,4086015,13
18215,4079490,13
20481,5101342,13
14224,3018440,13
14293,3039470,13
6879,1214514,13
4539,516281,13
9381,1796808,13
9382,1796861,13
11277,2177099,13
20521,5109175,13
9279,1767659,13
9281,1768149,13
18775,4255104,13
14118,2971982,13
23044,5816811,13
4543,517116,13
14126,2977997,13
24764,6288126,13
2750,249786,13
9542,1851525,13
10966,2119571,13
3607,373250,13
13815,2858262,13
13818,2859868,13
13800,2853897,13
13877,2884525,13
7083,1269185,13
3615,373867,13
15180,3306228,13
18119,4054685,13
18114,4053512,13
6311,1059734,13
25439,6501885,13
10892,2106028,13
26739,6706438,13
3036,298663,13
7207,1302568,13
13761,2841350,13
25296,6454066,13
24735,6279569,13
24941,6342162,13
9598,1866836,13
9637,1879111,13
15205,3311330,13
286,19657,13
6290,1054075,13
10815,2093568,13
10823,2094739,13
10843,2098030,13
3665,380953,13
15316,3340927,13
506,37689,13
13607,2780688,13
13613,2783398,13
7363,1350587,13
7246,1314357,13
25276,6447008,13
7297,1330831,13
6152,1022792,13
26055,6628046,13
1696,129441,13
26866,6719957,13
26862,6719671,13
3657,379705,13
3434,348561,13
22731,5701394,13
13494,2742784,13
19094,4414835,13
25247,6438528,13
13515,2750112,13
22706,5694644,13
13565,2769600,13
785,61646,13
1107,81589,13
21406,5323650,13
25509,6526071,13
26046,6626991,13
26041,6626010,13
5950,968547,13
5985,977331,13
15647,3430440,13
15674,3438274,13
9743,1901089,13
9797,1909355,13
20123,4936712,13
8891,1709123,13
22613,5668573,13
1984,154731,13
22637,5673979,13
22616,5668769,13
20196,4973960,13
11760,2277488,13
24920,6334459,13
21344,5300680,13
4810,570309,13
15723,3448896,13
2325,192938,13
15765,3459542,13
17686,3963766,13
1092,80750,13
9877,1922837,13
11919,2312951,13
7888,1502391,13
4321,470080,13
7754,1464723,13
7807,1476831,13
13248,2655576,13
11931,2315616,13
763,60143,13
936,71508,13
5710,895548,13
15829,3473386,13
25533,6533866,13
1746,133826,13
5755,908750,13
15883,3492172,13
17624,3949011,13
15941,3507215,13
24916,6332882,13
26298,6665684,13
25754,6583308,13
19388,4560643,13
13147,2626050,13
8770,1687846,13
8791,1690698,13
9939,1935552,13
25936,6615237,13
5575,852159,13
16211,3573900,13
26915,6724143,13
9999,1951520,13
22098,5535035,13
602,45209,13
25160,6411711,13
607,45764,13
22425,5618282,13
12953,2564572,13
13029,2590290,13
8719,1675108,13
970,74558,13
989,75775,13
23935,6057728,13
23917,6052197,13
17463,3904420,13
16338,3611192,13
2460,208267,13
2473,209275,13
5399,791607,13
5415,796865,13
17416,3887273,13
10492,2034457,13
10062,1966169,13
16420,3633066,13
16431,3635835,13
2438,205016,13
17260,3847831,13
16495,3654098,13
16515,3661144,13
3817,398357,13
22096,5534782,13
2168,171255,13
4309,467883,13
22334,5595099,13
19481,4589922,13
26673,6696883,13
24584,6235695,13
12877,2535082,13
12910,2550598,13
12684,2480422,13
8365,1592836,13
22299,5585243,13
3256,324660,13
8628,1642271,13
24654,6255965,13
10436,2021918,13
3753,389808,13
24873,6319912,13
1835,143436,13
24236,6143626,13
26960,6728183,13
17233,3841114,13
5261,760528,13
25948,6617333,13
10292,1996636,13
24153,6119537,13
3796,395230,13
16978,3784234,13
5019,675319,13
16816,3740066,12
24207,6135438,12
14884,3216700,12
5098,714036,12
14846,3203444,12
24146,6118211,12
31,2255,12
1010,76912,12
3855,404095,12
3827,400848,12
24081,6103911,12
5206,738635,12
15606,3419659,12
26981,6730472,12
25956,6618194,12
1581,121196,12
2765,251253,12
18240,4086957,12
14862,3209816,12
13241,2653540,12
7795,1473750,12
5983,975697,12
25497,6521600,12
13356,2695793,12
25219,6425393,12
7682,1452039,12
20965,5201482,12
2042,161426,12
26422,6678160,12
2101,166071,12
10462,2028424,12
10008,1954043,12
1041,78572,12
15663,3434593,12
15646,3430192,12
8039,1534274,12
22399,5611893,12
22395,5611062,12
12985,2575716,12
22355,5601594,12
1991,155489,12
15522,3395322,12
8104,1543602,12
19465,4578825,12
24905,6329108,12
14743,3174571,12
14733,3170639,12
6622,1126607,12
1603,122870,12
12865,2529978,12
8093,1542409,12
19494,4592274,12
19524,4600180,12
26236,6654005,12
8300,1579192,12
8265,1571216,12
632,47436,12
1996,156059,12
22642,5674423,12
23577,5964525,12
15462,3378509,12
15443,3373765,12
15434,3371842,12
17875,4002456,12
7535,1404159,12
4432,498453,12
21339,5299504,12
9817,1913011,12
25859,6601629,12
24222,6139228,12
5279,764258,12
24040,6090478,12
10743,2081964,12
2823,261400,12
14596,3130072,12
18443,4136902,12
4635,530250,12
18398,4126363,12
919,70161,12
1348,100767,12
5941,965658,12
23677,5983878,12
17696,3966479,12
19479,4588687,12
26889,6721484,12
15720,3448418,12
8363,1591838,12
22248,5572098,12
25776,6588335,12
23561,5960570,12
26176,6646745,12
12403,2414915,12
16563,3671766,12
24931,6338155,12
20816,5169711,12
10744,2082104,12
9650,1881496,12
9612,1869675,12
14495,3098886,12
9691,1890146,12
3889,409587,12
3887,409553,12
519,38630,12
24496,6215365,12
17929,4011252,12
13544,2760176,12
14933,3230911,12
14930,3229613,12
20774,5160295,12
24785,6293737,12
5361,782816,12
25251,6440044,12
19100,4418086,12
8531,1622652,12
22188,5558694,12
25923,6613749,12
25795,6591458,12
19973,4868286,12
19985,4869478,12
19914,4854654,12
12205,2371021,12
8540,1624153,12
23751,6004390,12
15840,3475380,12
22760,5712473,12
8751,1683214,12
4842,577993,12
1778,137758,12
5685,887663,12
20710,5146496,12
21520,5357023,12
9634,1877966,12
21485,5347114,12
21480,5346012,12
1635,124571,12
14333,3048978,12
2874,271007,12
6711,1147223,12
23186,5858728,12
2889,273551,12
1139,84888,12
9494,1835411,12
24249,6147555,12
16444,3639389,12
110,9131,12
5410,795800,12
14267,3033049,12
16524,3662725,12
5383,788177,12
26286,6663744,12
8626,1642027,12
26626,6692239,12
15217,3314220,12
293,20945,12
22815,5732488,12
514,38331,12
25326,6464443,12
18676,4219061,12
11095,2140613,12
11055,2134545,12
20565,5118323,12
1532,117129,12
8819,1699340,12
8753,1683557,12
26607,6690348,12
22910,5762171,12
8745,1681764,12
5643,868793,12
5630,864052,12
15888,3493312,12
1883,147214,12
11841,2298455,12
20543,5112645,12
20506,5106685,12
24986,6356335,12
25819,6595440,12
2730,246296,12
2751,249938,12
18190,4072332,12
23105,5837251,12
26114,6636483,12
11932,2315653,12
20112,4929729,12
11784,2282394,12
26731,6706068,12
18977,4351959,12
22897,5758118,12
7177,1294368,12
7168,1292112,12
7153,1288049,12
25811,6593891,12
1153,86152,12
9250,1764093,12
5466,812134,12
16389,3625645,12
11149,2150731,12
855,66071,12
2458,207914,12
1826,142770,12
7142,1282697,12
4109,434516,12
26907,6723401,12
26905,6723187,12
15968,3515295,12
6306,1058622,12
18130,4057922,12
17469,3906188,12
16156,3559401,12
16091,3542947,12
17521,3921470,12
809,63126,12
20417,5087868,12
26349,6672101,12
9143,1748489,12
1612,123188,12
6329,1063039,12
11480,2217786,12
20373,5071238,12
4094,432269,12
21782,5443082,12
9109,1743950,12
9104,1742927,12
5531,843174,12
17548,3928568,12
16188,3568981,12
13881,2885931,12
1512,115040,12
18104,4051827,12
26326,6669863,12
777,61129,12
11677,2259443,12
2016,158398,12
21879,5468216,12
26577,6688339,12
11547,2228814,12
26317,6669183,12
11492,2220285,12
18139,4059545,12
6337,1064434,12
3014,295412,12
20340,5053493,12
20437,5093033,12
20433,5091857,12
18262,4092159,12
10117,1976701,12
21218,5267542,12
10031,1958050,12
21172,5252768,12
10149,1980758,12
10199,1986843,12
2400,199813,12
24580,6234394,12
7992,1526998,12
8016,1530758,12
13020,2586995,12
12,624,12
3792,394793,12
10266,1993370,12
10251,1992357,12
16858,3751678,12
2358,195639,11
16919,3766113,11
24113,6110561,11
17161,3825706,11
21140,5246159,11
19327,4542976,11
13040,2594476,11
24057,6095838,11
5254,758415,11
25950,6617504,11
1576,120886,11
26700,6700804,11
26695,6699004,11
15693,3442269,11
17789,3987245,11
22589,5661358,11
22586,5660802,11
7730,1460443,11
22603,5665008,11
19307,4525009,11
7874,1498220,11
7663,1446118,11
7656,1444055,11
20404,5083598,11
6344,1065008,11
26076,6631494,11
21800,5449420,11
2544,218673,11
16002,3521934,11
6984,1243117,11
778,61133,11
11624,2244765,11
24698,6267920,11
23484,5942359,11
23481,5941733,11
15264,3327322,11
11602,2240525,11
26324,6669466,11
26321,6669313,11
2475,209365,11
16215,3574285,11
13966,2916378,11
13960,2914056,11
7139,1281488,11
20204,4977674,11
21928,5479903,11
5572,851341,11
5587,854026,11
5552,847532,11
17621,3948205,11
7118,1278191,11
5550,847336,11
4876,584775,11
299,21172,11
26565,6687720,11
9385,1797311,11
9312,1778736,11
14175,2994883,11
14999,3255419,11
6888,1216301,11
4579,522073,11
11950,2319503,11
8976,1716931,11
18978,4352489,11
18975,4351652,11
13689,2811842,11
2724,245264,11
25301,6454968,11
25426,6493819,11
3541,364153,11
21694,5410025,11
26605,6690195,11
12005,2329665,11
22860,5746167,11
18986,4356337,11
24664,6257714,11
4150,438202,11
4163,440569,11
15881,3491038,11
17650,3955351,11
13643,2792914,11
1990,155411,11
1510,114991,11
3420,347191,11
11847,2299813,11
11827,2292073,11
9387,1797972,11
18759,4251507,11
3602,372797,11
20607,5124427,11
20605,5124260,11
11088,2139112,11
3567,367843,11
14438,3082565,11
23122,5841092,11
4605,526059,11
20022,4884768,11
20009,4878928,11
12041,2334396,11
12019,2331634,11
8664,1652757,11
24674,6259589,11
2013,157601,11
18621,4192134,11
26522,6683568,11
4903,590513,11
18645,4204704,11
4931,595722,11
20672,5138294,11
22080,5525882,11
26263,6660284,11
26627,6692342,11
7338,1344667,11
2722,245008,11
15223,3315336,11
15237,3319891,11
22883,5755040,11
19037,4389025,11
468,35422,11
8550,1626021,11
26634,6692596,11
8428,1605627,11
8453,1609584,11
289,19901,11
6186,1029585,11
25537,6536931,11
7432,1370814,11
22727,5700524,11
19071,4402945,11
21538,5362051,11
18577,4174724,11
2252,182437,11
2876,271154,11
2774,253136,11
14921,3226175,11
13499,2744510,11
23372,5913058,11
6440,1087283,11
913,69977,11
10890,2105778,11
20751,5155365,11
5357,782042,11
25616,6551042,11
17315,3862039,11
17306,3859162,11
16516,3661163,11
16473,3648732,11
215,16327,11
5838,937742,11
5800,922089,11
5824,933580,11
10866,2102256,11
10828,2095442,11
9643,1880221,11
376,27584,11
934,71450,11
25117,6398071,11
24621,6246389,11
26035,6625456,11
15822,3471656,11
17692,3965387,11
26714,6702662,11
19149,4446634,11
2663,235184,11
15317,3341019,11
19066,4400838,11
22793,5724297,11
24602,6239914,11
8194,1556977,11
17703,3968625,11
6124,1013577,11
8376,1596165,11
25771,6588040,11
19593,4618644,11
8452,1609404,11
19721,4749477,11
26172,6646277,11
7602,1427012,11
26154,6643160,11
1302,96949,11
3305,332101,11
19744,4777743,11
16585,3675031,11
5256,759318,11
9866,1920743,11
10590,2055283,11
14637,3141797,11
18429,4134448,11
14555,3118526,11
18354,4113889,11
18382,4121586,11
18377,4120980,11
23146,5846394,11
14529,3108854,11
20856,5178033,11
3080,305524,11
13396,2709158,11
12726,2490680,11
25873,6604229,11
25230,6427917,11
19212,4475963,11
13311,2680295,11
26243,6655380,11
12744,2495488,11
17847,3997338,11
17811,3990835,11
7530,1402052,11
1452,110030,11
2416,201519,11
2437,204817,11
2428,203163,11
1844,144225,11
5293,766596,11
5262,760602,11
9719,1894880,11
10653,2067621,11
20895,5187343,11
20920,5192964,11
23232,5873918,11
23239,5875296,11
2827,261602,11
4641,531562,11
6513,1101884,11
6472,1093915,11
23373,5913228,11
19470,4580567,11
25868,6603893,11
22317,5589451,11
8181,1555335,11
26668,6696106,11
4788,565400,11
7637,1440261,11
10542,2044728,11
20975,5204184,11
20973,5204111,11
995,76142,11
2096,165423,11
1031,77978,11
10013,1954740,11
24810,6301237,11
3850,403557,11
8024,1531139,11
629,47129,11
24592,6236876,11
8026,1531677,11
2183,172594,11
10553,2046690,11
7800,1474829,11
2345,194343,11
5066,705358,11
17021,3791863,11
16727,3713614,11
21038,5216532,11
10404,2017195,11
16688,3701435,11
17219,3838466,11
17212,3837655,11
25672,6564464,11
246,17983,11
26884,6721213,11
26880,6720725,11
16625,3685551,11
16591,3677261,11
3519,358954,11
11503,2221581,11
18075,4045427,11
18074,4044984,11
15131,3294843,11
13850,2874001,11
13849,2872849,11
11488,2218718,11
17032,3794789,11
18264,4092947,11
10086,1971130,11
10407,2017588,11
10426,2020439,11
26438,6679190,11
10208,1988254,11
2365,196870,11
16863,3751961,10
24090,6107031,10
16667,3695253,10
25969,6619904,10
10350,2006035,10
21062,5224568,10
5165,731217,10
5170,731614,10
10227,1990059,10
1004,76523,10
24167,6124067,10
17113,3814112,10
2222,179441,10
26686,6698328,10
17253,3846720,10
16594,3678536,10
24200,6134321,10
1580,121075,10
23307,5894630,10
23305,5894065,10
23295,5890443,10
14890,3217467,10
14902,3221475,10
6550,1111134,10
20959,5200677,10
20954,5199367,10
9907,1927008,10
10465,2029557,10
2082,164663,10
10566,2050190,10
22320,5589726,10
8160,1551489,10
13328,2683252,10
13297,2673285,10
13295,2672550,10
1985,154801,10
1455,110236,10
6070,1001261,10
24295,6159440,10
1900,148561,10
22401,5613100,10
12939,2559307,10
12962,2567958,10
4300,466944,10
19323,4541807,10
13231,2649532,10
12805,2512699,10
12802,2512086,10
12796,2509077,10
8123,1546421,10
12671,2476198,10
8342,1587575,10
3258,324884,10
1976,154166,10
4386,484485,10
4406,489505,10
17861,3999828,10
1684,128370,10
24313,6164433,10
19434,4571861,10
19463,4578474,10
8080,1539605,10
25128,6400678,10
12712,2488121,10
19590,4615382,10
7621,1434406,10
7538,1406988,10
13384,2704376,10
13368,2701098,10
544,40662,10
634,47664,10
8196,1557051,10
4800,567643,10
24306,6162128,10
5902,956954,10
17706,3969351,10
15763,3459002,10
12835,2521176,10
690,56210,10
8446,1608868,10
4251,455652,10
5907,958397,10
2595,226022,10
19151,4447060,10
7484,1390736,10
4414,491146,10
1657,126080,10
15382,3357429,10
15350,3349525,10
17968,4018892,10
15287,3332632,10
4821,572310,10
5908,958887,10
26651,6694470,10
17659,3957683,10
15860,3482813,10
22752,5708599,10
1488,113170,10
3070,304549,10
25891,6607607,10
22820,5734208,10
13486,2740342,10
24277,6154497,10
4823,573028,10
19876,4845123,10
4205,446709,10
4222,449884,10
12437,2425547,10
3287,329534,10
12549,2451558,10
8611,1640557,10
8619,1641154,10
8585,1633036,10
26267,6660905,10
2306,190528,10
25453,6506454,10
15207,3311503,10
6241,1041469,10
6261,1048165,10
4728,549578,10
26056,6628091,10
19984,4869439,10
25793,6591088,10
25101,6394375,10
718,57238,10
15875,3488896,10
1788,138498,10
13650,2796176,10
19003,4363287,10
1479,112235,10
7350,1348142,10
19017,4371084,10
19045,4391504,10
508,37814,10
7348,1347809,10
4470,506948,10
12062,2340093,10
24675,6259702,10
12004,2329624,10
5693,890605,10
5661,880016,10
22085,5529554,10
26598,6689778,10
11888,2306438,10
1207,90065,10
1236,92419,10
1222,91581,10
18974,4351552,10
24472,6205883,10
4499,511380,10
7189,1297802,10
22870,5750365,10
25273,6445990,10
15895,3495275,10
15891,3494476,10
17653,3955804,10
5625,863363,10
1793,138845,10
11654,2252492,10
6247,1042819,10
7160,1289916,10
13808,2854947,10
13763,2842110,10
22931,5769471,10
3035,298608,10
3030,297573,10
11797,2285293,10
11793,2284659,10
20198,4975629,10
24684,6264054,10
25552,6539766,10
15950,3509624,10
23842,6028694,10
11850,2300548,10
11589,2237744,10
11562,2232448,10
9097,1740630,10
4115,434970,10
21833,5457583,10
3507,357643,10
7119,1278279,10
13820,2860537,10
24450,6199385,10
1540,117846,10
6325,1061525,10
6313,1060065,10
4882,586698,10
21850,5462239,10
1191,88972,10
11728,2271281,10
2992,291171,10
2961,286458,10
2954,284300,10
18863,4288166,10
14038,2947453,10
18817,4267586,10
13988,2923877,10
4528,514971,10
26929,6725667,10
26554,6687313,10
9161,1750665,10
21801,5449518,10
20280,5024264,10
17547,3928489,10
3472,352095,10
25023,6369392,10
4012,422209,10
24757,6287323,10
21637,5391974,10
14210,3012693,10
14173,2994315,10
6928,1225633,10
18173,4067736,10
14973,3242117,10
1651,125811,10
11381,2197831,10
1151,85938,10
1145,85642,10
9253,1764348,10
24259,6148904,10
23921,6053000,10
2471,208998,10
14362,3059005,10
23031,5805524,10
18717,4236909,10
25323,6463050,10
440,32469,10
14049,2950748,10
11076,2137854,10
24980,6354766,10
9441,1816441,10
4014,422713,10
21528,5358963,10
1113,82375,10
25593,6543795,10
26541,6685698,10
839,64653,10
9380,1796661,10
10975,2121414,10
10932,2112928,10
3983,419315,10
21473,5343866,10
18547,4166278,10
14371,3062315,10
24437,6196598,10
18602,4179553,10
11050,2134112,10
25825,6596811,10
20651,5132134,10
24771,6288867,10
21592,5377033,10
4914,592126,10
4908,591417,10
23957,6065048,10
14457,3087279,10
23187,5858910,10
14924,3226957,10
4672,535678,10
23384,5915496,10
6438,1086855,10
915,70086,10
20745,5154490,10
26382,6673966,10
26381,6673931,10
3978,418887,10
5370,784929,10
26963,6728684,10
4925,595190,10
5387,789821,10
24776,6290676,10
9779,1905401,10
9758,1902987,10
21384,5314103,10
9749,1902055,10
9717,1894398,10
21429,5330988,10
26489,6681843,10
21341,5300385,10
3681,382647,10
25381,6477612,10
14718,3168636,10
24392,6184595,10
6687,1142460,10
18456,4140391,10
10745,2082380,10
2069,163669,10
10567,2050250,10
26475,6680944,10
10620,2061171,10
9980,1946447,10
10003,1952638,10
26815,6713997,10
25402,6483775,10
2799,257777,10
25392,6481771,10
18321,4107294,10
18314,4105855,10
25919,6612539,10
25856,6601417,10
5330,775102,10
24031,6088117,10
21372,5310510,10
3163,313044,10
16861,3751744,10
6599,1122099,10
327,23337,10
350,25251,10
14805,3191972,10
6591,1121279,10
10109,1975960,10
10461,2027561,10
10412,2018658,10
10053,1964288,10
10041,1961600,10
21232,5271808,10
10187,1986051,10
17234,3841642,10
99,8459,10
25766,6586158,10
13161,2629947,10
19309,4525362,10
17787,3986888,10
15603,3419109,10
26883,6721159,10
15732,3451691,10
15710,3446087,10
15709,3445499,10
6010,981400,10
7771,1469148,10
22568,5654319,10
1444,109322,10
4374,481817,10
7690,1453506,10
22516,5643882,10
16959,3780862,9
27010,6733042,9
10311,1998996,9
3783,394030,9
10204,1988028,9
10223,1989965,9
21176,5254204,9
10180,1984507,9
10495,2035517,9
10498,2036043,9
10424,2020014,9
10408,2017753,9
5249,756138,9
5285,764767,9
26973,6729702,9
16604,3681849,9
3852,403780,9
24809,6301218,9
10450,2025658,9
3736,387916,9
3738,388307,9
2099,165746,9
18601,4179254,9
6805,1186246,9
4603,525944,9
18501,4150583,9
26768,6710626,9
18591,4177364,9
2253,182481,9
23414,5923215,9
1625,124210,9
6484,1095575,9
26811,6713836,9
26812,6713885,9
4614,526968,9
4589,524295,9
401,30339,9
18454,4139999,9
18143,4060803,9
322,23146,9
313,22542,9
18823,4269830,9
18795,4258427,9
13888,2887814,9
15079,3278928,9
26074,6630965,9
6388,1075182,9
18198,4074291,9
14184,3000506,9
6944,1232689,9
23032,5806439,9
26115,6636568,9
6858,1209236,9
4594,524934,9
23476,5941347,9
23462,5938742,9
4726,549396,9
22984,5787320,9
26127,6638328,9
7086,1270729,9
4524,514622,9
13824,2861277,9
13802,2853985,9
13831,2864249,9
22949,5774217,9
15096,3283580,9
25441,6502101,9
18048,4036284,9
15042,3266587,9
18155,4063823,9
7318,1337172,9
7327,1340286,9
7171,1293234,9
4472,507196,9
7127,1278964,9
22954,5775403,9
4514,513976,9
25910,6610638,9
13775,2845836,9
18950,4337635,9
18919,4323737,9
15270,3327998,9
6250,1044113,9
1668,126886,9
6291,1054174,9
23470,5940760,9
13510,2747901,9
7493,1392910,9
4448,501127,9
13536,2756850,9
19077,4404577,9
7424,1367372,9
23528,5953037,9
7332,1342345,9
7334,1344384,9
4464,503763,9
13577,2772255,9
19044,4391147,9
7357,1349513,9
19018,4371373,9
3039,299300,9
7282,1326191,9
7494,1393008,9
7464,1384943,9
7519,1399637,9
1447,109648,9
22679,5681900,9
7531,1402274,9
22678,5681879,9
23562,5960578,9
23546,5957198,9
23553,5958831,9
6138,1016170,9
17960,4017009,9
15342,3347054,9
7475,1387741,9
24495,6214685,9
7483,1390705,9
6026,986605,9
6082,1003809,9
1681,128109,9
22636,5673787,9
19230,4481615,9
19217,4476771,9
13321,2681686,9
6103,1008943,9
17826,3993263,9
17827,3993321,9
17804,3989883,9
22645,5675832,9
19175,4458817,9
19179,4460750,9
13383,2704084,9
3084,305830,9
579,43654,9
7826,1482261,9
7890,1502890,9
7895,1504865,9
3140,311402,9
7701,1456075,9
7671,1448554,9
24558,6228583,9
26192,6648207,9
26195,6648683,9
25478,6513564,9
6013,982219,9
5993,979856,9
23625,5973506,9
23632,5974612,9
4781,564711,9
26674,6697359,9
12884,2536802,9
3218,322208,9
8108,1544169,9
4306,467651,9
12959,2567303,9
2188,173053,9
3200,320766,9
6001,980586,9
15642,3429830,9
15678,3439738,9
19300,4517704,9
13170,2633218,9
13056,2598918,9
4365,480091,9
13252,2658150,9
23750,6004387,9
19715,4740533,9
19676,4696703,9
19763,4825861,9
19594,4619063,9
19602,4621094,9
12578,2457312,9
25111,6396765,9
26658,6695174,9
26256,6659312,9
5918,960098,9
15727,3450514,9
23702,5990562,9
26215,6650932,9
8146,1549410,9
8170,1553307,9
26273,6661778,9
12162,2361058,9
3372,342105,9
25087,6387615,9
25089,6387737,9
22172,5553470,9
22177,5554187,9
8500,1617303,9
4238,452393,9
3319,333841,9
1306,97173,9
1312,97684,9
15753,3456449,9
15762,3458669,9
15770,3459825,9
2567,221802,9
4158,439911,9
12078,2343147,9
3367,341719,9
22040,5509519,9
22104,5536895,9
8589,1634086,9
24661,6257254,9
8649,1648151,9
8653,1649367,9
8662,1651957,9
26293,6664711,9
15857,3481717,9
2581,223975,9
25530,6532828,9
23778,6011911,9
24284,6155788,9
8967,1715668,9
20090,4918585,9
11972,2324497,9
20153,4955682,9
26589,6689321,9
26590,6689325,9
25057,6377970,9
4874,584462,9
15903,3496792,9
15889,3494372,9
22007,5498538,9
11961,2321516,9
734,58306,9
3389,343326,9
8675,1658196,9
24666,6257748,9
9120,1745337,9
20331,5047463,9
21829,5456961,9
11549,2229868,9
20325,5045469,9
26325,6669560,9
11697,2264151,9
20236,4998727,9
9035,1724894,9
23871,6034612,9
26917,6724365,9
2526,215999,9
25538,6536940,9
8945,1714263,9
8923,1711503,9
8998,1719886,9
20516,5108800,9
11354,2193590,9
11365,2195365,9
21662,5400923,9
20341,5054771,9
9168,1751711,9
4045,427554,9
21727,5419553,9
20396,5080236,9
11433,2208575,9
3529,361279,9
16171,3563030,9
2496,212088,9
17573,3936600,9
16081,3540799,9
5541,845353,9
1117,83024,9
4006,421894,9
24966,6349569,9
20642,5131006,9
20562,5116549,9
21670,5403957,9
11273,2176037,9
842,64821,9
11297,2183353,9
16200,3571022,9
17443,3897886,9
17445,3898982,9
17446,3899167,9
16284,3596743,9
1814,141395,9
9241,1762018,9
3980,419168,9
10917,2110780,9
10942,2115267,9
10996,2125096,9
3609,373330,9
2124,167883,9
20684,5140631,9
9572,1860510,9
9604,1868331,9
24779,6292149,9
4921,593521,9
4926,595406,9
114,9283,9
5426,799227,9
9431,1813218,9
9434,1814491,9
21332,5298614,9
9694,1891017,9
9706,1893269,9
3952,416025,9
9736,1900570,9
9608,1868694,9
21460,5339362,9
20792,5163573,9
10825,2095023,9
20799,5165669,9
25830,6597650,9
2104,166364,9
25691,6569244,9
16499,3654735,9
16511,3659804,9
16523,3662492,9
21306,5293587,9
21275,5286932,9
3865,405417,9
10546,2045140,9
10675,2071684,9
20887,5185654,9
20890,5186459,9
10557,2048598,9
5282,764453,9
24028,6087631,9
5331,775234,9
17288,3855170,9
24796,6297967,9
10714,2077688,9
10760,2084867,9
9855,1918503,9
40,3099,9
5102,715193,9
24140,6116796,9
16872,3753289,9
17069,3803750,9
5090,712356,9
24102,6109126,9
16689,3701441,9
25641,6556471,9
86,7492,9
5234,751330,9
24076,6101525,9
25959,6618465,9
10122,1977208,9
21203,5263380,9
3776,393383,9
25355,6470933,9
14551,3117381,9
24406,6187876,9
18425,4132922,9
23185,5858692,9
6606,1124556,9
25390,6481069,9
6638,1130469,9
23364,5910647,9
24378,6180693,9
6581,1118446,9
18276,4096824,9
6604,1124253,9
17089,3808527,9
16830,3743374,9
17165,3826505,9
24175,6126947,8
5035,684999,8
13000,2580945,8
24188,6130206,8
24662,6257613,8
4174,442408,8
4177,442588,8
8593,1636004,8
309,21868,8
8576,1631006,8
8539,1624150,8
18027,4031999,8
8530,1622501,8
22130,5541660,8
22034,5507779,8
18099,4051178,8
18095,4049840,8
4200,445491,8
8731,1678145,8
12978,2573529,8
5079,710414,8
19426,4569260,8
26309,6667956,8
22176,5553979,8
15112,3288714,8
15104,3287210,8
8787,1690324,8
8821,1699548,8
26259,6659873,8
26261,6660244,8
26262,6660259,8
267,19188,8
8878,1707464,8
12998,2580868,8
16928,3772882,8
18166,4066109,8
15060,3272513,8
8334,1586380,8
15035,3264566,8
15037,3264811,8
15041,3266461,8
21907,5475437,8
17953,4015546,8
2292,188742,8
8310,1581229,8
2014,157993,8
8983,1717796,8
24700,6269639,8
8237,1565514,8
22280,5578656,8
12925,2555145,8
3159,312987,8
1872,146529,8
2214,177622,8
615,46097,8
14976,3242606,8
9045,1726518,8
8206,1559092,8
8199,1557764,8
8220,1561921,8
21803,5451329,8
21774,5439314,8
26854,6718519,8
22329,5592599,8
26330,6670217,8
8168,1553058,8
24193,6131541,8
8158,1551205,8
8162,1551616,8
17904,4006602,8
8124,1546484,8
14934,3230951,8
4263,458636,8
22369,5604532,8
4073,430436,8
9191,1755086,8
9198,1756437,8
2806,258790,8
9259,1764832,8
1374,102471,8
22375,5605642,8
4285,463734,8
5046,693122,8
5136,724783,8
3249,324306,8
1161,86645,8
17870,4001624,8
8025,1531381,8
8047,1535533,8
9356,1791571,8
18258,4091025,8
18261,4092027,8
22391,5609506,8
4335,474202,8
4336,474263,8
17860,3999452,8
18291,4101718,8
22432,5620822,8
3233,322975,8
4315,468994,8
15490,3386584,8
336,24205,8
9445,1817848,8
14804,3191870,8
9425,1811914,8
17830,3993845,8
17821,3992515,8
15531,3398599,8
7934,1514080,8
21557,5366551,8
14748,3176365,8
1400,104971,8
18331,4109129,8
3988,419679,8
9549,1853207,8
7875,1498293,8
15586,3414005,8
19483,4590161,8
2815,260604,8
21506,5352927,8
14714,3167327,8
15585,3413767,8
234,17574,8
26872,6720225,8
14697,3161507,8
21455,5338172,8
21459,5339233,8
15604,3419197,8
22571,5654963,8
14647,3143760,8
21423,5329797,8
22597,5663144,8
1086,80583,8
21416,5328071,8
24538,6223945,8
9777,1905314,8
22628,5671549,8
17774,3984035,8
24794,6297751,8
1071,79898,8
9831,1914616,8
15672,3437660,8
15677,3439542,8
14582,3125854,8
7613,1430561,8
7589,1424219,8
5183,733858,8
22671,5681194,8
18451,4139803,8
14543,3112778,8
7580,1421101,8
21298,5291513,8
7529,1400967,8
22684,5682839,8
22685,5683268,8
22672,5681359,8
15712,3446177,8
403,30511,8
24526,6221473,8
24534,6223085,8
22683,5682104,8
9983,1947816,8
24813,6302447,8
383,28236,8
7477,1388901,8
7451,1379090,8
15739,3453403,8
24504,6216625,8
10016,1955232,8
14517,3105411,8
14476,3094023,8
7476,1388103,8
10045,1962634,8
2855,267162,8
10055,1964547,8
7397,1358128,8
10142,1979977,8
25890,6607493,8
19543,4604208,8
19582,4613737,8
4989,638558,8
22805,5728653,8
14398,3071193,8
21171,5252697,8
15790,3463775,8
22827,5736177,8
26432,6678838,8
24842,6312047,8
21155,5248769,8
14422,3078447,8
18535,4162193,8
21127,5242862,8
7252,1316199,8
13188,2639164,8
24050,6094436,8
25883,6605881,8
22864,5747393,8
7255,1317205,8
7195,1299578,8
2247,182109,8
14314,3043666,8
21064,5224944,8
10338,2002612,8
18567,4172850,8
1506,114812,8
25527,6532150,8
22888,5755529,8
3773,393332,8
4490,509731,8
13177,2635450,8
209,15346,8
25346,6469767,8
10444,2024107,8
10449,2025087,8
14252,3027820,8
2552,220294,8
14261,3030364,8
21009,5211275,8
22969,5780755,8
25899,6608738,8
15896,3495417,8
17607,3944679,8
10529,2042104,8
431,31965,8
15911,3499772,8
10579,2053084,8
24906,6329253,8
24914,6332716,8
10594,2055938,8
18690,4226226,8
171,12439,8
23071,5827507,8
10623,2062046,8
23060,5822548,8
17585,3939661,8
18712,4235939,8
26482,6681508,8
26485,6681607,8
1556,119554,8
15997,3520675,8
24424,6195056,8
10668,2071045,8
3713,385293,8
12654,2473027,8
12618,2466145,8
17107,3812323,8
14165,2990801,8
1533,117198,8
25333,6466655,8
18716,4236863,8
10724,2079042,8
20874,5182805,8
23102,5836130,8
6862,1211199,8
6844,1205296,8
6846,1205687,8
25564,6541371,8
24421,6194233,8
19619,4623672,8
3128,310248,8
5304,769020,8
26500,6682088,8
3673,381384,8
3664,380495,8
17527,3923279,8
10849,2099297,8
16094,3543714,8
3661,380074,8
1585,121395,8
1589,122053,8
25733,6577434,8
18790,4257604,8
14059,2952962,8
1572,120587,8
17525,3922125,8
4998,656436,8
17526,3922527,8
6688,1142687,8
26508,6682520,8
10924,2111882,8
16077,3539731,8
17520,3921091,8
6620,1126117,8
10964,2119500,8
26752,6708712,8
2944,283416,8
3651,379375,8
16148,3557523,8
17486,3909888,8
18815,4267226,8
17138,3817887,8
11037,2132065,8
11077,2137924,8
3637,377985,8
13965,2915640,8
13952,2909356,8
20570,5118956,8
20582,5120615,8
4669,535496,8
4701,543130,8
2974,288544,8
20546,5113066,8
26538,6685224,8
26545,6686174,8
23394,5917643,8
24233,6141994,8
25116,6398039,8
23987,6074617,8
23409,5921153,8
24985,6356129,8
24990,6358289,8
4679,536476,8
4683,536998,8
23404,5919408,8
17440,3896485,8
847,65054,8
6361,1068129,8
23460,5937840,8
20487,5103193,8
23438,5930435,8
23445,5933560,8
5407,794750,8
4950,603998,8
3515,358666,8
3516,358734,8
18929,4326912,8
24348,6174735,8
24349,6174886,8
20407,5083910,8
6297,1055319,8
2516,214887,8
16289,3597481,8
2986,290261,8
23480,5941692,8
1916,149720,8
6260,1048082,8
13790,2850767,8
18941,4332922,8
1931,150746,8
25114,6397704,8
19687,4719033,8
19693,4719851,8
11517,2224525,8
6224,1038152,8
16314,3602790,8
20360,5064399,8
20338,5052809,8
6229,1038466,8
23512,5949045,8
23524,5952010,8
6243,1042021,8
6210,1034351,8
3487,353653,8
4916,592392,8
11584,2236740,8
11587,2237218,8
25584,6543134,8
16369,3618605,8
25927,6614080,8
3469,351969,8
4764,559836,8
16348,3613174,8
11701,2265183,8
2153,170007,8
25022,6369060,8
11741,2273430,8
11745,2274866,8
19011,4368740,8
6056,996812,8
1824,142438,8
5404,793237,8
19030,4382905,8
6025,986388,8
11828,2292179,8
20157,4957012,8
6022,985506,8
5933,963362,8
20120,4934523,8
4826,573538,8
2137,168678,8
13575,2771438,8
5945,966278,8
5929,962162,8
20114,4930486,8
1728,131715,8
16476,3650104,8
692,56280,8
5467,813173,8
20102,4922083,8
11970,2324174,8
4816,570910,8
4822,572448,8
20069,4909039,8
13493,2742749,8
2242,181804,8
2243,181806,8
25739,6578329,8
2407,200503,8
19097,4416952,8
24280,6155257,8
2177,171926,8
19118,4430443,8
5464,811139,8
1764,134911,8
1739,132847,8
19133,4435566,8
12159,2360214,8
17249,3845034,8
25940,6615595,8
5727,900192,8
16606,3682101,8
5679,886753,8
555,41304,8
556,41352,8
17235,3841870,8
17237,3842746,8
12220,2373872,8
19746,4778813,8
5479,821398,8
5526,841485,8
24260,6149643,8
23826,6025102,8
1882,147083,8
12334,2397744,8
1768,135139,8
12325,2396703,8
685,55710,8
12330,2397247,8
12331,2397666,8
2418,201978,8
2420,202288,8
17183,3829832,8
13335,2688730,8
12406,2415674,8
15221,3314897,8
27033,6734233,8
16972,3783058,8
16986,3786152,8
10,381,7
16985,3785877,7
5032,682854,7
5041,689635,7
18061,4040931,7
8643,1645255,7
23905,6048220,7
23908,6050063,7
5,251,7
18054,4038998,7
4193,443708,7
303,21357,7
24676,6259944,7
18032,4032276,7
8534,1622862,7
25457,6507515,7
2279,185679,7
4135,437082,7
8494,1615879,7
8499,1616728,7
8502,1617397,7
19422,4568627,7
16965,3781894,7
12424,2420438,7
19786,4831312,7
16706,3706018,7
26687,6698454,7
20,891,7
22017,5499788,7
15106,3287431,7
18005,4028015,7
15272,3328252,7
8459,1610650,7
1227,91784,7
8814,1696936,7
8784,1690057,7
21986,5494721,7
5499,830296,7
19233,4482064,7
15071,3275806,7
17991,4025122,7
4126,435854,7
4159,439980,7
8858,1704616,7
8864,1705806,7
22221,5565522,7
17995,4026432,7
17997,4026511,7
18129,4057829,7
8421,1605247,7
8368,1593409,7
4262,458442,7
4231,450659,7
26639,6693140,7
25932,6614542,7
57,5110,7
17171,3827235,7
12379,2408844,7
8384,1597589,7
600,45164,7
2189,173083,7
24144,6117454,7
16922,3767875,7
16929,3773007,7
5094,713333,7
15058,3271965,7
8929,1712258,7
21927,5479825,7
8327,1584786,7
8332,1585849,7
12348,2401311,7
13319,2681380,7
15014,3258872,7
8936,1713104,7
26829,6715448,7
26831,6715917,7
22277,5578338,7
8298,1578917,7
25449,6504930,7
2736,246946,7
22264,5576254,7
22266,5576343,7
22289,5582484,7
21893,5471563,7
8279,1574405,7
19828,4838062,7
25236,6430135,7
3099,307428,7
19187,4464189,7
23861,6032706,7
21855,5463285,7
8270,1571921,7
8271,1572543,7
2201,175800,7
2203,175967,7
9054,1727740,7
21832,5457404,7
1339,99887,7
15392,3360246,7
8229,1563311,7
15363,3352428,7
9096,1740190,7
12316,2394522,7
5619,862299,7
16692,3702191,7
12320,2395928,7
12295,2390748,7
9126,1746228,7
18214,4079392,7
21822,5455514,7
17881,4003845,7
25410,6486194,7
25713,6572959,7
8142,1548841,7
8156,1550885,7
19458,4577286,7
17037,3796100,7
17039,3797214,7
9171,1751893,7
12257,2381510,7
4082,431559,7
21763,5434027,7
26839,6716987,7
8136,1548176,7
1992,155553,7
14904,3221717,7
4046,427737,7
26358,6672319,7
8109,1544903,7
9238,1761317,7
2804,258572,7
21706,5412240,7
1367,102253,7
8099,1542774,7
19447,4574879,7
24115,6110755,7
24128,6114288,7
9277,1767623,7
1395,104448,7
15469,3380568,7
21675,5404834,7
15452,3375223,7
15454,3376221,7
25710,6571787,7
25383,6477935,7
14879,3215932,7
22393,5609975,7
17845,3996975,7
15492,3386801,7
4303,467317,7
9321,1780652,7
535,39668,7
12219,2373846,7
12465,2430478,7
21626,5388814,7
21635,5391132,7
13087,2606246,7
13113,2615649,7
13118,2617164,7
17077,3805804,7
16894,3760043,7
18290,4101592,7
2291,188706,7
26366,6672850,7
18306,4104569,7
19162,4455579,7
3081,305590,7
13371,2701372,7
21579,5374539,7
9433,1813674,7
2791,256267,7
15558,3404703,7
26793,6712933,7
14783,3185648,7
26803,6713434,7
14750,3176478,7
14734,3171450,7
3968,417988,7
7851,1487666,7
2673,236983,7
9605,1868386,7
14725,3169736,7
22540,5648550,7
9571,1860151,7
9573,1860662,7
3362,340206,7
3363,340629,7
25095,6390557,7
2392,199074,7
21469,5342207,7
14685,3157087,7
9623,1874862,7
7802,1475152,7
360,25964,7
4353,477616,7
12807,2513085,7
12792,2506000,7
3085,305860,7
3088,306377,7
3092,307096,7
13401,2711085,7
16850,3748752,7
22573,5655849,7
26186,6647594,7
1106,81456,7
25372,6474808,7
2865,269606,7
15627,3424536,7
14605,3132194,7
22622,5669842,7
3923,412796,7
21382,5313855,7
9745,1901635,7
9782,1905805,7
1987,154984,7
4388,484616,7
12204,2370979,7
19911,4854216,7
26972,6729676,7
5698,891742,7
14610,3134447,7
18410,4128802,7
18422,4132283,7
7684,1452136,7
3897,410412,7
17757,3979777,7
1066,79660,7
15684,3441017,7
14559,3119304,7
12155,2359141,7
19936,4860615,7
26168,6645409,7
22633,5672346,7
4378,482702,7
7600,1426281,7
3879,407828,7
7612,1430362,7
15675,3439012,7
15705,3444496,7
14578,3125028,7
15698,3443343,7
25157,6409923,7
3264,325425,7
17737,3975481,7
15730,3451454,7
522,38987,7
21273,5285963,7
18466,4143523,7
7533,1403956,7
12774,2502621,7
578,43432,7
16867,3752378,7
21279,5289117,7
24821,6303582,7
7517,1399056,7
7500,1394090,7
7466,1385241,7
15704,3444274,7
15740,3453413,7
10017,1955419,7
21248,5276447,7
24817,6303205,7
19962,4866682,7
5759,909709,7
25510,6526706,7
14456,3087130,7
22708,5695290,7
10052,1964008,7
10027,1957650,7
26776,6711729,7
26781,6712156,7
22737,5702507,7
22743,5704788,7
2879,271551,7
14467,3091450,7
7426,1368249,7
18497,4150197,7
3826,400719,7
17687,3963767,7
14447,3085331,7
15791,3463925,7
24475,6207324,7
3823,399406,7
7308,1333374,7
3807,396145,7
7290,1328278,7
7292,1329203,7
7253,1316412,7
22872,5750856,7
12729,2491240,7
12737,2493816,7
13160,2629858,7
592,44829,7
17257,3847249,7
5783,914140,7
17083,3806708,7
25964,6619105,7
25886,6606697,7
22879,5752450,7
22857,5745910,7
22867,5748931,7
22902,5758585,7
7233,1310449,7
2277,185476,7
21089,5232467,7
186,14228,7
21081,5229968,7
18569,4173452,7
7226,1308067,7
4854,580354,7
24289,6157092,7
26761,6710006,7
10330,2001456,7
10332,2001560,7
10373,2011640,7
22899,5758281,7
17649,3955163,7
22912,5763975,7
22918,5766430,7
26141,6641058,7
4491,509940,7
7162,1290731,7
7144,1283009,7
12722,2490543,7
15920,3501056,7
5802,922385,7
23736,5999268,7
23740,6000239,7
5818,931582,7
23757,6005823,7
12084,2344485,7
7151,1287170,7
4516,514066,7
21028,5215014,7
10427,2021130,7
21000,5208435,7
22937,5771176,7
24857,6314990,7
10476,2031261,7
18652,4209464,7
20987,5206833,7
20989,5207624,7
1947,152000,7
2557,220666,7
10509,2038180,7
22985,5787566,7
4526,514859,7
25905,6609421,7
17636,3952625,7
20974,5204166,7
14241,3023786,7
2932,281858,7
12661,2474016,7
5289,766359,7
5297,767119,7
13192,2640505,7
19608,4622257,7
23019,5799342,7
23721,5995480,7
2450,207194,7
10547,2045159,7
959,73672,7
7025,1253427,7
7000,1246875,7
6981,1241041,7
17603,3943717,7
14196,3007350,7
15986,3518874,7
15989,3519060,7
20914,5191538,7
18700,4229245,7
10632,2063602,7
964,73981,7
966,74169,7
6908,1220747,7
11967,2323848,7
26025,6624551,7
16530,3663941,7
26903,6722971,7
26911,6723651,7
4551,517713,7
4553,518218,7
10687,2073915,7
10678,2072235,7
1816,141592,7
2191,173172,7
20873,5182513,7
14164,2990294,7
14135,2980751,7
25049,6375793,7
20100,4921623,7
11965,2322584,7
4807,569797,7
4809,569940,7
23079,5829891,7
25319,6461060,7
25329,6465174,7
20869,5181313,7
6866,1211906,7
3275,327427,7
3285,329383,7
3286,329461,7
25197,6420002,7
463,34582,7
26501,6682161,7
909,69576,7
23708,5992332,7
20086,4916864,7
17545,3927879,7
18751,4249021,7
18754,4250049,7
10793,2090313,7
6795,1185525,7
14095,2965129,7
6766,1176037,7
6802,1186111,7
6780,1180244,7
6783,1182259,7
2509,213883,7
20789,5163004,7
10832,2096122,7
18769,4254051,7
16739,3718759,7
25106,6395388,7
11922,2313267,7
11923,2313430,7
20108,4927228,7
3068,304410,7
17532,3924507,7
26933,6725897,7
6708,1146057,7
10895,2106489,7
10896,2106774,7
25727,6576303,7
20746,5154747,7
18773,4254898,7
12607,2463882,7
12609,2464662,7
12613,2465734,7
1703,130275,7
16502,3656858,7
20101,4921932,7
12563,2453260,7
23180,5857152,7
23197,5862742,7
20732,5152238,7
10938,2114537,7
6667,1136405,7
16124,3550399,7
17487,3910169,7
17494,3913234,7
23248,5878010,7
24387,6183981,7
19648,4636615,7
19060,4398342,7
13603,2779897,7
13576,2771718,7
5944,966232,7
20115,4930558,7
768,60499,7
26702,6701021,7
5342,778359,7
5343,778524,7
901,68994,7
18807,4266035,7
16169,3562648,7
23279,5885060,7
26091,6634516,7
24965,6349419,7
13985,2923670,7
1958,152752,7
24302,6160739,7
24303,6161351,7
25054,6376644,7
20149,4952277,7
5989,978998,7
25061,6379451,7
6536,1106201,7
6571,1116699,7
18852,4282497,7
16181,3565669,7
4651,532749,7
23340,5905179,7
13942,2906741,7
25580,6542493,7
23656,5979248,7
23644,5977145,7
13926,2900794,7
1615,123636,7
6459,1091797,7
13907,2894193,7
13908,2894652,7
11174,2153664,7
11231,2167140,7
18877,4292918,7
4667,534678,7
17462,3903567,7
153,11539,7
13893,2890872,7
13894,2891290,7
11296,2183275,7
6416,1082515,7
25035,6372945,7
2486,210550,7
20179,4965329,7
20477,5101188,7
23416,5923228,7
23424,5926372,7
23457,5937308,7
11353,2192908,7
11360,2194103,7
11366,2195592,7
20456,5097407,7
18910,4320039,7
23431,5928030,7
23444,5933348,7
6348,1066456,7
2399,199618,7
3296,330717,7
3324,334693,7
19679,4709425,7
6024,985676,7
23627,5974303,7
24227,6140372,7
3540,363957,7
20430,5090903,7
13809,2855085,7
25297,6454085,7
23486,5943290,7
11449,2211428,7
4711,546102,7
120,9398,7
13806,2854753,7
23497,5945949,7
836,64470,7
26559,6687527,7
20361,5064437,7
6034,990102,7
11794,2285054,7
19022,4372487,7
19025,4373744,7
6235,1039368,7
23489,5944207,7
25011,6364644,7
18935,4329792,7
24340,6171642,7
12528,2445616,7
16752,3723409,7
20342,5055267,7
5458,810174,7
5446,805786,7
1688,128855,7
16358,3616179,7
11553,2230745,7
6161,1025541,7
2999,293540,7
17125,3815882,7
12511,2442691,7
4913,592083,7
3007,294553,7
26062,6628971,7
17394,3882061,7
17398,3883350,7
11575,2235493,7
11580,2236056,7
13746,2835439,7
23559,5960340,7
13748,2836015,7
489,36746,7
16355,3614520,7
11631,2245876,7
3056,302944,7
20272,5019874,7
25046,6375695,7
13675,2804634,7
129,9972,7
19002,4363225,7
17024,3792280,7
27006,6732742,7
12993,2577910,7
13001,2581197,7
5056,697148,7
2329,193380,7
24649,6255103,7
15,749,6
24,1153,6
8617,1641045,6
8620,1641294,6
23897,6044140,6
23898,6044501,6
73,6194,6
5485,825077,6
16990,3787055,6
16988,3786451,6
25187,6417675,6
6041,992721,6
11747,2275977,6
26266,6660648,6
17025,3793686,6
26285,6663705,6
13028,2589732,6
12986,2575916,6
1273,95048,6
15197,3309835,6
13693,2813119,6
3040,299410,6
4777,564050,6
11690,2262783,6
2155,170142,6
2163,170751,6
20213,4982747,6
26581,6688526,6
18070,4043731,6
2698,241309,6
25447,6504164,6
8595,1636295,6
308,21679,6
8709,1672210,6
22048,5511991,6
3059,303118,6
11648,2250473,6
20249,5006775,6
25043,6374935,6
24670,6258931,6
8542,1624525,6
8527,1621155,6
22137,5544215,6
25458,6507577,6
8702,1670822,6
15170,3304723,6
18071,4043950,6
18078,4046472,6
18080,4046860,6
15119,3291452,6
15143,3298883,6
22021,5503477,6
13005,2582932,6
13034,2592719,6
16343,3612423,6
20274,5020786,6
23543,5956382,6
17373,3878206,6
5097,714019,6
16963,3781820,6
19783,4830955,6
5500,831398,6
13331,2685136,6
12951,2563515,6
24682,6263491,6
8774,1688772,6
15251,3323715,6
15252,3323750,6
21999,5496994,6
8781,1689588,6
8782,1689829,6
23969,6069074,6
1803,140103,6
25585,6543178,6
3020,296384,6
11632,2246228,6
11635,2246718,6
518,38602,6
15082,3279148,6
15124,3293632,6
8413,1603447,6
21974,5492077,6
8811,1696372,6
21975,5492100,6
6135,1015361,6
6137,1015888,6
6174,1028430,6
16422,3633228,6
23959,6065209,6
19810,4834665,6
13310,2679424,6
15110,3288630,6
8394,1599998,6
8395,1600120,6
22216,5565044,6
2011,157528,6
21952,5487027,6
15315,3340908,6
8867,1706236,6
15033,3264257,6
325,23288,6
297,21139,6
13256,2659651,6
13722,2825834,6
20310,5038127,6
821,63594,6
11596,2238987,6
8369,1593885,6
12390,2412812,6
4879,585416,6
8888,1708919,6
623,46925,6
19367,4556205,6
8905,1710445,6
8909,1710646,6
21932,5481153,6
8964,1715343,6
21921,5478639,6
21922,5478855,6
18955,4339774,6
18965,4346465,6
23530,5953285,6
23541,5955607,6
5405,793515,6
19701,4728107,6
12512,2442811,6
4268,459264,6
3320,333981,6
5559,848779,6
5567,850901,6
25649,6559220,6
2378,198036,6
3354,338619,6
793,61876,6
13742,2834002,6
6199,1032643,6
6201,1033488,6
8354,1590159,6
2020,158969,6
26827,6715261,6
15012,3258656,6
15376,3356532,6
8986,1718265,6
8988,1718820,6
21874,5467659,6
24697,6267702,6
15025,3261604,6
15028,3262899,6
2680,238485,6
8290,1576955,6
8266,1571616,6
2690,240227,6
16342,3612196,6
5429,800628,6
5460,810215,6
1689,128982,6
5576,852496,6
24704,6270838,6
12927,2555982,6
19358,4553756,6
2211,176870,6
4097,432785,6
8253,1569485,6
8261,1570394,6
8205,1559023,6
24604,6240057,6
25874,6604854,6
8217,1561420,6
1357,101274,6
12526,2444538,6
19688,4719091,6
23505,5947235,6
15365,3352658,6
19862,4843013,6
12284,2387616,6
12319,2395040,6
4098,432823,6
4114,434875,6
18194,4073036,6
9125,1745936,6
6234,1038971,6
1662,126411,6
11482,2217958,6
1936,151232,6
8195,1557020,6
26329,6670215,6
9128,1746402,6
8147,1549411,6
19437,4572692,6
19454,4576334,6
19366,4556118,6
24194,6131549,6
9132,1747129,6
21751,5427686,6
4079,430995,6
23836,6027822,6
19196,4466649,6
16669,3695513,6
17204,3835050,6
11772,2280826,6
11808,2288175,6
3454,350179,6
19854,4841733,6
9182,1754152,6
22349,5599163,6
14903,3221674,6
4287,465038,6
4265,459071,6
26229,6652551,6
9192,1755324,6
8132,1547532,6
21701,5411451,6
26352,6672179,6
9211,1757924,6
2789,255987,6
1918,149790,6
3015,295437,6
11475,2216583,6
26946,6726454,6
1146,85647,6
21709,5412463,6
14864,3210309,6
12899,2543345,6
12900,2544311,6
12879,2535225,6
13308,2678332,6
5506,833369,6
5451,806614,6
12234,2376161,6
12237,2377121,6
11387,2199744,6
25300,6454886,6
2985,290226,6
6266,1048893,6
6307,1058756,6
4884,587203,6
19471,4581133,6
21655,5397625,6
25709,6571680,6
1376,102662,6
8044,1535188,6
22417,5616050,6
8051,1536520,6
2779,253938,6
11421,2206256,6
24344,6173414,6
6285,1052374,6
11407,2202570,6
11444,2210750,6
20410,5085199,6
22403,5613266,6
14826,3199321,6
22412,5615206,6
9322,1780768,6
7982,1525714,6
4051,428137,6
13414,2714141,6
5670,883920,6
1886,147483,6
12464,2430392,6
19747,4779146,6
19727,4750739,6
19247,4491484,6
5413,796492,6
6321,1061131,6
13830,2863854,6
16268,3590645,6
1127,83961,6
7978,1524810,6
5187,734952,6
19337,4547329,6
3234,323035,6
26201,6649505,6
26205,6649749,6
2031,160131,6
18282,4099455,6
15510,3391123,6
15479,3384001,6
22470,5632282,6
14771,3182065,6
1921,150242,6
11829,2292197,6
19032,4386240,6
13608,2781300,6
13651,2796692,6
13654,2797222,6
16440,3638966,6
18296,4102880,6
19893,4849009,6
563,42004,6
9472,1825809,6
9448,1818648,6
7920,1511563,6
1120,83186,6
16260,3587333,6
26863,6719694,6
22481,5634478,6
7938,1515100,6
21544,5362930,6
9489,1831951,6
18312,4105282,6
18325,4107943,6
22491,5637944,6
22475,5632985,6
15533,3398870,6
15541,3400332,6
15542,3401074,6
21542,5362517,6
18337,4110120,6
26800,6713237,6
1426,107581,6
11306,2185493,6
829,64236,6
1610,123093,6
23425,5926469,6
6392,1076184,6
9524,1846858,6
3225,322587,6
19330,4543596,6
24208,6135637,6
2810,259804,6
17809,3990590,6
12201,2370427,6
1754,134142,6
23812,6021740,6
19886,4847245,6
16223,3577412,6
20479,5101252,6
20480,5101280,6
11290,2182392,6
16241,3581934,6
24572,6231890,6
14713,3166199,6
2831,262071,6
15548,3402024,6
26881,6720867,6
15582,3411944,6
21465,5341572,6
9654,1882399,6
21448,5336644,6
9659,1883017,6
160,11991,6
17328,3865239,6
11842,2298559,6
21437,5333269,6
3927,413267,6
3933,414320,6
3940,414866,6
3974,418644,6
363,26327,6
18366,4118462,6
14668,3151892,6
9675,1885133,6
18376,4120645,6
9685,1887433,6
21432,5332129,6
24552,6227186,6
23410,5921244,6
6415,1082462,6
6396,1076920,6
19513,4597196,6
13153,2628977,6
3094,307204,6
13426,2719662,6
1780,137807,6
577,43408,6
5222,743235,6
16846,3747947,6
370,26995,6
371,27025,6
22577,5656611,6
19665,4680557,6
23984,6073572,6
23988,6074667,6
21444,5335710,6
15610,3420458,6
15611,3420516,6
9682,1886507,6
1088,80612,6
7706,1456623,6
24801,6299602,6
24540,6224103,6
7729,1460094,6
3919,412483,6
21369,5309116,6
9786,1906395,6
9744,1901597,6
20531,5110859,6
11256,2172481,6
26536,6685159,6
13873,2883943,6
12183,2366403,6
5709,895443,6
4855,580463,6
4856,580820,6
14609,3133905,6
14583,3125861,6
15619,3422365,6
15654,3431687,6
17767,3982815,6
1997,156098,6
7646,1441874,6
16576,3673801,6
19955,4864228,6
2152,169952,6
6481,1095246,6
14565,3121529,6
14591,3128425,6
18433,4135278,6
17763,3981263,6
1460,110522,6
15679,3439760,6
2842,265216,6
7581,1421120,6
26174,6646689,6
17071,3804017,6
17074,3804365,6
25134,6402975,6
19532,4602032,6
24084,6105036,6
9883,1924273,6
11192,2157822,6
11229,2166628,6
22660,5678839,6
7578,1420592,6
17750,3978625,6
15691,3442100,6
21294,5290875,6
9875,1922688,6
21305,5293545,6
7585,1423329,6
5731,901295,6
13458,2731069,6
19127,4434299,6
22688,5684696,6
21302,5293080,6
25579,6542491,6
11819,2290471,6
5960,972018,6
13620,2785806,6
13597,2777407,6
530,39350,6
504,37627,6
18461,4141320,6
18440,4136094,6
2625,230296,6
7534,1403979,6
26164,6644590,6
3148,312243,6
16852,3750411,6
9954,1940526,6
22691,5686230,6
23346,5907333,6
18867,4289476,6
24976,6353463,6
884,67705,6
886,67793,6
13914,2896624,6
2607,228086,6
2639,232147,6
9989,1948319,6
24509,6217836,6
22699,5692679,6
22705,5694475,6
15703,3444243,6
7480,1389788,6
18486,4147873,6
23320,5900266,6
23327,5901889,6
17477,3907635,6
20589,5121501,6
10018,1955556,6
12092,2347072,6
12144,2357004,6
25797,6591732,6
2586,224913,6
22713,5697645,6
22715,5697855,6
22716,5697950,6
21224,5269359,6
21213,5265269,6
14475,3093634,6
7444,1377309,6
3818,398500,6
21217,5267210,6
21220,5268232,6
18842,4275313,6
16162,3560898,6
3579,369192,6
20613,5125272,6
3601,372768,6
22766,5713713,6
22770,5715327,6
200,14727,6
1783,138243,6
17176,3828670,6
20001,4874662,6
1759,134467,6
10083,1970508,6
10106,1975452,6
15759,3458035,6
1476,112173,6
13983,2922150,6
6584,1119751,6
25062,6380355,6
2955,284921,6
25835,6598644,6
4428,496897,6
1471,111530,6
15773,3460492,6
25841,6599963,6
2055,162376,6
12756,2497427,6
19548,4605463,6
4993,643278,6
2355,195328,6
3269,325857,6
7353,1348296,6
18499,4150228,6
14446,3085015,6
18505,4150889,6
18509,4151737,6
1575,120872,6
11058,2134898,6
11038,2132368,6
23287,5886866,6
23286,5886653,6
26097,6634902,6
11069,2137068,6
24964,6349414,6
21192,5258471,6
7375,1352778,6
10176,1984228,6
22826,5736102,6
22832,5737118,6
24389,6184470,6
1951,152241,6
20689,5141499,6
26532,6684895,6
26534,6685025,6
11018,2130122,6
1017,77337,6
24487,6211108,6
15839,3475377,6
14407,3072987,6
21118,5240515,6
18559,4170030,6
18536,4163589,6
21133,5244731,6
19647,4636559,6
19277,4501118,6
20124,4936825,6
13588,2774953,6
19279,4502725,6
24849,6312858,6
10237,1991116,6
10249,1992053,6
18553,4168453,6
13190,2639692,6
5811,927741,6
19734,4758160,6
5286,765814,6
17084,3806772,6
15854,3480969,6
15858,3481797,6
13976,2920612,6
26756,6709401,6
26102,6635482,6
2276,185473,6
2248,182150,6
1020,77432,6
10326,2001004,6
26622,6691901,6
26618,6691738,6
3368,341756,6
19994,4872160,6
25528,6532192,6
192,14624,6
24471,6205875,6
22895,5757760,6
10343,2005063,6
10361,2008115,6
16117,3548783,6
23237,5874757,6
2125,167973,6
20687,5140871,6
14009,2935809,6
6641,1131572,6
4517,514107,6
26148,6642496,6
18611,4183722,6
18614,4184448,6
15868,3487629,6
15870,3488043,6
17642,3953964,6
14006,2934751,6
18791,4257776,6
20697,5143583,6
20703,5144704,6
20708,5145895,6
13205,2643428,6
5277,763656,6
5306,769274,6
17096,3810025,6
5242,753166,6
13176,2635305,6
25137,6404378,6
25671,6563994,6
21022,5214250,6
7148,1286578,6
20038,4891887,6
16550,3667614,6
5804,923644,6
5766,910492,6
17503,3916573,6
10956,2118501,6
18804,4264529,6
22951,5774525,6
22957,5777362,6
24444,6198091,6
10454,2026483,6
7156,1288249,6
3764,391050,6
14275,3034730,6
2554,220387,6
10500,2036112,6
20991,5207813,6
10478,2031573,6
10485,2033066,6
10458,2027036,6
24004,6080829,6
12641,2470500,6
182,14194,6
1566,120220,6
25917,6612204,6
2089,165038,6
20985,5206767,6
2097,165511,6
10491,2034444,6
10508,2038050,6
25250,6439754,6
5854,942224,6
26611,6691217,6
12605,2463461,6
12612,2465705,6
1731,131818,6
12490,2437057,6
988,75721,6
18649,4206526,6
7066,1265600,6
26122,6637537,6
4527,514949,6
1513,115170,6
17609,3945653,6
425,31585,6
433,32043,6
2930,280764,6
69,5980,6
19607,4621897,6
3750,389376,6
14050,2950894,6
18758,4251468,6
6739,1153693,6
1559,119643,6
26518,6683054,6
3394,343844,6
5834,936902,6
25603,6547451,6
25604,6547572,6
15949,3509266,6
18668,4214431,6
24918,6333707,6
20963,5201096,6
15935,3504967,6
7002,1248521,6
14073,2958714,6
3640,378494,6
10840,2097421,6
6679,1138936,6
14042,2948051,6
6978,1240486,6
14230,3019875,6
23037,5811482,6
10599,2056327,6
14169,2991467,6
10593,2055831,6
15987,3518949,6
23073,5827898,6
953,73226,6
25549,6539573,6
2530,216382,6
10631,2063516,6
16738,3716927,6
23675,5983663,6
11942,2317365,6
19084,4407987,6
19075,4403945,6
26031,6625023,6
4832,576383,6
16527,3663091,6
16506,3658807,6
15994,3520410,6
10656,2068950,6
20876,5183071,6
15999,3521016,6
12660,2473857,6
12619,2466364,6
17109,3812793,6
6801,1186099,6
1561,119934,6
1562,120046,6
6822,1198924,6
2507,213402,6
2510,213910,6
14131,2979597,6
14155,2988197,6
26961,6728194,6
11933,2315716,6
4849,579000,6
5863,943984,6
4596,525232,6
6889,1216822,6
6891,1216889,6
17571,3935569,6
16009,3523323,6
10700,2075277,6
2949,283868,6
24409,6188838,6
16064,3537409,6
16083,3541002,6
6767,1176407,6
23106,5837977,6
14087,2962603,6
6868,1212709,6
6870,1213294,6
23127,5841667,6
12616,2465968,6
5349,779211,6
1842,143875,6
10759,2084405,6
23696,5988537,6
8607,1640195,6
8592,1635251,6
5022,676686,6
5092,712671,6
4168,441325,6
285,19655,6
24652,6255282,5
8606,1640193,5
18045,4035072,5
15216,3314199,5
18064,4041685,5
23,1019,5
5017,673877,5
5088,712205,5
16942,3776582,5
53,4830,5
15203,3311105,5
8678,1658841,5
22057,5517067,5
22065,5519567,5
15160,3303238,5
18053,4038759,5
24639,6253765,5
4184,442859,5
26265,6660340,5
22123,5540984,5
22126,5541371,5
22097,5534802,5
8667,1655253,5
16396,3627270,5
10747,2082864,5
23118,5840317,5
24407,6188642,5
5912,959203,5
5914,959865,5
23712,5993262,5
20087,4917228,5
20078,4912546,5
3427,348158,5
3428,348168,5
5917,959935,5
23691,5986960,5
23694,5988431,5
16478,3650760,5
22113,5539521,5
26269,6661219,5
16029,3527938,5
24414,6191594,5
24419,6193932,5
6835,1202356,5
6809,1192470,5
14098,2965561,5
3136,310791,5
13235,2651302,5
17116,3814799,5
24012,6083670,5
1834,143275,5
19610,4622445,5
14101,2967449,5
18743,4244080,5
10789,2089574,5
10799,2091696,5
20824,5170878,5
18740,4242703,5
18741,4243347,5
14107,2969224,5
14117,2971867,5
14089,2962989,5
16045,3533531,5
16048,3534146,5
17549,3928855,5
17551,3929784,5
20809,5167461,5
20812,5169101,5
20822,5170638,5
10781,2088163,5
10784,2088860,5
16028,3527893,5
10810,2093019,5
2107,166515,5
23129,5841749,5
23142,5845200,5
1548,118443,5
6824,1199756,5
20800,5166132,5
6765,1175979,5
10769,2086583,5
6882,1214890,5
6885,1215643,5
23091,5832573,5
6864,1211424,5
20868,5181231,5
24921,6334621,5
3708,384780,5
26964,6728783,5
5886,952864,5
11934,2315810,5
10753,2083697,5
25328,6465124,5
6901,1219587,5
17566,3933728,5
18723,4238838,5
16027,3527753,5
18713,4236486,5
20841,5176004,5
20853,5177734,5
17311,3861256,5
17314,3861676,5
16085,3541347,5
10838,2096585,5
6786,1183262,5
6814,1196254,5
20793,5163788,5
20780,5161667,5
20781,5161773,5
20785,5161937,5
10869,2102863,5
18771,4254245,5
442,32713,5
14143,2984429,5
6877,1214260,5
6915,1222024,5
17295,3857192,5
17297,3857289,5
13529,2754671,5
11945,2318543,5
3688,383049,5
10648,2066840,5
20871,5182455,5
12649,2472342,5
24033,6089361,5
17102,3811438,5
17103,3811730,5
16795,3734732,5
16796,3734885,5
67,5709,5
12640,2470415,5
3702,383883,5
3671,381228,5
3723,386031,5
949,72419,5
6768,1176423,5
13538,2758251,5
20063,4907229,5
3385,342908,5
94,8337,5
16525,3662896,5
16529,3663514,5
4540,516513,5
4546,517429,5
4573,521045,5
26913,6723766,5
20888,5186073,5
4592,524725,5
10690,2074058,5
10691,2074300,5
10694,2074705,5
20875,5182962,5
453,33651,5
17529,3923721,5
23152,5848023,5
1823,142410,5
667,53557,5
4938,598127,5
13562,2767746,5
13572,2771048,5
19072,4403496,5
23682,5984919,5
5911,959193,5
4609,526447,5
4610,526574,5
6904,1220056,5
6907,1220697,5
6909,1220879,5
6945,1232737,5
23072,5827793,5
6950,1234341,5
23050,5819524,5
23057,5821918,5
2548,219985,5
930,70757,5
10680,2072713,5
26474,6680931,5
10634,2063707,5
17589,3940299,5
15976,3517545,5
23077,5828863,5
6927,1225409,5
23086,5831309,5
449,33149,5
23039,5814661,5
23045,5817429,5
15937,3505727,5
15972,3515822,5
15973,3516392,5
17592,3940436,5
17596,3942156,5
17599,3943090,5
17586,3939850,5
10630,2063483,5
10605,2058032,5
14188,3002997,5
435,32192,5
6972,1238247,5
15982,3518093,5
6936,1229204,5
14074,2958749,5
10848,2099236,5
23163,5850119,5
26931,6725758,5
10850,2099368,5
10851,2099551,5
1573,120731,5
6715,1147505,5
6716,1147636,5
20772,5160011,5
10871,2103095,5
6976,1240327,5
20938,5196334,5
20940,5196449,5
10585,2054739,5
18688,4226045,5
3388,343187,5
25081,6385555,5
3422,347297,5
26601,6689931,5
13524,2752524,5
13498,2744018,5
5878,951260,5
2451,207229,5
15915,3500516,5
17604,3943799,5
15947,3509122,5
26456,6679840,5
10544,2044936,5
7022,1253050,5
23008,5794067,5
23012,5795468,5
2233,180607,5
26514,6682942,5
10906,2108610,5
14029,2940963,5
4613,526821,5
4619,527451,5
4621,528635,5
651,51726,5
12621,2466519,5
12601,2462568,5
24891,6325783,5
24894,6325925,5
24886,6322746,5
7043,1259524,5
3107,307939,5
13521,2751811,5
2903,276355,5
10515,2039118,5
17613,3946656,5
17622,3948295,5
20946,5197037,5
2194,174051,5
3301,331392,5
12699,2484828,5
12703,2485482,5
19592,4615737,5
19605,4621681,5
13195,2641031,5
13230,2649363,5
12685,2480795,5
10552,2046091,5
25731,6576913,5
15926,3502387,5
7078,1268211,5
22980,5785464,5
22982,5785903,5
7063,1265065,5
7048,1261528,5
7055,1262297,5
7057,1263015,5
4525,514821,5
23014,5796874,5
7042,1259085,5
24429,6195855,5
7073,1267007,5
10520,2040337,5
10521,2040744,5
20967,5202370,5
12586,2458727,5
1723,131436,5
17331,3865771,5
16458,3643487,5
25058,6378349,5
12496,2437779,5
19717,4740719,5
693,56285,5
3304,332025,5
23951,6063431,5
5472,814977,5
17163,3826210,5
20023,4884869,5
20025,4886783,5
2908,276979,5
2911,277373,5
2572,222280,5
2076,164306,5
3779,393709,5
3780,393880,5
10506,2037618,5
23746,6003332,5
19095,4414865,5
12045,2335473,5
26610,6691019,5
23733,5997948,5
5853,942187,5
20050,4900750,5
25738,6578084,5
3106,307926,5
2415,201470,5
2417,201719,5
178,13622,5
26925,6725033,5
6723,1148736,5
4626,529127,5
25916,6611691,5
6697,1143846,5
3632,377590,5
14256,3029124,5
18632,4195206,5
18643,4201936,5
24448,6198984,5
21010,5211383,5
968,74350,5
22962,5779322,5
4534,515540,5
2541,217965,5
10418,2019214,5
10422,2019525,5
22939,5771602,5
3763,390883,5
21004,5210017,5
14265,3032425,5
18624,4193320,5
14285,3037027,5
7100,1273459,5
7107,1274953,5
22945,5773337,5
10473,2030975,5
14222,3017912,5
19671,4695561,5
12598,2462132,5
4935,596439,5
2946,283668,5
911,69855,5
20736,5153520,5
10923,2111826,5
24945,6343734,5
6704,1145136,5
16075,3539173,5
10990,2123386,5
20730,5151877,5
18805,4265628,5
1522,116412,5
4511,513854,5
24439,6196760,5
24440,6196961,5
10435,2021888,5
20999,5208194,5
26996,6732335,5
15898,3495549,5
15918,3500957,5
25349,6470490,5
2888,273469,5
2923,279652,5
13507,2746839,5
13508,2747235,5
16547,3667012,5
16548,3667096,5
23741,6000623,5
23755,6004909,5
1517,115644,5
25723,6575416,5
16104,3546191,5
2945,283435,5
26751,6708630,5
14054,2952339,5
6694,1143329,5
23211,5866349,5
23194,5861739,5
17499,3915559,5
10995,2124618,5
20700,5144410,5
10970,2120242,5
10977,2121561,5
10978,2121621,5
12725,2490659,5
570,42398,5
19289,4515375,5
19298,4517091,5
5278,764014,5
6630,1127863,5
2127,168057,5
14021,2938808,5
6634,1128904,5
6639,1130574,5
16145,3555394,5
16149,3557766,5
7183,1296360,5
7217,1305947,5
7219,1306817,5
7220,1306866,5
24864,6318225,5
3809,396675,5
3810,396739,5
26773,6711198,5
4489,509692,5
10370,2011017,5
4476,508657,5
4503,513240,5
7221,1306879,5
22893,5756869,5
7206,1302477,5
10346,2005550,5
14302,3041691,5
14305,3042174,5
10386,2014717,5
1013,77068,5
10398,2016411,5
22911,5763071,5
6674,1137513,5
6676,1138579,5
23225,5872319,5
5799,921958,5
16580,3674157,5
2174,171682,5
3414,345996,5
3384,342896,5
13431,2719955,5
14321,3045142,5
14295,3039972,5
14298,3040292,5
26762,6710018,5
7208,1302622,5
2576,223332,5
25532,6533860,5
4502,513175,5
24467,6205166,5
984,75405,5
17664,3959482,5
2059,162570,5
21066,5225031,5
10301,1997564,5
10305,1998486,5
3812,397023,5
14315,3044005,5
7225,1307731,5
10355,2006629,5
14279,3035489,5
14284,3036994,5
14316,3044152,5
20016,4883447,5
12055,2338734,5
13467,2735301,5
24287,6156233,5
25918,6612478,5
11024,2131079,5
18821,4268757,5
13975,2920168,5
4633,529594,5
4643,531604,5
4616,527014,5
23250,5878228,5
17127,3816114,5
17135,3817382,5
47,3836,5
1509,114977,5
7236,1312232,5
2917,278109,5
18571,4173734,5
10282,1995480,5
19244,4490569,5
19246,4491146,5
19732,4758067,5
12473,2433363,5
12475,2433898,5
5283,764592,5
24044,6090939,5
16853,3750691,5
4492,510305,5
22878,5752274,5
7223,1307533,5
22868,5749018,5
18565,4170805,5
14345,3053492,5
16131,3552847,5
16134,3553055,5
14352,3056276,5
14354,3057179,5
7300,1331422,5
7283,1326760,5
7284,1327223,5
21115,5239617,5
24486,6211074,5
19568,4610747,5
19316,4536797,5
19117,4429529,5
19124,4432259,5
5785,914779,5
5788,916385,5
16588,3675970,5
19237,4483044,5
13288,2668743,5
20127,4937653,5
20133,4941726,5
19055,4396121,5
13605,2780274,5
5928,961865,5
766,60327,5
25243,6436301,5
13589,2774978,5
13213,2644604,5
21139,5246146,5
21141,5246280,5
24852,6313293,5
24853,6313308,5
3800,395570,5
10293,1996654,5
21085,5231217,5
22848,5743770,5
17667,3960252,5
10202,1987722,5
10203,1987887,5
14417,3077194,5
14392,3069605,5
7320,1337438,5
7322,1338256,5
7331,1341786,5
7307,1333017,5
7340,1345167,5
14399,3071323,5
21129,5243067,5
21136,5245096,5
19642,4627015,5
19649,4637080,5
898,68870,5
20691,5141935,5
20693,5142179,5
23256,5879394,5
23270,5881854,5
6603,1123374,5
7310,1333930,5
10184,1985179,5
26423,6678526,5
26425,6678674,5
21162,5249975,5
24494,6214642,5
22823,5735801,5
15825,3472969,5
15830,3473590,5
21157,5249088,5
13943,2906910,5
22799,5726337,5
1467,111176,5
17681,3962417,5
18517,4154395,5
14424,3079498,5
14429,3080247,5
14433,3081308,5
18527,4158010,5
21167,5251726,5
26436,6679017,5
2301,189701,5
5382,788071,5
26661,6695562,5
20658,5134220,5
20661,5135532,5
12751,2496647,5
12757,2497566,5
19589,4615324,5
25949,6617498,5
4983,632988,5
5240,752781,5
4463,503751,5
21182,5255913,5
14452,3086523,5
6582,1119247,5
23306,5894306,5
18832,4272832,5
20634,5129641,5
23289,5887488,5
11094,2140432,5
20635,5129643,5
11860,2301518,5
20141,4948352,5
25052,6376369,5
11831,2293057,5
11832,2293673,5
24309,6163520,5
4802,567703,5
23333,5902624,5
2993,291429,5
10147,1980325,5
24839,6311767,5
25832,6598302,5
3857,404171,5
7352,1348206,5
5263,761047,5
19572,4611170,5
12110,2350241,5
12112,2350761,5
12113,2350785,5
12115,2351466,5
12118,2352695,5
1762,134751,5
21210,5264659,5
10058,1965608,5
10061,1966091,5
7386,1355889,5
1489,113257,5
17684,3963288,5
21200,5262607,5
13990,2924613,5
2332,193521,5
23671,5982700,5
2886,273106,5
2873,270942,5
7401,1359722,5
15766,3459788,5
17710,3970506,5
17701,3967823,5
10128,1977814,5
18488,4148036,5
18493,4148666,5
2258,183296,5
664,53287,5
3328,334939,5
12458,2429446,5
16713,3709095,5
4911,591656,5
12106,2349607,5
16172,3563039,5
16151,3558516,5
16152,3558526,5
16153,3558684,5
16160,3560103,5
16190,3569415,5
11124,2145114,5
859,66268,5
10043,1961962,5
2617,229646,5
26901,6722874,5
1494,113648,5
1463,110707,5
4447,501050,5
2880,271557,5
2881,271828,5
18472,4144694,5
22712,5697542,5
419,31130,5
14494,3098261,5
14496,3099379,5
7440,1375074,5
7473,1387371,5
2585,224898,5
3836,401478,5
3842,402477,5
3844,402910,5
21214,5265555,5
10070,1968035,5
18843,4275700,5
18844,4276569,5
24386,6183678,5
5739,904045,5
19990,4870551,5
12147,2357404,5
12149,2357823,5
19959,4866256,5
19961,4866610,5
19974,4868773,5
12125,2353814,5
12130,2354427,5
5782,913894,5
2312,191154,5
24825,6305644,5
24832,6309710,5
10012,1954478,5
10014,1954857,5
14516,3105354,5
20622,5127028,5
20630,5128528,5
6525,1104168,5
6531,1105493,5
23328,5902288,5
11081,2138501,5
11082,2138648,5
25317,6460328,5
2533,217116,5
20587,5121200,5
20597,5122615,5
871,66815,5
9977,1945450,5
1043,78602,5
1045,78631,5
1742,133334,5
14491,3096906,5
382,28233,5
7512,1398332,5
7496,1393631,5
7468,1385836,5
4408,489739,5
7452,1380248,5
17715,3971014,5
15742,3453523,5
24819,6303362,5
7479,1389254,5
4435,499014,5
22723,5698893,5
7438,1374359,5
18473,4145126,5
18480,4146479,5
13956,2911544,5
18862,4288133,5
4688,537697,5
6520,1103289,5
25316,6460197,5
11204,2160689,5
11161,2152300,5
18873,4290940,5
13936,2905202,5
2613,229283,5
2642,232871,5
3873,406611,5
25862,6601841,5
21262,5282159,5
9964,1941707,5
21251,5277498,5
3146,312132,5
25759,6584699,5
3181,315838,5
19304,4518875,5
25685,6567748,5
2380,198145,5
2382,198163,5
25960,6618746,5
14510,3104067,5
21282,5289448,5
9944,1936402,5
9931,1933201,5
4419,492504,5
4420,492625,5
2600,226809,5
873,66965,5
6514,1102155,5
2495,211967,5
11215,2163208,5
23667,5981479,5
789,61754,5
26594,6689629,5
11849,2300295,5
531,39458,5
15731,3451634,5
15733,3452443,5
9942,1936187,5
18459,4141206,5
7507,1396863,5
635,47731,5
12766,2501436,5
12750,2496645,5
13455,2730673,5
13461,2732291,5
23783,6012366,5
23787,6013132,5
23781,6012184,5
21301,5293016,5
1075,80114,5
26411,6677678,5
26412,6677683,5
26413,6677743,5
1050,78809,5
9922,1931945,5
7545,1409397,5
7546,1409832,5
15690,3441558,5
13918,2897830,5
7575,1420257,5
15729,3450986,5
2622,230071,5
2624,230251,5
9898,1925717,5
21303,5293317,5
21304,5293470,5
7551,1413363,5
7582,1421923,5
17264,3848681,5
16562,3671726,5
12166,2361770,5
19947,4862543,5
19949,4862819,5
19157,4448334,5
26725,6704210,5
23662,5980602,5
24982,6355452,5
3566,367733,5
20563,5116917,5
13892,2890843,5
13903,2893530,5
143,11150,5
1598,122702,5
6467,1092951,5
11166,2152547,5
841,64690,5
20550,5114037,5
21328,5297629,5
7604,1427184,5
22655,5677835,5
22662,5679008,5
9868,1921076,5
9871,1921524,5
2839,264121,5
7619,1432674,5
7591,1424778,5
16881,3756070,5
25146,6407305,5
3240,323303,5
12765,2501276,5
653,51911,5
24095,6108119,5
5219,742153,5
3268,325707,5
26157,6643257,5
13630,2790170,5
23661,5980382,5
14564,3121489,5
17760,3980704,5
7652,1443245,5
7625,1436779,5
7634,1439727,5
7594,1425343,5
22641,5674265,5
22668,5680809,5
3924,412981,5
21325,5296554,5
9860,1919544,5
9832,1914946,5
4416,491433,5
9852,1918219,5
9888,1924863,5
9889,1924894,5
4664,533938,5
4665,534540,5
4671,535644,5
20566,5118347,5
11210,2161432,5
11211,2162134,5
6446,1088503,5
6447,1088604,5
6450,1089010,5
4689,537775,5
1607,122922,5
6451,1089237,5
6452,1089595,5
3381,342719,5
3352,338569,5
13405,2711315,5
7644,1441386,5
7677,1450294,5
17777,3984698,5
15666,3435326,5
1069,79801,5
9846,1917101,5
16609,3682528,5
19934,4860463,5
716,57215,5
19958,4864580,5
696,56338,5
701,56736,5
12171,2363520,5
3375,342230,5
2979,289454,5
3013,295400,5
13434,2722505,5
5689,888910,5
16641,3689655,5
19152,4447069,5
25102,6394545,5
25103,6394779,5
14612,3135200,5
4404,488487,5
4405,489324,5
15644,3429932,5
22639,5674009,5
9810,1911044,5
9823,1913734,5
21346,5301217,5
2063,163210,5
25851,6600845,5
23381,5915080,5
16209,3573292,5
17455,3902737,5
26549,6686768,5
20534,5111086,5
870,66768,5
26539,6685250,5
20529,5110076,5
13872,2883293,5
18888,4298177,5
23390,5916896,5
6445,1088433,5
7672,1448731,5
24537,6223650,5
13410,2712257,5
13413,2713645,5
15600,3418295,5
17781,3985261,5
17782,3985964,5
24542,6224184,5
9751,1902223,5
18404,4128219,5
14615,3135765,5
14629,3139180,5
14599,3130588,5
22621,5669418,5
3915,412150,5
21408,5324124,5
9813,1911669,5
9814,1912281,5
9776,1905064,5
21385,5314236,5
9708,1893362,5
9747,1901933,5
1081,80490,5
1083,80530,5
21415,5328036,5
26197,6648788,5
4372,481165,5
21412,5327140,5
9735,1900422,5
2848,266133,5
25374,6474928,5
25376,6475365,5
14641,3143013,5
21428,5330800,5
1979,154389,5
22587,5660863,5
20520,5109114,5
13246,2655403,5
13249,2657423,5
13253,2658572,5
19660,4656975,5
12580,2457654,5
23982,6073192,5
17126,3815928,5
2383,198306,5
2385,198544,5
5339,778023,5
492,36943,5
495,37032,5
26187,6647669,5
22592,5661664,5
9705,1893234,5
5699,892035,5
23799,6018240,5
23791,6014164,5
23796,6017126,5
13430,2719866,5
5664,881083,5
19924,4858475,5
13136,2622831,5
572,42607,5
573,42610,5
19482,4589955,5
24554,6227392,5
18394,4124829,5
373,27303,5
14650,3146249,5
22579,5657988,5
13870,2882756,5
6424,1084149,5
6430,1084862,5
6410,1080897,5
3554,366323,5
24967,6349721,5
6404,1079725,5
3527,360841,5
11314,2188051,5
11317,2188195,5
6422,1083621,5
12780,2503840,5
12794,2507397,5
13144,2625036,5
19918,4856371,5
3083,305828,5
22559,5653479,5
22565,5653917,5
7769,1468207,5
21446,5335878,5
9699,1892408,5
9700,1892538,5
9673,1884356,5
14651,3146432,5
7798,1474639,5
25484,6515751,5
384,28444,5
9649,1881449,5
21431,5331679,5
12810,2514665,5
13866,2882005,5
13869,2882600,5
16242,3582565,5
3461,350895,5
20168,4961133,5
2334,193598,5
2337,193692,5
11806,2287908,5
20160,4957520,5
16484,3651372,5
5975,973765,5
6016,983336,5
5967,972475,5
4362,479862,5
7812,1477975,5
21439,5334678,5
3956,416316,5
3931,413910,5
22555,5652465,5
14676,3155448,5
14710,3165363,5
15570,3409600,5
7796,1474580,5
22534,5647512,5
7751,1463864,5
21453,5337831,5
21456,5338966,5
21458,5339197,5
21462,5340867,5
9662,1883292,5
9592,1865506,5
9593,1865717,5
1623,124145,5
1629,124347,5
11281,2179403,5
18895,4303069,5
11291,2182721,5
20494,5104380,5
11328,2190148,5
11313,2187891,5
17447,3899345,5
4684,537273,5
9620,1874169,5
21482,5346504,5
9602,1867659,5
7837,1484294,5
17812,3991026,5
17813,3991045,5
15549,3402183,5
15581,3411865,5
2832,262243,5
14717,3168154,5
12200,2370332,5
19899,4851282,5
19903,4852241,5
3364,341248,5
23801,6018596,5
23807,6020611,5
5696,891443,5
19888,4848053,5
21511,5354259,5
7823,1481796,5
7827,1482728,5
11787,2283296,5
16244,3582887,5
16225,3578885,5
2657,234546,5
19484,4590303,5
12826,2518006,5
3250,324455,5
3253,324511,5
3223,322512,5
19339,4548694,5
24203,6135049,5
24212,6136678,5
1889,147585,5
5153,729352,5
5156,729628,5
643,49605,5
24789,6294691,5
3981,419247,5
21515,5355230,5
6406,1080028,5
6379,1073114,5
11380,2197747,5
11351,2192810,5
11398,2201460,5
20439,5093292,5
20440,5093390,5
1406,106215,5
14753,3176969,5
18343,4111802,5
18352,4113687,5
18329,4109006,5
18330,4109102,5
3960,417172,5
3967,417973,5
9503,1841311,5
2793,256327,5
2825,261445,5
7940,1515164,5
9491,1832930,5
18313,4105546,5
22477,5633328,5
15539,3400118,5
17803,3989689,5
21533,5360145,5
3982,419312,5
18340,4110371,5
7902,1505806,5
17427,3892755,5
20461,5098351,5
20469,5099932,5
823,63782,5
11410,2203718,5
11411,2203762,5
3531,361740,5
13834,2867432,5
13842,2869183,5
13846,2870219,5
6349,1066485,5
6386,1075080,5
23455,5936747,5
6320,1060831,5
16778,3731374,5
19680,4709495,5
24759,6287495,5
24770,6288811,5
2026,159546,5
2029,159922,5
5635,865852,5
5637,866053,5
19168,4456940,5
15481,3384148,5
7942,1515413,5
14788,3187332,5
14760,3179531,5
9456,1820896,5
1116,82892,5
21594,5377111,5
7912,1510281,5
7913,1510737,5
17823,3992742,5
6394,1076446,5
17451,3900638,5
11367,2195770,5
6023,985551,5
16443,3639382,5
16448,3640312,5
13242,2654489,5
14800,3190677,5
14802,3191537,5
18300,4103224,5
22462,5630555,5
13389,2706070,5
13398,2709984,5
19159,4452844,5
5653,871917,5
5673,884629,5
5682,887134,5
5684,887341,5
5658,873554,5
17837,3994979,5
3996,420677,5
9399,1802030,5
18310,4105160,5
18280,4098269,5
7931,1513809,5
9403,1803260,5
1158,86476,5
26367,6672867,5
9440,1816435,5
9418,1809291,5
13239,2653000,5
4782,564715,5
1924,150393,5
25258,6440552,5
23629,5974477,5
17057,3800996,5
16873,3753372,5
13081,2604669,5
7972,1523952,5
22441,5624300,5
4316,469017,5
4320,469939,5
7990,1526767,5
26208,6650292,5
25469,6512192,5
25471,6512435,5
2287,186801,5
2290,188642,5
21615,5385083,5
15487,3386150,5
15516,3392870,5
21628,5389295,5
21634,5391066,5
9396,1800739,5
21611,5383516,5
14795,3189133,5
14798,3189976,5
14813,3195172,5
14815,3195479,5
2678,237920,5
22437,5622526,5
22438,5622638,5
1393,104423,5
13114,2615697,5
13107,2613984,5
5189,735535,5
5203,738391,5
3535,362964,5
20424,5089153,5
20431,5091046,5
20447,5094841,5
6332,1063361,5
6333,1063516,5
26071,6629791,5
25590,6543322,5
4052,428245,5
9362,1793092,5
9340,1786039,5
7999,1527838,5
24588,6235805,5
17855,3998272,5
17859,3999091,5
15463,3379057,5
4337,474581,5
8020,1530995,5
7944,1516237,5
2049,162120,5
2024,159464,5
2025,159486,5
5644,868818,5
16633,3687099,5
19883,4845858,5
12261,2382275,5
17162,3825783,5
19726,4750472,5
582,43891,5
4949,603434,5
5414,796627,5
4960,607477,5
11422,2206421,5
11430,2207825,5
18923,4324674,5
18924,4324834,5
18927,4326554,5
13828,2862260,5
24347,6174489,5
6341,1064932,5
6317,1060509,5
8052,1536524,5
22392,5609727,5
330,23703,5
18271,4094530,5
18274,4095769,5
18277,4096937,5
24594,6236913,5
9283,1768315,5
9294,1775843,5
18236,4085940,5
18217,4080679,5
9290,1773156,5
2782,254983,5
1381,102940,5
1382,103034,5
8065,1538445,5
9324,1780938,5
9355,1791506,5
9330,1783242,5
9310,1778049,5
14853,3205412,5
1169,87262,5
11419,2206090,5
2476,209367,5
2479,209556,5
2483,210198,5
2512,214399,5
2514,214783,5
2988,290575,5
6271,1049566,5
6309,1059292,5
19868,4843890,5
23829,6025914,5
24107,6109623,5
642,48469,5
24732,6278492,5
9273,1767101,5
9278,1767655,5
15438,3372832,5
25869,6603951,5
13082,2604689,5
12896,2542741,5
12898,2543148,5
19468,4579038,5
5482,822155,5
13262,2661641,5
12292,2389739,5
12271,2385099,5
12275,2385703,5
12278,2385911,5
19866,4843339,5
19867,4843741,5
20412,5085508,5
20418,5088079,5
11392,2200684,5
20420,5088366,5
20421,5088374,5
20395,5079392,5
4738,550803,5
24332,6170258,5
17421,3889409,5
17424,3889851,5
23495,5945661,5
2760,250694,5
18221,4082282,5
9266,1766090,5
9268,1766162,5
9240,1761538,5
1370,102404,5
8100,1542834,5
4283,463345,5
4047,427759,5
4048,427763,5
21731,5420445,5
8113,1545413,5
8073,1539273,5
21688,5408066,5
21689,5408308,5
9208,1757508,5
9209,1757631,5
9212,1758285,5
9220,1759333,5
9221,1759597,5
4731,550266,5
16279,3594222,5
16296,3599180,5
11469,2214812,5
4095,432552,5
21752,5427694,5
8137,1548178,5
14914,3224270,5
14919,3225790,5
8075,1539312,5
22366,5603825,5
14932,3230758,5
1994,155810,5
4290,465276,5
4292,465664,5
4310,468618,5
26218,6651344,5
8088,1541625,5
15427,3370035,5
4044,427529,5
16429,3635019,5
16438,3638021,5
11798,2285324,5
11773,2281173,5
11781,2282147,5
20167,4961062,5
3523,359799,5
3524,360096,5
6233,1038716,5
19856,4842199,5
9121,1745368,5
22328,5592175,5
17899,4006190,5
9146,1748735,5
21735,5422101,5
4065,429986,5
9134,1747319,5
9135,1747433,5
9117,1744579,5
23818,6023045,5
13364,2697917,5
537,39943,5
538,40003,5
542,40253,5
543,40322,5
19180,4462231,5
16672,3695902,5
17191,3831993,5
26552,6687082,5
11762,2278186,5
26039,6625828,5
16428,3634957,5
277,19469,5
9129,1746535,5
22332,5594886,5
8171,1553743,5
8182,1555380,5
14923,3226914,5
19448,4574935,5
3220,322279,5
13063,2600606,5
19346,4550427,5
16880,3755927,5
16904,3762566,5
17027,3794243,5
16953,3779960,5
2771,252666,5
9130,1746545,5
6240,1041392,5
3526,360708,5
25005,6363403,5
3528,360980,5
11479,2217593,5
13766,2843341,5
18937,4330598,5
18948,4336226,5
4759,558883,5
13757,2839940,5
23974,6070815,5
15371,3354183,5
26843,6717312,5
15413,3365478,5
17896,4005728,5
274,19429,5
16691,3701800,5
3355,339108,5
24723,6276807,5
24724,6276891,5
4112,434657,5
21816,5454672,5
341,24436,5
14998,3255373,5
18185,4071605,5
18192,4072643,5
18193,4072771,5
8157,1551094,5
21784,5444095,5
21785,5445472,5
18210,4078337,5
6239,1041361,5
17144,3819018,5
2372,197228,5
11493,2220387,5
11522,2224816,5
11523,2224866,5
11498,2221201,5
6217,1036058,5
15366,3352869,5
9065,1730358,5
21814,5454562,5
12340,2400201,5
12358,2402914,5
25110,6396325,5
12317,2394792,5
63,5291,5
16681,3699982,5
9087,1736711,5
9033,1724410,5
22308,5587015,5
8245,1567571,5
9046,1726529,5
15395,3360587,5
24599,6238678,5
24610,6242292,5
24611,6242756,5
8226,1562770,5
12547,2450622,5
19673,4696302,5
5403,792493,5
16746,3720232,5
16747,3720809,5
16755,3724688,5
23849,6030180,5
23852,6030751,5
23881,6037708,5
12370,2406407,5
12373,2406988,5
12346,2401145,5
24705,6271017,5
24706,6271079,5
8278,1574012,5
15384,3357707,5
12922,2555069,5
3190,317730,5
3174,314429,5
1868,146119,5
5086,711707,5
19362,4555144,5
5442,804608,5
17124,3815749,5
5995,979874,5
1691,129084,5
20186,4969264,5
11788,2283447,5
26582,6688631,5
14992,3254361,5
15018,3259725,5
9000,1719939,5
9003,1720284,5
21849,5461708,5
3098,307357,5
13359,2696574,5
5570,851205,5
5605,858353,5
15024,3261541,5
2734,246687,5
1365,102015,5
1336,99583,5
1337,99665,5
4088,431708,5
8285,1575403,5
8289,1576851,5
8268,1571635,5
2664,235570,5
9068,1731292,5
6222,1037584,5
16315,3602939,5
16318,3604076,5
17405,3884891,5
5452,806837,5
15323,3342101,5
26823,6714512,5
17934,4011772,5
4133,436982,5
22270,5577097,5
8248,1568005,5
15000,3255507,5
8982,1717763,5
9013,1721129,5
21885,5470424,5
15007,3257061,5
26231,6652975,5
26235,6653645,5
22249,5572377,5
17948,4013338,5
24696,6267692,5
13745,2834835,5
13771,2845035,5
13778,2846402,5
6244,1042435,5
20326,5045574,5
11591,2237946,5
11530,2226634,5
11536,2227147,5
11541,2227689,5
11554,2230749,5
12354,2402333,5
12357,2402649,5
8926,1712000,5
15044,3266977,5
8942,1713563,5
21905,5474524,5
12508,2441967,5
12515,2443239,5
12545,2449516,5
25216,6425122,5
25217,6425135,5
4234,451794,5
8333,1585860,5
8319,1582675,5
5581,852930,5
5562,849777,5
2405,200324,5
25639,6555970,5
13346,2691549,5
13347,2692099,5
801,62790,5
13738,2832996,5
16930,3773312,5
16932,3773736,5
18131,4058048,5
8904,1710431,5
21936,5482172,5
21937,5482190,5
15344,3347376,5
8336,1586851,5
4110,434605,5
24685,6264088,5
8961,1715267,5
21911,5476185,5
18962,4345510,5
6228,1038342,5
23538,5955148,5
19694,4719888,5
23877,6036063,5
19200,4467254,5
12381,2409850,5
12382,2410605,5
19772,4828911,5
8382,1596887,5
17961,4017390,5
17965,4017745,5
21939,5482587,5
1225,91763,5
8899,1709781,5
18165,4065733,5
13078,2604247,5
13061,2599938,5
5125,721512,5
16923,3768707,5
13749,2837099,5
13719,2825314,5
17389,3881221,5
16329,3608896,5
2461,208290,5
13727,2827901,5
20322,5043208,5
11600,2240228,5
26252,6658456,5
8346,1588969,5
8367,1593253,5
4261,458316,5
19805,4833986,5
25931,6614414,5
25937,6615386,5
25938,6615537,5
8392,1599463,5
8825,1699846,5
2036,160845,5
22223,5566111,5
17972,4020197,5
15312,3340112,5
17978,4022660,5
15076,3278167,5
15065,3273857,5
22240,5569700,5
22228,5567164,5
1332,99396,5
26247,6657323,5
3113,308975,5
5360,782733,5
3001,293798,5
23890,6040575,5
23892,6042335,5
5530,843165,5
1811,141008,5
19794,4832375,5
19203,4468203,5
5493,827310,5
13318,2681360,5
19225,4478817,5
19226,4479136,5
19229,4480981,5
4119,435237,5
4122,435319,5
24622,6246466,5
24624,6246770,5
24626,6246807,5
6177,1028643,5
19010,4368629,5
19013,4370386,5
13641,2792899,5
13649,2796139,5
6081,1003789,5
6084,1004408,5
16415,3631876,5
6031,988427,5
1820,142304,5
21980,5494085,5
21987,5494728,5
8841,1701444,5
21947,5484805,5
24694,6266636,5
12362,2404684,5
3025,297194,5
11636,2246849,5
18976,4351848,5
18979,4353988,5
13703,2815470,5
15100,3285035,5
22185,5556353,5
22189,5558855,5
8442,1608330,5
25421,6491478,5
2711,242912,5
2720,244792,5
22205,5561974,5
17984,4023684,5
15302,3337956,5
6175,1028443,5
8789,1690423,5
8763,1686822,5
8764,1686866,5
8768,1687593,5
15128,3294526,5
15137,3297453,5
15253,3323816,5
18009,4029311,5
15111,3288649,5
8792,1690789,5
8744,1681403,5
22002,5497519,5
23964,6067195,5
1808,140414,5
5422,798483,5
11582,2236160,5
12409,2416713,5
12410,2417101,5
12417,2419452,5
19235,4482611,5
19424,4569227,5
4147,438113,5
4148,438137,5
24681,6263368,5
8749,1682972,5
8756,1684473,5
8758,1684586,5
4224,449916,5
8484,1614068,5
8485,1614222,5
22013,5499613,5
22016,5499717,5
20288,5027394,5
11623,2244383,5
3470,351973,5
3475,352807,5
6166,1027244,5
4763,559708,5
3500,355717,5
11698,2264520,5
11673,2258271,5
5063,702727,5
12448,2428005,5
24261,6149948,5
4905,591048,5
16724,3712992,5
1784,138277,5
12433,2423250,5
15164,3303689,5
15166,3304076,5
18084,4047251,5
2285,186577,5
4164,440902,5
15144,3299040,5
18093,4049440,5
1310,97405,5
8495,1616030,5
22020,5502407,5
4146,438094,5
19375,4558197,5
24162,6122965,5
26729,6705916,5
1905,149139,5
1906,149145,5
18033,4032578,5
4151,438515,5
4156,439736,5
1313,97787,5
8506,1617868,5
22151,5547910,5
18036,4033027,5
8546,1625644,5
8547,1625776,5
22136,5543311,5
22149,5547105,5
8707,1671118,5
8734,1678597,5
8736,1679649,5
8685,1662966,5
22032,5506138,5
11675,2258918,5
3041,299512,5
23583,5965370,5
16362,3617038,5
11661,2255156,5
819,63539,5
20264,5013923,5
20266,5014562,5
20208,4981919,5
13681,2807460,5
13656,2797401,5
13659,2798568,5
8680,1659795,5
8537,1623303,5
26277,6662378,5
18026,4031814,5
16401,3628135,5
24315,6164914,5
11707,2266912,5
803,62860,5
25021,6368922,5
20214,4984494,5
17356,3873868,5
25442,6502607,5
2738,247222,5
22129,5541560,5
18046,4035629,5
15238,3320011,5
15208,3311971,5
301,21179,5
307,21545,5
22050,5513469,5
5057,697281,5
8615,1640860,5
8601,1639496,5
19211,4475806,5
78,6555,5
3,51,5
25183,6416627,5
3178,315196,5
17359,3874555,5
17361,3875349,5
6096,1007927,5
6071,1001466,5
1677,127828,5
17336,3866757,5
4779,564373,5
16938,3775752,5
5034,684433,5
5036,685304,5
17016,3791472,5
24187,6130094,5
5059,697751,5
4175,442433,5
8633,1642811,5
8634,1643059,5
8635,1643183,5
588,44362,5
13036,2593613,5
19398,4563264,5
12969,2570459,5
17001,3788366,5
12988,2575946,5
12990,2576228,5
5053,696133,4
16977,3784151,4
16993,3787229,4
17011,3790306,4
22107,5537454,4
8590,1634237,4
25,1535,4
13019,2586809,4
16999,3787981,4
24152,6119343,4
24158,6122374,4
4172,441747,4
8639,1644321,4
8629,1642447,4
8603,1639704,4
8604,1639843,4
5065,704739,4
5068,707705,4
12974,2572317,4
19418,4567588,4
13003,2581851,4
13012,2584444,4
19379,4559132,4
614,46094,4
24148,6118357,4
8573,1630125,4
8579,1631677,4
22089,5532614,4
22094,5533511,4
22068,5520596,4
8650,1648270,4
22074,5522706,4
22075,5525214,4
22077,5525537,4
24150,6118707,4
5099,714298,4
5100,714403,4
5080,710857,4
5083,711286,4
16961,3781692,4
584,44165,4
19423,4569172,4
15179,3305822,4
26289,6664205,4
26290,6664437,4
8673,1656936,4
15188,3308350,4
24638,6253066,4
8598,1638234,4
13060,2599839,4
19372,4557397,4
25171,6413364,4
3210,321762,4
12935,2558853,4
5124,721140,4
5113,718678,4
8560,1627956,4
8562,1627977,4
8543,1624775,4
18031,4032124,4
25434,6499208,4
2702,241881,4
16926,3769763,4
17035,3795971,4
12949,2562545,4
3172,314308,4
5119,720631,4
1874,146569,4
1875,146604,4
1849,144621,4
24124,6112914,4
1855,145269,4
5123,721017,4
3242,323443,4
19436,4572241,4
19441,4573878,4
19453,4575945,4
1283,95557,4
22039,5509387,4
22051,5513699,4
22054,5515644,4
8551,1626041,4
13065,2600956,4
19342,4548960,4
19348,4550873,4
19349,4551462,4
16903,3762374,4
16907,3763886,4
15163,3303687,4
18073,4044522,4
18081,4046942,4
18083,4047171,4
2286,186769,4
2723,245043,4
15239,3320465,4
4226,450082,4
16918,3765594,4
12876,2535028,4
12886,2537395,4
16876,3754119,4
24196,6131773,4
24197,6133076,4
24198,6133257,4
4206,447091,4
4237,452378,4
22165,5552364,4
22166,5552423,4
8473,1612618,4
8713,1672710,4
8724,1677434,4
26303,6666803,4
22031,5505812,4
8697,1669569,4
5135,724361,4
646,49871,4
26664,6695813,4
13092,2609082,4
13121,2617903,4
8483,1614067,4
22175,5553958,4
8457,1610101,4
18086,4048085,4
15158,3302661,4
4201,445688,4
17055,3800961,4
17060,3802289,4
19336,4546107,4
3227,322659,4
3237,323122,4
12859,2527622,4
19485,4590423,4
26670,6696499,4
19321,4541653,4
24204,6135236,4
1892,147826,4
24192,6131198,4
18003,4027613,4
18007,4029115,4
15114,3289373,4
15115,3289746,4
4145,438007,4
26305,6667346,4
5145,726910,4
13112,2615603,4
12834,2520922,4
19504,4595298,4
19507,4595873,4
12819,2516606,4
12820,2516840,4
12777,2503179,4
12778,2503287,4
8415,1603827,4
8419,1605053,4
8420,1605087,4
8449,1609356,4
8771,1688051,4
15108,3288456,4
15127,3294374,4
15134,3296784,4
1291,96327,4
1297,96659,4
15241,3321094,4
13145,2625826,4
13128,2620166,4
5221,742847,4
17063,3802851,4
15123,3293416,4
8785,1690209,4
22212,5563188,4
8429,1606316,4
8468,1612273,4
22186,5556507,4
25145,6406663,4
25970,6620012,4
25971,6620272,4
1831,143238,4
1832,143259,4
5235,752134,4
657,52479,4
19528,4601031,4
639,48148,4
12771,2502136,4
18022,4030854,4
15257,3324735,4
15258,3325376,4
21985,5494718,4
21961,5489255,4
8794,1691348,4
8801,1694405,4
21993,5495996,4
22000,5497458,4
12773,2502426,4
12789,2505156,4
2223,179507,4
25757,6583836,4
16868,3752573,4
16841,3745723,4
24069,6099703,4
5227,750164,4
25962,6618780,4
18110,4052571,4
21964,5489551,4
21971,5491772,4
8845,1702014,4
8849,1702671,4
8850,1702749,4
22208,5562484,4
19305,4522359,4
19306,4523641,4
12753,2496962,4
19555,4607219,4
25667,6563534,4
2346,194397,4
5266,761467,4
25957,6618200,4
4994,648143,4
8396,1600134,4
8400,1600548,4
25419,6490674,4
25425,6492618,4
18109,4052475,4
24201,6134464,4
25683,6567473,4
12731,2492516,4
12741,2494495,4
12742,2494574,4
5244,753694,4
17081,3806357,4
596,44953,4
12708,2487177,4
12680,2479032,4
12717,2489434,4
5274,763335,4
16810,3738611,4
17993,4025910,4
17974,4021325,4
17980,4022934,4
21948,5485265,4
21949,5485759,4
24692,6265364,4
15067,3275084,4
15072,3275820,4
311,21962,4
24618,6244144,4
8435,1607009,4
8408,1601918,4
22226,5567014,4
8351,1589765,4
2010,157412,4
2012,157568,4
4162,440443,4
21955,5488147,4
8855,1704008,4
1240,92698,4
8432,1606578,4
4240,452731,4
16815,3739919,4
16822,3740736,4
17097,3810176,4
17098,3810322,4
12696,2483498,4
25141,6404965,4
25772,6588128,4
12662,2474260,4
12631,2469138,4
26990,6731661,4
1242,92737,4
1248,93161,4
8902,1710034,4
8874,1707031,4
8875,1707058,4
8885,1708403,4
8886,1708695,4
298,21144,4
18124,4055811,4
15064,3273776,4
17981,4022981,4
22244,5570524,4
22235,5568838,4
15330,3344619,4
15333,3345417,4
21940,5483253,4
8892,1709184,4
8897,1709740,4
1241,92718,4
4980,629863,4
5313,770418,4
12665,2474959,4
12667,2475433,4
13197,2642115,4
13227,2648398,4
12646,2471441,4
677,55280,4
26649,6694248,4
24032,6088198,4
5288,766296,4
8910,1710683,4
21945,5484554,4
21946,5484576,4
8366,1593203,4
8370,1593905,4
4258,458107,4
8385,1597606,4
25989,6621520,4
26650,6694395,4
12642,2470552,4
3272,326194,4
3274,327158,4
3318,333710,4
22257,5575086,4
8311,1581289,4
8322,1583801,4
8353,1590049,4
8920,1711382,4
25863,6601874,4
18162,4065188,4
18144,4060843,4
18146,4060944,4
3158,312804,4
3135,310729,4
26660,6695337,4
17117,3814878,4
24008,6082204,4
24017,6084565,4
4956,605666,4
19628,4624827,4
19630,4624961,4
19632,4625214,4
19636,4626108,4
19612,4622960,4
19658,4651954,4
19637,4626600,4
8296,1578417,4
4107,434457,4
8962,1715288,4
8948,1714373,4
21917,5477904,4
8355,1590246,4
12560,2452815,4
23998,6078800,4
16797,3734901,4
21903,5474006,4
1209,90270,4
4252,455853,4
4255,457125,4
15349,3348663,4
19657,4649738,4
19274,4500471,4
26710,6702070,4
5346,778796,4
5372,785279,4
5375,786193,4
5376,786807,4
5379,787494,4
12540,2448146,4
12541,2448335,4
12542,2448412,4
19664,4670620,4
19667,4687081,4
12552,2451732,4
5393,790694,4
2386,198557,4
8993,1719157,4
21897,5472353,4
15001,3255509,4
8302,1579204,4
26237,6654066,4
22256,5574279,4
19265,4498128,4
5406,793820,4
4943,600145,4
4947,603325,4
4924,594914,4
2666,235893,4
2755,250286,4
2735,246833,4
1321,98305,4
1327,99092,4
5365,784032,4
19252,4493185,4
12520,2443678,4
19674,4696533,4
16765,3727653,4
12544,2449463,4
13279,2666915,4
13281,2667184,4
4936,597210,4
23967,6068753,4
1802,139967,4
5436,803000,4
24710,6272319,4
2018,158683,4
9017,1721756,4
9028,1723763,4
21887,5470739,4
8283,1575133,4
12487,2436826,4
23938,6059029,4
16728,3713827,4
3313,333017,4
13265,2661922,4
19256,4494026,4
13301,2674832,4
19731,4753877,4
12471,2432829,4
25996,6622173,4
16725,3713012,4
1192,88991,4
1195,89405,4
21852,5462900,4
21859,5463935,4
24707,6271114,4
8240,1566759,4
8274,1573426,4
17160,3825697,4
19735,4760730,4
5509,834266,4
5510,834572,4
23918,6052205,4
19750,4786082,4
19754,4796825,4
12439,2425826,4
4890,588301,4
4898,589730,4
5498,830152,4
22302,5586040,4
8208,1559313,4
8244,1567559,4
18169,4066843,4
18179,4069576,4
18180,4069636,4
5502,832352,4
12415,2418893,4
23906,6048510,4
5515,837389,4
19222,4478210,4
13303,2675196,4
19198,4466718,4
19774,4829737,4
12360,2403127,4
23894,6042658,4
14972,3241878,4
21868,5465836,4
9036,1725029,4
8252,1569000,4
8257,1570156,4
22296,5584230,4
23867,6033123,4
23873,6035352,4
1810,140791,4
19787,4831624,4
19186,4463489,4
3126,310124,4
12356,2402638,4
12384,2411359,4
710,57065,4
25934,6615089,4
26809,6713718,4
18195,4073074,4
8228,1563284,4
8204,1558974,4
8151,1549827,4
8185,1555923,4
8186,1556059,4
8219,1561694,4
8224,1562684,4
15362,3352424,4
17905,4006640,4
17910,4007074,4
26849,6717851,4
21823,5455579,4
9098,1741136,4
9082,1734740,4
24719,6275480,4
24722,6276778,4
9089,1737419,4
23874,6035565,4
23875,6035735,4
12369,2406154,4
12374,2407033,4
12344,2400954,4
12349,2401625,4
3345,337076,4
3346,337257,4
3347,337525,4
3349,338310,4
5553,847562,4
14954,3237490,4
8189,1556717,4
1340,99922,4
1343,100429,4
5588,854092,4
5563,849897,4
2379,198055,4
19822,4836850,4
19830,4838276,4
12328,2396882,4
25233,6429150,4
5568,851038,4
5571,851241,4
5600,857277,4
5606,858386,4
23853,6030839,4
5549,847207,4
19820,4836364,4
25109,6395852,4
9127,1746334,4
25717,6573844,4
14963,3240277,4
1176,88060,4
22331,5594642,4
8198,1557600,4
8177,1554658,4
5618,862296,4
5591,854531,4
16685,3700701,4
16668,3695422,4
2401,199991,4
12322,2396306,4
19191,4465640,4
13372,2701489,4
19178,4460067,4
16636,3687900,4
2772,252832,4
9131,1746801,4
21772,5438135,4
9172,1752222,4
4075,430491,4
9118,1744740,4
1205,90008,4
8166,1552121,4
15400,3362636,4
16670,3695621,4
16676,3696346,4
17194,3832537,4
16649,3691356,4
19848,4841078,4
19840,4839283,4
22337,5596199,4
22338,5596439,4
8135,1547880,4
22348,5598169,4
14937,3234232,4
14941,3235069,4
14942,3235480,4
14920,3225823,4
26810,6713830,4
19843,4839481,4
19875,4845061,4
4885,587341,4
23833,6027183,4
23834,6027542,4
8125,1546529,4
9180,1753732,4
21736,5423198,4
21757,5431158,4
26840,6716994,4
26018,6623451,4
23820,6023202,4
12249,2379230,4
12250,2379282,4
19181,4462536,4
19172,4457545,4
13388,2705750,4
5668,882606,4
5646,870798,4
22364,5603719,4
21715,5413327,4
18229,4084139,4
14911,3223087,4
14912,3223364,4
22351,5599556,4
17232,3841106,4
16621,3684857,4
19163,4455748,4
5659,874022,4
12202,2370516,4
19904,4852451,4
25098,6393480,4
23802,6018599,4
23813,6021742,4
15428,3370058,4
15431,3371027,4
24739,6281417,4
4074,430445,4
8112,1545133,4
22385,5608101,4
8118,1546045,4
2393,199229,4
25621,6552249,4
25792,6591069,4
19913,4854482,4
5701,892167,4
1777,137321,4
23792,6014236,4
23794,6014898,4
1782,138200,4
12197,2369854,4
3358,339495,4
13408,2711876,4
22367,5604226,4
22368,5604497,4
17873,4002247,4
15418,3367713,4
15423,3368761,4
17251,3845903,4
16623,3684941,4
19940,4861291,4
19950,4862859,4
19951,4863178,4
12172,2363653,4
3371,341899,4
17250,3845611,4
4839,577473,4
5732,901766,4
23798,6017695,4
8092,1542399,4
22376,5605664,4
22379,5605989,4
4281,463161,4
1189,88917,4
26348,6672058,4
26350,6672103,4
9218,1759157,4
5706,894024,4
19156,4448147,4
19158,4450791,4
19128,4434879,4
19130,4435207,4
5734,902236,4
23771,6010177,4
23779,6012168,4
5736,902876,4
18249,4088492,4
18241,4087013,4
18216,4079550,4
9235,1761148,4
21682,5406391,4
9222,1759719,4
1373,102462,4
16574,3673396,4
26979,6730402,4
19968,4867449,4
12119,2352723,4
5763,910270,4
5764,910404,4
17265,3848749,4
16593,3678378,4
8061,1537969,4
1396,104529,4
9280,1767713,4
9285,1770092,4
9298,1776309,4
4023,423508,4
4024,423750,4
16596,3679112,4
16568,3672668,4
12131,2354661,4
12104,2349273,4
12107,2349654,4
12111,2350520,4
12116,2351729,4
1766,135048,4
8010,1529872,4
14855,3207681,4
4029,424505,4
4034,425495,4
9276,1767370,4
1165,86901,4
1735,132217,4
5740,904421,4
5746,905892,4
5778,912377,4
5780,912579,4
736,58411,4
739,58498,4
742,58623,4
2172,171568,4
2175,171695,4
15459,3376985,4
21667,5403811,4
9293,1775204,4
2785,255562,4
14885,3216732,4
1375,102592,4
1380,102813,4
8042,1534448,4
19136,4437979,4
19119,4430580,4
19125,4432333,4
13447,2728112,4
13452,2729629,4
26715,6702693,4
26720,6703329,4
26721,6703511,4
25690,6568997,4
17259,3847517,4
5790,916836,4
5765,910477,4
21639,5392060,4
21641,5392879,4
18259,4091225,4
14851,3204649,4
14876,3214947,4
22397,5611170,4
22402,5613199,4
15455,3376443,4
20017,4883846,4
12057,2339282,4
19108,4422158,4
13470,2735791,4
13471,2736690,4
24286,6156171,4
24276,6154437,4
17291,3855737,4
4304,467410,4
22408,5613987,4
8021,1531008,4
8022,1531028,4
21645,5393693,4
21650,5395318,4
21654,5397608,4
9334,1784276,4
13477,2738155,4
12061,2339987,4
12070,2342012,4
13479,2738500,4
16544,3665975,4
5803,922825,4
5807,924836,4
23735,5998311,4
17854,3998023,4
17842,3996759,4
24758,6287465,4
18250,4088578,4
21644,5393325,4
4296,466415,4
5820,931857,4
13489,2741037,4
13514,2749983,4
12053,2338383,4
12033,2333386,4
17302,3858536,4
23747,6003619,4
7943,1516178,4
2051,162273,4
2023,159360,4
4053,428250,4
9339,1785680,4
8028,1531854,4
24590,6236207,4
5856,942649,4
5832,936693,4
17279,3852235,4
16543,3665902,4
20051,4901220,4
25742,6578810,4
14808,3193484,4
14816,3195518,4
14817,3195684,4
353,25578,4
2048,161810,4
22423,5617482,4
22426,5618579,4
3387,343005,4
12002,2329299,4
13495,2743026,4
13531,2754764,4
13535,2756618,4
2311,191104,4
17301,3858509,4
730,57923,4
20062,4906738,4
19088,4410547,4
19073,4403568,4
1748,133852,4
26199,6649146,4
26204,6649703,4
18286,4100463,4
21614,5384730,4
21616,5385120,4
9404,1803337,4
9395,1800157,4
17293,3856245,4
13557,2763950,4
11946,2319143,4
11990,2328122,4
11962,2321741,4
11927,2314284,4
4813,570684,4
4021,423110,4
3993,420542,4
21604,5380482,4
9400,1802419,4
333,24077,4
14821,3197094,4
18283,4099648,4
22449,5626334,4
7961,1520613,4
7965,1521931,4
5909,958978,4
1747,133835,4
11938,2316898,4
20071,4909259,4
20072,4909420,4
25065,6381690,4
5921,960240,4
9419,1809769,4
14801,3191154,4
21601,5378858,4
7952,1518231,4
15484,3385491,4
752,59394,4
20098,4921415,4
13586,2773129,4
5897,955582,4
23676,5983822,4
23684,5985026,4
23709,5992439,4
769,60516,4
3078,305224,4
3049,301968,4
1734,132121,4
4312,468793,4
21583,5375248,4
21586,5375867,4
21588,5376213,4
9401,1802538,4
26363,6672713,4
9446,1818149,4
16472,3648526,4
16475,3649456,4
11869,2303833,4
755,59692,4
11904,2310053,4
3416,346341,4
19056,4396328,4
19059,4397320,4
509,37992,4
13602,2779797,4
5956,971065,4
5988,978649,4
5940,965352,4
7880,1500109,4
7885,1501768,4
14763,3180365,4
9477,1827644,4
9455,1820843,4
21576,5373828,4
7916,1511283,4
7921,1511967,4
17330,3865352,4
4796,566619,4
5959,971417,4
17816,3991499,4
3976,418801,4
9480,1828272,4
9481,1828527,4
2797,257272,4
2798,257491,4
15557,3404559,4
22485,5635617,4
22486,5635930,4
7897,1505009,4
23655,5979066,4
23648,5978136,4
11802,2286518,4
26596,6689761,4
20152,4955474,4
20155,4955924,4
20159,4957348,4
20178,4963967,4
11783,2282367,4
9466,1823273,4
21568,5370678,4
21573,5372220,4
26795,6712974,4
14782,3185415,4
7889,1502425,4
22493,5638532,4
15538,3399762,4
6012,982169,4
11823,2291090,4
11830,2292664,4
3060,303216,4
7866,1496431,4
7868,1496554,4
1417,107125,4
1427,107680,4
14749,3176419,4
9499,1840771,4
6054,996206,4
3432,348548,4
20169,4961573,4
11791,2284502,4
25267,6442931,4
25269,6445012,4
25270,6445117,4
25750,6580548,4
19016,4370923,4
19029,4381588,4
4784,564848,4
1899,148502,4
1903,148953,4
1904,149075,4
2669,236256,4
21532,5359940,4
21534,5360356,4
18338,4110223,4
345,24853,4
792,61801,4
11765,2278659,4
19000,4362454,4
13646,2793745,4
6057,997012,4
6058,997032,4
6066,999411,4
16410,3630196,4
18332,4109187,4
4001,421507,4
9551,1853228,4
9534,1849567,4
7847,1487066,4
2652,233997,4
128,9944,4
2135,168582,4
11726,2270543,4
11727,2271088,4
11733,2271684,4
11734,2271836,4
20216,4986250,4
17363,3875570,4
6092,1007244,4
22505,5640777,4
22518,5644295,4
7831,1483507,4
9558,1855433,4
9561,1856735,4
14735,3171650,4
4790,565533,4
6049,994754,4
6076,1002868,4
13684,2809135,4
13695,2813282,4
3038,299263,4
20230,4995582,4
16402,3628262,4
24312,6164378,4
24326,6169190,4
21498,5351179,4
21502,5351605,4
2838,263838,4
2822,261288,4
2845,265538,4
9555,1854444,4
17808,3990507,4
22519,5644396,4
7853,1488546,4
7857,1489767,4
22503,5640578,4
4776,563968,4
1683,128317,4
105,8713,4
112,9218,4
11706,2266782,4
11713,2267879,4
11691,2262846,4
805,62900,4
15565,3407413,4
9577,1862057,4
9586,1863750,4
20231,4997133,4
20242,5003288,4
20227,4993660,4
25278,6447233,4
25279,6447307,4
17375,3878836,4
23581,5965165,4
1700,129857,4
16364,3617802,4
16391,3625845,4
16393,3626207,4
16394,3626876,4
13698,2814345,4
18985,4356280,4
11680,2260632,4
11683,2261239,4
11686,2262226,4
14711,3165951,4
26383,6674037,4
21479,5345900,4
7834,1483750,4
7843,1486473,4
15546,3401701,4
20255,5009999,4
20257,5010618,4
20268,5015718,4
11644,2249187,4
490,36870,4
21478,5345262,4
14706,3164073,4
14687,3157655,4
7785,1471880,4
7788,1472915,4
22532,5647441,4
24579,6234148,4
13710,2821105,4
13711,2821410,4
20287,5027271,4
11652,2251760,4
11627,2245502,4
25026,6371415,4
3463,351134,4
3471,352079,4
23573,5963278,4
7782,1470911,4
9632,1877351,4
17784,3986620,4
9638,1879220,4
16351,3614223,4
16352,3614295,4
16385,3624227,4
11634,2246655,4
26733,6706337,4
4769,562208,4
6145,1019443,4
26573,6688276,4
23558,5960229,4
6140,1016414,4
6176,1028625,4
6179,1028962,4
25598,6544579,4
11607,2241631,4
11614,2243302,4
3012,295202,4
3037,298695,4
13721,2825665,4
3973,418167,4
9665,1883422,4
18373,4119317,4
14667,3151865,4
22557,5653211,4
22560,5653566,4
7773,1469652,4
16332,3609244,4
16335,3610874,4
16368,3618465,4
13726,2827530,4
20328,5046133,4
11585,2236875,4
11559,2231523,4
7766,1467477,4
25498,6521973,4
17791,3987337,4
9642,1879976,4
3930,413759,4
11564,2232758,4
11571,2234165,4
11552,2230422,4
6189,1030325,4
6191,1030344,4
23535,5954519,4
6160,1025332,4
1432,108061,4
1434,108161,4
9655,1882426,4
14657,3149114,4
14631,3139833,4
18384,4122025,4
18389,4123231,4
6167,1027256,4
26058,6628212,4
13736,2832090,4
3479,353218,4
20337,5052095,4
13740,2833541,4
6230,1038500,4
23516,5949842,4
24565,6229948,4
21421,5329180,4
21422,5329340,4
366,26677,4
14648,3144393,4
17797,3988364,4
26069,6629644,4
6211,1034357,4
20345,5056998,4
11511,2222855,4
23510,5948446,4
26936,6726100,4
16311,3602034,4
16317,3603771,4
11500,2221298,4
25006,6363409,4
15613,3421098,4
1082,80524,4
22598,5663296,4
7742,1462628,4
7749,1463813,4
4368,480666,4
18934,4329402,4
13793,2851692,4
13797,2853417,4
16298,3599797,4
16301,3600068,4
149,11460,4
4730,549980,4
1930,150731,4
4761,559230,4
24798,6298393,4
2851,266490,4
2863,268885,4
2868,269895,4
14638,3142214,4
14645,3143685,4
1983,154566,4
22588,5660952,4
6259,1047580,4
20386,5074514,4
26560,6687554,4
20364,5065655,4
1665,126548,4
16280,3594982,4
17409,3885983,4
20402,5083155,4
11454,2212291,4
4735,550514,4
4741,551244,4
6265,1048799,4
7687,1452626,4
7694,1453954,4
22619,5669155,4
22620,5669403,4
22627,5671185,4
3954,416306,4
21402,5320963,4
9727,1896667,4
11437,2209649,4
2983,290019,4
25284,6450215,4
11409,2203323,4
20413,5085592,4
11389,2199970,4
26082,6632473,4
21396,5317749,4
14620,3136511,4
14627,3138772,4
14602,3131346,4
14635,3140929,4
15617,3421943,4
7709,1456977,4
7710,1457030,4
7712,1457152,4
16293,3598645,4
17418,3887851,4
11423,2206429,4
11400,2201720,4
11403,2201902,4
1937,151342,4
26084,6632807,4
9774,1904720,4
9739,1900628,4
9781,1905782,4
7696,1454572,4
22599,5663494,4
22606,5665958,4
7673,1448759,4
6323,1061320,4
13805,2854662,4
6357,1067283,4
16270,3590906,4
16278,3593689,4
16249,3584302,4
16251,3584795,4
16253,3585406,4
16254,3585603,4
11372,2196796,4
13835,2867490,4
13836,2867890,4
13838,2868009,4
6352,1066683,4
6385,1075018,4
15622,3423012,4
15645,3429971,4
17769,3983442,4
9802,1909996,4
9809,1910958,4
26406,6677201,4
21381,5313824,4
7669,1448118,4
25857,6601418,4
18411,4129683,4
18413,4130037,4
4402,488412,4
23452,5935759,4
16237,3580864,4
17428,3892979,4
26075,6631022,4
11344,2192134,4
824,63843,4
827,64222,4
11305,2185382,4
6376,1072088,4
6377,1072095,4
6382,1074219,4
4709,545679,4
7654,1443864,4
7632,1439440,4
21357,5305411,4
21337,5299306,4
21349,5302346,4
1093,80758,4
7657,1444512,4
7660,1445291,4
6387,1075168,4
6362,1068414,4
11346,2192469,4
13856,2876350,4
18893,4302409,4
20512,5107433,4
20513,5108237,4
20489,5103347,4
11319,2188464,4
11322,2188796,4
2120,167303,4
24366,6179135,4
4718,548515,4
4719,548725,4
23403,5918977,4
7611,1429342,4
9839,1916290,4
18424,4132882,4
18438,4135848,4
17764,3981735,4
15639,3427991,4
6395,1076550,4
24995,6359683,4
20508,5106864,4
11264,2174282,4
11266,2174720,4
20537,5111427,4
1636,124621,4
3882,409064,4
21327,5297530,4
9835,1915851,4
9836,1915855,4
2005,156962,4
1977,154287,4
7607,1427380,4
7609,1428204,4
165,12192,4
493,36972,4
497,37061,4
500,37443,4
9851,1917395,4
25364,6472968,4
2254,182761,4
6434,1086430,4
6435,1086570,4
6409,1080480,4
6413,1081646,4
20530,5110401,4
25802,6592864,4
20533,5111060,4
20541,5112198,4
20547,5113081,4
865,66643,4
20528,5109853,4
18887,4297813,4
18889,4299078,4
18874,4291407,4
6470,1093611,4
6448,1088665,4
6449,1088991,4
23370,5912688,4
23378,5914828,4
9880,1923672,4
18450,4139509,4
14536,3110367,4
14550,3116924,4
14572,3123827,4
17736,3975360,4
16186,3567660,4
16203,3571756,4
6469,1093331,4
18876,4292469,4
26550,6686923,4
11247,2170374,4
11248,2170401,4
11253,2171726,4
9903,1926231,4
9905,1926455,4
21307,5293934,4
21315,5294916,4
7553,1413994,4
7559,1414977,4
7567,1416305,4
22665,5679716,4
11203,2160380,4
11233,2168088,4
2977,289019,4
2980,289476,4
25306,6457041,4
18882,4295729,4
23366,5911034,4
6488,1096573,4
6491,1097142,4
9914,1929352,4
26409,6677545,4
1047,78675,4
7543,1408453,4
15711,3446148,4
15717,3447086,4
15695,3442741,4
6471,1093636,4
4670,535525,4
18885,4296644,4
11217,2163650,4
11221,2164690,4
17722,3972483,4
9940,1935719,4
21272,5285305,4
18462,4141478,4
18448,4139410,4
18449,4139469,4
4431,497777,4
7542,1408101,4
1448,109665,4
1449,109679,4
3571,368546,4
3595,371278,4
20555,5114978,4
13896,2891557,4
13904,2893669,4
6474,1094125,4
23356,5909257,4
7501,1394140,4
7502,1394940,4
7509,1397695,4
21277,5288523,4
21284,5289710,4
21285,5289731,4
9937,1935222,4
2628,230435,4
2603,227488,4
1617,123696,4
6456,1091239,4
6464,1092838,4
1604,122884,4
11163,2152426,4
11164,2152448,4
11172,2153517,4
20571,5119356,4
20580,5120347,4
377,27693,4
14534,3109973,4
14503,3102406,4
14505,3103229,4
17726,3973117,4
7515,1398893,4
26161,6644265,4
11159,2151995,4
11128,2145481,4
6503,1099989,4
6515,1102157,4
6544,1108330,4
4678,536468,4
2491,211642,4
2492,211673,4
2494,211917,4
17729,3973934,4
17733,3974637,4
3868,405669,4
3872,406251,4
10001,1952144,4
9976,1945167,4
9987,1948237,4
21257,5280551,4
21270,5284559,4
2531,216475,4
25559,6540743,4
11135,2148074,4
18855,4286174,4
18858,4287452,4
18866,4288960,4
135,10574,4
2490,211482,4
14488,3096143,4
24816,6302603,4
24511,6218183,4
24513,6219069,4
7488,1391431,4
7465,1385007,4
7455,1381095,4
23350,5908170,4
3577,368981,4
3582,369801,4
25821,6595769,4
24828,6306771,4
10010,1954376,4
1060,79284,4
4434,499012,4
22720,5698617,4
22721,5698647,4
11119,2144580,4
20608,5124516,4
858,66224,4
20632,5128976,4
11096,2140620,4
11100,2141801,4
20618,5126325,4
6528,1105019,4
6529,1105266,4
23318,5899489,4
26779,6711869,4
14479,3094973,4
14484,3095506,4
10036,1959986,4
7441,1375140,4
2313,191270,4
2314,191387,4
23321,5901375,4
23326,5901799,4
17478,3907741,4
2936,282403,4
16174,3563587,4
16178,3564497,4
16159,3559686,4
16192,3569553,4
11049,2133787,4
11068,2136802,4
11075,2137703,4
24956,6346800,4
7419,1365059,4
22717,5698282,4
1464,111021,4
10044,1962361,4
10051,1963740,4
21228,5270535,4
21235,5272246,4
3633,377598,4
20640,5130507,4
20646,5131408,4
13947,2907519,4
4674,535824,4
4677,536368,4
6590,1121067,4
6577,1117982,4
17712,3970719,4
15754,3456582,4
21216,5266085,4
10069,1967743,4
7404,1360091,4
7446,1378006,4
7416,1363715,4
18831,4272803,4
18837,4274161,4
11060,2135183,4
11034,2131997,4
23284,5886348,4
11015,2129036,4
26519,6683106,4
20694,5143074,4
11017,2129916,4
25920,6612637,4
16165,3562127,4
17490,3911565,4
4450,501534,4
2259,183546,4
14463,3091072,4
22768,5713908,4
11023,2130856,4
16164,3561017,4
4639,531249,4
6617,1125919,4
2128,168119,4
2134,168529,4
461,34385,4
13997,2930899,4
10087,1971148,4
10091,1971502,4
10100,1973866,4
1474,111799,4
7390,1357545,4
7414,1363390,4
22787,5720330,4
4446,500578,4
16143,3555044,4
16123,3550259,4
16125,3550758,4
18800,4260422,4
20709,5146097,4
3617,374236,4
16115,3548173,4
6644,1131988,4
23224,5872189,4
23228,5873551,4
15780,3462268,4
15781,3462354,4
17691,3964868,4
17695,3966459,4
17675,3961149,4
7373,1352039,4
25836,6598768,4
6623,1126817,4
10979,2121941,4
10953,2118108,4
10929,2112555,4
10965,2119515,4
20729,5151529,4
21194,5259177,4
10135,1979438,4
10146,1980288,4
10123,1977285,4
10124,1977327,4
15779,3461912,4
18801,4262531,4
483,36448,4
486,36647,4
26750,6708307,4
6666,1136346,4
26927,6725254,4
17510,3919532,4
20735,5153291,4
24940,6341820,4
24944,6343636,4
16090,3542894,4
6720,1148013,4
18498,4150205,4
18500,4150407,4
14444,3084798,4
26782,6712258,4
22797,5725808,4
4439,499461,4
17685,3963603,4
23175,5855292,4
23178,5856045,4
4629,529437,4
24404,6187717,4
25914,6611240,4
23200,5864141,4
3628,377094,4
10916,2110347,4
25730,6576852,4
25313,6459431,4
21166,5251520,4
10173,1984053,4
10150,1980781,4
10120,1976887,4
10121,1977005,4
22808,5731573,4
22811,5731936,4
22813,5732440,4
20752,5155463,4
10908,2108825,4
14057,2952715,4
14062,2954664,4
4611,526682,4
4612,526748,4
4584,524055,4
4624,528879,4
1571,120461,4
14039,2947496,4
2568,221936,4
21150,5247832,4
21153,5248652,4
18513,4153391,4
18518,4155238,4
14437,3081871,4
18521,4155596,4
20770,5159681,4
10859,2101018,4
16097,3544500,4
6713,1147267,4
6714,1147346,4
22841,5741973,4
10225,1990031,4
1016,77288,4
1018,77389,4
7343,1346545,4
10841,2097775,4
10845,2098219,4
23165,5851101,4
23167,5852145,4
23174,5855262,4
6748,1155669,4
26932,6725826,4
10886,2105196,4
2094,165267,4
10854,2100105,4
20777,5161092,4
20779,5161455,4
20784,5161921,4
10201,1987484,4
14421,3078370,4
21158,5249202,4
7329,1340896,4
25892,6607969,4
25893,6608039,4
20786,5162412,4
18744,4244325,4
18747,4244801,4
1563,120070,4
6781,1180649,4
2504,213326,4
2547,219599,4
18750,4245510,4
26491,6681869,4
10836,2096412,4
3655,379678,4
23137,5843961,4
23138,5844005,4
21128,5243056,4
22845,5743327,4
22850,5744044,4
22853,5745260,4
6779,1180009,4
2118,167175,4
3674,381435,4
14096,2965549,4
18735,4241111,4
7302,1331701,4
7248,1314632,4
18558,4169566,4
10236,1990899,4
14404,3072196,4
10796,2090928,4
20808,5167372,4
4598,525567,4
20818,5170353,4
10776,2087841,4
10779,2087920,4
3677,382010,4
3679,382406,4
3682,382661,4
3683,382740,4
24417,6193316,4
24418,6193444,4
10238,1991177,4
21095,5234677,4
21106,5237548,4
21107,5237584,4
14387,3068722,4
7291,1328576,4
6838,1202964,4
3709,384824,4
14109,2969709,4
14110,2969755,4
14093,2964543,4
6840,1203598,4
6843,1204645,4
16025,3527710,4
10755,2083910,4
20839,5175749,4
20851,5177643,4
10765,2085394,4
23095,5833079,4
23099,5835238,4
15817,3469427,4
15855,3481209,4
17662,3959218,4
18566,4172809,4
14348,3054526,4
1001,76341,4
1002,76404,4
10263,1993116,4
10270,1993940,4
6865,1211433,4
20862,5179956,4
20870,5181331,4
25322,6461853,4
2941,283252,4
6900,1219237,4
21094,5234014,4
10315,1999204,4
18576,4174627,4
25885,6606557,4
7241,1313554,4
7242,1313656,4
7244,1314035,4
22880,5752834,4
16036,3530370,4
17574,3936888,4
16008,3523272,4
925,70418,4
927,70495,4
10717,2078251,4
10725,2079096,4
10699,2075248,4
3692,383158,4
3696,383613,4
18568,4173321,4
2272,185143,4
1505,114744,4
22901,5758476,4
2918,278148,4
944,72161,4
945,72265,4
18729,4240499,4
1534,117253,4
1536,117416,4
4556,518828,4
4557,518829,4
24426,6195143,4
24428,6195678,4
15865,3484740,4
18588,4176657,4
18595,4178491,4
3784,394070,4
24855,6313526,4
10324,2000727,4
10664,2070226,4
10665,2070865,4
16005,3522473,4
23085,5830790,4
6873,1213538,4
24436,6196575,4
24438,6196742,4
4475,508334,4
4482,509318,4
4507,513491,4
22904,5758856,4
10356,2007249,4
7237,1312674,4
7214,1303655,4
2577,223356,4
4570,520779,4
26912,6723713,4
16011,3523453,4
16014,3524875,4
10657,2069191,4
18711,4235840,4
14182,2999689,4
18695,4226942,4
4488,509657,4
26446,6679488,4
26450,6679654,4
983,75389,4
10374,2012071,4
21069,5225511,4
21070,5225578,4
21071,5226331,4
4471,507158,4
18709,4235572,4
20900,5188889,4
961,73826,4
20921,5193270,4
20924,5194099,4
23075,5828436,4
6925,1225105,4
6939,1231124,4
6940,1231397,4
1529,116762,4
17640,3953276,4
17651,3955503,4
21055,5223495,4
1008,76611,4
22914,5765637,4
20918,5192361,4
10616,2060240,4
973,74698,4
954,73272,4
10625,2062861,4
10627,2063028,4
10628,2063117,4
24867,6318524,4
24870,6319068,4
3808,396450,4
18613,4184431,4
15877,3489820,4
2551,220187,4
10600,2056358,4
10611,2059333,4
18694,4226908,4
6998,1246534,4
6969,1237675,4
173,12611,4
15980,3518050,4
15960,3513207,4
14212,3013005,4
14214,3013244,4
18681,4220036,4
18689,4226125,4
18663,4213169,4
21017,5213111,4
2887,273324,4
2901,275903,4
18603,4179851,4
204,14947,4
207,15311,4
7147,1286274,4
7155,1288182,4
17593,3940682,4
17595,3941860,4
17597,3942262,4
454,33676,4
3730,387128,4
10591,2055594,4
20945,5197024,4
7028,1253944,4
10428,2021216,4
7157,1289630,4
15906,3497942,4
15880,3490589,4
15884,3492374,4
21015,5212912,4
23033,5807441,4
23034,5810703,4
10560,2049550,4
3748,389202,4
24897,6326492,4
24901,6327586,4
22990,5788870,4
24882,6321923,4
21008,5211177,4
14278,3035139,4
7099,1273417,4
7140,1281821,4
24446,6198469,4
15943,3508515,4
15944,3508572,4
15931,3503347,4
20958,5200115,4
20955,5199436,4
2083,164686,4
3744,389010,4
23002,5792020,4
23003,5792292,4
25904,6609405,4
24431,6196040,4
7068,1266011,4
21014,5212386,4
10460,2027500,4
10446,2024478,4
3756,390029,4
2237,180873,4
22987,5788008,4
7064,1265283,4
18653,4209593,4
971,74655,4
10510,2038326,4
10513,2038914,4
2564,221135,4
2540,217884,4
2077,164318,4
10452,2026188,4
20993,5207998,4
14257,3029764,4
18634,4195428,4
7124,1278692,4
7095,1272711,4
7098,1272917,4
26126,6638213,4
7108,1275487,4
12991,2576241,4
25182,6416604,4
19385,4560290,4
15219,3314700,4
24647,6254355,4
25188,6417750,4
2184,172664,4
19402,4564193,4
19405,4564811,4
5078,710270,4
5047,693565,3
17019,3791791,3
22101,5536096,3
15202,3310767,3
18062,4040959,3
284,19620,3
30,2176,3
27004,6732710,3
27003,6732627,3
16951,3779853,3
14,719,3
25186,6417634,3
5073,708969,3
12972,2571725,3
12977,2573128,3
19415,4566758,3
613,46026,3
26682,6697963,3
10451,2025912,3
20994,5208049,3
20998,5208177,3
10474,2031035,3
10457,2026881,3
10459,2027235,3
14228,3019363,3
14237,3022963,3
4520,514467,3
4523,514528,3
7122,1278611,3
7097,1272865,3
2327,193185,3
24169,6125458,3
24174,6126886,3
19413,4566623,3
14216,3014509,3
969,74375,3
10511,2038347,3
10493,2034629,3
3740,388410,3
22973,5782547,3
22964,5779635,3
2558,220707,3
2562,221109,3
2536,217496,3
2538,217648,3
2571,222235,3
2575,223091,3
2102,166140,3
3778,393657,3
10502,2036255,3
17625,3949350,3
17631,3950852,3
15942,3508121,3
10516,2039147,3
10487,2033403,3
20980,5205171,3
997,76226,3
998,76241,3
2909,277327,3
2915,277853,3
7065,1265478,3
1539,117798,3
1542,118057,3
1973,153967,3
25897,6608586,3
18650,4208249,3
26131,6638847,3
7033,1257490,3
24433,6196310,3
7109,1275518,3
7081,1268547,3
7084,1269460,3
7085,1270697,3
7088,1270930,3
21011,5211818,3
21013,5212025,3
10466,2030052,3
10469,2030517,3
10448,2024962,3
3751,389386,3
24874,6320374,3
7071,1266635,3
15948,3509234,3
15956,3512737,3
15933,3503807,3
20957,5199820,3
20960,5200758,3
10543,2044764,3
10549,2045308,3
10531,2042619,3
423,31328,3
427,31677,3
429,31952,3
18648,4206396,3
2927,280562,3
2929,280660,3
2934,282141,3
23004,5792326,3
24888,6324851,3
24896,6326271,3
3719,385567,3
23015,5798704,3
22994,5789848,3
24856,6313650,3
18616,4185507,3
18626,4194419,3
18627,4194569,3
14289,3038147,3
25338,6468832,3
22946,5773497,3
7141,1282115,3
22960,5777880,3
21030,5215510,3
15916,3500659,3
10539,2044428,3
7021,1253044,3
10425,2020079,3
10429,2021244,3
10413,2018798,3
21040,5218235,3
21046,5220554,3
10419,2019307,3
26149,6642645,3
22940,5771793,3
22941,5772157,3
17639,3953142,3
7030,1256384,3
7010,1250260,3
20950,5197909,3
10568,2050322,3
23040,5815385,3
23042,5816510,3
21016,5212999,3
21023,5214346,3
2892,273916,3
2925,280158,3
2926,280194,3
18606,4180720,3
205,15058,3
1524,116636,3
168,12321,3
18674,4218745,3
956,73567,3
3705,384217,3
2078,164431,3
10538,2044283,3
25546,6538358,3
25541,6537303,3
10603,2057216,3
14183,3000149,3
14186,3001426,3
14193,3005619,3
6956,1235298,3
6990,1244868,3
6994,1245813,3
6995,1245942,3
6997,1246306,3
10596,2056190,3
20942,5196652,3
972,74668,3
18686,4224218,3
18687,4224692,3
979,74985,3
15963,3514237,3
17581,3938797,3
23066,5825220,3
2550,220107,3
22924,5768335,3
26144,6641993,3
24863,6317522,3
3770,392334,3
10403,2017049,3
21035,5216039,3
411,30877,3
1944,151799,3
1946,151838,3
22926,5768507,3
7172,1293630,3
10642,2065445,3
17648,3955044,3
14304,3041973,3
10384,2014392,3
10387,2014782,3
10366,2008762,3
10369,2009964,3
10328,2001293,3
10329,2001337,3
22907,5761189,3
22920,5767296,3
4498,511246,3
10644,2066315,3
10645,2066317,3
20907,5190586,3
20915,5192094,3
10681,2072796,3
14180,2996807,3
18703,4230738,3
18705,4233005,3
24463,6203678,3
24468,6205286,3
987,75670,3
21075,5227393,3
10313,1999098,3
10344,2005498,3
4473,507837,3
20894,5187254,3
20901,5188994,3
10637,2063966,3
6942,1232127,3
1527,116700,3
6934,1227553,3
6903,1219932,3
6912,1221859,3
6876,1214159,3
4474,508138,3
10348,2005934,3
10352,2006167,3
10358,2007446,3
14296,3040004,3
14299,3040827,3
2578,223481,3
2582,224113,3
4537,515875,3
4545,517347,3
20886,5185449,3
10679,2072413,3
4564,520156,3
25534,6534390,3
2299,189581,3
191,14525,3
26767,6710500,3
14340,3051626,3
18585,4176102,3
14311,3043544,3
3795,394966,3
10339,2002616,3
10297,1996943,3
10686,2073868,3
20878,5183840,3
10677,2072146,3
16000,3521449,3
23090,5832168,3
10304,1998439,3
10336,2002110,3
2875,271128,3
2877,271312,3
1501,114479,3
7269,1322172,3
7240,1313519,3
7199,1299735,3
1482,112564,3
7235,1312027,3
20880,5184642,3
948,72348,3
14139,2982667,3
14141,2983499,3
14142,2983787,3
4575,521494,3
16034,3529968,3
1022,77499,3
10320,1999751,3
18572,4173775,3
7243,1314003,3
22881,5754517,3
7285,1327855,3
22869,5749176,3
15845,3476115,3
16037,3530831,3
17565,3933220,3
17569,3934656,3
17572,3936169,3
14124,2976340,3
3700,383679,3
10299,1997327,3
15851,3478934,3
15856,3481665,3
17658,3957411,3
18578,4175071,3
14369,3060962,3
10289,1996378,3
21084,5231101,3
6859,1209292,3
6860,1210271,3
6861,1210415,3
23092,5832658,3
6887,1215990,3
10715,2077707,3
10751,2083575,3
2939,283137,3
18722,4238737,3
6811,1194035,3
24923,6335654,3
10770,2087180,3
10774,2087594,3
6867,1212578,3
17558,3931789,3
16043,3532082,3
16051,3534741,3
16023,3527289,3
10757,2084186,3
10758,2084333,3
20842,5176289,3
3675,381536,3
10735,2080303,3
20861,5179858,3
23097,5834514,3
3685,382799,3
4568,520649,3
23119,5840756,3
1574,120814,3
10275,1994714,3
21097,5235316,3
21100,5236847,3
21105,5237502,3
21109,5237612,3
14385,3068614,3
14388,3068791,3
14390,3069287,3
18552,4167770,3
7289,1327983,3
6827,1200389,3
6828,1200430,3
908,69568,3
910,69659,3
10794,2090418,3
10797,2091149,3
20795,5164277,3
20833,5174728,3
20836,5175442,3
6852,1206441,3
16065,3537421,3
17544,3927515,3
17546,3928047,3
17550,3928950,3
16080,3540251,3
10780,2088113,3
10788,2089368,3
3678,382402,3
20804,5166653,3
14099,2966999,3
14100,2967405,3
464,34749,3
470,35472,3
7298,1331035,3
7271,1322944,3
7275,1325199,3
22871,5750766,3
10217,1989476,3
10253,1992732,3
21121,5241868,3
10234,1990680,3
18560,4170032,3
18564,4170790,3
14401,3071509,3
3802,395600,3
22847,5743504,3
22849,5743909,3
15805,3466631,3
17665,3960189,3
17666,3960233,3
17668,3960385,3
17669,3960474,3
15838,3475301,3
15844,3475593,3
23141,5845159,3
1544,118240,3
6823,1199322,3
6804,1186225,3
6776,1178745,3
6778,1179679,3
6749,1155679,3
6790,1184642,3
6799,1185844,3
6787,1183672,3
6815,1196260,3
25573,6541840,3
18753,4249363,3
10834,2096147,3
10814,2093422,3
10821,2094528,3
2105,166370,3
2111,166829,3
23128,5841669,3
23136,5843746,3
18544,4165867,3
10210,1988855,3
10852,2099798,3
7264,1321043,3
14375,3064218,3
14378,3064638,3
18528,4158245,3
18530,4159017,3
14396,3071185,3
14397,3071187,3
7321,1337442,3
7330,1341442,3
7306,1332734,3
10865,2101845,3
444,32860,3
452,33645,3
18745,4244418,3
16086,3541846,3
14079,2959299,3
18767,4253945,3
3667,380965,3
3670,381181,3
24924,6335977,3
24928,6337735,3
20762,5157613,3
20765,5158543,3
23168,5852342,3
23171,5853611,3
6743,1155328,3
17531,3924442,3
26928,6725609,3
151,11502,3
20761,5157216,3
2095,165375,3
6758,1159030,3
6728,1149288,3
6735,1150439,3
7317,1336567,3
22840,5740344,3
26433,6678867,3
10226,1990040,3
24845,6312128,3
1019,77404,3
10190,1986352,3
21159,5249479,3
4465,504000,3
24473,6206555,3
7347,1347638,3
6736,1152857,3
1583,121213,3
2591,225687,3
25520,6529081,3
15828,3473311,3
15803,3466208,3
21144,5246427,3
18519,4155457,3
18520,4155526,3
18525,4157000,3
20773,5160279,3
10891,2105977,3
10898,2107125,3
10873,2103228,3
10874,2103263,3
14045,2948677,3
6738,1153199,3
6742,1155277,3
18779,4255442,3
18526,4157452,3
21174,5253470,3
10168,1982854,3
10174,1984076,3
26437,6679155,3
15820,3470735,3
2303,189886,3
22814,5732469,3
18782,4255702,3
889,68116,3
14031,2942864,3
14069,2956927,3
4586,524161,3
4590,524511,3
2588,225203,3
175,13114,3
6721,1148315,3
4460,503360,3
10157,1982077,3
10158,1982162,3
21183,5256283,3
21184,5256402,3
7377,1353431,3
22798,5726191,3
1470,111412,3
15784,3462723,3
24395,6185638,3
10912,2109803,3
25719,6575006,3
2232,180593,3
25315,6460174,3
26746,6707928,3
18778,4255330,3
23209,5866305,3
6664,1135774,3
23193,5861540,3
17506,3917365,3
17509,3918742,3
16106,3546638,3
2261,183633,3
914,70019,3
917,70140,3
24936,6339658,3
6705,1145443,3
16073,3538924,3
17523,3922062,3
16093,3543525,3
10961,2119009,3
10963,2119351,3
10935,2113825,3
10949,2116239,3
15787,3463061,3
15788,3463444,3
15789,3463703,3
21196,5261027,3
21188,5257853,3
10136,1979463,3
3829,400977,3
4424,494202,3
1472,111589,3
15772,3460091,3
20731,5152094,3
10976,2121442,3
6678,1138738,3
17676,3961336,3
26788,6712740,3
26789,6712777,3
18492,4148580,3
18494,4149095,3
18496,4150058,3
14458,3087845,3
14460,3089214,3
10103,1975262,3
6684,1140849,3
6625,1126984,3
10981,2122301,3
10982,2122362,3
20720,5147734,3
10904,2108442,3
6626,1127033,3
6650,1132750,3
6657,1133604,3
10108,1975850,3
10089,1971434,3
21222,5268380,3
10059,1965744,3
10096,1973388,3
10098,1973706,3
7388,1356526,3
1490,113461,3
18797,4259136,3
20675,5138761,3
3613,373627,3
17518,3920687,3
6668,1136453,3
18819,4267651,3
18820,4268627,3
13979,2921583,3
26755,6709028,3
4637,530705,3
4615,526970,3
24380,6181535,3
24381,6181723,3
6618,1125931,3
23255,5879305,3
3618,374581,3
25816,6594621,3
3649,379312,3
20683,5140448,3
13999,2931545,3
14001,2932025,3
4454,502447,3
10072,1968507,3
10073,1968966,3
10074,1968978,3
10079,1969752,3
10082,1970402,3
2878,271469,3
2885,272846,3
22759,5712379,3
22774,5716330,3
7399,1359319,3
11025,2131103,3
11026,2131129,3
11027,2131134,3
18810,4266791,3
18814,4267164,3
11028,2131142,3
20667,5137021,3
6592,1121322,3
6593,1121367,3
23277,5884208,3
23281,5885417,3
24388,6184409,3
899,68952,3
11022,2130605,3
23265,5880684,3
23246,5876934,3
17485,3909671,3
17492,3911997,3
16136,3553313,3
16138,3554301,3
4452,501824,3
6585,1120138,3
6540,1106913,3
7402,1359964,3
17700,3967424,3
14470,3092381,3
3875,406960,3
21215,5265818,3
10065,1966561,3
10040,1961038,3
26898,6722648,3
22729,5701202,3
23312,5897145,3
18834,4273364,3
11031,2131723,3
11045,2132826,3
20655,5133690,3
24961,6348235,3
7420,1365603,3
7425,1368021,3
21211,5264787,3
1033,78080,3
1036,78211,3
1039,78432,3
21225,5269845,3
21231,5271728,3
21233,5271904,3
20645,5131268,3
13944,2907035,3
13981,2921749,3
13987,2923754,3
18830,4272380,3
1954,152444,3
17475,3907004,3
11114,2143553,3
2956,285012,3
2994,291460,3
18854,4285373,3
11048,2133308,3
16182,3565674,3
16155,3559385,3
16158,3559489,3
11053,2134457,3
11054,2134525,3
11084,2138691,3
11085,2138725,3
11064,2135760,3
25827,6596830,3
3621,375425,3
857,66204,3
11101,2141957,3
11108,2142303,3
11079,2138213,3
21236,5272549,3
10024,1957144,3
14493,3097967,3
14501,3102002,3
14474,3093339,3
7442,1376678,3
7474,1387706,3
25521,6529301,3
25524,6531555,3
6553,1111462,3
6564,1114869,3
16198,3570749,3
3587,370442,3
860,66363,3
861,66388,3
11118,2144072,3
2317,191671,3
24827,6306657,3
24833,6309889,3
3853,403854,3
24811,6301522,3
1062,79422,3
22714,5697814,3
22724,5699188,3
7435,1373281,3
14487,3096128,3
11120,2144648,3
20599,5122900,3
9978,1945878,3
24515,6219157,3
24497,6215375,3
7481,1389967,3
7448,1378351,3
7450,1378880,3
7510,1397989,3
22704,5694396,3
4662,533807,3
24375,6180545,3
4686,537572,3
6524,1104107,3
23336,5903873,3
18838,4274344,3
3584,369901,3
3585,370120,3
17718,3971554,3
15750,3454664,3
15725,3449465,3
3870,406148,3
2039,161241,3
9992,1949752,3
21261,5281688,3
139,10773,3
11137,2148491,3
874,67046,3
13955,2911534,3
18856,4287186,3
4648,532293,3
4654,533044,3
4660,533579,3
14489,3096835,3
9959,1941294,3
24812,6302329,3
14530,3108875,3
14504,3102713,3
14507,3103830,3
22693,5687210,3
7511,1398243,3
7518,1399080,3
7469,1385848,3
11152,2151239,3
11162,2152343,3
13910,2895312,3
18872,4290839,3
13931,2902829,3
13922,2898984,3
25577,6542461,3
13900,2892875,3
23355,5909204,3
9948,1938800,3
9956,1940686,3
9927,1932905,3
9929,1933120,3
9933,1933606,3
22689,5684796,3
7532,1402389,3
23362,5910394,3
1618,123705,3
1596,122614,3
1602,122860,3
13906,2893998,3
11205,2160827,3
11144,2149321,3
11184,2156848,3
11185,2156921,3
11218,2164138,3
2609,228215,3
21290,5290042,3
18463,4142149,3
18465,4142977,3
406,30632,3
24524,6221084,3
24977,6353513,3
3561,367230,3
3570,368229,3
3592,371016,3
3593,371130,3
13891,2890504,3
13895,2891510,3
21299,5292103,3
9912,1928907,3
26417,6677915,3
9951,1939350,3
1056,79047,3
22673,5681387,3
15688,3441245,3
9925,1932765,3
6473,1093976,3
4692,539819,3
4693,539860,3
4668,535045,3
4700,543018,3
18883,4295809,3
13883,2886067,3
11180,2156272,3
9896,1925322,3
21310,5294219,3
21311,5294502,3
21312,5294509,3
15707,3445342,3
7583,1422300,3
7561,1415083,3
7570,1418162,3
11197,2159121,3
11224,2165984,3
11226,2166049,3
11235,2168183,3
25308,6457273,3
25288,6450844,3
6490,1096926,3
22680,5681937,3
18452,4139812,3
18453,4139939,3
14542,3112749,3
14549,3114992,3
25352,6470699,3
25353,6470741,3
22649,5676348,3
17743,3976134,3
16184,3566673,3
17458,3903038,3
17460,3903298,3
2967,287314,3
26547,6686609,3
11244,2170102,3
11252,2171686,3
11254,2172165,3
22666,5679727,3
6468,1092980,3
6414,1082411,3
3548,365394,3
3557,366735,3
24972,6352333,3
11223,2165128,3
20544,5112810,3
867,66704,3
18875,4291458,3
6443,1088331,3
6479,1095039,3
6486,1096071,3
16213,3574097,3
26153,6643092,3
9886,1924507,3
6453,1090094,3
6425,1084222,3
6428,1084543,3
6433,1085933,3
17747,3977436,3
17748,3977447,3
17749,3977644,3
9865,1920385,3
25362,6472055,3
2255,183128,3
14552,3117678,3
15658,3433089,3
15660,3433216,3
15700,3443561,3
26179,6646900,3
7622,1434498,3
14558,3119037,3
3880,408254,3
3881,408859,3
3885,409325,3
3895,410135,3
9838,1916242,3
2002,156638,3
4417,491911,3
164,12141,3
16216,3574409,3
16218,3574486,3
16221,3575955,3
18902,4308881,3
496,37034,3
13863,2880224,3
13868,2882317,3
21336,5299071,3
9878,1923257,3
14592,3128775,3
18434,4135357,3
14567,3121971,3
14569,3122321,3
17761,3981079,3
6399,1077640,3
24996,6360592,3
3546,365196,3
20505,5106542,3
11260,2173321,3
20538,5111728,3
20540,5112144,3
11274,2176750,3
6418,1083080,3
11345,2192176,3
477,35976,3
480,36224,3
481,36320,3
13854,2876152,3
13860,2877463,3
18892,4301717,3
11289,2182197,3
11329,2190362,3
11310,2187429,3
24372,6180370,3
4715,547026,3
1613,123405,3
15656,3432661,3
15657,3433050,3
9842,1916481,3
853,65523,3
825,63857,3
11307,2185713,3
1611,123143,3
4384,483809,3
9818,1913077,3
21358,5305997,3
21342,5300533,3
21350,5302439,3
1090,80712,3
3903,410734,3
25847,6600606,3
24361,6177737,3
23428,5927055,3
830,64287,3
833,64390,3
23456,5937147,3
475,35907,3
11378,2197297,3
11382,2198231,3
11356,2193786,3
11357,2193801,3
20486,5102998,3
6371,1070447,3
6391,1075755,3
16261,3588745,3
16262,3589073,3
17432,3894212,3
16231,3580207,3
20463,5099207,3
11335,2191297,3
846,65047,3
21366,5308698,3
9804,1910120,3
9805,1910125,3
21379,5311340,3
9795,1908453,3
7640,1441053,3
7643,1441223,3
7678,1451047,3
17776,3984285,3
17780,3985208,3
15662,3434220,3
15664,3434875,3
25854,6601269,3
1072,79907,3
14584,3126090,3
15620,3422565,3
11383,2198276,3
20442,5094229,3
6356,1067133,3
6335,1063745,3
26072,6629797,3
16247,3583897,3
20450,5096003,3
11412,2204218,3
13843,2869216,3
18913,4320398,3
26077,6631622,3
6374,1071767,3
15653,3431187,3
17768,3982881,3
14585,3126225,3
21362,5307140,3
4696,540332,3
1941,151618,3
9771,1904143,3
21361,5307015,3
21383,5314086,3
21386,5314264,3
21393,5317172,3
21394,5317263,3
7699,1455677,3
22609,5667021,3
22614,5668696,3
6318,1060746,3
13804,2854452,3
13862,2878352,3
3511,358214,3
25804,6592976,3
6302,1057528,3
2472,209070,3
24545,6225063,3
9753,1902327,3
18406,4128470,3
14601,3131194,3
14634,3140451,3
3911,411921,3
7708,1456807,3
2474,209328,3
2482,210181,3
11427,2207368,3
18930,4327085,3
18918,4323670,3
13816,2858560,3
24343,6172495,3
11435,2209264,3
11438,2209747,3
25299,6454790,3
2991,291062,3
6267,1049328,3
23483,5941973,3
23466,5940038,3
23468,5940159,3
23469,5940186,3
23474,5941097,3
1643,125180,3
11440,2210080,3
11442,2210502,3
11445,2210808,3
11393,2200989,3
6324,1061418,3
6263,1048294,3
7718,1458074,3
7693,1453941,3
22624,5670364,3
3914,412148,3
21403,5321965,3
9724,1896511,3
9734,1900254,3
9703,1892802,3
17420,3889138,3
26938,6726213,3
26948,6726567,3
123,9479,3
16305,3600898,3
11459,2213349,3
11432,2208327,3
20387,5074753,3
26555,6687325,3
26564,6687641,3
807,62934,3
6236,1039804,3
23487,5943886,3
17410,3886121,3
17414,3887002,3
810,63238,3
20389,5074869,3
11467,2214268,3
11474,2215950,3
11478,2217045,3
20391,5075843,3
20398,5080604,3
11457,2213148,3
13765,2842287,3
18938,4331780,3
18946,4334909,3
4727,549484,3
1929,150704,3
9766,1903378,3
25369,6473897,3
25370,6473961,3
25377,6475617,3
7731,1460797,3
15599,3417995,3
15602,3418840,3
15635,3426971,3
20380,5073255,3
20381,5073274,3
20384,5074032,3
20343,5055289,3
25004,6362581,3
25014,6365675,3
3530,361314,3
15615,3421673,3
9710,1893742,3
9712,1893973,3
1079,80326,3
21417,5328208,3
7703,1456132,3
7740,1461979,3
7747,1463773,3
7748,1463799,3
4370,480691,3
20372,5071131,3
13759,2840652,3
13782,2849208,3
11514,2224137,3
11516,2224472,3
11521,2224782,3
20332,5048454,3
20336,5050324,3
3501,355925,3
11495,2220936,3
6221,1037145,3
6254,1046256,3
16323,3606534,3
11502,2221543,3
11504,2221651,3
11507,2221979,3
11509,2222394,3
20359,5064183,3
3490,354086,3
3494,354772,3
25015,6365716,3
23522,5951592,3
4373,481778,3
21418,5328464,3
21419,5328509,3
18393,4124770,3
18397,4125994,3
367,26793,3
369,26942,3
15593,3416244,3
22576,5656518,3
7737,1461567,3
6203,1033646,3
6207,1034075,3
18961,4344606,3
6187,1029606,3
6227,1038201,3
1436,108213,3
22591,5661597,3
22594,5662953,3
21443,5335555,3
9697,1891748,3
18387,4122199,3
7756,1464937,3
7757,1464985,3
7764,1467034,3
6172,1028252,3
1685,128543,3
26057,6628169,3
3503,356867,3
25496,6521450,3
25499,6522154,3
25500,6522774,3
25502,6523358,3
25504,6523737,3
17794,3987807,3
359,25919,3
9648,1881311,3
9651,1881672,3
3936,414661,3
11563,2232733,3
11574,2235296,3
13731,2829610,3
13734,2831152,3
18957,4342436,3
18958,4343377,3
18367,4118760,3
22566,5653929,3
7770,1468928,3
22545,5650409,3
26190,6648151,3
26191,6648179,3
16327,3608620,3
16330,3609023,3
16365,3617974,3
16366,3618337,3
2456,207829,3
11586,2236987,3
20316,5041498,3
20323,5044913,3
11560,2231692,3
22572,5655215,3
20303,5032365,3
20305,5035185,3
25025,6370533,3
11603,2240529,3
11577,2235605,3
6136,1015439,3
6180,1029091,3
25594,6543883,3
25599,6544642,3
11583,2236423,3
20294,5028159,3
26063,6629047,3
17391,3881685,3
3938,414730,3
9666,1883429,3
14693,3160403,3
4765,560130,3
16353,3614307,3
3499,355415,3
13718,2825090,3
26728,6705620,3
16373,3619867,3
16374,3620627,3
16346,3612838,3
4772,563334,3
4747,552819,3
4755,555578,3
4758,558770,3
23566,5961919,3
11619,2243752,3
20297,5030213,3
20302,5032197,3
814,63334,3
23572,5963209,3
6125,1014080,3
7775,1469920,3
7753,1464583,3
21452,5337584,3
21457,5338978,3
9625,1875297,3
9601,1867613,3
4331,473577,3
7803,1475601,3
26870,6720169,3
235,17607,3
17785,3986735,3
2645,233106,3
6132,1014957,3
11640,2247985,3
18992,4359405,3
26740,6707420,3
21471,5342948,3
21475,5344037,3
9607,1868399,3
14699,3162309,3
7787,1472604,3
7820,1480146,3
7821,1481063,3
24575,6233861,3
24576,6233976,3
20282,5024866,3
11650,2251125,3
811,63283,3
813,63295,3
1123,83338,3
1124,83419,3
26377,6673724,3
9622,1874755,3
9603,1868030,3
24781,6292488,3
7844,1486518,3
26878,6720539,3
20254,5009695,3
20261,5012004,3
11656,2252846,3
818,63489,3
20263,5013447,3
20267,5015629,3
20271,5019303,3
20278,5023579,3
20243,5004544,3
20244,5004814,3
20245,5005009,3
20220,4987754,3
3043,300395,3
25274,6446173,3
25277,6447125,3
17378,3880116,3
23589,5966962,3
23576,5964051,3
23579,5964611,3
1695,129368,3
1697,129498,3
16360,3616852,3
4329,473107,3
9584,1863323,3
11662,2255340,3
11699,2264908,3
15562,3405433,3
15564,3406292,3
3947,415853,3
3948,415865,3
3949,415927,3
9606,1868388,3
9580,1862683,3
9582,1862856,3
26390,6675378,3
1096,80879,3
1099,81012,3
21495,5350349,3
21497,5351095,3
20235,4998624,3
20218,4987273,3
3449,350031,3
13655,2797319,3
16395,3626959,3
24317,6165590,3
2809,259198,3
2819,260907,3
14723,3169375,3
14724,3169571,3
7856,1489490,3
4775,563850,3
23588,5966888,3
16377,3621541,3
11711,2267738,3
11688,2262304,3
11689,2262715,3
2158,170545,3
784,61600,3
23591,5967573,3
23592,5967832,3
23605,5970416,3
22504,5640726,3
22509,5642155,3
22535,5647608,3
22543,5650313,3
7833,1483580,3
21510,5353588,3
9564,1857836,3
18349,4112910,3
14741,3173270,3
18327,4108619,3
6074,1001952,3
19005,4365714,3
6060,997444,3
6065,999294,3
17351,3872275,3
3970,418049,3
9544,1851683,3
9545,1852003,3
21527,5358858,3
1407,106237,3
7871,1497517,3
7878,1498594,3
7848,1487074,3
25494,6519816,3
2631,230629,3
17354,3873235,3
16423,3633877,3
11754,2276794,3
11789,2283583,3
11735,2271864,3
1715,130900,3
26040,6625855,3
23613,5972071,3
23620,5973249,3
23621,5973342,3
16435,3637080,3
16408,3629668,3
17337,3867713,3
17342,3870689,3
11739,2273121,3
13629,2789899,3
13662,2799683,3
13665,2800208,3
11750,2276348,3
2636,231752,3
2671,236750,3
9521,1846277,3
21518,5356921,3
26806,6713614,3
343,24805,3
15572,3409798,3
15573,3410144,3
17801,3989221,3
22496,5639218,3
7864,1495241,3
20188,4971476,3
20191,4972985,3
20192,4973259,3
11753,2276636,3
6053,996192,3
17346,3870965,3
17350,3872222,3
16451,3640933,3
16480,3651006,3
3431,348385,3
20170,4962167,3
20175,4962909,3
11771,2280805,3
20185,4968365,3
11813,2288695,3
25262,6441638,3
25749,6580427,3
19024,4373378,3
1895,148288,3
1898,148475,3
25256,6440435,3
3459,350623,3
6035,990150,3
6037,990182,3
6038,990250,3
7904,1506542,3
7907,1506884,3
1402,105016,3
14754,3177779,3
14728,3170100,3
1142,85235,3
9522,1846760,3
9523,1846819,3
21543,5362825,3
9495,1835455,3
23628,5974311,3
5978,974556,3
21559,5367921,3
21562,5369121,3
21565,5370126,3
1137,84823,3
1138,84854,3
18311,4105236,3
22490,5637052,3
7926,1512794,3
23636,5975598,3
6020,984637,3
5991,979204,3
5992,979536,3
5965,972221,3
11822,2290818,3
19046,4391836,3
13600,2778150,3
534,39653,3
11799,2285328,3
23660,5980224,3
23645,5977274,3
23649,5978264,3
25687,6568225,3
17324,3863986,3
760,59917,3
11836,2294673,3
20164,4959639,3
20182,4967286,3
2442,205428,3
2331,193421,3
23653,5978515,3
23654,5978644,3
4806,569377,3
4831,575769,3
5961,972026,3
5962,972029,3
17815,3991367,3
17820,3992134,3
24765,6288711,3
1122,83286,3
2802,258526,3
26855,6718940,3
5963,972125,3
23666,5981376,3
788,61747,3
13581,2772719,3
13594,2776396,3
13598,2778016,3
9468,1824261,3
9470,1824792,3
9475,1827331,3
21591,5376978,3
7948,1517534,3
4339,475332,3
4341,475505,3
13580,2772702,3
11854,2300963,3
11855,2301097,3
11856,2301273,3
11857,2301343,3
20143,4948867,3
11891,2307129,3
20145,4949625,3
24305,6161895,3
19050,4393452,3
19054,4395611,3
11907,2310466,3
11880,2305991,3
3418,347058,3
3421,347272,3
20125,4936960,3
20132,4941707,3
511,38146,3
13604,2780190,3
23669,5982222,3
5946,966945,3
5984,976959,3
5932,963274,3
5937,965026,3
7935,1514479,3
3048,301752,3
23663,5980900,3
17334,3866381,3
4314,468919,3
17829,3993799,3
247,18092,3
255,18567,3
259,18788,3
21580,5374725,3
21582,5374841,3
9435,1815035,3
9438,1816067,3
16459,3643959,3
16487,3652045,3
16493,3653197,3
13590,2775017,3
13564,2768972,3
13566,2769705,3
13573,2771069,3
2218,178386,3
2219,178764,3
11887,2306330,3
1705,130336,3
1708,130756,3
5890,954765,3
23710,5992499,3
23713,5993379,3
11889,2306532,3
20113,4930049,3
749,59250,3
3072,304696,3
3047,301738,3
16517,3661254,3
16518,3661378,3
17309,3860702,3
17310,3860903,3
25077,6385422,3
3404,344643,3
3407,344989,3
11955,2320358,3
11956,2320765,3
751,59318,3
754,59639,3
11911,2311412,3
11912,2311626,3
11915,2311873,3
20105,4924301,3
13563,2768010,3
11951,2319945,3
11952,2319985,3
23687,5985286,3
9423,1811349,3
14765,3180452,3
18303,4104063,3
4352,477478,3
7951,1518024,3
22458,5630107,3
22459,5630127,3
15486,3386077,3
26868,6720004,3
15517,3393502,3
15526,3397123,3
23690,5986348,3
16507,3659291,3
11947,2319240,3
11983,2326375,3
11987,2326684,3
4838,577194,3
14822,3197685,3
18284,4100122,3
15495,3387093,3
15503,3389646,3
22443,5624472,3
4346,476402,3
4851,579881,3
5882,952324,3
5888,954107,3
5867,944741,3
11935,2316047,3
20079,4912585,3
26030,6624916,3
4833,576401,3
25473,6512598,3
25475,6512919,3
25476,6513097,3
25477,6513484,3
26372,6673365,3
1130,84118,3
9383,1796912,3
9384,1797301,3
9389,1798239,3
25701,6570632,3
13547,2761658,3
13548,2761795,3
13530,2754761,3
11944,2318481,3
13518,2750619,3
3397,343883,3
11998,2328861,3
13497,2743399,3
2449,206980,3
5835,936928,3
26032,6625083,3
1719,131125,3
5871,949175,3
5873,950247,3
25612,6549149,3
19082,4406522,3
20067,4908684,3
19087,4409285,3
19091,4412302,3
19092,4412429,3
16565,3672329,3
16537,3664714,3
20044,4896447,3
12010,2330218,3
25746,6579289,3
9397,1801348,3
21610,5383054,3
348,25032,3
355,25610,3
2675,237517,3
2677,237876,3
22436,5622476,3
8014,1530577,3
22452,5627371,3
3101,307464,3
13517,2750552,3
26606,6690284,3
26609,6690931,3
7988,1526581,3
21623,5386591,3
9364,1793412,3
9341,1786224,3
9342,1786706,3
7993,1527052,3
7995,1527232,3
7996,1527642,3
8006,1529121,3
23748,6004036,3
23749,6004064,3
23731,5997745,3
5862,943532,3
118,9373,3
9346,1787963,3
9347,1788238,3
9372,1795703,3
9374,1795963,3
4007,421906,3
18268,4094017,3
14834,3200993,3
18255,4089352,3
17852,3997965,3
23738,5999348,3
4852,580270,3
12018,2331467,3
12040,2334207,3
12046,2335548,3
12049,2336893,3
12029,2333064,3
7991,1526913,3
21651,5395683,3
9319,1780265,3
9353,1789142,3
9332,1783648,3
9333,1783809,3
9309,1777820,3
2414,201385,3
19112,4426206,3
13504,2745624,3
12064,2340336,3
20031,4889788,3
12039,2334189,3
12071,2342271,3
13484,2739949,3
17856,3998378,3
14841,3202687,3
14852,3205140,3
14882,3216256,3
8054,1536845,3
15448,3374467,3
15453,3375444,3
15457,3376767,3
26722,6704061,3
20021,4884700,3
19101,4418235,3
19103,4418642,3
13473,2737133,3
24285,6156096,3
16581,3674382,3
2430,203564,3
8017,1530784,3
2182,172505,3
3383,342779,3
12098,2348703,3
15460,3377253,3
21656,5398048,3
21658,5398517,3
21669,5403852,3
25703,6570936,3
25705,6571105,3
25711,6571988,3
1378,102684,3
26717,6703188,3
5793,918782,3
5798,921737,3
23765,6008293,3
18260,4091356,3
23766,6008558,3
5774,911482,3
1761,134690,3
8043,1534787,3
4279,462876,3
8008,1529390,3
14886,3216932,3
4033,425165,3
24744,6282629,3
24747,6282982,3
24731,6277822,3
24587,6235771,3
8060,1537807,3
5779,912512,3
12089,2345406,3
25094,6388925,3
16551,3668598,3
16555,3669356,3
15444,3373898,3
15445,3373931,3
17864,4000874,3
17865,4000891,3
17868,4001422,3
17869,4001546,3
15466,3379637,3
9295,1775913,3
4054,428365,3
16567,3672581,3
19996,4872702,3
20000,4874062,3
20006,4877537,3
19978,4869008,3
23777,6011867,3
4026,424389,3
18244,4087479,3
18246,4087985,3
2263,184023,3
21680,5406071,3
21681,5406153,3
21683,5406415,3
21685,5407567,3
1368,102358,3
16572,3672920,3
16611,3682997,3
12127,2353940,3
12128,2354058,3
5758,909516,3
17263,3848465,3
4868,583469,3
5730,900999,3
8095,1542524,3
21711,5412652,3
21687,5407738,3
21696,5410546,3
21702,5411488,3
9225,1759896,3
9228,1760289,3
26345,6671593,3
5703,892824,3
5705,893749,3
19944,4862251,3
521,38876,3
23784,6012679,3
23770,6009893,3
19147,4445099,3
12156,2359229,3
19932,4859474,3
19938,4861231,3
19939,4861288,3
714,57202,3
695,56317,3
19952,4863609,3
703,56800,3
19941,4861483,3
19942,4861682,3
3382,342730,3
12163,2361125,3
17245,3844177,3
4866,582994,3
4867,583278,3
5714,896290,3
4858,581223,3
2271,185113,3
2763,251242,3
2766,251463,3
18220,4081545,3
17871,4001655,3
15415,3366920,3
15416,3366960,3
15419,3367821,3
15421,3367971,3
15422,3368069,3
15424,3368822,3
16605,3681892,3
16607,3682136,3
25629,6554545,3
19916,4856195,3
19919,4857040,3
3090,306928,3
25242,6435359,3
13424,2719177,3
1772,136089,3
1773,136573,3
1775,136723,3
1779,137803,3
23795,6016352,3
1753,134134,3
13400,2710704,3
12193,2368481,3
12194,2368527,3
13433,2721891,3
5712,895730,3
19910,4854026,3
1756,134171,3
23805,6019954,3
25630,6554743,3
25633,6554992,3
24734,6279500,3
24741,6281527,3
21724,5419104,3
26356,6672293,3
8133,1547584,3
8103,1543591,3
8105,1543622,3
22388,5609076,3
8117,1546005,3
25636,6555256,3
17224,3839438,3
17208,3835978,3
17211,3837350,3
16634,3687108,3
19882,4845653,3
13397,2709543,3
19160,4453280,3
19922,4858123,3
17227,3839663,3
5651,871574,3
5672,884581,3
5663,880613,3
5634,865126,3
5667,882356,3
19925,4858734,3
12239,2377271,3
19896,4849701,3
19169,4457203,3
13369,2701256,3
560,41565,3
5642,867942,3
22359,5602824,3
9204,1756771,3
9205,1756931,3
9206,1757156,3
18223,4082850,3
18230,4084454,3
14892,3217748,3
14927,3229189,3
21765,5435551,3
1995,155871,3
5647,870855,3
16654,3692626,3
24271,6153575,3
4872,584166,3
8090,1542162,3
1355,101166,3
21740,5423598,3
9166,1751461,3
4085,431662,3
4089,431905,3
21754,5428458,3
26841,6717221,3
26220,6651606,3
26222,6651727,3
26225,6651915,3
23835,6027632,3
1798,139365,3
26010,6622525,3
22341,5596748,3
25878,6605337,3
14918,3225770,3
14943,3235627,3
14945,3235737,3
14950,3236319,3
14926,3228761,3
19879,4845411,3
12266,2384405,3
12268,2384735,3
12270,2385040,3
12272,2385510,3
12274,2385588,3
12235,2376645,3
19869,4844130,3
24266,6153156,3
21770,5437136,3
8159,1551299,3
8164,1551835,3
8165,1551886,3
17901,4006472,3
17880,4003843,3
16674,3696244,3
16675,3696253,3
16678,3696534,3
17200,3833580,3
19864,4843069,3
19850,4841297,3
19851,4841366,3
19852,4841481,3
19859,4842303,3
12283,2387318,3
272,19351,3
26333,6670510,3
25403,6484838,3
25412,6487442,3
25414,6488181,3
26820,6714194,3
18199,4074957,3
22330,5592675,3
8167,1552198,3
5617,862128,3
59,5124,3
548,40839,3
13376,2702303,3
1880,147002,3
16638,3688075,3
21768,5436218,3
2377,197879,3
3095,307263,3
25207,6420874,3
13363,2697730,3
2404,200076,3
5593,855048,3
23848,6030176,3
5546,846656,3
686,55915,3
12333,2397733,3
19836,4838874,3
19837,4839115,3
19817,4836066,3
5577,852575,3
5613,859453,3
5615,860393,3
12350,2401919,3
3335,335862,3
5554,847737,3
8179,1554930,3
8145,1549398,3
22347,5597508,3
1186,88733,3
21789,5445782,3
21796,5448726,3
18211,4078384,3
14979,3244309,3
14953,3237412,3
14955,3237801,3
14962,3239636,3
8192,1556858,3
5579,852844,3
24255,6148416,3
9092,1739215,3
18187,4071719,3
22314,5588842,3
22319,5589704,3
4273,462002,3
15373,3355318,3
15401,3362697,3
17897,4005773,3
339,24270,3
340,24299,3
9106,1743660,3
4099,433164,3
4100,433279,3
5524,839848,3
12366,2405152,3
19790,4832112,3
19792,4832315,3
19793,4832351,3
19795,4832409,3
12376,2407657,3
13337,2688850,3
13322,2681697,3
13325,2682211,3
19182,4462935,3
19184,4463258,3
25223,6425770,3
12351,2401966,3
12355,2402384,3
706,56877,3
17186,3831153,3
25935,6615173,3
5539,845022,3
15387,3358436,3
15389,3359414,3
15391,3360165,3
9051,1727341,3
9052,1727480,3
9058,1728556,3
21834,5457584,3
21839,5458955,3
21846,5460771,3
8259,1570173,3
25991,6621829,3
25992,6622014,3
25995,6622115,3
23895,6042908,3
19788,4831664,3
13326,2682410,3
13332,2686587,3
13334,2687908,3
23900,6044943,3
5511,835421,3
77,6495,3
17169,3826997,3
16699,3703315,3
16704,3704996,3
19214,4476537,3
19770,4828279,3
19780,4830318,3
19781,4830726,3
5529,842736,3
5533,844006,3
5538,844916,3
1787,138411,3
8231,1564155,3
8211,1560212,3
26312,6668266,3
26314,6668798,3
26322,6669382,3
26323,6669447,3
18171,4067412,3
18174,4067818,3
14995,3255101,3
15017,3259483,3
12436,2424330,3
12438,2425610,3
12411,2417471,3
12412,2418261,3
12414,2418769,3
19742,4775138,3
19249,4492060,3
13306,2675870,3
13307,2677792,3
5503,832475,3
5504,832742,3
5492,827036,3
23913,6051908,3
23915,6052008,3
12421,2420352,3
19784,4830966,3
16705,3705969,3
24262,6150530,3
4893,588696,3
4895,589348,3
4906,591213,3
16714,3709253,3
16715,3710537,3
16722,3712845,3
9005,1720509,3
9008,1720648,3
21861,5464927,3
24702,6270595,3
25450,6504973,3
15351,3349649,3
8276,1573525,3
22285,5580816,3
22288,5581370,3
23945,6062138,3
12461,2430000,3
19740,4769250,3
19741,4769285,3
17158,3824905,3
672,54251,3
676,55236,3
13261,2661605,3
19255,4493463,3
19260,4496567,3
19261,4496744,3
13294,2671977,3
19239,4489456,3
12482,2435565,3
12484,2436541,3
663,53011,3
12457,2429435,3
23926,6055646,3
16708,3706552,3
16709,3706672,3
4912,591807,3
13258,2660604,3
12488,2436940,3
12495,2437715,3
19714,4740462,3
688,56108,3
3331,335363,3
3306,332296,3
3308,332426,3
3311,332898,3
23948,6062536,3
23932,6057354,3
5447,805863,3
5450,806612,3
17149,3820884,3
17150,3821065,3
5401,791906,3
1825,142612,3
5453,807114,3
5459,810193,3
24709,6272110,3
9021,1722732,3
9029,1723824,3
8999,1719934,3
21890,5471257,3
21894,5471731,3
8985,1718191,3
22278,5578559,3
8280,1574796,3
8263,1571069,3
5439,803486,3
5443,804693,3
5363,783690,3
12530,2445727,3
12531,2445733,3
12534,2446169,3
25115,6397880,3
19690,4719344,3
16768,3728592,3
16774,3730185,3
16743,3719487,3
16756,3725533,3
16757,3725672,3
16758,3726056,3
19700,4727654,3
25210,6420976,3
5416,796874,3
5417,797313,3
19682,4709709,3
19686,4718726,3
26698,6700725,3
4945,601544,3
4922,593858,3
2692,240776,3
2665,235594,3
21875,5467730,3
2749,249331,3
2731,246316,3
2770,252592,3
15378,3357031,3
8269,1571695,3
1320,98279,3
1328,99173,3
22263,5576141,3
8323,1584161,3
15029,3263188,3
1211,90506,3
8994,1719557,3
21895,5471794,3
9011,1721022,3
21883,5469718,3
21886,5470441,3
8306,1580206,3
22254,5573849,3
2369,197037,3
25120,6398511,3
3288,329692,3
3295,330646,3
3326,334758,3
3327,334833,3
19282,4508325,3
19286,4513448,3
551,41007,3
13245,2655390,3
16781,3732509,3
16783,3732930,3
5352,780995,3
4961,607793,3
24231,6141491,3
24234,6143222,3
19662,4665213,3
12554,2451758,3
25119,6398412,3
23976,6071772,3
23989,6074796,3
2384,198394,3
5335,776841,3
5338,777384,3
16803,3736634,3
17114,3814259,3
19653,4637580,3
17950,4013802,3
17956,4016469,3
15339,3346882,3
15343,3347072,3
15039,3265593,3
18160,4064407,3
8939,1713292,3
4129,436614,3
4131,436697,3
4253,456019,3
15324,3342758,3
26828,6715386,3
17935,4011953,3
4134,437047,3
4104,434039,3
4111,434642,3
21920,5478534,3
8329,1585239,3
8330,1585273,3
12584,2457882,3
12587,2459053,3
12588,2459154,3
12559,2452732,3
19639,4626734,3
19640,4626785,3
4971,617545,3
24006,6081548,3
3131,310547,3
25196,6419989,3
13234,2650297,3
5303,768944,3
24020,6085569,3
1838,143591,3
4955,605661,3
5318,771154,3
24029,6087765,3
648,50547,3
12622,2466677,3
12629,2468703,3
19613,4623198,3
12600,2462535,3
15326,3343447,3
15327,3343627,3
12634,2469451,3
12637,2469945,3
12638,2469971,3
3273,326239,3
3276,328215,3
8313,1581510,3
8321,1583582,3
21925,5479143,3
8919,1711084,3
2019,158863,3
18141,4060148,3
8898,1709761,3
3150,312266,3
3154,312594,3
3129,310258,3
3130,310414,3
12652,2472641,3
12659,2473804,3
8931,1712669,3
8933,1712812,3
8903,1710049,3
8912,1710831,3
8338,1587070,3
8360,1591149,3
8362,1591597,3
4232,451237,3
1304,97029,3
25981,6620909,3
5324,772543,3
17119,3815299,3
17122,3815548,3
12633,2469438,3
24225,6140068,3
25945,6616694,3
5311,770359,3
5312,770364,3
5257,759573,3
5302,768524,3
19597,4619399,3
19603,4621187,3
19606,4621840,3
12668,2475476,3
12669,2475568,3
13217,2645165,3
13225,2647866,3
12645,2471394,3
12675,2477585,3
12651,2472429,3
8900,1709802,3
15031,3263764,3
18126,4056248,3
15094,3283346,3
8386,1597882,3
8388,1598195,3
263,18861,3
15329,3344447,3
15332,3345162,3
17964,4017738,3
21938,5482490,3
8889,1709031,3
8895,1709441,3
4978,627242,3
24216,6137827,3
24217,6138365,3
15305,3339087,3
17979,4022711,3
15070,3275799,3
318,23028,3
22227,5567112,3
8377,1596219,3
4161,440075,3
21951,5486660,3
8865,1706014,3
17992,4025245,3
16814,3739913,3
16819,3740396,3
17099,3810333,3
2197,175060,3
3297,330906,3
26983,6730672,3
19564,4609866,3
13185,2637753,3
13186,2638401,3
5251,756929,3
24056,6095153,3
24039,6089837,3
24042,6090877,3
24052,6094807,3
17085,3807703,3
16827,3742250,3
593,44857,3
12689,2481836,3
12694,2482283,3
12711,2488023,3
19291,4515584,3
16813,3739599,3
19581,4613466,3
16828,3742534,3
8399,1600469,3
8403,1601060,3
22220,5565450,3
25420,6491164,3
8833,1700815,3
1232,92126,3
8857,1704389,3
25423,6491702,3
2719,244682,3
18107,4052167,3
18108,4052393,3
24202,6134839,3
19560,4608337,3
19561,4608970,3
24067,6099656,3
25968,6619848,3
21967,5490738,3
8844,1701905,3
21977,5492376,3
21978,5492883,3
22199,5559959,3
22203,5561180,3
22204,5561765,3
22207,5562447,3
18013,4029500,3
5194,736342,3
5200,737479,3
19545,4604433,3
19549,4605481,3
19550,4605539,3
19556,4607220,3
640,48262,3
641,48379,3
12772,2502184,3
18016,4029977,3
17987,4024485,3
17989,4024875,3
15297,3335036,3
21983,5494264,3
8793,1691053,3
21997,5496833,3
12783,2504133,3
12760,2498882,3
2230,180237,3
3184,316049,3
13174,2634769,3
25153,6408677,3
25136,6404121,3
19535,4602847,3
19537,4603486,3
12761,2499369,3
654,52203,3
25972,6620357,3
24071,6100801,3
24074,6101438,3
24092,6107809,3
5177,732874,3
5208,739704,3
5210,740120,3
5212,740376,3
661,52839,3
19531,4601687,3
16886,3757151,3
17073,3804281,3
17075,3805085,3
5205,738444,3
22004,5497675,3
15080,3279118,3
15087,3280854,3
15090,3281155,3
15093,3283103,3
15095,3283471,3
15102,3286851,3
15103,3287119,3
22187,5557644,3
22191,5559264,3
25206,6420799,3
25149,6407607,3
12837,2521372,3
12808,2513268,3
12817,2516264,3
8410,1602114,3
8769,1687823,3
18101,4051283,3
15132,3295293,3
15246,3322347,3
12782,2504061,3
19514,4598579,3
19526,4600730,3
13158,2629760,3
13129,2620480,3
5193,736269,3
16883,3756491,3
16885,3756810,3
1890,147649,3
24190,6130290,3
18006,4029003,3
15276,3328474,3
15282,3331085,3
15283,3331132,3
4179,442793,3
8476,1613094,3
8478,1613440,3
22155,5549382,3
22161,5550386,3
22162,5551216,3
24089,6106931,3
5154,729519,3
12804,2512579,3
12831,2519533,3
17052,3800015,3
17054,3800839,3
17059,3802017,3
3226,322605,3
25777,6588379,3
26676,6697738,3
12867,2530207,3
12823,2517133,3
19340,4548737,3
13139,2623400,3
13140,2623674,3
13142,2624119,3
19319,4540982,3
19333,4545023,3
19334,4545104,3
1888,147549,3
13086,2606162,3
13098,2609940,3
5172,731787,3
16859,3751690,3
22170,5553173,3
22173,5553619,3
22178,5555171,3
8458,1610484,3
22009,5498592,3
8747,1682600,3
18096,4050228,3
8703,1670832,3
4199,445426,3
4203,446097,3
16902,3762223,3
17049,3799600,3
12853,2525713,3
5000,660093,3
5006,664014,3
1307,97210,3
8496,1616354,3
26300,6665857,3
8726,1677618,3
22023,5504029,3
22026,5504808,3
24111,6109959,3
24129,6114408,3
5127,722002,3
5128,722606,3
19477,4588012,3
19478,4588626,3
26663,6695762,3
17042,3798197,3
16908,3763892,3
8701,1670748,3
15174,3305222,3
2283,186341,3
15268,3327574,3
8515,1619432,3
4227,450100,3
15225,3315647,3
15226,3315835,3
16909,3764060,3
16913,3764788,3
16916,3765415,3
13080,2604576,3
12882,2536019,3
12911,2550734,3
8521,1620529,3
8522,1620719,3
18085,4047989,3
1284,95562,3
1286,95687,3
22053,5514896,3
8684,1661512,3
8559,1627789,3
19460,4578260,3
12895,2541104,3
12933,2558002,3
19433,4570843,3
19365,4555951,3
13072,2602559,3
19350,4551573,3
24106,6109517,3
3168,313841,3
3169,313958,3
25193,6419063,3
3206,321212,3
25175,6414111,3
5116,719801,3
1850,144805,3
24123,6112890,3
24125,6113095,3
5084,711367,3
5122,720998,3
2210,176839,3
19435,4572239,3
8545,1625643,3
22135,5543238,3
22143,5545466,3
24142,6117035,3
17030,3794610,3
8561,1627976,3
18029,4032080,3
4192,443693,3
1277,95332,3
25440,6502055,3
2699,241372,3
25416,6488751,3
8596,1636553,3
24632,6250085,3
15230,3317098,3
17036,3795979,3
12946,2560936,3
12920,2554458,3
12923,2555107,3
15212,3312990,3
15214,3313613,3
306,21519,3
26294,6664956,3
22056,5517012,3
22060,5517931,3
8691,1665865,3
18052,4038254,3
4219,449647,3
19369,4556524,3
19370,4556626,3
19352,4552059,3
3238,323247,3
603,45378,3
12908,2549304,3
12909,2550461,3
24161,6122454,3
8572,1629911,3
8582,1631989,3
22124,5541278,3
22125,5541363,3
8654,1649470,3
22076,5525451,3
4171,441532,3
5095,713671,3
5082,711053,3
13076,2603722,3
19427,4569382,3
616,46410,3
625,46973,3
12997,2580220,3
13050,2597551,3
5039,685989,3
5048,694832,3
5050,695928,3
27,1899,3
16976,3783985,3
17009,3790179,3
22116,5539829,3
22117,5539835,3
22118,5540013,3
8591,1634394,3
27014,6733670,3
16,760,3
27002,6732623,3
17005,3788837,3
5027,679801,3
4214,448893,3
12999,2580877,3
13041,2594553,3
13046,2596515,3
288,19873,3
292,20502,3
18041,4034251,3
4197,444532,3
3175,314557,3
3179,315543,3
19406,4564960,3
12983,2575097,3
12987,2575944,3
8,361,3
21,970,3
27029,6734082,3
16984,3785625,3
27035,6734501,2
27009,6733038,2
5021,676649,2
5052,695983,2
5076,709244,2
5070,708212,2
24157,6122308,2
5062,702403,2
24186,6129238,2
24184,6129023,2
24183,6128874,2
5026,679168,2
5023,677010,2
17018,3791704,2
16949,3778696,2
16946,3778195,2
35,2674,2
25664,6562815,2
19381,4559287,2
13006,2583631,2
19421,4568294,2
19419,4567589,2
12982,2574992,2
12981,2574504,2
13015,2584783,2
19396,4562868,2
13043,2595071,2
586,44282,2
585,44238,2
25177,6415554,2
13026,2589121,2
13022,2587283,2
12996,2579638,2
12995,2578698,2
13093,2609249,2
19374,4557760,2
19371,4557214,2
13051,2597558,2
13047,2596700,2
622,46831,2
621,46708,2
617,46571,2
26678,6697864,2
12938,2559148,2
13077,2604007,2
26690,6698690,2
26684,6697977,2
609,45917,2
13033,2592402,2
13032,2591713,2
12945,2560429,2
12944,2559983,2
12942,2559700,2
12941,2559559,2
12904,2547934,2
12958,2567165,2
12957,2567040,2
3198,320489,2
25173,6413417,2
25170,6412328,2
25168,6412233,2
601,45170,2
12931,2557304,2
12930,2557068,2
3188,317465,2
19353,4552170,2
12887,2537626,2
19456,4577040,2
19455,4576914,2
19449,4575480,2
19445,4574525,2
19442,4574169,2
2209,176562,2
2199,175159,2
3221,322450,2
19363,4555457,2
19361,4554986,2
19359,4554285,2
3170,313962,2
3189,317668,2
12926,2555861,2
12921,2554925,2
19467,4578945,2
12850,2524642,2
12844,2523571,2
12841,2522814,2
12917,2553617,2
12913,2551081,2
12881,2535663,2
12872,2533608,2
12871,2532583,2
12901,2544467,2
19344,4549208,2
13074,2603286,2
13069,2602271,2
3216,322021,2
12932,2557875,2
12891,2539477,2
19486,4591064,2
12854,2525738,2
12866,2530074,2
12861,2527768,2
12855,2525864,2
2167,171141,2
3231,322942,2
3230,322877,2
3229,322868,2
13099,2610011,2
13097,2609843,2
13125,2619180,2
13123,2618879,2
13116,2616275,2
644,49767,2
19474,4586899,2
19511,4596321,2
12822,2517114,2
12776,2503090,2
19540,4603899,2
19506,4595807,2
19499,4592701,2
12836,2521337,2
12803,2512399,2
19317,4539312,2
19328,4542997,2
19324,4542268,2
19322,4541661,2
13138,2623028,2
26671,6696540,2
12829,2518235,2
12827,2518026,2
655,52357,2
12764,2500865,2
12763,2500338,2
19539,4603788,2
19538,4603655,2
19533,4602048,2
25130,6400818,2
25144,6406622,2
13132,2620958,2
13127,2619762,2
13154,2629286,2
13149,2626455,2
13146,2625888,2
12801,2510774,2
12800,2510640,2
19520,4599907,2
19565,4609915,2
12734,2493283,2
12732,2492937,2
19586,4614562,2
19553,4606487,2
19551,4605755,2
19547,4605270,2
19544,4604361,2
12758,2498632,2
13173,2634675,2
3187,317072,2
3145,312090,2
12767,2501697,2
636,48017,2
3270,325917,2
633,47446,2
19287,4513913,2
13206,2643565,2
19580,4613279,2
12724,2490628,2
12720,2489698,2
12718,2489607,2
12715,2488411,2
12688,2481787,2
12710,2487555,2
568,42287,2
594,44860,2
13166,2630813,2
13164,2630251,2
19315,4533819,2
19314,4530467,2
19310,4527783,2
12670,2476123,2
19601,4621092,2
19595,4619214,2
12632,2469166,2
25774,6588161,2
25768,6587229,2
2196,174936,2
25139,6404849,2
12695,2483116,2
13215,2644724,2
13214,2644719,2
13183,2636956,2
13180,2636136,2
13175,2635173,2
19296,4516870,2
19292,4515634,2
12643,2470850,2
12639,2470359,2
26647,6693851,2
12655,2473321,2
12653,2472848,2
12650,2472364,2
19611,4622913,2
25764,6585454,2
13201,2642417,2
13200,2642288,2
13199,2642210,2
13198,2642171,2
13196,2641339,2
13194,2641026,2
13220,2645201,2
13219,2645187,2
12590,2459410,2
12585,2458576,2
12606,2463499,2
12624,2467627,2
650,51266,2
26659,6695275,2
19272,4499735,2
13232,2649692,2
25198,6420020,2
19617,4623469,2
3316,333440,2
3283,329301,2
3282,329215,2
3280,329007,2
19615,4623333,2
12644,2470913,2
13223,2646360,2
13254,2658870,2
19683,4710681,2
19678,4703802,2
3293,330528,2
12556,2452308,2
12551,2451707,2
12571,2455729,2
12539,2447816,2
12538,2447689,2
552,41062,2
26709,6702007,2
26704,6701125,2
19651,4637111,2
19650,4637085,2
12596,2461853,2
12546,2450410,2
12517,2443284,2
12510,2442678,2
19672,4695927,2
12529,2445695,2
12524,2444458,2
12522,2444148,2
12550,2451668,2
13271,2663892,2
19253,4493241,2
26697,6700703,2
19269,4499042,2
19266,4498304,2
19264,4497046,2
19263,4496788,2
13224,2647723,2
3303,331515,2
3333,335591,2
694,56292,2
19718,4740985,2
19709,4740052,2
19707,4729964,2
19719,4742117,2
12497,2438185,2
13283,2667768,2
13273,2664598,2
25761,6584756,2
3111,308717,2
25220,6425424,2
25218,6425295,2
25212,6422026,2
25211,6421973,2
13315,2681040,2
19251,4492826,2
19738,4768700,2
12468,2430821,2
12455,2429029,2
3329,335125,2
665,53295,2
12485,2436557,2
12474,2433752,2
19730,4751188,2
19241,4490097,2
13302,2675157,2
671,54227,2
666,53444,2
3310,332828,2
3307,332412,2
13327,2683208,2
12429,2422512,2
12428,2422353,2
12425,2421252,2
12423,2420403,2
12454,2429020,2
12450,2428087,2
12440,2426770,2
19765,4827222,2
19762,4825682,2
19757,4797328,2
19751,4786841,2
12420,2420327,2
19228,4480518,2
19224,4478533,2
13316,2681315,2
19796,4832675,2
19791,4832174,2
12359,2403047,2
19813,4835614,2
12405,2415256,2
12404,2415123,2
12398,2414291,2
12396,2413684,2
19779,4830306,2
19769,4828234,2
12380,2409347,2
12377,2407673,2
19202,4467593,2
19201,4467455,2
13333,2687102,2
13330,2684799,2
3350,338380,2
26637,6692825,2
26636,6692771,2
26633,6692595,2
19808,4834618,2
19807,4834200,2
19803,4833699,2
19801,4833354,2
19799,4833075,2
12388,2412190,2
12385,2411585,2
12353,2402292,2
13348,2692249,2
13340,2690045,2
19204,4470236,2
19798,4832963,2
12318,2394967,2
12315,2394420,2
12311,2393615,2
19845,4840655,2
19838,4839272,2
19835,4838841,2
13355,2694669,2
13354,2693874,2
3138,310891,2
3100,307451,2
25237,6431248,2
25235,6430009,2
25229,6427740,2
705,56851,2
3353,338573,2
3321,334054,2
12277,2385870,2
12263,2383231,2
12290,2389474,2
12259,2381705,2
19860,4842383,2
12307,2392476,2
19865,4843194,2
13373,2701591,2
26711,6702107,2
19197,4466698,2
19195,4466417,2
679,55336,2
26640,6693276,2
12305,2391911,2
12303,2391643,2
12297,2390969,2
19890,4848202,2
19885,4846844,2
19884,4845897,2
19880,4845523,2
12222,2374159,2
12221,2374076,2
12216,2373346,2
565,42035,2
562,41840,2
13367,2699760,2
12253,2380014,2
19872,4844559,2
19871,4844476,2
12238,2377230,2
12233,2375973,2
19863,4843054,2
3360,339690,2
3359,339572,2
19908,4853403,2
19902,4851891,2
12245,2378672,2
19926,4858874,2
3110,308271,2
3109,308167,2
13423,2718503,2
13421,2717381,2
13415,2714332,2
19167,4456909,2
13395,2708156,2
13390,2706382,2
12231,2375862,2
19894,4849222,2
13409,2712251,2
13406,2711638,2
19912,4854256,2
19930,4859168,2
19929,4859151,2
12198,2369876,2
12191,2367740,2
12190,2367632,2
12184,2366608,2
12212,2372548,2
12210,2372319,2
3122,309939,2
3121,309535,2
3116,309227,2
25096,6391342,2
3361,339891,2
699,56704,2
698,56617,2
697,56578,2
19953,4863996,2
720,57249,2
711,57092,2
12153,2358715,2
12176,2364473,2
12175,2364390,2
19155,4447972,2
19146,4444322,2
19144,4443548,2
13443,2726242,2
13441,2725324,2
13436,2723377,2
13432,2720705,2
19977,4868987,2
19999,4873936,2
12139,2355713,2
12114,2350840,2
25796,6591574,2
12121,2352887,2
12120,2352856,2
19964,4866874,2
19132,4435496,2
19129,4435197,2
13459,2731577,2
19946,4862472,2
25090,6387868,2
3380,342683,2
3379,342400,2
3370,341864,2
25092,6388760,2
26620,6691860,2
26619,6691789,2
20019,4884436,2
20018,4884028,2
12082,2343709,2
12080,2343354,2
12077,2343135,2
26719,6703225,2
13450,2728598,2
12100,2348978,2
12095,2347507,2
26625,6692198,2
25783,6589277,2
738,58481,2
19988,4870280,2
13485,2740170,2
13483,2739693,2
13481,2739187,2
12072,2342381,2
20035,4891505,2
20034,4891207,2
20033,4890905,2
20029,4888828,2
20028,4888427,2
12068,2341540,2
13478,2738298,2
13468,2735551,2
13466,2735158,2
19102,4418514,2
19096,4416417,2
25093,6388817,2
20046,4897528,2
20043,4895224,2
26614,6691374,2
26603,6690143,2
12036,2333534,2
12034,2333404,2
12031,2333290,2
12024,2332732,2
12052,2338170,2
12051,2338126,2
12048,2336377,2
12015,2331181,2
25252,6440104,2
25249,6439488,2
13511,2748099,2
13491,2742001,2
13501,2745143,2
11997,2328760,2
11991,2328371,2
3425,347817,2
25086,6386755,2
25080,6385552,2
3391,343553,2
3390,343330,2
13522,2751912,2
13516,2750429,2
25737,6577871,2
3066,303884,2
12007,2330166,2
20054,4903121,2
20048,4900142,2
20047,4897818,2
19086,4409107,2
12022,2331908,2
12021,2331752,2
20070,4909113,2
20068,4908909,2
20065,4908474,2
20056,4904873,2
20055,4903321,2
12003,2329436,2
731,58036,2
19085,4408409,2
19083,4407173,2
13541,2758888,2
13534,2756361,2
13532,2755856,2
13502,2745293,2
25064,6381467,2
3430,348307,2
20080,4912826,2
11974,2324893,2
11930,2315319,2
11966,2323611,2
11960,2321397,2
11988,2326824,2
11982,2326295,2
11978,2325528,2
11977,2325275,2
11949,2319327,2
13528,2754101,2
13527,2753950,2
13555,2763360,2
13554,2762779,2
772,60832,2
771,60654,2
11897,2308554,2
20116,4931697,2
11890,2306591,2
11882,2306038,2
13585,2773116,2
19065,4400802,2
13574,2771253,2
13570,2770848,2
13567,2770484,2
20096,4919797,2
20093,4919004,2
25048,6375781,2
3443,349492,2
3401,344334,2
11909,2311342,2
11908,2311169,2
11905,2310301,2
11903,2309720,2
11898,2308721,2
11874,2305052,2
11870,2304285,2
11868,2303770,2
11867,2303699,2
11864,2302422,2
13587,2773656,2
25244,6436850,2
3053,302679,2
3074,304858,2
3071,304651,2
774,60911,2
20147,4949989,2
20146,4949706,2
20144,4949269,2
20140,4948021,2
20136,4944181,2
20135,4943553,2
11862,2301749,2
11861,2301737,2
512,38181,2
19061,4399026,2
19058,4396963,2
2143,169200,2
2136,168620,2
3417,346580,2
3415,346044,2
11881,2305993,2
11816,2290326,2
20166,4961050,2
20176,4963575,2
20162,4958332,2
11804,2286698,2
11801,2285812,2
529,39330,2
527,39187,2
13601,2779400,2
13596,2777377,2
13622,2786738,2
11853,2300792,2
26584,6688713,2
786,61699,2
11833,2293730,2
20150,4953565,2
25039,6374688,2
3442,349468,2
3441,349399,2
3438,349136,2
3462,350912,2
3460,350704,2
25255,6440399,2
3061,303378,2
19015,4370870,2
13619,2785655,2
13614,2784834,2
19040,4390351,2
13638,2791973,2
13631,2790709,2
11821,2290770,2
11820,2290651,2
11758,2277441,2
11756,2277076,2
20194,4973471,2
20193,4973367,2
20187,4970619,2
20207,4981276,2
20203,4977183,2
3032,297979,2
25268,6444218,2
25264,6442364,2
25261,6440794,2
11778,2281910,2
11775,2281464,2
11774,2281265,2
11768,2279202,2
20172,4962493,2
11729,2271362,2
11724,2270242,2
11721,2269448,2
25016,6366757,2
2165,170814,2
2159,170560,2
2156,170333,2
13672,2803359,2
13671,2803322,2
19008,4368408,2
13667,2800911,2
11749,2276269,2
11738,2273094,2
11737,2272932,2
11763,2278195,2
795,62014,2
20233,4998422,2
11687,2262235,2
11718,2268878,2
11717,2268604,2
11715,2268470,2
11705,2266279,2
13696,2813566,2
13660,2798976,2
13683,2807915,2
13680,2807423,2
13677,2805706,2
13674,2804627,2
3447,349865,2
25041,6374832,2
20215,4984889,2
11732,2271474,2
18988,4356918,2
20273,5020408,2
11665,2255987,2
817,63468,2
11657,2253146,2
20248,5006653,2
20247,5006627,2
11678,2259947,2
11645,2249509,2
18987,4356607,2
13700,2814920,2
13697,2813624,2
3054,302903,2
25272,6445979,2
3042,299732,2
20237,4999949,2
25029,6371679,2
812,63290,2
11629,2245785,2
11628,2245688,2
11625,2245007,2
20292,5027830,2
20290,5027589,2
13717,2825048,2
13712,2821568,2
487,36663,2
26742,6707800,2
26741,6707580,2
18998,4361741,2
18997,4361215,2
18996,4360243,2
18994,4359417,2
11598,2239203,2
26576,6688332,2
20309,5037102,2
20304,5034227,2
20301,5032060,2
11622,2244244,2
11620,2243920,2
11617,2243495,2
3016,295794,2
13747,2835566,2
26737,6706415,2
18973,4351382,2
13692,2812670,2
13688,2810744,2
25031,6372052,2
3477,353168,2
11545,2228549,2
11573,2235292,2
11542,2227896,2
11533,2226954,2
11594,2238753,2
20318,5042128,2
20315,5040490,2
20313,5039786,2
11588,2237345,2
3004,293846,2
3024,297127,2
3017,295994,2
11615,2243389,2
11578,2235690,2
11606,2241504,2
11599,2239902,2
13739,2833487,2
20339,5053410,2
3521,359231,2
3520,359012,2
3491,354110,2
3488,353680,2
3510,357847,2
3509,357713,2
18964,4346226,2
18963,4345985,2
18956,4341824,2
18972,4351155,2
18967,4346769,2
13733,2830097,2
13728,2827903,2
11555,2230860,2
11499,2221242,2
11490,2220245,2
11520,2224675,2
11519,2224653,2
11518,2224531,2
20358,5063770,2
20349,5059666,2
20348,5058950,2
20346,5057562,2
13754,2839584,2
13753,2838446,2
13752,2838061,2
13772,2845332,2
13769,2844851,2
13767,2843373,2
13743,2834309,2
20377,5072321,2
20376,5072297,2
20394,5078642,2
20392,5077227,2
11476,2216830,2
20367,5068997,2
26551,6687005,2
18939,4332048,2
13798,2853623,2
13784,2849823,2
11487,2218666,2
20374,5071537,2
20369,5070296,2
3495,354886,2
25012,6364781,2
11501,2221511,2
11417,2205271,2
11390,2200052,2
11385,2199359,2
20409,5085020,2
11443,2210627,2
11406,2202293,2
11405,2202025,2
11404,2202023,2
13812,2856002,2
25283,6449373,2
25295,6453305,2
25294,6452953,2
11462,2213504,2
20397,5080349,2
11416,2204836,2
20378,5072861,2
20452,5096396,2
20448,5095059,2
20446,5094730,2
20443,5094309,2
20441,5093603,2
20427,5089684,2
25807,6593110,2
3518,358918,2
3517,358892,2
3542,364235,2
3538,363369,2
13801,2853908,2
18922,4324641,2
18920,4323998,2
13813,2856513,2
11399,2201480,2
20472,5100035,2
834,64420,2
11308,2186750,2
851,65369,2
20455,5097383,2
11364,2195152,2
11359,2194084,2
828,64226,2
474,35792,2
501,37496,2
18906,4310545,2
18905,4309871,2
18903,4309322,2
13839,2868047,2
11369,2195802,2
11368,2195800,2
24993,6358984,2
20526,5109696,2
11330,2190449,2
11321,2188726,2
11320,2188580,2
20496,5104619,2
20495,5104561,2
18900,4306069,2
18899,4305225,2
18898,4305017,2
13861,2877633,2
13853,2876089,2
13851,2874109,2
482,36361,2
20483,5101457,2
20478,5101210,2
868,66732,2
20549,5113982,2
2149,169887,2
2148,169618,2
2145,169265,2
2144,169235,2
3553,366320,2
498,37196,2
18901,4307303,2
20519,5108953,2
11280,2179246,2
11272,2175832,2
11301,2184142,2
11259,2173248,2
11257,2172510,2
3547,365243,2
11232,2167336,2
11230,2166651,2
11227,2166076,2
11199,2159973,2
11195,2158253,2
11240,2169655,2
11209,2161370,2
11208,2161339,2
11207,2161103,2
11238,2169094,2
2975,288779,2
2973,288483,2
2971,287735,2
13878,2884848,2
13876,2884250,2
13875,2884169,2
20558,5115768,2
20552,5114383,2
3565,367445,2
24978,6354098,2
11222,2165097,2
11220,2164637,2
11214,2163193,2
11212,2162564,2
11189,2157315,2
11179,2155987,2
13879,2885085,2
25312,6459409,2
25311,6459287,2
2981,289668,2
11237,2168946,2
11236,2168837,2
11148,2150411,2
11147,2150257,2
11143,2149149,2
20574,5119978,2
11206,2160854,2
20568,5118560,2
20567,5118437,2
11173,2153599,2
11170,2153198,2
11167,2152708,2
13905,2893689,2
13897,2892098,2
13924,2900039,2
13890,2888091,2
13884,2886102,2
20564,5117256,2
876,67112,2
20594,5121765,2
20593,5121716,2
20590,5121510,2
20588,5121446,2
11138,2148582,2
13923,2899494,2
13921,2898874,2
13920,2898837,2
13919,2898496,2
13915,2896628,2
13940,2906491,2
13932,2902999,2
20585,5120953,2
11155,2151585,2
11154,2151499,2
20602,5123101,2
20601,5122999,2
11122,2144878,2
11127,2145312,2
864,66629,2
25820,6595547,2
3576,368845,2
3575,368801,2
3605,373119,2
3603,372813,2
13962,2914412,2
13928,2902188,2
18870,4290208,2
18861,4288034,2
18859,4287650,2
877,67155,2
3619,374810,2
25826,6596822,2
11073,2137377,2
11067,2136588,2
11093,2140253,2
11090,2139860,2
2964,286936,2
2962,286535,2
2960,286238,2
2953,284249,2
11116,2143663,2
11110,2142815,2
11097,2140659,2
20631,5128855,2
3600,372578,2
20611,5125222,2
11016,2129776,2
20662,5135590,2
20659,5134758,2
20657,5134210,2
20665,5136927,2
20633,5129236,2
20654,5133267,2
20649,5131827,2
11061,2135421,2
11059,2135169,2
11056,2134599,2
26526,6683705,2
18835,4273599,2
13986,2923740,2
24962,6348392,2
24959,6348083,2
459,34008,2
20681,5139810,2
20679,5139297,2
11005,2127116,2
11004,2126904,2
3650,379322,2
2126,168031,2
26754,6708972,2
13978,2921212,2
18818,4267630,2
18811,4266806,2
18808,4266176,2
11019,2130542,2
10986,2122589,2
26524,6683600,2
26520,6683350,2
20722,5148826,2
20721,5148810,2
20717,5147630,2
20716,5147555,2
20714,5147520,2
11000,2125635,2
10972,2121068,2
20698,5144094,2
20696,5143495,2
10997,2125243,2
10992,2123948,2
18799,4259476,2
14004,2933566,2
13996,2930898,2
14018,2938560,2
14015,2937546,2
24950,6345941,2
24949,6345509,2
3653,379597,2
10928,2112395,2
10920,2110894,2
20739,5153788,2
20737,5153645,2
20734,5153159,2
26505,6682301,2
26503,6682220,2
26753,6708827,2
20728,5151367,2
10950,2116402,2
10931,2112788,2
10987,2123050,2
10960,2118952,2
10907,2108815,2
20757,5157033,2
20754,5155795,2
20744,5154479,2
26512,6682913,2
10885,2104991,2
10879,2103795,2
10875,2103336,2
18781,4255684,2
18780,4255664,2
25314,6460026,2
25721,6575297,2
10918,2110785,2
2092,165181,2
2091,165149,2
3627,377073,2
14078,2959188,2
14076,2959042,2
14043,2948102,2
10901,2107731,2
10899,2107162,2
10894,2106332,2
10893,2106311,2
10858,2100624,2
14067,2956281,2
14064,2954984,2
14061,2953142,2
18774,4255102,2
14027,2940542,2
14024,2939523,2
18785,4256310,2
3652,379589,2
10846,2098830,2
10842,2098003,2
20769,5159646,2
20767,5158819,2
20764,5158140,2
24929,6337866,2
3646,379140,2
3645,378829,2
3644,378784,2
3642,378539,2
3668,381077,2
18763,4252763,2
18760,4251621,2
14085,2961485,2
14084,2961331,2
14082,2960965,2
2108,166677,2
3656,379700,2
20796,5164484,2
10822,2094638,2
10819,2094310,2
10817,2094174,2
10837,2096537,2
10835,2096313,2
26497,6682039,2
26496,6682014,2
26495,6681978,2
18749,4245257,2
443,32765,2
10864,2101690,2
20787,5162655,2
10847,2098996,2
3684,382789,2
20819,5170374,2
20831,5174247,2
10805,2092472,2
10803,2092171,2
26502,6682218,2
10790,2089916,2
18738,4242139,2
439,32444,2
469,35454,2
14097,2965553,2
18756,4251280,2
10792,2090263,2
20803,5166325,2
2117,167144,2
2116,167118,2
20864,5180595,2
10742,2081675,2
10741,2081342,2
10740,2081085,2
20854,5177882,2
20848,5176812,2
20846,5176604,2
10756,2083937,2
10754,2083771,2
2950,284079,2
18714,4236611,2
14105,2969151,2
18742,4243996,2
18739,4242495,2
20827,5172750,2
3686,382956,2
3694,383462,2
3691,383086,2
10710,2077015,2
10706,2076125,2
10705,2076060,2
10698,2075231,2
10719,2078458,2
10718,2078320,2
10716,2077989,2
18726,4239952,2
18719,4237429,2
2940,283161,2
2921,279305,2
25325,6464111,2
10711,2077248,2
20865,5180641,2
20892,5187111,2
10658,2069788,2
10654,2067773,2
10652,2067393,2
3718,385490,2
3711,385140,2
10663,2070132,2
14146,2984877,2
14162,2989979,2
14158,2988445,2
14157,2988351,2
14156,2988319,2
14133,2980283,2
20883,5184748,2
3726,386503,2
3697,383614,2
20905,5190410,2
20923,5193875,2
10674,2071614,2
10669,2071137,2
26483,6681535,2
26477,6681061,2
26471,6680884,2
20896,5188149,2
14154,2987467,2
14151,2986553,2
18708,4235490,2
18707,4234581,2
18704,4232766,2
18698,4228481,2
14179,2996570,2
928,70706,2
20934,5195747,2
20932,5195128,2
20930,5194771,2
20929,5194670,2
20939,5196386,2
20937,5196332,2
14211,3012997,2
26759,6709650,2
14174,2994429,2
14195,3007094,2
14194,3006816,2
14189,3003331,2
18692,4226475,2
10608,2058763,2
10602,2057177,2
955,73555,2
10541,2044503,2
10540,2044475,2
20962,5201035,2
960,73797,2
2081,164592,2
24910,6330849,2
24909,6330714,2
3729,387120,2
958,73615,2
10565,2050102,2
14200,3008756,2
18677,4219220,2
18671,4216984,2
14213,3013228,2
10588,2054960,2
10586,2054768,2
2907,276747,2
991,75853,2
10504,2036509,2
20981,5205982,2
20979,5205030,2
20977,5204349,2
14245,3025042,2
430,31962,2
10527,2041460,2
10524,2041092,2
24884,6322481,2
24883,6322257,2
3747,389152,2
10561,2049759,2
10555,2048330,2
10576,2052875,2
10499,2036106,2
10496,2035830,2
2074,164182,2
10494,2034670,2
26470,6680868,2
26467,6680584,2
26462,6680130,2
26458,6679907,2
20990,5207698,2
20988,5207506,2
20986,5206809,2
18659,4212311,2
2947,283847,2
2239,181195,2
2914,277760,2
2913,277707,2
3766,391141,2
3757,390036,2
10470,2030681,2
10463,2029140,2
10423,2019817,2
21012,5211820,2
14240,3023770,2
14235,3022491,2
18636,4196600,2
18633,4195415,2
14262,3030393,2
14229,3019590,2
14221,3017097,2
10456,2026868,2
10471,2030688,2
20983,5206519,2
10377,2012266,2
21044,5220270,2
10415,2018919,2
10433,2021749,2
10432,2021608,2
10396,2015975,2
10395,2015953,2
14255,3028639,2
14250,3027089,2
18620,4190653,2
14277,3035074,2
14264,3032137,2
21006,5210830,2
21005,5210560,2
24876,6321017,2
24872,6319465,2
18612,4184353,2
18609,4181815,2
3775,393379,2
3771,392411,2
24869,6318889,2
24862,6317464,2
10399,2016559,2
18604,4179900,2
18599,4179155,2
2900,275900,2
2898,275774,2
25345,6469696,2
21025,5214400,2
21021,5214226,2
10382,2013969,2
10381,2012778,2
10314,1999124,2
21051,5221825,2
21050,5221092,2
10372,2011436,2
10371,2011279,2
26444,6679423,2
26443,6679397,2
1014,77104,2
1012,77016,2
10368,2009065,2
415,30920,2
409,30824,2
408,30755,2
26774,6711268,2
26772,6711025,2
14263,3032065,2
18596,4178911,2
18593,4178148,2
18587,4176653,2
18586,4176619,2
26770,6710948,2
26766,6710385,2
26763,6710245,2
14301,3041658,2
14322,3045739,2
14282,3036673,2
14281,3035640,2
14310,3043213,2
14306,3042319,2
10357,2007255,2
10353,2006505,2
10349,2005950,2
10333,2001612,2
10310,1998790,2
10308,1998690,2
10306,1998490,2
10323,2000443,2
21067,5225185,2
21065,5225030,2
24840,6311921,2
2056,162382,2
3793,394913,2
3789,394616,2
3787,394333,2
3785,394296,2
3814,397255,2
14312,3043636,2
18597,4178980,2
14364,3059319,2
14334,3050111,2
14330,3047588,2
18579,4175106,2
18575,4174413,2
10322,2000184,2
10316,1999238,2
1000,76337,2
1029,77864,2
1028,77796,2
1027,77757,2
1025,77647,2
10281,1995478,2
10280,1995311,2
2916,277856,2
2249,182169,2
10252,1992499,2
10248,1992022,2
10247,1991920,2
21108,5237607,2
21099,5235842,2
21082,5230396,2
10265,1993319,2
10294,1996667,2
10291,1996444,2
10288,1996301,2
10286,1996228,2
10285,1996226,2
1003,76494,2
14350,3054628,2
14374,3063842,2
14368,3060567,2
10233,1990614,2
10232,1990490,2
21126,5242842,2
21119,5240629,2
10259,1993048,2
10256,1992908,2
10254,1992741,2
10219,1989702,2
10218,1989513,2
18557,4169563,2
18555,4168805,2
18554,4168572,2
18551,4167587,2
14380,3065357,2
14356,3057266,2
14351,3055914,2
24851,6313267,2
21142,5246316,2
21135,5244966,2
21132,5243795,2
21131,5243774,2
10244,1991661,2
10213,1989198,2
10212,1988950,2
10207,1988245,2
18542,4164392,2
18541,4164352,2
18539,4163719,2
18538,4163662,2
14406,3072569,2
14400,3071392,2
18561,4170170,2
24847,6312814,2
24843,6312075,2
26431,6678826,2
26430,6678758,2
26429,6678750,2
10185,1985689,2
14419,3077418,2
14418,3077395,2
18533,4160894,2
18529,4158929,2
14376,3064434,2
10200,1986871,2
10229,1990129,2
3822,399187,2
3801,395575,2
24854,6313397,2
10163,1982512,2
10162,1982477,2
10156,1981927,2
10182,1984596,2
1015,77231,2
26434,6678875,2
10179,1984315,2
10178,1984307,2
10172,1983847,2
21173,5253322,2
18523,4156578,2
14425,3079820,2
21149,5247424,2
10193,1986471,2
10192,1986418,2
10191,1986356,2
10144,1980124,2
21190,5257910,2
21189,5257869,2
21186,5257601,2
21201,5262722,2
21199,5262400,2
26784,6712396,2
26783,6712342,2
18512,4153323,2
18510,4152499,2
18508,4151633,2
18503,4150785,2
21164,5250933,2
21178,5254934,2
21175,5254045,2
10164,1982603,2
10092,1971553,2
10116,1976452,2
10115,1976378,2
10112,1976196,2
10105,1975414,2
10104,1975373,2
21208,5264252,2
14461,3089226,2
18495,4149105,2
18489,4148286,2
26790,6712814,2
26785,6712510,2
10130,1977979,2
10129,1977881,2
10125,1977509,2
25838,6599182,2
21212,5265037,2
10064,1966338,2
3878,407711,2
3819,398598,2
3843,402711,2
3838,401999,2
3834,401424,2
3831,401171,2
18487,4147983,2
2871,270749,2
2862,268456,2
2861,268407,2
10078,1969668,2
10102,1974417,2
10101,1973974,2
10095,1972614,2
18471,4144622,2
14514,3104771,2
14513,3104663,2
24837,6311035,2
24826,6305962,2
24823,6304687,2
14482,3095347,2
14472,3092948,2
14502,3102381,2
10030,1957995,2
10025,1957180,2
21234,5272180,2
21227,5270419,2
1040,78563,2
3861,404726,2
3860,404537,2
9960,1941305,2
21260,5280981,2
10004,1952891,2
10002,1952520,2
9998,1951232,2
10033,1958099,2
21247,5276271,2
21246,5275507,2
21244,5273949,2
21241,5273386,2
21239,5273194,2
10021,1956246,2
1044,78612,2
14490,3096840,2
18481,4146592,2
18478,4146114,2
9986,1948086,2
9982,1947303,2
9981,1947077,2
9949,1939125,2
9945,1937153,2
21278,5288958,2
21276,5286950,2
21274,5286654,2
18457,4140904,2
14533,3109646,2
14520,3106319,2
381,28150,2
378,27825,2
24815,6302547,2
21253,5279561,2
21249,5277078,2
9899,1925741,2
9920,1931149,2
9917,1929736,2
9950,1939246,2
26419,6677928,2
26407,6677419,2
9911,1928691,2
375,27555,2
405,30614,2
395,29691,2
392,29549,2
18468,4143930,2
9972,1944507,2
9935,1934650,2
9930,1933132,2
9952,1939424,2
9893,1925237,2
9891,1925014,2
9887,1924677,2
9848,1917256,2
21333,5298617,2
21329,5298013,2
25351,6470687,2
2869,270258,2
14574,3124285,2
18455,4140222,2
9885,1924438,2
21318,5295482,2
9908,1927552,2
9874,1921734,2
9906,1926959,2
9901,1926101,2
9861,1919650,2
21323,5296308,2
21322,5296007,2
3926,413196,2
3893,409833,2
3888,409570,2
3883,409161,2
2044,161598,2
14580,3125539,2
14579,3125350,2
25365,6473006,2
25357,6471196,2
25356,6471048,2
25354,6470834,2
9870,1921266,2
9894,1925264,2
25852,6601017,2
2065,163378,2
9857,1919146,2
26399,6676844,2
9830,1914359,2
9820,1913223,2
9816,1912998,2
18432,4135164,2
14590,3128086,2
14589,3127226,2
14587,3126706,2
14562,3120319,2
21319,5295659,2
21335,5298836,2
9844,1916891,2
9843,1916587,2
21380,5312179,2
21377,5311302,2
9760,1903011,2
1064,79627,2
26403,6677076,2
21373,5310952,2
21370,5309947,2
21363,5308131,2
18402,4128012,2
18418,4130915,2
18417,4130865,2
18412,4130028,2
14614,3135602,2
14607,3132916,2
9815,1912787,2
24795,6297887,2
9750,1902131,2
21404,5322543,2
3955,416310,2
3920,412595,2
3913,412138,2
24804,6300097,2
14633,3140078,2
14603,3131486,2
14618,3136244,2
14617,3135878,2
9756,1902574,2
21398,5318957,2
9738,1900590,2
9768,1903728,2
9790,1906770,2
9783,1905929,2
1105,81370,2
1102,81197,2
1100,81055,2
9713,1893982,2
9707,1893329,2
21427,5330559,2
14639,3142240,2
2852,266544,2
24799,6298686,2
21400,5320177,2
9764,1903321,2
9733,1899634,2
9732,1899124,2
9729,1897964,2
9723,1896103,2
9722,1895842,2
9702,1892745,2
9695,1891103,2
9693,1890444,2
9690,1889359,2
9689,1888904,2
9656,1882687,2
21445,5335869,2
372,27265,2
365,26601,2
18400,4127854,2
18392,4124561,2
18391,4123896,2
21420,5329124,2
9678,1885293,2
9748,1902036,2
9746,1901846,2
3934,414409,2
3932,414314,2
3928,413716,2
21440,5334952,2
21436,5332763,2
21433,5332450,2
9683,1886976,2
9653,1882324,2
9652,1882159,2
9670,1883886,2
390,29474,2
389,29411,2
387,28904,2
18390,4123856,2
14660,3149639,2
14659,3149535,2
9615,1870643,2
9613,1869850,2
9611,1869321,2
21463,5340910,2
9664,1883338,2
21461,5340507,2
21451,5337343,2
14669,3152427,2
14666,3151172,2
18369,4118922,2
18368,4118879,2
18364,4118140,2
18362,4116717,2
18359,4116170,2
14694,3160786,2
9667,1883450,2
21514,5354374,2
24788,6294627,2
24780,6292462,2
24777,6290981,2
21493,5350153,2
21491,5349033,2
21489,5348790,2
21488,5348290,2
21483,5346534,2
21481,5346233,2
26376,6673641,2
14690,3158550,2
14689,3158323,2
14684,3157069,2
14679,3155804,2
14696,3161378,2
9568,1859168,2
9560,1856112,2
9559,1855440,2
9532,1848757,2
9530,1848456,2
9553,1853421,2
2846,265804,2
2821,261019,2
2812,260373,2
2807,259118,2
21496,5351033,2
9589,1864702,2
9588,1864477,2
1098,80985,2
1097,80972,2
1095,80874,2
21539,5362214,2
21530,5359509,2
9538,1850746,2
9533,1849226,2
21521,5358172,2
4000,421377,2
3998,420953,2
3971,418101,2
3965,417844,2
3986,419434,2
18333,4109777,2
14742,3173579,2
14732,3170513,2
18351,4113678,2
18350,4113040,2
9569,1859488,2
21564,5370064,2
21563,5369139,2
21560,5368584,2
9465,1822866,2
9485,1829648,2
9502,1841256,2
21555,5366141,2
21554,5365881,2
21551,5364309,2
21545,5363062,2
1111,82171,2
1140,85021,2
14755,3178141,2
26805,6713584,2
21517,5356071,2
9512,1843733,2
25395,6482721,2
9483,1828858,2
9482,1828598,2
24774,6290005,2
24761,6287710,2
24760,6287592,2
4003,421720,2
25391,6481227,2
26798,6713207,2
26796,6712986,2
26792,6712931,2
26791,6712843,2
14746,3176277,2
14745,3176035,2
14729,3170126,2
21574,5372275,2
21587,5376181,2
21581,5374774,2
21578,5374534,2
9430,1812925,2
9462,1822163,2
9461,1822122,2
9457,1821172,2
9453,1819860,2
9450,1818987,2
9473,1825873,2
14787,3187016,2
14785,3186099,2
14784,3186007,2
2803,258554,2
2800,258024,2
2794,256510,2
24750,6284588,2
24749,6283776,2
3995,420624,2
3994,420558,2
4020,423109,2
21596,5377561,2
18305,4104296,2
18299,4103133,2
14803,3191779,2
14774,3183061,2
14773,3182533,2
14766,3180663,2
9421,1811046,2
9444,1817737,2
26359,6672330,2
9436,1815130,2
9390,1798251,2
21630,5389751,2
9388,1798132,2
9414,1806188,2
9412,1805395,2
9409,1804720,2
1131,84323,2
26371,6673260,2
9371,1795340,2
14819,3196102,2
335,24175,2
14778,3183603,2
18308,4104963,2
18307,4104700,2
21602,5379029,2
24753,6286104,2
9337,1784935,2
21624,5388670,2
9375,1796054,2
2052,162295,2
2047,161785,2
4013,422368,2
329,23697,2
354,25585,2
351,25272,2
14836,3201223,2
14793,3188620,2
21609,5382839,2
9398,1801545,2
9394,1799484,2
9393,1799348,2
9391,1798604,2
9306,1777413,2
9326,1781131,2
9354,1790352,2
21652,5396390,2
21648,5394778,2
21643,5393075,2
18256,4089826,2
14833,3200527,2
14832,3200305,2
14830,3199709,2
14829,3199624,2
18270,4094370,2
18267,4093522,2
9373,1795754,2
9344,1786866,2
9343,1786739,2
9287,1771909,2
21661,5400860,2
21660,5400359,2
21659,5398765,2
1143,85266,2
1174,87648,2
2781,254975,2
2777,253310,2
2775,253250,2
14849,3204060,2
9350,1788607,2
9348,1788410,2
9318,1779398,2
9317,1779172,2
9315,1779107,2
9311,1778190,2
14870,3212455,2
14868,3211297,2
9282,1768242,2
1156,86324,2
1152,86023,2
1166,86988,2
9299,1776546,2
24730,6277725,2
24745,6282797,2
4035,425739,2
14867,3211190,2
14856,3207870,2
25708,6571560,2
25706,6571138,2
9325,1781054,2
9288,1772127,2
1188,88908,2
21691,5408987,2
21690,5408957,2
21710,5412640,2
21708,5412297,2
1150,85856,2
9245,1763254,2
9258,1764712,2
9256,1764495,2
9255,1764403,2
14874,3214283,2
14872,3213114,2
18245,4087914,2
18242,4087389,2
18231,4084569,2
14897,3219351,2
26357,6672305,2
21726,5419272,2
21720,5414499,2
21718,5414346,2
4041,427361,2
24737,6280674,2
24736,6280130,2
18219,4081128,2
2805,258765,2
2764,251250,2
2790,256252,2
2788,255829,2
2787,255755,2
2269,184766,2
9215,1758845,2
9207,1757336,2
9189,1754810,2
9186,1754633,2
9184,1754518,2
9157,1749780,2
9149,1748977,2
21766,5435585,2
14905,3221748,2
14929,3229408,2
14928,3229262,2
14888,3217076,2
18226,4083631,2
21716,5413457,2
21713,5413265,2
9176,1752718,2
9199,1756598,2
1159,86604,2
26332,6670433,2
26331,6670248,2
1204,89883,2
4077,430665,2
21773,5438839,2
9142,1748145,2
14939,3234867,2
21764,5434909,2
21756,5430416,2
24729,6277660,2
4068,430231,2
4064,429984,2
4057,428977,2
4084,431650,2
21750,5427197,2
21745,5424915,2
21795,5448556,2
21793,5447717,2
21792,5447340,2
21791,5446446,2
9123,1745429,2
1179,88143,2
26819,6714099,2
26816,6714030,2
2743,248357,2
25413,6487933,2
25407,6485538,2
25400,6483668,2
25399,6483558,2
9158,1750169,2
26339,6671323,2
26335,6670657,2
24714,6273547,2
24711,6272480,2
21810,5453499,2
21808,5452340,2
9101,1742357,2
9067,1730805,2
21821,5455270,2
21820,5455083,2
21819,5455005,2
338,24267,2
337,24265,2
14959,3238447,2
14977,3242634,2
18204,4076145,2
18201,4075504,2
21778,5441447,2
21864,5465368,2
9086,1736586,2
9085,1735814,2
21838,5458940,2
21837,5458742,2
21831,5457111,2
9050,1727137,2
9075,1733631,2
9073,1733433,2
14971,3241740,2
14967,3240913,2
18183,4070864,2
26808,6713694,2
26807,6713628,2
9094,1739831,2
9091,1738138,2
21889,5471253,2
21858,5463725,2
21853,5463156,2
9006,1720642,2
9004,1720367,2
9002,1720059,2
14996,3255192,2
14994,3254901,2
14987,3253748,2
14986,3252560,2
14983,3251474,2
18177,4068439,2
18168,4066769,2
9070,1732009,2
9069,1731588,2
26313,6668591,2
15043,3266959,2
15038,3265399,2
15010,3258053,2
15003,3256084,2
21899,5473005,2
8981,1717394,2
8979,1717209,2
8973,1716339,2
8992,1719144,2
2769,252013,2
2733,246574,2
2758,250462,2
2756,250415,2
4117,435126,2
9015,1721599,2
8984,1718152,2
8947,1714350,2
8966,1715494,2
1221,91498,2
1217,90993,2
24690,6264382,2
1210,90370,2
1238,92551,2
8960,1715189,2
8953,1714755,2
21909,5475827,2
21908,5475637,2
21904,5474519,2
21901,5473691,2
8941,1713397,2
18159,4064342,2
18152,4062502,2
21942,5483412,2
21931,5481014,2
8943,1713760,2
21930,5480648,2
8907,1710514,2
8906,1710449,2
8930,1712452,2
18140,4059621,2
18137,4059412,2
15061,3273217,2
15055,3270767,2
15053,3270476,2
18133,4058227,2
15015,3258913,2
1216,90919,2
1212,90588,2
8840,1701438,2
8870,1706490,2
8868,1706313,2
8861,1705234,2
21958,5488690,2
2037,161030,2
4123,435472,2
15066,3274887,2
18125,4056173,2
15075,3277421,2
300,21174,2
21943,5483592,2
8873,1706808,2
8871,1706608,2
1243,92771,2
8894,1709327,2
1226,91767,2
8838,1701299,2
8837,1701207,2
8836,1700884,2
8829,1700296,2
8827,1699992,2
8826,1699933,2
8823,1699642,2
8854,1703403,2
25417,6488919,2
18105,4051881,2
319,23048,2
314,22782,2
312,22421,2
26821,6714305,2
15073,3276477,2
8820,1699455,2
8816,1697380,2
8853,1703264,2
8812,1696740,2
8807,1695483,2
21973,5491991,2
21970,5491616,2
21968,5491272,2
18113,4053477,2
2748,249303,2
2745,248697,2
2744,248479,2
2713,243319,2
25424,6492615,2
1230,91985,2
1228,91813,2
8760,1685564,2
8790,1690672,2
26297,6665506,2
26296,6665072,2
1270,94634,2
1269,94461,2
15105,3287321,2
15101,3286144,2
15122,3292347,2
18116,4053967,2
22003,5497582,2
21998,5496985,2
21996,5496713,2
8806,1695191,2
8803,1694585,2
21959,5488838,2
22015,5499666,2
22012,5499300,2
22011,5499231,2
22010,5498943,2
26307,6667839,2
1262,94058,2
1255,93609,2
8750,1683049,2
4182,442818,2
24683,6264008,2
4138,437300,2
15118,3291213,2
15117,3290529,2
15109,3288556,2
15107,3287686,2
8743,1681121,2
8725,1677580,2
8722,1676247,2
8716,1674045,2
8738,1680122,2
8733,1678537,2
8729,1677889,2
18097,4050311,2
18089,4048356,2
18087,4048205,2
15157,3302522,2
15151,3301706,2
15148,3300999,2
15145,3300250,2
15120,3291665,2
8746,1682543,2
22018,5501678,2
8693,1667748,2
4190,443450,2
4152,438724,2
24678,6261833,2
24677,6260481,2
22052,5513824,2
8710,1672376,2
26283,6663270,2
18067,4042763,2
18065,4042199,2
8698,1670006,2
8695,1669360,2
22033,5506243,2
22030,5505629,2
22027,5504812,2
8686,1663119,2
15190,3308456,2
15186,3308115,2
24667,6257786,2
8692,1666055,2
8688,1664360,2
22063,5519474,2
22058,5517201,2
8672,1656729,2
15182,3306302,2
15177,3305726,2
2740,247759,2
25443,6502911,2
2725,245428,2
1276,95301,2
8666,1654856,2
8663,1652314,2
8632,1642536,2
4211,448095,2
4209,447743,2
22073,5522505,2
8661,1651232,2
8658,1649876,2
22090,5532949,2
8645,1646140,2
15200,3310276,2
15198,3309906,2
15195,3309104,2
18051,4037841,2
18047,4036263,2
15162,3303557,2
15161,3303375,2
15159,3302999,2
8570,1629151,2
4220,449865,2
4186,443239,2
24646,6254130,2
24643,6254001,2
24640,6253835,2
24634,6251514,2
15220,3314723,2
282,19613,2
8586,1633191,2
8584,1632777,2
22115,5539735,2
22105,5536998,2
8631,1642517,2
8614,1640751,2
8613,1640740,2
18024,4031564,2
26276,6662316,2
26274,6661935,2
8566,1628862,2
8558,1627767,2
8555,1627370,2
22131,5542700,2
15254,3324294,2
304,21461,2
15215,3313868,2
15209,3312295,2
24633,6250545,2
8594,1636179,2
22121,5540663,2
22120,5540631,2
8571,1629822,2
2281,186041,2
2280,185785,2
2309,190823,2
25452,6505629,2
15263,3327115,2
8524,1621105,2
22148,5546698,2
22146,5546311,2
22145,5545636,2
22140,5544930,2
15262,3326954,2
15261,3326628,2
15229,3316857,2
15224,3315611,2
18038,4033583,2
18025,4031674,2
8498,1616656,2
8497,1616547,2
8492,1615605,2
4239,452646,2
4204,446326,2
22154,5549358,2
8517,1619850,2
8516,1619480,2
8510,1618827,2
8509,1618450,2
8529,1622323,2
8528,1622185,2
1290,96194,2
1315,97803,2
15267,3327551,2
15265,3327447,2
8409,1602097,2
8443,1608353,2
22195,5559558,2
22192,5559305,2
8469,1612318,2
8462,1610870,2
8460,1610788,2
18002,4027504,2
15247,3322386,2
1298,96788,2
22171,5553381,2
22168,5553055,2
8486,1614581,2
4223,449898,2
8475,1613023,2
8472,1612598,2
8434,1606787,2
4250,455406,2
24614,6243391,2
4215,448953,2
24623,6246617,2
24620,6246275,2
4245,453461,2
4242,453015,2
15298,3335414,2
15295,3333892,2
15288,3332737,2
17982,4023054,2
18010,4029339,2
22210,5562793,2
8417,1604266,2
8414,1603704,2
8383,1596985,2
1303,96996,2
26260,6660149,2
26249,6657494,2
26248,6657448,2
8375,1594478,2
22230,5567990,2
22225,5566875,2
15311,3340003,2
15308,3339634,2
17966,4017917,2
8430,1606496,2
22218,5565389,2
8422,1605252,2
8407,1601769,2
8436,1607067,2
4266,459199,2
4257,457697,2
8343,1587817,2
8372,1594254,2
8364,1591997,2
22245,5570548,2
8339,1587101,2
8337,1586898,2
15346,3348145,2
269,19264,2
264,18930,2
26836,6716351,2
26833,6716223,2
26832,6716020,2
22237,5569344,2
22233,5568639,2
22253,5573447,2
22250,5572590,2
26242,6655289,2
26238,6654347,2
8307,1580280,2
8326,1584453,2
17932,4011547,2
17930,4011313,2
26830,6715560,2
15319,3341226,2
4254,456688,2
8318,1582514,2
8314,1581719,2
22261,5575954,2
22260,5575325,2
4269,460535,2
2688,239901,2
8293,1577497,2
8282,1575050,2
8250,1568788,2
22293,5583782,2
22276,5578332,2
22271,5577106,2
22267,5576852,2
8308,1580688,2
26244,6657042,2
2687,239719,2
2679,238426,2
15377,3356879,2
17957,4016727,2
17941,4012585,2
17940,4012438,2
8212,1560244,2
22310,5587327,2
22298,5585016,2
1363,101862,2
22284,5579831,2
22282,5578921,2
8275,1573434,2
8239,1566744,2
8236,1565492,2
15358,3351436,2
15357,3350857,2
15353,3349905,2
15379,3357174,2
25451,6505553,2
2667,236058,2
2693,240972,2
22321,5589770,2
22313,5588781,2
8202,1558175,2
8200,1557900,2
25877,6605073,2
24607,6241690,2
24605,6241279,2
4275,462198,2
4274,462130,2
17911,4007170,2
17909,4007064,2
17927,4011021,2
15364,3352494,2
1359,101571,2
8221,1562391,2
8214,1560877,2
8149,1549644,2
8178,1554842,2
8176,1554531,2
8175,1554526,2
8173,1554013,2
8197,1557224,2
26852,6718375,2
26850,6718079,2
26846,6717614,2
26844,6717331,2
15367,3353151,2
17925,4010894,2
17915,4007780,2
4271,461846,2
8187,1556229,2
22323,5590039,2
8087,1541587,2
4264,459068,2
4293,465990,2
8139,1548489,2
22342,5596772,2
22339,5596532,2
26224,6651854,2
26223,6651736,2
26221,6651688,2
26219,6651502,2
26842,6717269,2
275,19432,2
17890,4004746,2
17883,4004153,2
8163,1551783,2
8155,1550654,2
25867,6603577,2
4284,463699,2
4282,463294,2
8101,1542847,2
8097,1542657,2
1371,102425,2
1397,104539,2
17879,4003795,2
17877,4002541,2
17874,4002322,2
8116,1545756,2
8115,1545667,2
22384,5607504,2
22382,5607172,2
8130,1547212,2
8128,1546926,2
8007,1529212,2
22422,5617185,2
22419,5616506,2
8046,1535459,2
8069,1538803,2
22404,5613269,2
15467,3380277,2
17867,4001289,2
15446,3373968,2
15441,3373453,2
15436,3372168,2
15435,3371976,2
8064,1538323,2
8055,1537195,2
25871,6604162,2
25870,6604146,2
8002,1528598,2
7997,1527645,2
22414,5615597,2
22411,5614955,2
8032,1533029,2
4302,467155,2
4298,466558,2
24596,6237948,2
24591,6236867,2
17848,3997385,2
15494,3386873,2
15493,3386859,2
15458,3376905,2
15449,3374661,2
15474,3382321,2
8009,1529621,2
1412,106909,2
1411,106854,2
7966,1522070,2
7981,1525265,2
7977,1524730,2
7975,1524265,2
22434,5621197,2
22433,5620992,2
22431,5619956,2
22428,5618610,2
25467,6510117,2
25464,6509136,2
25463,6509042,2
17846,3997114,2
15464,3379209,2
8003,1528625,2
4323,471354,2
4322,470474,2
4317,469199,2
22439,5623742,2
7971,1523463,2
7970,1523310,2
1392,104402,2
1387,103711,2
7932,1513928,2
7930,1513642,2
22465,5630883,2
22464,5630769,2
15480,3384096,2
15498,3388160,2
25468,6512145,2
1414,107048,2
17828,3993349,2
4313,468800,2
7949,1517641,2
7925,1512630,2
7923,1512045,2
7917,1511365,2
7915,1511125,2
17833,3994057,2
15525,3396707,2
26869,6720011,2
26867,6719959,2
26865,6719886,2
15488,3386169,2
22457,5630030,2
4348,476596,2
4325,471719,2
22472,5632585,2
7892,1503222,2
7886,1502259,2
7883,1500794,2
7881,1500449,2
7911,1509650,2
7933,1514015,2
7900,1505256,2
7898,1505012,2
7896,1504868,2
22482,5634510,2
22480,5634282,2
15529,3398257,2
26859,6719538,2
262,18842,2
260,18802,2
1405,105936,2
1401,105011,2
22515,5643821,2
22514,5643692,2
7905,1506579,2
1422,107463,2
1421,107446,2
1420,107415,2
7869,1496750,2
22497,5639633,2
25491,6519083,2
25489,6518702,2
17817,3991562,2
15537,3399507,2
22479,5634281,2
22476,5633022,2
22536,5647749,2
22510,5642335,2
22507,5641215,2
7861,1490759,2
7852,1487732,2
22524,5645952,2
22522,5645429,2
22521,5644652,2
22520,5644448,2
17806,3990110,2
2638,232020,2
2633,231193,2
2660,234963,2
2648,233671,2
22495,5639112,2
7872,1497588,2
4357,478492,2
4355,478067,2
7822,1481537,2
7817,1479550,2
22527,5646722,2
22526,5646647,2
7789,1472943,2
7813,1478053,2
15569,3409578,2
15568,3409162,2
15587,3414008,2
7842,1486193,2
7840,1485723,2
7839,1485489,2
7838,1485320,2
22538,5648218,2
7780,1470808,2
22550,5650873,2
7767,1467664,2
22561,5653645,2
22556,5652480,2
22552,5651191,2
26875,6720492,2
240,17786,2
15576,3410618,2
15575,3410605,2
15605,3419239,2
15571,3409643,2
24547,6226033,2
4332,473837,2
4330,473532,2
4327,472698,2
7746,1463608,2
7741,1462553,2
26196,6648686,2
1435,108175,2
7738,1461786,2
22581,5658454,2
7726,1459084,2
7725,1458946,2
7724,1458808,2
15594,3416365,2
15592,3416177,2
25507,6524925,2
25506,6524578,2
25495,6520009,2
7758,1465101,2
7755,1464780,2
7698,1455119,2
4366,480175,2
7691,1453635,2
7717,1457898,2
7716,1457454,2
7711,1457145,2
7707,1456804,2
7676,1449285,2
15638,3427755,2
15601,3418485,2
15598,3417208,2
15596,3416435,2
22583,5660785,2
24561,6229592,2
24555,6228087,2
4369,480690,2
7649,1443140,2
7648,1442477,2
7647,1441964,2
7645,1441806,2
7641,1441205,2
7665,1446558,2
17775,3984066,2
15650,3430724,2
15648,3430470,2
17783,3986295,2
15621,3422705,2
22617,5669089,2
24546,6225613,2
24541,6224140,2
4390,485191,2
1988,155042,2
1451,109965,2
22644,5674650,2
4415,491348,2
4380,482994,2
22634,5673451,2
7635,1439763,2
7631,1438535,2
7630,1438508,2
7627,1437861,2
7653,1443555,2
1461,110537,2
1459,110520,2
17759,3980232,2
17752,3978847,2
17751,3978649,2
15669,3436846,2
22656,5678114,2
22652,5676890,2
22650,5676508,2
22648,5676131,2
22669,5681013,2
22640,5674260,2
7601,1426759,2
7595,1425968,2
7618,1432314,2
7617,1431055,2
26177,6646850,2
15702,3444097,2
15661,3433664,2
15659,3433153,2
15685,3441111,2
15683,3440978,2
26160,6643772,2
26159,6643410,2
26158,6643401,2
26156,6643220,2
22664,5679627,2
7569,1416716,2
7564,1416088,2
7558,1414938,2
15708,3445434,2
15706,3444985,2
17745,3976975,2
17744,3976879,2
17741,3975880,2
17738,3975695,2
17735,3974937,2
22661,5678966,2
4430,497504,2
4401,488132,2
24532,6222859,2
24529,6221839,2
24523,6220403,2
24522,6220210,2
24520,6219707,2
4421,492642,2
2619,229865,2
15728,3450778,2
15715,3446608,2
15713,3446346,2
7548,1411302,2
22677,5681869,2
22676,5681856,2
22674,5681424,2
7471,1386912,2
7498,1393858,2
7497,1393827,2
7526,1400250,2
7524,1400165,2
7522,1399868,2
7516,1399043,2
22694,5687638,2
17721,3972364,2
2643,232952,2
2608,228121,2
2604,227658,2
22687,5683899,2
22681,5682001,2
26162,6644286,2
7541,1407541,2
22718,5698409,2
7482,1390347,2
4407,489532,2
24514,6219092,2
24507,6217549,2
24506,6217291,2
26887,6721386,2
15722,3448656,2
15719,3447208,2
15748,3454445,2
17732,3974292,2
22701,5692705,2
22700,5692702,2
22698,5691276,2
7504,1396014,2
7503,1395885,2
22764,5713365,2
7428,1369391,2
1466,111033,2
7423,1367292,2
22753,5708872,2
22748,5707822,2
22747,5706520,2
22732,5701759,2
7445,1377649,2
7407,1360285,2
2616,229621,2
2326,193048,2
2323,192901,2
26892,6721876,2
7436,1373762,2
22725,5699613,2
4442,499800,2
4441,499634,2
1491,113471,2
22784,5718907,2
22782,5717849,2
22781,5717762,2
22775,5716588,2
7398,1358495,2
221,16836,2
220,16762,2
218,16728,2
15760,3458067,2
17699,3967000,2
17711,3970664,2
17705,3968710,2
17704,3968664,2
1469,111325,2
22795,5725731,2
22794,5725357,2
7382,1354729,2
7381,1354537,2
7371,1351786,2
17679,3961710,2
17690,3964484,2
15771,3459870,2
15769,3459815,2
15795,3464657,2
230,17176,2
1473,111639,2
25888,6607330,2
4429,497006,2
4451,501592,2
7346,1347444,2
7341,1346089,2
24477,6208010,2
4469,506744,2
4461,503578,2
7368,1351599,2
22810,5731844,2
22809,5731648,2
22807,5731473,2
7366,1351407,2
22831,5737018,2
22828,5736533,2
2304,190201,2
15823,3471805,2
15794,3464346,2
15793,3464179,2
22839,5740206,2
7314,1334979,2
7311,1334053,2
25894,6608316,2
7336,1344524,2
7328,1340635,2
7324,1339529,2
15804,3466238,2
15799,3465560,2
25518,6528729,2
2570,222209,2
2598,226634,2
2592,225708,2
2590,225480,2
2587,224945,2
22825,5736098,2
7286,1327868,2
7249,1314745,2
7299,1331236,2
7263,1320536,2
7259,1319327,2
7257,1318467,2
15842,3475486,2
15836,3474981,2
15833,3474547,2
15832,3474212,2
15813,3468143,2
15809,3467550,2
15808,3467531,2
22838,5740181,2
22834,5738361,2
22854,5745274,2
1507,114818,2
1502,114510,2
25882,6605666,2
25881,6605644,2
1989,155103,2
4456,502707,2
4455,502621,2
24484,6210929,2
24481,6209583,2
17657,3957024,2
15862,3483302,2
15861,3483011,2
15853,3479893,2
15815,3469074,2
7256,1318303,2
22863,5747360,2
7159,1289864,2
22932,5769570,2
22919,5766914,2
22917,5766398,2
7173,1293683,2
24453,6200682,2
15863,3484099,2
197,14698,2
2300,189617,2
188,14400,2
7212,1303305,2
7209,1302686,2
1486,113126,2
7198,1299717,2
7196,1299660,2
7266,1321914,2
22935,5770285,2
7158,1289699,2
26150,6642718,2
26143,6641720,2
22925,5768420,2
26135,6640164,2
1520,116010,2
1518,115920,2
7146,1284860,2
7145,1283584,2
203,14827,2
17647,3954820,2
17641,3953522,2
15849,3478451,2
15878,3490181,2
7164,1291042,2
24451,6199480,2
24442,6197252,2
24441,6197049,2
22956,5777331,2
7138,1281436,2
7134,1280625,2
7131,1279931,2
7102,1273783,2
7101,1273463,2
15923,3501861,2
15879,3490472,2
15910,3499618,2
15909,3499538,2
15899,3495675,2
212,15838,2
22938,5771409,2
7074,1267241,2
7069,1266616,2
25903,6609359,2
1974,154004,2
26125,6638209,2
26119,6637228,2
22978,5785225,2
7077,1267764,2
15925,3502017,2
2539,217658,2
2563,221121,2
2556,220648,2
4533,515456,2
22974,5783011,2
22972,5782342,2
7120,1278440,2
23026,5801931,2
23025,5801439,2
7039,1258778,2
7038,1258716,2
4532,515374,2
26129,6638645,2
22999,5791387,2
7053,1261871,2
7050,1261782,2
22998,5791259,2
17618,3947562,2
17614,3946802,2
17608,3945463,2
15897,3495464,2
17629,3950755,2
17627,3950364,2
23041,5815733,2
23035,5810769,2
23007,5793978,2
23006,5793941,2
7014,1250653,2
7013,1250593,2
7006,1248848,2
7004,1248736,2
15932,3503473,2
15928,3502903,2
17606,3944434,2
15914,3500093,2
22996,5790048,2
22991,5789081,2
22988,5788517,2
23027,5802424,2
6968,1237453,2
6996,1246074,2
6993,1245243,2
6987,1244098,2
6963,1236654,2
6959,1236297,2
6957,1235719,2
26918,6724439,2
17594,3941226,2
17591,3940419,2
15974,3516510,2
15971,3515694,2
7018,1252146,2
6986,1243887,2
6985,1243236,2
23043,5816713,2
23061,5822563,2
23058,5822040,2
23055,5821222,2
23053,5819995,2
23049,5819203,2
23048,5818896,2
23047,5818208,2
23064,5823343,2
6948,1233630,2
17583,3939021,2
17582,3938973,2
15965,3514562,2
15962,3514156,2
15988,3518954,2
174,12990,2
6973,1239045,2
4536,515730,2
24435,6196508,2
6947,1233309,2
6946,1233116,2
6935,1229175,2
6966,1237112,2
6922,1224490,2
23078,5829073,2
23074,5828352,2
17588,3940189,2
2520,215216,2
25554,6540168,2
25550,6539637,2
25544,6538082,2
6955,1235016,2
6952,1234583,2
6913,1221899,2
1538,117702,2
1535,117339,2
6871,1213526,2
6902,1219678,2
1554,119338,2
1553,119142,2
1551,118704,2
6906,1220542,2
23089,5832137,2
16003,3522130,2
15991,3519664,2
16022,3526839,2
16020,3525626,2
198,14703,2
4548,517529,2
6848,1206086,2
6847,1205742,2
6842,1204635,2
6841,1203972,2
6869,1212958,2
23103,5837159,2
6883,1215298,2
17553,3930929,2
17568,3934136,2
16032,3528567,2
16030,3528087,2
17578,3938549,2
6890,1216825,2
23084,5830607,2
6918,1223750,2
6916,1222031,2
6826,1200233,2
26111,6636386,2
26103,6635588,2
23121,5840991,2
23120,5840938,2
4604,525969,2
24420,6194207,2
24416,6192562,2
24410,6188961,2
16059,3536815,2
16058,3536655,2
16057,3536222,2
16046,3533919,2
16042,3532038,2
17557,3931161,2
6849,1206135,2
6819,1197341,2
6788,1184004,2
6785,1182930,2
1547,118351,2
1543,118106,2
23134,5843183,2
25569,6541774,2
25565,6541374,2
25560,6540867,2
16079,3540159,2
16066,3537892,2
16062,3537207,2
24408,6188764,2
23117,5840311,2
6813,1195877,2
6812,1194140,2
6744,1155341,2
23159,5849538,2
6770,1176718,2
6798,1185706,2
6764,1175538,2
6761,1165935,2
23153,5848073,2
23151,5847806,2
23150,5847757,2
23144,5845470,2
16082,3540835,2
2545,219001,2
2508,213686,2
2505,213351,2
25570,6541800,2
6821,1198694,2
23189,5859294,2
6681,1139276,2
6710,1147129,2
4608,526320,2
4606,526199,2
6731,1149778,2
6753,1156956,2
6752,1156442,2
16100,3545098,2
16098,3544726,2
26930,6725682,2
17540,3927121,2
17539,3926211,2
17535,3925344,2
17533,3924866,2
6747,1155661,2
6663,1135574,2
23222,5872112,2
23221,5872022,2
23218,5870828,2
6692,1143255,2
6689,1142714,2
26921,6724848,2
16071,3538752,2
16102,3545999,2
6702,1144989,2
23202,5864466,2
24399,6186578,2
24394,6185182,2
24391,6184552,2
1568,120393,2
1565,120183,2
6647,1132426,2
23238,5875135,2
6627,1127618,2
6619,1125961,2
6682,1140205,2
23236,5874263,2
23229,5873705,2
23226,5872444,2
6672,1137318,2
23241,5875991,2
16141,3555022,2
17516,3920431,2
17513,3919728,2
16118,3549125,2
16109,3547133,2
17508,3917710,2
6602,1123054,2
6600,1122124,2
23264,5880662,2
23257,5879424,2
23253,5879155,2
23252,5878750,2
24383,6182687,2
4618,527441,2
17498,3915222,2
16133,3552997,2
16129,3552422,2
16127,3551770,2
16119,3549635,2
6640,1130841,2
6637,1130281,2
6662,1135509,2
25911,6610715,2
1955,152520,2
4632,529455,2
26100,6635414,2
1605,122889,2
23282,5885554,2
6613,1125221,2
6597,1121743,2
16140,3554965,2
16139,3554899,2
16137,3554006,2
17491,3911833,2
17482,3908656,2
17481,3908469,2
6609,1124976,2
6605,1124464,2
16195,3570289,2
16194,3569830,2
16193,3569655,2
23332,5902587,2
23330,5902434,2
23329,5902361,2
6566,1115213,2
16189,3569280,2
23315,5898064,2
23314,5897573,2
23303,5893603,2
6579,1118057,2
23298,5891015,2
23296,5890650,2
6589,1120865,2
4673,535686,2
6509,1101299,2
6504,1100020,2
23341,5905768,2
6523,1103957,2
4687,537653,2
4661,533759,2
4659,533575,2
4658,533441,2
4650,532507,2
2518,215041,2
2517,214911,2
138,10736,2
137,10735,2
17472,3906812,2
17470,3906266,2
17468,3905918,2
6458,1091779,2
1600,122812,2
1593,122402,2
1592,122293,2
1620,123931,2
23359,5909504,2
23358,5909464,2
6475,1094304,2
145,11205,2
142,10964,2
2502,213098,2
2493,211748,2
6542,1107792,2
6541,1107447,2
6517,1102709,2
6512,1101849,2
23411,5921269,2
6436,1086634,2
6429,1084852,2
6426,1084248,2
23388,5916668,2
23386,5916428,2
154,11541,2
16201,3571524,2
16199,3570966,2
16187,3568740,2
16183,3565680,2
16208,3573172,2
4702,543452,2
6495,1098448,2
23365,5910784,2
1601,122852,2
4704,543703,2
6381,1073972,2
6400,1077666,2
23407,5920276,2
23406,5920145,2
23402,5918901,2
4680,536502,2
24371,6180046,2
16228,3579998,2
16226,3578997,2
16220,3575368,2
163,12056,2
157,11722,2
1632,124431,2
1631,124386,2
1630,124369,2
6330,1063105,2
23449,5935200,2
6353,1066733,2
6351,1066572,2
23441,5931785,2
23440,5931389,2
16238,3580875,2
16232,3580313,2
17434,3894394,2
17431,3894031,2
17450,3899752,2
6393,1076214,2
6370,1069657,2
6367,1069078,2
6360,1067936,2
23430,5927558,2
6279,1051126,2
23447,5934100,2
6339,1064704,2
6336,1064197,2
4698,540650,2
24345,6173575,2
4725,549074,2
25586,6543202,2
16286,3596814,2
16285,3596768,2
16252,3585182,2
16266,3589874,2
16263,3589164,2
17430,3893859,2
1654,126000,2
6334,1063718,2
4736,550577,2
1911,149467,2
6288,1052697,2
23473,5941043,2
23471,5940932,2
6308,1058917,2
6275,1050545,2
17417,3887457,2
17415,3887182,2
2481,209747,2
2478,209539,2
26080,6632066,2
6304,1058327,2
6315,1060268,2
23461,5938418,2
6287,1052620,2
16282,3595954,2
1640,125035,2
1670,127147,2
1660,126223,2
6248,1043854,2
23492,5944624,2
23490,5944219,2
16309,3601581,2
16303,3600703,2
16302,3600602,2
119,9379,2
26945,6726441,2
17423,3889690,2
17422,3889566,2
24336,6170703,2
4737,550614,2
23508,5948208,2
23503,5947121,2
23501,5946975,2
23496,5945924,2
6245,1042449,2
6231,1038626,2
6258,1047364,2
6257,1046971,2
4762,559689,2
1928,150576,2
150,11494,2
148,11400,2
147,11372,2
16300,3599858,2
17413,3886902,2
17406,3885613,2
6195,1031365,2
6193,1030897,2
6188,1029788,2
6184,1029542,2
23521,5951487,2
23520,5951315,2
23514,5949326,2
23511,5948642,2
17401,3884255,2
17399,3883969,2
16324,3606652,2
16320,3605393,2
16319,3604451,2
26935,6726014,2
6256,1046620,2
23509,5948213,2
2468,208667,2
2465,208515,2
6153,1023277,2
6181,1029116,2
6178,1028762,2
1655,126004,2
23557,5960184,2
16336,3610923,2
16333,3610327,2
26061,6628921,2
26060,6628417,2
6173,1028296,2
23536,5954580,2
6157,1024653,2
23533,5954246,2
6196,1031391,2
6129,1014874,2
6121,1013196,2
23568,5962171,2
6149,1022085,2
23556,5959649,2
23555,5959572,2
23552,5958668,2
23551,5958614,2
24327,6169219,2
4756,555608,2
4754,554709,2
4774,563598,2
16344,3612512,2
25583,6542602,2
25597,6544454,2
25596,6544053,2
17379,3880134,2
1672,127389,2
1698,129800,2
1694,129326,2
23582,5965227,2
23575,5963469,2
6087,1005280,2
6117,1012826,2
6105,1009780,2
17372,3877513,2
17370,3877289,2
17369,3876542,2
17367,3876348,2
16388,3625566,2
16357,3615302,2
16350,3614054,2
106,8836,2
16379,3622677,2
16406,3629414,2
16404,3629139,2
23587,5966857,2
23586,5966850,2
23585,5966029,2
24325,6168901,2
24324,6168430,2
24322,6167977,2
24318,6165637,2
16399,3627898,2
16398,3627871,2
16392,3626169,2
17382,3880445,2
17381,3880420,2
6080,1003669,2
6079,1003543,2
6075,1002123,2
6044,994006,2
4785,564910,2
1678,128012,2
23599,5969297,2
23593,5967896,2
6101,1008911,2
6100,1008817,2
6094,1007544,2
17366,3876326,2
17365,3876231,2
17355,3873522,2
113,9232,2
108,9008,2
23617,5973011,2
23615,5972528,2
23611,5971581,2
23608,5970518,2
1718,131059,2
1716,130904,2
1712,130807,2
16454,3642394,2
16453,3641978,2
16452,3641832,2
104,8640,2
103,8605,2
131,10022,2
16421,3633147,2
16411,3630338,2
23607,5970508,2
1692,129296,2
26049,6627292,2
6000,980457,2
24300,6160643,2
24296,6159468,2
1901,148882,2
17345,3870900,2
17339,3869387,2
17335,3866687,2
16437,3637835,2
16434,3637005,2
16433,3636546,2
16427,3634679,2
16425,3634018,2
6040,992356,2
23622,5973350,2
23651,5978462,2
23642,5976847,2
23641,5976522,2
6005,980896,2
6004,980869,2
5994,979864,2
6021,985294,2
6014,983050,2
6007,980934,2
5981,975297,2
2445,206269,2
2444,205627,2
2443,205448,2
25605,6548064,2
16486,3651989,2
16442,3639320,2
5942,966071,2
5935,964000,2
5927,961605,2
5949,967415,2
23668,5981505,2
4801,567656,2
4798,567200,2
24308,6163465,2
17329,3865277,2
17326,3864389,2
17325,3864164,2
2455,207809,2
2485,210400,2
25689,6568688,2
2339,193785,2
2336,193650,2
23703,5991213,2
23681,5984727,2
23679,5984143,2
23678,5984089,2
5904,957769,2
5898,955663,2
5896,955531,2
16471,3648192,2
16498,3654266,2
16497,3654228,2
16489,3652449,2
16462,3645059,2
16457,3643112,2
23664,5981209,2
1730,131787,2
1727,131605,2
1750,133928,2
1749,133915,2
5866,944238,2
23717,5994957,2
5889,954492,2
4817,571142,2
4837,577079,2
4834,576531,2
93,8238,2
17318,3863371,2
17317,3862911,2
17304,3858934,2
17303,3858580,2
16477,3650484,2
23698,5989533,2
5926,961435,2
2453,207443,2
23716,5994461,2
23727,5997190,2
23722,5996101,2
23719,5995071,2
5876,950554,2
5870,948783,2
5868,946230,2
5836,937027,2
2446,206642,2
16504,3658172,2
16533,3664183,2
16532,3664033,2
5905,957869,2
26029,6624787,2
26023,6624250,2
116,9305,2
115,9290,2
5831,936185,2
5861,943441,2
5859,943178,2
5857,942826,2
5850,941452,2
5847,939883,2
16522,3662349,2
16521,3661752,2
16520,3661621,2
25600,6545374,2
25610,6549118,2
25609,6549098,2
25608,6549059,2
2454,207581,2
24275,6154396,2
4825,573420,2
24292,6157894,2
24290,6157357,2
24288,6156316,2
23737,5999280,2
5841,937919,2
5839,937860,2
5810,927086,2
5808,925146,2
5805,924422,2
17285,3854288,2
17281,3853627,2
17276,3851042,2
26957,6727675,2
26955,6727177,2
5742,904817,2
1738,132823,2
23761,6007174,2
5816,931083,2
23756,6005570,2
5796,920655,2
5792,917537,2
5791,916978,2
5814,930014,2
1743,133351,2
17262,3848287,2
25693,6569797,2
2436,204774,2
2427,203139,2
2424,202865,2
5823,933485,2
16578,3674009,2
5737,903266,2
5735,902794,2
23780,6012173,2
23775,6010888,2
23788,6014069,2
23786,6013003,2
16571,3672874,2
16586,3675725,2
16584,3674745,2
16583,3674683,2
17270,3849612,2
5760,909713,2
5753,908602,2
1745,133473,2
1744,133472,2
5747,906655,2
5688,888869,2
5708,895191,2
5728,900543,2
5726,899366,2
25942,6615937,2
25941,6615864,2
4847,578881,2
4862,582419,2
4860,581470,2
17243,3843920,2
17241,3843336,2
17239,3843174,2
16613,3683104,2
71,6088,2
26980,6730413,2
5697,891533,2
23810,6021617,2
23809,6021103,2
1755,134164,2
1774,136653,2
5700,892067,2
25625,6553561,2
25624,6553503,2
16643,3690366,2
16640,3689519,2
26971,6729545,2
26968,6729307,2
101,8576,2
16629,3686327,2
5721,898458,2
5749,906717,2
23832,6027120,2
5636,865902,2
5662,880488,2
5683,887237,2
5681,886944,2
5675,885123,2
23814,6021857,2
5650,871455,2
17226,3839627,2
17223,3839278,2
16644,3690400,2
2423,202719,2
25619,6552177,2
2394,199254,2
25637,6555379,2
25632,6554934,2
23822,6023697,2
23821,6023281,2
24269,6153471,2
24267,6153242,2
4886,587821,2
1884,147232,2
17220,3838507,2
17213,3837896,2
17210,3837012,2
16662,3693940,2
16655,3692752,2
16622,3684867,2
17228,3839700,2
5648,870926,2
5640,867318,2
5669,883782,2
5621,862589,2
5610,859070,2
5608,858608,2
1770,135555,2
26022,6624243,2
26021,6623954,2
5578,852655,2
17199,3833519,2
17192,3832015,2
23815,6022138,2
1789,138599,2
5607,858520,2
23841,6028554,2
23838,6027897,2
5626,863488,2
23824,6024223,2
5566,850769,2
5565,850621,2
5560,848799,2
5583,853245,2
5548,847036,2
23850,6030284,2
5599,857195,2
5596,856157,2
17181,3829267,2
17179,3828836,2
17177,3828794,2
16665,3694667,2
16686,3701284,2
64,5477,2
60,5196,2
5592,854876,2
1813,141116,2
5537,844713,2
5532,843715,2
23885,6038730,2
23882,6037825,2
5545,846649,2
5543,845580,2
23878,6036809,2
25933,6614623,2
4881,586373,2
17188,3831557,2
2419,202136,2
25652,6561579,2
25648,6559086,2
25642,6556666,2
2406,200478,2
24258,6148641,2
5495,828396,2
5525,840691,2
1785,138337,2
5497,829773,2
4904,591033,2
4901,590059,2
4889,588252,2
4888,588219,2
16700,3703463,2
17174,3828241,2
17173,3828067,2
17172,3827386,2
84,7436,2
83,7334,2
5542,845417,2
23934,6057518,2
5478,821149,2
5476,817399,2
5470,813931,2
5468,813492,2
23943,6061089,2
16717,3711037,2
16711,3707318,2
16742,3719461,2
17175,3828388,2
16710,3706840,2
26004,6622419,2
23912,6051446,2
5489,826588,2
5488,826430,2
5484,824204,2
24251,6147944,2
4917,592667,2
4915,592305,2
23955,6064103,2
5462,811074,2
1830,142887,2
16762,3727097,2
17141,3818631,2
16737,3716368,2
16733,3715322,2
17155,3824314,2
17153,3823730,2
17151,3821300,2
17148,3820323,2
17146,3819318,2
23942,6060808,2
23975,6071398,2
5392,790610,2
5386,789345,2
5411,796030,2
4952,605106,2
4951,604481,2
16748,3722275,2
16766,3727809,2
5402,792040,2
5428,800215,2
5421,797841,2
1804,140148,2
23970,6069098,2
23966,6067513,2
5420,797651,2
4939,598465,2
4970,616623,2
24240,6145723,2
5356,781997,2
5354,781472,2
5353,781259,2
5351,779872,2
5348,779184,2
5345,778754,2
5344,778586,2
16776,3730748,2
16775,3730353,2
2396,199481,2
25657,6561821,2
2370,197053,2
5368,784863,2
23977,6071795,2
1815,141548,2
25984,6621143,2
1846,144301,2
24027,6087123,2
24023,6086628,2
4953,605458,2
23991,6075470,2
24014,6083902,2
24007,6082105,2
17115,3814271,2
16799,3735358,2
42,3230,2
17133,3817234,2
17132,3817167,2
17131,3816678,2
16785,3733192,2
5296,767058,2
5290,766366,2
5259,760041,2
25946,6616860,2
24226,6140117,2
24218,6138373,2
4982,631775,2
4979,627306,2
4974,623104,2
5309,769797,2
26986,6730895,2
17110,3812821,2
17105,3811804,2
17121,3815495,2
5321,771853,2
5320,771644,2
16854,3750919,2
24054,6094898,2
5284,764677,2
24058,6095942,2
5247,755740,2
5241,753032,2
16820,3740632,2
16818,3740338,2
16812,3739138,2
16831,3743456,2
26994,6732035,2
5276,763591,2
5272,762826,2
5300,768094,2
5299,767926,2
5298,767625,2
25686,6567894,2
25682,6567381,2
25673,6564955,2
2353,195174,2
5270,761995,2
4997,656175,2
4992,642991,2
4987,637610,2
4986,635746,2
5268,761852,2
16860,3751740,2
17092,3809064,2
17087,3807755,2
17082,3806453,2
17080,3806276,2
17079,3805988,2
24079,6102976,2
5238,752561,2
5197,736986,2
5196,736705,2
5195,736468,2
25967,6619600,2
25963,6619095,2
1862,145913,2
5226,749878,2
5224,746345,2
24070,6099829,2
24065,6099523,2
24062,6097945,2
16844,3746955,2
16842,3746416,2
16864,3752010,2
5155,729531,2
5151,728411,2
25943,6616144,2
1887,147502,2
24213,6136696,2
5204,738395,2
17064,3802996,2
16884,3756768,2
16848,3748559,2
16845,3747774,2
5191,735702,2
5220,742642,2
5214,740589,2
5175,732823,2
24098,6108236,2
24094,6107978,2
24132,6115420,2
5144,726156,2
5044,691712,2
24199,6133404,2
5010,666628,2
5008,664591,2
5005,663343,2
5001,660644,2
17062,3802438,2
17053,3800322,2
16895,3760308,2
5164,731179,2
5163,731014,2
5161,730520,2
5188,735196,2
5185,733987,2
24137,6116456,2
1853,145100,2
24127,6114199,2
5157,729827,2
1852,144967,2
1867,146048,2
1865,145964,2
16889,3757808,2
17046,3799067,2
17038,3796456,2
24105,6109466,2
24103,6109128,2
5138,725621,2
5132,724192,2
5131,723302,2
24133,6115487,2
25662,6562744,2
17008,3790159,2
17006,3789295,2
16962,3781727,2
5108,716147,2
24165,6123363,2
24164,6123350,2
16954,3780092,2
34,2648,2
17034,3795640,2
17031,3794711,2
16931,3773429,2
5115,718872,2
5111,717992,2
24143,6117246,2
24138,6116549,2
27007,6732795,2
16991,3787121,2
4,248,2
16989,3786779,2
27012,6733532,2
27011,6733430,2
54,4984,2
52,4519,2
49,4249,2
16945,3777860,2
17013,3790881,2
17026,3793692,2
17022,3791937,2
17020,3791835,2
24180,6127194,2
24177,6127061,2
12992,2577866,2
13014,2584511,2
19412,4566095,2
19410,4565626,2
2186,172697,2
3180,315696,2
25189,6418079,2
27027,6734055,2
27025,6734025,2
27021,6733928,2
26,1759,2
16967,3782071,2
16996,3787617,2
19,815,2
11,528,2
16979,3784728,2
27038,6734613,1
9,371,1
13,632,1
29,2018,1
28,1983,1
50,4307,1
48,3997,1
45,3736,1
44,3477,1
43,3319,1
39,3020,1
26998,6732402,1
26997,6732373,1
26995,6732267,1
26993,6731860,1
26989,6731173,1
26988,6731124,1
26987,6730938,1
26985,6730801,1
16960,3780901,1
16957,3780670,1
16956,3780621,1
16955,3780275,1
16952,3779920,1
16982,3785585,1
16981,3785385,1
16980,3784818,1
16975,3783961,1
16974,3783807,1
16973,3783279,1
16971,3782911,1
16970,3782584,1
16969,3782311,1
16998,3787817,1
16997,3787621,1
16948,3778569,1
16947,3778268,1
16943,3777156,1
16941,3776407,1
16940,3776103,1
16939,3775950,1
16937,3775473,1
16936,3775180,1
16935,3775148,1
17014,3790974,1
17007,3790072,1
17004,3788810,1
17003,3788720,1
17002,3788705,1
16966,3781906,1
16964,3781830,1
17043,3798258,1
17040,3797612,1
17033,3795054,1
16934,3774372,1
16933,3774166,1
16927,3770317,1
16925,3769498,1
16924,3769314,1
16921,3767782,1
16920,3766538,1
17029,3794419,1
17028,3794341,1
17023,3792194,1
17017,3791618,1
17015,3791101,1
16950,3779802,1
16897,3760926,1
16896,3760862,1
16892,3759208,1
16891,3758400,1
16890,3757944,1
16888,3757317,1
16887,3757219,1
16917,3765562,1
16915,3765142,1
16914,3764996,1
16911,3764287,1
16910,3764194,1
16906,3763461,1
16905,3763056,1
17045,3798767,1
17044,3798454,1
17066,3803122,1
17065,3803103,1
16882,3756349,1
16879,3755906,1
16878,3755188,1
16875,3753873,1
16874,3753847,1
16871,3753036,1
17061,3802363,1
17058,3801236,1
17056,3800977,1
17051,3799969,1
17047,3799105,1
16901,3761638,1
16900,3761515,1
16898,3761022,1
17093,3809393,1
17091,3808936,1
17088,3808517,1
16847,3748154,1
16840,3745660,1
16839,3745245,1
16870,3753003,1
16869,3752585,1
16866,3752223,1
16865,3752211,1
16857,3751576,1
16856,3751264,1
17078,3805857,1
17072,3804183,1
17068,3803336,1
17067,3803255,1
16811,3739028,1
16809,3738473,1
16808,3738386,1
16807,3738032,1
16838,3745116,1
16837,3745029,1
16835,3743889,1
16834,3743882,1
16833,3743658,1
16832,3743642,1
16829,3743142,1
16826,3741645,1
16825,3741515,1
16824,3741139,1
16823,3741059,1
17094,3809808,1
17120,3815384,1
17118,3815172,1
17112,3813984,1
16804,3736703,1
16801,3735980,1
16800,3735571,1
16798,3734968,1
16794,3734624,1
17108,3812790,1
17106,3811893,1
17104,3811758,1
17101,3811033,1
17100,3810359,1
17095,3809972,1
16821,3740707,1
16817,3740216,1
17140,3818542,1
17139,3818352,1
17137,3817596,1
17136,3817425,1
17134,3817249,1
17129,3816276,1
17128,3816115,1
16790,3734122,1
16788,3733681,1
16787,3733266,1
16786,3733216,1
16784,3733121,1
16782,3732903,1
16780,3732391,1
16777,3731338,1
17123,3815682,1
16750,3723256,1
16749,3722694,1
16745,3720097,1
16744,3720032,1
16773,3729884,1
16772,3729877,1
16771,3729828,1
16770,3729452,1
16769,3729129,1
16767,3727960,1
16764,3727346,1
16763,3727134,1
16761,3726748,1
16760,3726331,1
16759,3726101,1
17142,3818882,1
16719,3712368,1
16712,3708816,1
16736,3716297,1
16735,3715966,1
16734,3715881,1
16732,3715147,1
16731,3714981,1
16729,3714072,1
17157,3824869,1
17156,3824767,1
17154,3823838,1
17147,3819829,1
17143,3818920,1
16754,3724633,1
16753,3723985,1
16751,3723306,1
17180,3829228,1
17178,3828824,1
16703,3704011,1
16702,3703832,1
16701,3703686,1
16698,3702843,1
16697,3702837,1
16695,3702609,1
17170,3827156,1
17168,3826906,1
17167,3826668,1
17166,3826586,1
17164,3826504,1
17159,3825116,1
16721,3712773,1
16720,3712585,1
17195,3833004,1
17193,3832062,1
16673,3696199,1
16666,3694965,1
16664,3694121,1
16663,3694088,1
16694,3702490,1
16693,3702448,1
16687,3701294,1
16684,3700697,1
16682,3700402,1
16680,3698783,1
16679,3698398,1
17185,3831068,1
17184,3830379,1
17182,3829759,1
17214,3837969,1
17209,3836000,1
17207,3835862,1
16661,3693662,1
16660,3693374,1
16658,3693164,1
16657,3693021,1
16653,3692590,1
16652,3692567,1
16648,3691279,1
16647,3691230,1
17205,3835151,1
17203,3834763,1
17201,3833878,1
17198,3833508,1
17197,3833427,1
17238,3842800,1
17236,3842353,1
17231,3840775,1
17230,3840216,1
17229,3840130,1
16646,3690891,1
16645,3690774,1
16642,3689868,1
16639,3689469,1
16637,3688015,1
16635,3687604,1
16632,3687038,1
17222,3838971,1
17221,3838950,1
17216,3838159,1
17215,3837974,1
16614,3683122,1
16612,3683010,1
16610,3682568,1
16608,3682189,1
16603,3681751,1
16602,3681526,1
16600,3680299,1
16630,3686728,1
16627,3686008,1
16626,3685987,1
16624,3685070,1
16620,3684591,1
16618,3684117,1
16617,3683848,1
16616,3683570,1
16615,3683415,1
16573,3673140,1
16570,3672795,1
16569,3672791,1
16598,3680247,1
16595,3678650,1
16592,3678042,1
16590,3677057,1
16589,3676140,1
16587,3675895,1
17254,3846751,1
17252,3846330,1
17248,3845029,1
17247,3844990,1
17246,3844421,1
17244,3843986,1
17242,3843714,1
16566,3672365,1
16564,3671890,1
16560,3671617,1
16559,3670294,1
16558,3670173,1
16557,3669965,1
16553,3668949,1
16552,3668798,1
17269,3849203,1
17268,3849153,1
17267,3849047,1
17261,3847882,1
17258,3847475,1
17256,3847239,1
16582,3674469,1
16575,3673737,1
16549,3667193,1
16546,3666771,1
16545,3666111,1
16542,3665868,1
16541,3665846,1
16540,3665827,1
16539,3665275,1
16535,3664311,1
17284,3854270,1
17282,3853873,1
17280,3853530,1
17278,3851883,1
17275,3850688,1
17274,3850656,1
17272,3850246,1
17271,3849958,1
16513,3660754,1
16512,3660516,1
16510,3659703,1
16508,3659443,1
16503,3657637,1
16534,3664228,1
16531,3663987,1
16528,3663276,1
16519,3661489,1
17300,3858297,1
17299,3857668,1
17298,3857315,1
17296,3857205,1
17294,3856376,1
17292,3855915,1
17290,3855684,1
16482,3651056,1
16481,3651038,1
16479,3650978,1
16474,3649395,1
16500,3655760,1
16496,3654207,1
16494,3653602,1
16492,3652735,1
16491,3652626,1
16490,3652540,1
17316,3862572,1
17313,3861535,1
17308,3859743,1
17307,3859369,1
17305,3859152,1
16514,3661085,1
16470,3647827,1
16469,3647639,1
16468,3647596,1
16467,3647331,1
16466,3646903,1
16463,3645184,1
16460,3644417,1
16456,3642688,1
17332,3865827,1
17327,3864776,1
17323,3863936,1
17322,3863705,1
17320,3863550,1
17319,3863452,1
16485,3651633,1
16483,3651076,1
16412,3630367,1
16407,3629538,1
16436,3637799,1
16430,3635142,1
16426,3634091,1
16424,3634003,1
16450,3640618,1
16449,3640611,1
16446,3639617,1
16445,3639435,1
16441,3639135,1
17349,3871691,1
17348,3871688,1
17347,3871319,1
17344,3870748,1
17338,3869177,1
16382,3623464,1
16381,3622880,1
16380,3622727,1
16378,3622074,1
16375,3621392,1
16403,3628414,1
16400,3627969,1
16397,3627376,1
17360,3874939,1
17353,3873206,1
17352,3873202,1
16419,3632594,1
16418,3632004,1
16416,3631906,1
16414,3631650,1
16413,3630699,1
16354,3614321,1
16347,3612985,1
16345,3612544,1
16372,3619503,1
16370,3618810,1
16367,3618455,1
16363,3617114,1
16361,3616873,1
17376,3879837,1
17374,3878462,1
17371,3877299,1
17368,3876509,1
16390,3625776,1
16387,3625453,1
16386,3625122,1
16383,3623519,1
16322,3606426,1
16313,3602663,1
16341,3612074,1
16339,3611367,1
16337,3610980,1
16334,3610460,1
16331,3609084,1
16328,3608889,1
17397,3883039,1
17395,3882388,1
17393,3881841,1
17388,3881114,1
17387,3881103,1
17384,3880820,1
17383,3880542,1
16356,3615099,1
16290,3597534,1
16287,3596963,1
16283,3596497,1
16310,3601752,1
16308,3601254,1
16304,3600873,1
16299,3599836,1
16297,3599218,1
16295,3599161,1
17408,3885925,1
17407,3885750,1
17404,3884679,1
17403,3884547,1
17402,3884463,1
16326,3608165,1
16325,3607969,1
17435,3895063,1
17433,3894373,1
16259,3586741,1
16258,3586245,1
16256,3586042,1
16248,3583971,1
16276,3593128,1
16275,3592178,1
16274,3592048,1
16273,3591901,1
16271,3591080,1
16269,3590870,1
16267,3590151,1
17429,3893435,1
17419,3888233,1
16291,3597769,1
16230,3580189,1
16227,3579344,1
16224,3577858,1
16222,3575987,1
16219,3574583,1
16217,3574440,1
16245,3583157,1
16243,3582684,1
16240,3581478,1
16239,3581078,1
16235,3580716,1
16234,3580643,1
16233,3580635,1
17441,3896987,1
17437,3896057,1
17436,3895480,1
16191,3569438,1
16185,3567374,1
16214,3574177,1
16212,3574071,1
16210,3573667,1
16207,3572895,1
16206,3572613,1
16204,3572021,1
16202,3571565,1
17461,3903434,1
17459,3903212,1
17457,3903034,1
17456,3902945,1
17453,3902378,1
17452,3901245,1
17448,3899350,1
16166,3562331,1
16163,3560934,1
16161,3560765,1
16154,3558900,1
16180,3565537,1
16179,3564541,1
16177,3564413,1
16176,3564266,1
16175,3563626,1
16170,3563011,1
16168,3562454,1
16167,3562442,1
17474,3906991,1
17473,3906941,1
17471,3906596,1
16197,3570650,1
16130,3552805,1
16128,3551798,1
16126,3551137,1
16122,3549997,1
16121,3549669,1
16120,3549647,1
16150,3557887,1
16147,3557347,1
16144,3555341,1
16142,3555037,1
16135,3553125,1
17493,3913144,1
17489,3910938,1
17484,3909571,1
17483,3908739,1
17480,3908001,1
16114,3548059,1
16113,3548033,1
16112,3547772,1
16111,3547653,1
16108,3547046,1
16107,3546778,1
16105,3546342,1
16103,3546156,1
17507,3917611,1
17504,3916618,1
17501,3916227,1
17500,3915675,1
17497,3915053,1
17496,3915015,1
17495,3914832,1
16132,3552872,1
16076,3539443,1
16074,3539144,1
16072,3538801,1
16099,3544966,1
16096,3544395,1
16095,3543959,1
16092,3543158,1
16088,3542166,1
17524,3922110,1
17522,3921946,1
17519,3920769,1
17517,3920678,1
17515,3920331,1
17514,3920025,1
17512,3919586,1
17511,3919550,1
16070,3538489,1
16069,3538196,1
16068,3538166,1
16067,3537934,1
16063,3537405,1
16061,3537077,1
16060,3536932,1
16056,3536174,1
16055,3536080,1
17541,3927187,1
17538,3925868,1
17537,3925577,1
17530,3924004,1
17528,3923289,1
16084,3541287,1
16078,3539985,1
17560,3931892,1
16038,3531156,1
16035,3530337,1
16033,3529244,1
16031,3528323,1
16026,3527716,1
16052,3535121,1
16050,3534634,1
16049,3534338,1
16047,3533932,1
16041,3531951,1
16040,3531645,1
16039,3531443,1
17556,3931041,1
17555,3931034,1
17554,3930952,1
17575,3937112,1
16004,3522399,1
15998,3520739,1
16019,3525525,1
16018,3525465,1
16017,3525259,1
16016,3525042,1
16015,3524928,1
16013,3524078,1
16012,3523800,1
16007,3523249,1
17570,3935333,1
17567,3933794,1
17564,3933124,1
17563,3932554,1
17562,3932548,1
15966,3514998,1
15964,3514506,1
15961,3514122,1
15959,3512980,1
15985,3518701,1
15984,3518636,1
15983,3518342,1
15981,3518074,1
15979,3517942,1
15978,3517893,1
15977,3517762,1
15975,3517218,1
17587,3940179,1
17584,3939037,1
17580,3938767,1
17576,3937390,1
15939,3506368,1
15936,3505001,1
15934,3504786,1
15929,3502910,1
15927,3502530,1
15958,3512975,1
15957,3512886,1
15955,3511652,1
15952,3510759,1
15951,3509764,1
15946,3509089,1
15945,3508916,1
17605,3944084,1
17601,3943303,1
17598,3942964,1
15970,3515605,1
17628,3950611,1
17626,3949798,1
17623,3948485,1
15924,3501963,1
15922,3501614,1
15921,3501397,1
15919,3501034,1
15913,3499817,1
15912,3499788,1
17620,3948135,1
17616,3947146,1
17615,3947045,1
17612,3946598,1
17611,3946338,1
17610,3945889,1
15940,3506597,1
17645,3954657,1
17644,3954447,1
17643,3954194,1
15894,3495051,1
15890,3494463,1
15882,3491637,1
15908,3498479,1
15905,3497844,1
15904,3497789,1
15902,3496664,1
15901,3496237,1
17638,3952789,1
17637,3952681,1
17634,3952371,1
17633,3951557,1
17632,3951499,1
17660,3958509,1
17656,3956834,1
17655,3955838,1
15859,3482217,1
15852,3479021,1
15847,3477917,1
15876,3489738,1
15874,3488700,1
15873,3488599,1
15872,3488248,1
15869,3488038,1
15867,3486534,1
15866,3485491,1
17654,3955819,1
17652,3955652,1
17646,3954675,1
15806,3467120,1
15800,3465636,1
15827,3473053,1
15826,3472982,1
15821,3471173,1
15818,3469445,1
15816,3469188,1
15846,3476265,1
15843,3475527,1
15841,3475474,1
15837,3475294,1
15834,3474703,1
15831,3473681,1
17670,3960587,1
17663,3959307,1
17661,3958995,1
15776,3461001,1
15775,3460784,1
15768,3459812,1
15767,3459796,1
15796,3464851,1
15786,3462947,1
15785,3462756,1
15783,3462584,1
17683,3963078,1
17680,3961850,1
17677,3961470,1
17674,3960875,1
17673,3960865,1
17672,3960777,1
15814,3469041,1
15811,3467962,1
15764,3459334,1
15761,3458626,1
15758,3457770,1
15757,3457058,1
15756,3457037,1
15755,3456639,1
15752,3455589,1
15751,3454696,1
17698,3966754,1
17697,3966630,1
17694,3966167,1
17693,3965704,1
17689,3964070,1
17688,3963900,1
15782,3462424,1
15778,3461877,1
15734,3452529,1
15726,3450351,1
15749,3454618,1
15747,3454233,1
15746,3454195,1
15745,3454148,1
15744,3453957,1
15743,3453817,1
15738,3453303,1
15737,3453204,1
15735,3452654,1
17717,3971546,1
17713,3970814,1
17709,3970183,1
17708,3969915,1
17707,3969550,1
15697,3443143,1
15696,3442781,1
15694,3442455,1
15692,3442258,1
15689,3441548,1
15687,3441171,1
15718,3447103,1
15716,3446721,1
15714,3446533,1
17734,3974865,1
17731,3974055,1
17730,3973982,1
17728,3973426,1
17725,3972907,1
17724,3972588,1
17720,3972224,1
17755,3979698,1
17754,3979492,1
17753,3979163,1
15668,3436638,1
15667,3436614,1
15665,3435258,1
15655,3432500,1
15686,3441156,1
15682,3440743,1
15681,3440283,1
15680,3439974,1
15671,3437444,1
17746,3977044,1
17742,3975970,1
17739,3975796,1
15699,3443470,1
15623,3423828,1
17779,3984963,1
17778,3984780,1
17773,3983940,1
17772,3983922,1
17771,3983906,1
17770,3983595,1
15652,3430850,1
15651,3430741,1
15649,3430599,1
15643,3429914,1
15641,3429222,1
15640,3429019,1
17766,3982409,1
17758,3980177,1
17756,3979720,1
15618,3422353,1
15616,3421749,1
15614,3421158,1
15612,3420914,1
15609,3420330,1
15608,3419936,1
15637,3427747,1
15636,3427336,1
15634,3426419,1
15633,3425816,1
15632,3425750,1
15631,3425741,1
15630,3425441,1
15628,3424877,1
15626,3424355,1
15624,3423999,1
15559,3404709,1
15590,3415507,1
15589,3415334,1
15584,3413699,1
15583,3412068,1
15578,3411504,1
15577,3410674,1
15597,3417120,1
15591,3416174,1
17796,3988299,1
17795,3988075,1
17793,3987541,1
17792,3987415,1
17790,3987279,1
17788,3987039,1
17786,3986819,1
15534,3398912,1
15530,3398315,1
15527,3397450,1
15556,3404415,1
15555,3404220,1
15554,3404093,1
15552,3402624,1
15547,3401890,1
15544,3401464,1
15543,3401271,1
17807,3990210,1
17800,3989186,1
15574,3410479,1
15566,3408128,1
15563,3406069,1
15561,3405388,1
17839,3995387,1
17838,3995142,1
17836,3994848,1
17834,3994271,1
17832,3994019,1
17831,3994018,1
15523,3395588,1
15521,3395152,1
15518,3394149,1
15515,3392730,1
15514,3392601,1
15512,3391874,1
17822,3992713,1
15540,3400177,1
15536,3399368,1
15535,3399100,1
15491,3386629,1
15489,3386417,1
15485,3385868,1
15483,3384578,1
15482,3384164,1
15509,3390969,1
15508,3390933,1
15505,3390184,1
15504,3389989,1
15502,3389566,1
15499,3388343,1
15497,3388116,1
15496,3387537,1
17843,3996791,1
17841,3996575,1
17840,3996473,1
15461,3377764,1
15456,3376540,1
15451,3375108,1
15447,3374426,1
15477,3383046,1
15475,3382325,1
15473,3381213,1
15472,3380806,1
15470,3380623,1
15468,3380298,1
15465,3379515,1
17862,3999905,1
17858,3999041,1
17853,3997978,1
17851,3997721,1
17850,3997501,1
17887,4004686,1
17886,4004642,1
17884,4004320,1
17882,4004044,1
15430,3370841,1
15426,3369301,1
15420,3367970,1
15417,3367558,1
17876,4002531,1
17872,4001656,1
17866,4000954,1
17863,4000438,1
15440,3373241,1
15439,3372927,1
15437,3372472,1
15433,3371705,1
17898,4006072,1
17895,4005356,1
15412,3365300,1
15411,3365126,1
15410,3365092,1
15409,3365057,1
15407,3363878,1
15406,3363869,1
15404,3363243,1
15403,3363031,1
15402,3362876,1
15399,3362441,1
17894,4005180,1
17893,4005046,1
17889,4004741,1
17888,4004690,1
17916,4007982,1
17914,4007554,1
17913,4007481,1
17912,4007457,1
15398,3361992,1
15397,3361845,1
15396,3361443,1
15393,3360255,1
15388,3358596,1
15386,3358407,1
15385,3358205,1
17908,4006883,1
17907,4006769,1
17906,4006645,1
17903,4006599,1
17900,4006341,1
15360,3351785,1
15359,3351693,1
15381,3357345,1
15380,3357224,1
15375,3356235,1
15374,3355827,1
15370,3354127,1
15369,3353723,1
15368,3353467,1
17926,4011016,1
17924,4010147,1
17923,4010136,1
17922,4009742,1
17919,4009143,1
17918,4009044,1
17917,4008592,1
17952,4014598,1
17951,4014181,1
17949,4013531,1
17947,4013208,1
17946,4013174,1
17945,4012937,1
17944,4012921,1
17943,4012871,1
17942,4012711,1
17939,4012327,1
17938,4012262,1
17937,4012013,1
17936,4012002,1
17933,4011703,1
17931,4011394,1
15361,3352052,1
17959,4016782,1
15334,3345906,1
15331,3344989,1
15328,3344221,1
15325,3343210,1
15322,3341669,1
15320,3341625,1
15348,3348417,1
15347,3348364,1
15345,3347890,1
15341,3347025,1
15340,3346905,1
15337,3346345,1
15335,3345962,1
17958,4016758,1
17954,4015708,1
17977,4022544,1
17975,4021877,1
15314,3340842,1
15313,3340566,1
15310,3339979,1
15309,3339821,1
15307,3339612,1
15306,3339476,1
15304,3338227,1
15303,3338002,1
17973,4020380,1
17971,4019969,1
17970,4019875,1
17967,4018495,1
17963,4017450,1
17962,4017435,1
17998,4026615,1
17996,4026477,1
17994,4026122,1
15301,3337059,1
15300,3336868,1
15299,3335707,1
15296,3334629,1
15294,3333850,1
15293,3333828,1
15292,3333822,1
15291,3333586,1
15290,3333410,1
15289,3332857,1
17988,4024677,1
17985,4023944,1
17983,4023367,1
18015,4029870,1
18014,4029776,1
18012,4029418,1
18008,4029240,1
15286,3332179,1
15285,3332121,1
15284,3331304,1
15280,3329549,1
15279,3328706,1
15278,3328621,1
15274,3328405,1
15273,3328352,1
15271,3328202,1
18004,4027674,1
18001,4027221,1
18000,4026948,1
18030,4032110,1
18028,4032051,1
18023,4031285,1
15249,3323058,1
15248,3322895,1
15245,3322185,1
15243,3321283,1
15269,3327995,1
15259,3325987,1
15256,3324485,1
15255,3324401,1
18021,4030339,1
18020,4030257,1
18019,4030185,1
18018,4030031,1
18017,4030030,1
18040,4033765,1
18039,4033623,1
15222,3315273,1
15218,3314228,1
15213,3313244,1
15211,3312620,1
15210,3312347,1
15236,3319692,1
15235,3319609,1
15233,3318227,1
15231,3317135,1
15228,3316347,1
15227,3316061,1
18037,4033348,1
18035,4032998,1
18034,4032896,1
18056,4039321,1
18055,4039110,1
15206,3311382,1
15204,3311214,1
15201,3310571,1
15199,3310237,1
15196,3309406,1
15194,3309070,1
15193,3309043,1
15192,3309008,1
15191,3308632,1
18050,4036973,1
18049,4036396,1
18044,4034923,1
18043,4034678,1
18042,4034568,1
15172,3305147,1
15171,3305075,1
15169,3304406,1
15165,3303895,1
15185,3307901,1
15178,3305800,1
15176,3305381,1
15175,3305300,1
18069,4043387,1
18068,4043353,1
18066,4042301,1
18063,4041612,1
18060,4040851,1
18059,4040558,1
18058,4039771,1
18057,4039589,1
18092,4048799,1
18091,4048760,1
18090,4048757,1
18088,4048234,1
15156,3302462,1
15155,3302345,1
15153,3301984,1
15152,3301795,1
15150,3301504,1
15149,3301172,1
15147,3300974,1
18082,4047121,1
18077,4046255,1
18076,4045793,1
18072,4044407,1
15173,3305153,1
15099,3284883,1
15097,3283761,1
15126,3293825,1
15125,3293646,1
15113,3288768,1
15142,3298858,1
15141,3298742,1
15140,3298262,1
15139,3298114,1
15138,3297454,1
15136,3297415,1
15133,3295424,1
15130,3294766,1
15129,3294555,1
18102,4051467,1
18098,4050649,1
15078,3278923,1
15077,3278852,1
15069,3275791,1
15068,3275146,1
15063,3273703,1
15092,3282319,1
15089,3281133,1
15084,3279925,1
15083,3279657,1
15081,3279132,1
18117,4054258,1
18115,4053532,1
18112,4052754,1
18111,4052733,1
18106,4052157,1
18103,4051757,1
15057,3271700,1
15056,3271336,1
15054,3270495,1
15052,3270365,1
15051,3270067,1
15050,3269592,1
15049,3269327,1
15048,3268808,1
15047,3268318,1
18134,4058252,1
18132,4058118,1
18128,4056861,1
18127,4056319,1
18123,4055464,1
18121,4055010,1
18120,4054940,1
18154,4063105,1
18153,4062970,1
18151,4062274,1
15046,3267777,1
15040,3265997,1
15036,3264646,1
15034,3264517,1
15032,3264064,1
18147,4061072,1
18145,4060865,1
18142,4060439,1
18138,4059488,1
18136,4058678,1
18135,4058448,1
15062,3273348,1
15059,3272174,1
15013,3258661,1
15011,3258094,1
15006,3256740,1
15005,3256303,1
15004,3256194,1
15002,3255989,1
15026,3262030,1
15022,3260995,1
15021,3260853,1
15020,3260629,1
15019,3259817,1
15016,3259454,1
18164,4065623,1
18161,4064777,1
18158,4064090,1
18156,4063886,1
18189,4071973,1
18188,4071836,1
18186,4071664,1
14997,3255367,1
14993,3254660,1
14990,3254234,1
14989,3254167,1
14988,3253927,1
14985,3252497,1
14984,3251991,1
18182,4070383,1
18181,4069922,1
18175,4068194,1
18172,4067633,1
18170,4067312,1
18167,4066479,1
14964,3240550,1
14960,3239010,1
14957,3237960,1
14956,3237825,1
14952,3236867,1
14951,3236581,1
14982,3251408,1
14981,3251016,1
14980,3244698,1
14978,3243493,1
14974,3242178,1
14970,3241572,1
14969,3241509,1
18197,4073402,1
18196,4073368,1
18191,4072511,1
14909,3222771,1
14908,3222547,1
14907,3221860,1
14906,3221832,1
14931,3229728,1
14922,3226613,1
14949,3236152,1
14948,3236008,1
14947,3235824,1
14946,3235821,1
14944,3235720,1
14940,3234961,1
14936,3231356,1
18207,4077198,1
18202,4075612,1
18200,4075496,1
14901,3220372,1
14900,3220281,1
14899,3219600,1
14898,3219416,1
14896,3219084,1
14895,3218146,1
14889,3217124,1
14887,3217055,1
18228,4083784,1
18227,4083736,1
18225,4083495,1
18224,4083423,1
18218,4080997,1
14917,3225674,1
14916,3225023,1
14913,3224155,1
14869,3212271,1
14866,3210682,1
14861,3209649,1
14858,3208326,1
14857,3207957,1
14883,3216382,1
14881,3216166,1
14880,3216139,1
14878,3215683,1
14877,3215081,1
14873,3213608,1
14871,3212559,1
18239,4086336,1
18238,4086252,1
18234,4084964,1
18233,4084876,1
18269,4094061,1
18265,4092961,1
18263,4092779,1
14854,3205733,1
14850,3204082,1
14848,3203807,1
14847,3203546,1
14844,3203189,1
14843,3202892,1
14840,3202317,1
14839,3202158,1
18257,4090003,1
18254,4089319,1
18252,4089213,1
18248,4088201,1
18247,4088039,1
18279,4097601,1
14818,3195811,1
14814,3195403,1
14811,3194201,1
14809,3194112,1
14807,3193077,1
14838,3201379,1
14837,3201315,1
14831,3200281,1
14828,3199598,1
14827,3199370,1
14823,3198754,1
18278,4097284,1
18275,4096208,1
18273,4095340,1
18272,4095316,1
18301,4103277,1
18298,4103090,1
18297,4103010,1
18295,4102534,1
14799,3190092,1
14797,3189344,1
14796,3189160,1
14794,3189085,1
14792,3188307,1
14791,3188058,1
18292,4101962,1
18289,4101528,1
18288,4101284,1
18287,4101144,1
18285,4100366,1
18281,4099255,1
14772,3182355,1
14769,3181104,1
14768,3181017,1
14767,3180834,1
14764,3180439,1
14762,3180122,1
14761,3179646,1
14790,3187945,1
14786,3186909,1
14781,3184960,1
14780,3184273,1
14777,3183310,1
14776,3183234,1
14775,3183137,1
18309,4104995,1
18304,4104121,1
14738,3172640,1
14737,3172386,1
14736,3171735,1
14730,3170353,1
14727,3170090,1
14758,3179145,1
14757,3178777,1
14756,3178345,1
14744,3175683,1
18324,4107933,1
18323,4107700,1
18322,4107590,1
18319,4107278,1
18318,4106943,1
18317,4106815,1
18316,4106581,1
18348,4112838,1
18347,4112699,1
18346,4112534,1
14726,3169901,1
14722,3169334,1
14721,3169267,1
14716,3167748,1
14715,3167635,1
14712,3166197,1
18342,4111027,1
18341,4110732,1
18339,4110283,1
18336,4110065,1
18334,4109792,1
18328,4108664,1
14739,3172753,1
14688,3157659,1
14683,3156605,1
14682,3156594,1
14681,3156490,1
14709,3165005,1
14708,3164549,1
14707,3164269,1
14705,3163800,1
14703,3163463,1
14701,3162504,1
14700,3162410,1
14698,3162263,1
14695,3160843,1
18357,4115315,1
18356,4114092,1
18355,4113899,1
18380,4121528,1
18379,4121446,1
18378,4121395,1
14678,3155550,1
14675,3154927,1
14674,3154363,1
14671,3153409,1
14665,3151002,1
14663,3150383,1
18371,4118947,1
18370,4118939,1
18365,4118158,1
18361,4116246,1
18360,4116230,1
14692,3159380,1
14691,3158848,1
18396,4125481,1
18395,4125443,1
14646,3143751,1
14643,3143142,1
14642,3143127,1
14640,3142457,1
14658,3149171,1
14656,3149017,1
14654,3148745,1
14653,3146890,1
14652,3146486,1
14649,3145546,1
18388,4122521,1
18385,4122035,1
18383,4121695,1
18381,4121556,1
18407,4128526,1
14613,3135269,1
14611,3135160,1
14608,3133677,1
14606,3132372,1
14600,3131159,1
14630,3139645,1
14628,3138999,1
14626,3138169,1
14625,3137938,1
14624,3137897,1
14623,3137820,1
14619,3136343,1
14616,3135821,1
18405,4128418,1
18403,4128129,1
18430,4134538,1
18428,4133932,1
18427,4133561,1
18426,4133506,1
18423,4132292,1
14598,3130315,1
14597,3130111,1
14595,3129760,1
14594,3129504,1
14593,3128840,1
14588,3127150,1
14586,3126524,1
18420,4131279,1
18416,4130731,1
18415,4130553,1
18408,4128575,1
14563,3120815,1
14561,3120129,1
14560,3119702,1
14556,3118766,1
14554,3118264,1
14553,3117756,1
14581,3125618,1
14577,3124661,1
14575,3124366,1
14573,3123909,1
14571,3123277,1
14568,3122051,1
18437,4135544,1
18436,4135431,1
18435,4135359,1
18431,4134769,1
18460,4141240,1
18458,4141009,1
14548,3114729,1
14546,3113716,1
14545,3113190,1
14544,3112953,1
14541,3112465,1
14539,3112212,1
14538,3110826,1
14537,3110556,1
14535,3110231,1
18446,4138089,1
18444,4136976,1
18442,4136401,1
18439,4136034,1
14566,3121897,1
14511,3104119,1
14509,3103985,1
14508,3103893,1
14506,3103265,1
14532,3109457,1
14531,3109100,1
14527,3107488,1
14526,3107231,1
14525,3107066,1
14524,3107040,1
14523,3107001,1
14522,3106643,1
14519,3106279,1
18469,4144576,1
18467,4143654,1
18464,4142427,1
14455,3087099,1
14486,3095555,1
14485,3095550,1
14478,3094722,1
14473,3093026,1
14500,3101487,1
14499,3101071,1
14497,3099855,1
14492,3096981,1
18484,4146917,1
18482,4146624,1
18479,4146379,1
18476,4145453,1
18474,4145285,1
14518,3105566,1
14515,3104883,1
14451,3086379,1
14450,3086055,1
14449,3085596,1
14448,3085386,1
14445,3084982,1
14443,3084689,1
14442,3084108,1
14441,3084082,1
14439,3083751,1
18502,4150608,1
18491,4148571,1
18490,4148411,1
14468,3091616,1
14465,3091381,1
14464,3091208,1
14459,3088657,1
14436,3081580,1
14435,3081514,1
14434,3081446,1
14432,3080725,1
14431,3080676,1
14430,3080421,1
14428,3080196,1
14426,3079894,1
14423,3078591,1
18516,4154243,1
18515,4154107,1
18514,4153462,1
18511,4152725,1
18507,4151310,1
18506,4150974,1
14453,3086548,1
18537,4163593,1
14405,3072508,1
14403,3071967,1
14402,3071910,1
14395,3070940,1
14420,3077974,1
14416,3077025,1
14415,3076919,1
14414,3075680,1
14412,3074975,1
14411,3074666,1
14410,3074303,1
14408,3073400,1
18534,4161200,1
18532,4160766,1
18522,4156167,1
18563,4170744,1
18556,4168882,1
14389,3069011,1
14386,3068703,1
14384,3066630,1
14383,3066531,1
14382,3066287,1
14381,3066148,1
14379,3064661,1
14377,3064529,1
18550,4167493,1
18549,4167398,1
18548,4166675,1
18546,4166057,1
18545,4165978,1
18543,4165109,1
14357,3057529,1
14355,3057250,1
14353,3056558,1
14349,3054621,1
14346,3054155,1
14344,3052519,1
14343,3052380,1
14373,3063791,1
14372,3062374,1
14370,3061415,1
14367,3060558,1
14366,3059429,1
14365,3059383,1
14361,3058801,1
14360,3058340,1
14359,3058198,1
18592,4177931,1
18590,4177004,1
18589,4176834,1
14342,3052148,1
14339,3051572,1
14338,3051321,1
14337,3050913,1
14335,3050602,1
14332,3048694,1
14331,3048407,1
14329,3047412,1
14328,3047093,1
14327,3046803,1
18580,4175352,1
18570,4173658,1
14358,3058098,1
14290,3038340,1
14286,3037198,1
14283,3036682,1
14309,3042815,1
14308,3042698,1
14307,3042659,1
14300,3041192,1
14326,3046739,1
14325,3046550,1
14323,3046227,1
14320,3044981,1
14319,3044881,1
14318,3044367,1
14313,3043656,1
18598,4179019,1
18594,4178435,1
18619,4188226,1
18618,4187115,1
18617,4187026,1
14274,3034645,1
14273,3034527,1
14270,3033771,1
14269,3033415,1
14268,3033304,1
14266,3032490,1
18610,4182096,1
18608,4181682,1
18607,4181542,1
18600,4179247,1
14294,3039696,1
14292,3039047,1
14291,3038763,1
18639,4199029,1
18635,4195916,1
18631,4195120,1
14259,3030268,1
14258,3029829,1
14254,3028136,1
14253,3028080,1
14251,3027651,1
14249,3026903,1
14248,3026580,1
14247,3026162,1
18629,4194827,1
18628,4194669,1
18625,4193559,1
18623,4192834,1
18622,4192820,1
18656,4210826,1
18654,4209998,1
18651,4208583,1
18647,4206330,1
14246,3025117,1
14244,3024764,1
14243,3024649,1
14242,3023860,1
14239,3023034,1
14238,3022988,1
14236,3022865,1
14234,3022380,1
14232,3021625,1
18646,4205722,1
18641,4201117,1
18640,4200207,1
18667,4214107,1
18665,4213629,1
18664,4213621,1
14226,3018984,1
14225,3018969,1
14223,3018142,1
14220,3016997,1
14219,3016619,1
14218,3016609,1
14217,3016242,1
14215,3014073,1
18662,4212789,1
18661,4212662,1
18660,4212605,1
18658,4211691,1
18657,4211649,1
18684,4221834,1
18683,4221241,1
18682,4221221,1
18680,4220017,1
14209,3012609,1
14207,3012096,1
14206,3011757,1
14205,3010898,1
14204,3010585,1
14203,3009729,1
14201,3008952,1
14199,3008201,1
18678,4219383,1
18672,4217966,1
18670,4215687,1
18669,4214573,1
14178,2996484,1
14177,2996480,1
14176,2995601,1
14172,2993953,1
14171,2992927,1
14168,2991438,1
14167,2991321,1
14198,3007763,1
14197,3007620,1
14192,3005485,1
14191,3005145,1
14190,3005036,1
14187,3002624,1
14185,3000697,1
18691,4226296,1
18685,4223742,1
14145,2984808,1
14144,2984626,1
14140,2983465,1
14138,2982051,1
14136,2980752,1
14166,2991213,1
14163,2990173,1
14161,2989945,1
14160,2989134,1
14159,2988517,1
14153,2987187,1
18706,4233514,1
18702,4230601,1
18701,4230005,1
18697,4227844,1
18696,4227323,1
14132,2980130,1
14130,2979322,1
14125,2977176,1
14123,2976095,1
14122,2972942,1
14121,2972556,1
14120,2972412,1
14119,2972355,1
18724,4238853,1
18721,4238724,1
18720,4238719,1
18718,4236940,1
14150,2986306,1
14149,2986232,1
14148,2986007,1
14147,2985332,1
14116,2971848,1
14115,2971102,1
14113,2970423,1
14111,2969781,1
14108,2969429,1
14106,2969152,1
14104,2968840,1
14103,2968546,1
18737,4242074,1
18736,4241314,1
18733,4241018,1
18732,4240907,1
18731,4240847,1
18728,4240353,1
18727,4240124,1
14134,2980458,1
18768,4254000,1
18766,4253211,1
18762,4252083,1
18761,4251746,1
14086,2962428,1
14081,2960454,1
14080,2959828,1
14077,2959125,1
14072,2958081,1
18755,4250430,1
18752,4249351,1
18746,4244757,1
14094,2965058,1
14091,2963679,1
14090,2963669,1
14088,2962778,1
14053,2952023,1
14051,2951891,1
14048,2949535,1
14047,2949074,1
14041,2947809,1
14040,2947590,1
14070,2957217,1
14068,2956910,1
14066,2956243,1
14065,2955809,1
14063,2954728,1
14060,2952978,1
14058,2952868,1
14056,2952636,1
14055,2952439,1
18770,4254082,1
18792,4257805,1
14037,2947388,1
14036,2946911,1
14035,2946748,1
14033,2945802,1
14032,2945064,1
14030,2941487,1
14028,2940694,1
14026,2940311,1
14025,2940078,1
14023,2939515,1
18787,4256905,1
18786,4256627,1
18784,4255898,1
18777,4255264,1
18776,4255137,1
13998,2931120,1
13995,2930013,1
13994,2927904,1
13993,2925227,1
13992,2924893,1
14020,2938805,1
14019,2938572,1
14017,2938410,1
14016,2938154,1
14013,2937235,1
14011,2936579,1
14008,2935790,1
14007,2934972,1
18806,4265873,1
18796,4258774,1
18793,4258296,1
18829,4272214,1
18827,4270742,1
18826,4270568,1
18824,4269836,1
13989,2924609,1
13984,2923560,1
13982,2921912,1
13980,2921685,1
13977,2920815,1
18816,4267533,1
18812,4266865,1
18809,4266526,1
14005,2934118,1
14003,2933220,1
14002,2932317,1
14000,2932001,1
18846,4277995,1
18845,4277573,1
18841,4275290,1
18840,4275144,1
18839,4274873,1
13973,2919115,1
13972,2918226,1
13971,2918180,1
13970,2917829,1
13969,2916872,1
13967,2916418,1
13964,2915476,1
13963,2914725,1
13959,2913745,1
18836,4273758,1
18833,4272872,1
18865,4288925,1
18860,4287975,1
18857,4287440,1
13958,2912718,1
13957,2912014,1
13954,2910221,1
13953,2909790,1
13951,2908799,1
13950,2908643,1
13949,2908479,1
13946,2907507,1
18853,4284866,1
18851,4282494,1
18850,4281219,1
18849,4280846,1
18847,4278098,1
13899,2892788,1
13925,2900162,1
13917,2897562,1
13916,2897171,1
13913,2896420,1
13911,2896066,1
13941,2906555,1
13939,2906395,1
13938,2905939,1
13937,2905372,1
13935,2904525,1
13933,2903716,1
13930,2902469,1
13927,2901933,1
18869,4290180,1
18868,4289985,1
13874,2884030,1
13871,2883223,1
13867,2882191,1
13865,2881811,1
13864,2881690,1
13889,2888034,1
13886,2887056,1
13885,2886277,1
13882,2886018,1
18886,4297443,1
18884,4295875,1
18881,4295161,1
18880,4294948,1
18871,4290628,1
13909,2894746,1
13902,2893167,1
18904,4309359,1
13845,2870216,1
13844,2870190,1
13840,2868049,1
13837,2867984,1
13833,2865908,1
13832,2864533,1
13858,2877273,1
13857,2877146,1
13855,2876270,1
13852,2875285,1
13848,2872797,1
18897,4304771,1
18894,4302923,1
18891,4301209,1
18890,4299893,1
13814,2856704,1
13811,2855982,1
13807,2854885,1
13803,2854412,1
13799,2853750,1
13827,2861935,1
13826,2861373,1
13825,2861296,1
13822,2860725,1
13819,2860065,1
13817,2859200,1
18917,4322704,1
18914,4320504,1
18912,4320156,1
18911,4320057,1
18907,4312291,1
18943,4333229,1
18942,4333091,1
13796,2853269,1
13795,2852508,1
13794,2852344,1
13792,2851436,1
13791,2850960,1
13788,2849976,1
13787,2849962,1
13786,2849855,1
13785,2849843,1
13783,2849285,1
18931,4327812,1
18928,4326630,1
18925,4325982,1
18921,4324063,1
13762,2841915,1
13760,2841189,1
13758,2840573,1
13756,2839937,1
13751,2837456,1
13781,2849006,1
13780,2847366,1
13779,2846633,1
13777,2846300,1
13776,2845843,1
13774,2845618,1
13773,2845425,1
13770,2844882,1
13768,2844589,1
18947,4336116,1
18944,4333807,1
18968,4348621,1
13732,2830054,1
13730,2828458,1
13725,2827372,1
13720,2825327,1
13750,2837116,1
13741,2833756,1
13735,2832035,1
18966,4346502,1
18960,4344391,1
18959,4344217,1
18954,4339554,1
18953,4339505,1
18952,4338840,1
18951,4338160,1
13764,2842158,1
13691,2812662,1
13687,2810734,1
13716,2824029,1
13715,2823415,1
13714,2823239,1
13713,2823211,1
13709,2820688,1
13708,2820489,1
13707,2819355,1
13705,2818656,1
13704,2817080,1
18982,4355249,1
18981,4354771,1
18980,4353989,1
18971,4350463,1
18970,4350052,1
18999,4362358,1
13669,2802402,1
13666,2800239,1
13664,2800176,1
13663,2799871,1
13661,2799219,1
13658,2798176,1
13685,2809408,1
13673,2803413,1
18995,4360044,1
18990,4357563,1
18989,4356962,1
13702,2815356,1
13701,2815152,1
13699,2814880,1
13694,2813177,1
19026,4377001,1
19021,4372311,1
19019,4371445,1
13653,2796920,1
13652,2796750,1
13648,2795868,1
13647,2795401,1
13644,2793365,1
13640,2792639,1
13639,2792556,1
19012,4369064,1
19009,4368581,1
19007,4368359,1
19006,4367925,1
19004,4363346,1
19001,4362732,1
19039,4390179,1
19038,4389621,1
19036,4387461,1
19035,4387276,1
19034,4387224,1
19033,4386436,1
19031,4385258,1
13637,2791523,1
13636,2791384,1
13635,2791329,1
13634,2791174,1
13632,2790997,1
13628,2789896,1
13627,2789600,1
13625,2788159,1
13623,2787207,1
13578,2772671,1
13606,2780589,1
13599,2778034,1
13595,2776555,1
13593,2776249,1
13621,2786600,1
13618,2785518,1
13617,2785394,1
13616,2785051,1
13615,2785005,1
13612,2782771,1
13611,2782545,1
13610,2782447,1
13609,2781341,1
19043,4390936,1
19042,4390545,1
19069,4402643,1
19068,4402061,1
19067,4401023,1
19064,4400513,1
13571,2770956,1
13569,2770753,1
13568,2770678,1
13560,2766294,1
13559,2765151,1
19057,4396750,1
19052,4393900,1
19051,4393789,1
19049,4393171,1
13584,2773094,1
13583,2772993,1
13579,2772685,1
19081,4406211,1
19080,4405700,1
19079,4405671,1
13542,2759064,1
13540,2758786,1
13558,2764134,1
13556,2763869,1
13553,2762731,1
13551,2762439,1
13550,2762399,1
13546,2760750,1
13545,2760414,1
13543,2759689,1
19076,4404341,1
19074,4403581,1
19070,4402666,1
13490,2741650,1
13506,2746323,1
13505,2746137,1
13503,2745510,1
13500,2745102,1
13496,2743302,1
13526,2752953,1
13525,2752937,1
13523,2752356,1
13520,2751389,1
13519,2751225,1
13513,2749362,1
13512,2748122,1
19093,4413420,1
19090,4411411,1
19089,4410597,1
19113,4426935,1
19111,4425781,1
13476,2738116,1
13475,2737770,1
13474,2737355,1
13472,2736761,1
13469,2735710,1
13465,2734617,1
13464,2734412,1
13463,2734134,1
19107,4420552,1
19105,4419216,1
19104,4418672,1
19099,4417556,1
19098,4417190,1
13492,2742061,1
19131,4435222,1
13462,2733164,1
13460,2731631,1
13457,2731007,1
13456,2730833,1
13454,2730652,1
13453,2729841,1
13451,2729309,1
13449,2728521,1
13448,2728370,1
19123,4432190,1
19122,4431899,1
19121,4431375,1
19120,4431036,1
19115,4428708,1
19114,4428035,1
19143,4443155,1
13446,2727884,1
13445,2727355,1
13444,2727044,1
13442,2725353,1
13440,2725065,1
13439,2724486,1
13437,2723676,1
13435,2722577,1
19142,4442238,1
19141,4442132,1
19139,4440172,1
19138,4438068,1
19137,4438007,1
19135,4436894,1
19134,4436519,1
13391,2706418,1
13386,2704516,1
13407,2711750,1
13403,2711138,1
13402,2711096,1
13399,2710353,1
13427,2719681,1
13425,2719615,1
13422,2717662,1
13420,2716964,1
13419,2716290,1
13418,2716157,1
13416,2714684,1
19153,4447543,1
19150,4446700,1
19148,4445130,1
19177,4459398,1
19176,4459372,1
13382,2703673,1
13381,2703595,1
13378,2702532,1
13377,2702439,1
13375,2701845,1
13374,2701758,1
13370,2701360,1
19174,4457883,1
19173,4457688,1
19166,4456839,1
19165,4456484,1
19164,4455983,1
13393,2706528,1
13392,2706479,1
19206,4472375,1
19205,4471408,1
19199,4467187,1
19193,4466166,1
19192,4466038,1
13366,2698990,1
13365,2698978,1
13362,2697438,1
13360,2697351,1
13358,2696414,1
13357,2696384,1
13353,2693647,1
19190,4464577,1
19189,4464386,1
19188,4464318,1
19185,4463405,1
19210,4475332,1
19208,4474058,1
19207,4473718,1
13329,2683499,1
13324,2681886,1
13323,2681817,1
13320,2681487,1
13350,2692706,1
13345,2691537,1
13344,2691462,1
13343,2691269,1
13342,2690948,1
13341,2690063,1
13339,2689974,1
13338,2689017,1
13336,2688752,1
19231,4481626,1
19227,4479839,1
19223,4478458,1
13317,2681346,1
13314,2681007,1
13313,2680895,1
13312,2680356,1
13309,2679064,1
13305,2675411,1
13304,2675254,1
19220,4478028,1
19219,4477487,1
19218,4477257,1
19216,4476726,1
19215,4476570,1
19213,4476534,1
13272,2664590,1
19254,4493367,1
19250,4492267,1
19248,4491734,1
19245,4490980,1
19242,4490360,1
19240,4489618,1
13300,2674395,1
13299,2673621,1
13296,2672978,1
13293,2671471,1
13292,2671430,1
13291,2670980,1
13290,2669339,1
19236,4482782,1
19232,4481743,1
13269,2663555,1
13267,2662349,1
13266,2661944,1
13263,2661645,1
13260,2660682,1
13259,2660658,1
13255,2659569,1
13286,2668233,1
13285,2668190,1
13284,2667997,1
13282,2667390,1
13278,2666850,1
13277,2666811,1
13276,2666317,1
13275,2666265,1
13274,2665631,1
19273,4500125,1
13238,2652890,1
13236,2651723,1
13228,2648964,1
13226,2648334,1
13250,2657936,1
13247,2655495,1
13244,2655299,1
13243,2654897,1
19270,4499065,1
19268,4498997,1
19262,4496760,1
19259,4496550,1
19258,4494410,1
19257,4494381,1
13270,2663878,1
19293,4515945,1
19290,4515388,1
19288,4514741,1
13202,2642426,1
13193,2640835,1
13191,2639762,1
13218,2645179,1
13212,2644237,1
13211,2643995,1
13210,2643858,1
13209,2643829,1
13208,2643766,1
19284,4512042,1
19281,4504259,1
19280,4503002,1
19275,4501053,1
19303,4518413,1
13172,2634259,1
13171,2633656,1
13165,2630684,1
13162,2630069,1
13159,2629823,1
13189,2639339,1
13187,2638774,1
13184,2637720,1
13181,2636284,1
13179,2635965,1
13178,2635506,1
19299,4517697,1
19297,4516981,1
19295,4516854,1
19294,4515989,1
19320,4541589,1
13137,2622845,1
13135,2622654,1
13133,2621378,1
13131,2620939,1
13130,2620652,1
13156,2629512,1
13152,2628856,1
13151,2628007,1
13150,2627769,1
13148,2626406,1
19318,4539419,1
19313,4530434,1
19312,4529369,1
19311,4527820,1
19308,4525204,1
13104,2612164,1
13103,2611917,1
13101,2611684,1
13096,2609583,1
13095,2609515,1
13126,2619703,1
13124,2619019,1
13122,2617945,1
13120,2617543,1
13119,2617405,1
13117,2616915,1
13111,2615588,1
19332,4544783,1
19331,4544281,1
19329,4543176,1
19325,4542546,1
19354,4552488,1
19351,4551930,1
13094,2609371,1
13091,2608476,1
13090,2607647,1
13088,2606737,1
13085,2605127,1
13083,2604979,1
19347,4550692,1
19343,4549132,1
19341,4548887,1
19338,4547586,1
13110,2615362,1
13108,2614329,1
13106,2613902,1
13105,2613562,1
13055,2598381,1
13054,2598144,1
13052,2597745,1
13049,2597328,1
13048,2597074,1
13075,2603607,1
13073,2602648,1
13070,2602320,1
13068,2601847,1
13067,2601578,1
13066,2601293,1
13064,2600665,1
19364,4555581,1
19360,4554941,1
19356,4553090,1
19355,4552532,1
19386,4560563,1
19384,4560122,1
19383,4559624,1
13044,2595725,1
13042,2594654,1
13039,2594460,1
13038,2594050,1
13037,2593785,1
19382,4559379,1
19378,4559090,1
19377,4558991,1
19376,4558959,1
19373,4557587,1
13059,2599472,1
13058,2599209,1
13057,2599202,1
19399,4563708,1
13030,2590695,1
13027,2589651,1
13025,2588947,1
13024,2588669,1
13023,2587468,1
13021,2587260,1
13018,2586500,1
13017,2585407,1
13016,2585246,1
19395,4562049,1
19394,4561986,1
19391,4561707,1
19390,4561346,1
19389,4561090,1
19387,4560602,1
12968,2569890,1
12967,2569388,1
12994,2578591,1
12989,2575988,1
12984,2575264,1
13013,2584469,1
13011,2584184,1
13009,2584129,1
13007,2583712,1
13004,2582891,1
19414,4566634,1
19411,4565939,1
19409,4565512,1
19404,4564547,1
19403,4564337,1
19400,4563847,1
12919,2554327,1
12950,2562990,1
12948,2562413,1
12943,2559966,1
12940,2559446,1
12937,2559081,1
12966,2569384,1
12963,2568101,1
12956,2566924,1
12955,2566232,1
19428,4569641,1
19425,4569231,1
19417,4566886,1
12979,2573619,1
12975,2572412,1
12971,2571337,1
19452,4575788,1
19451,4575589,1
19450,4575574,1
12916,2552071,1
12915,2551520,1
12914,2551279,1
12905,2548586,1
12903,2546067,1
19446,4574854,1
19444,4574265,1
19443,4574224,1
19439,4573153,1
19432,4570371,1
12934,2558238,1
12929,2556807,1
12924,2555109,1
19466,4578830,1
12885,2537222,1
12880,2535490,1
12878,2535097,1
12875,2534623,1
12874,2534506,1
12902,2545968,1
12897,2543057,1
12893,2540727,1
12892,2540126,1
12890,2539220,1
12889,2539214,1
12888,2538431,1
19462,4578443,1
19461,4578380,1
19457,4577158,1
12848,2524433,1
12846,2524031,1
12845,2523861,1
12842,2522978,1
12840,2522209,1
12839,2522000,1
12870,2531682,1
12869,2531279,1
12868,2530485,1
12862,2528826,1
12860,2527763,1
12858,2527008,1
12856,2526231,1
19476,4587538,1
19475,4587422,1
19473,4586789,1
19497,4592451,1
19496,4592411,1
19495,4592391,1
12832,2519560,1
12830,2519121,1
12828,2518161,1
12825,2517497,1
12824,2517399,1
19493,4592269,1
19492,4592255,1
19491,4592066,1
19490,4591791,1
19488,4591535,1
12852,2525356,1
12851,2524845,1
12849,2524609,1
19516,4599375,1
19512,4597153,1
12821,2516863,1
12816,2515996,1
12815,2515623,1
12814,2515602,1
12812,2515001,1
12811,2514694,1
12809,2514530,1
19509,4596091,1
19508,4595945,1
19505,4595638,1
19502,4594266,1
19501,4593618,1
19500,4592820,1
19498,4592520,1
19534,4602555,1
19530,4601090,1
19529,4601089,1
12806,2512945,1
12799,2510497,1
12798,2510063,1
12797,2509082,1
12793,2506874,1
12791,2505524,1
19525,4600509,1
19523,4600135,1
19522,4600013,1
19521,4600010,1
19519,4599782,1
19518,4599622,1
19517,4599498,1
12748,2496532,1
12747,2496429,1
12746,2495850,1
12743,2494687,1
12770,2501955,1
12769,2501779,1
12759,2498661,1
12790,2505394,1
12787,2505001,1
12785,2504407,1
12784,2504342,1
12781,2503946,1
12775,2502702,1
19542,4604060,1
19541,4604045,1
19536,4603470,1
19562,4609098,1
19559,4607716,1
12739,2494363,1
12736,2493592,1
12735,2493446,1
12733,2493058,1
12730,2491431,1
12728,2491232,1
19558,4607699,1
19557,4607565,1
19554,4606905,1
19552,4605870,1
19546,4605054,1
12755,2497318,1
12752,2496875,1
12749,2496627,1
19578,4612703,1
19577,4612074,1
19576,4612024,1
19575,4611571,1
12723,2490593,1
12721,2490210,1
12719,2489694,1
12714,2488404,1
12713,2488400,1
19574,4611515,1
19573,4611179,1
19571,4611161,1
19570,4610835,1
19569,4610811,1
19567,4610453,1
19563,4609713,1
12692,2482051,1
12690,2481888,1
12687,2481167,1
12682,2479642,1
12681,2479419,1
12709,2487534,1
12706,2486128,1
12705,2485913,1
12704,2485861,1
12702,2485368,1
12701,2484908,1
12700,2484852,1
19588,4615285,1
19587,4614727,1
19584,4613919,1
19579,4612800,1
12658,2473684,1
12657,2473594,1
12656,2473334,1
12648,2472173,1
12647,2471581,1
12677,2478574,1
12676,2478070,1
12674,2477181,1
12673,2476788,1
12664,2474695,1
12663,2474653,1
19604,4621608,1
19599,4620825,1
19596,4619247,1
19591,4615488,1
12693,2482199,1
19627,4624627,1
19626,4624599,1
19624,4624082,1
19623,4624029,1
12630,2469115,1
12628,2468474,1
12623,2467604,1
12620,2466498,1
12617,2466133,1
12615,2465832,1
19622,4624005,1
19620,4623770,1
19618,4623607,1
19616,4623425,1
12636,2469555,1
12635,2469455,1
12593,2460836,1
12592,2460427,1
12591,2459669,1
12589,2459266,1
12614,2465811,1
12610,2464686,1
12608,2464629,1
12603,2462608,1
12602,2462587,1
12599,2462309,1
19638,4626686,1
19635,4625866,1
19634,4625678,1
19633,4625230,1
19631,4625098,1
19629,4624857,1
12568,2454607,1
12567,2454580,1
19670,4694230,1
19669,4693944,1
19666,4683157,1
19661,4662723,1
19656,4648887,1
19655,4647896,1
19654,4637654,1
19652,4637117,1
19645,4635831,1
19644,4635547,1
19643,4627837,1
12597,2461968,1
12595,2461829,1
12594,2461139,1
12562,2453137,1
12561,2453040,1
12558,2452368,1
12557,2452366,1
12555,2452035,1
12582,2457804,1
12581,2457670,1
12579,2457344,1
12577,2457306,1
12576,2457053,1
12575,2456420,1
12574,2456285,1
12573,2456139,1
12572,2456125,1
12570,2455386,1
12569,2454900,1
19691,4719452,1
19689,4719267,1
12533,2445815,1
12525,2444527,1
12521,2443868,1
12519,2443616,1
12543,2448884,1
12537,2447455,1
12536,2447304,1
12535,2447288,1
19684,4710866,1
19681,4709513,1
19675,4696632,1
12566,2454455,1
12565,2453605,1
12564,2453317,1
19706,4729583,1
19705,4728920,1
12518,2443391,1
12513,2442835,1
12509,2442330,1
12507,2441144,1
12506,2441128,1
12505,2440729,1
12504,2440449,1
12503,2440335,1
19702,4728393,1
19699,4726993,1
19698,4726565,1
19697,4726218,1
19696,4720089,1
19692,4719718,1
19723,4750172,1
19722,4749802,1
19720,4744851,1
12502,2440229,1
12501,2439737,1
12500,2439623,1
12499,2439580,1
12498,2439317,1
12494,2437497,1
12493,2437483,1
12491,2437109,1
12489,2436955,1
19716,4740688,1
19713,4740339,1
19712,4740256,1
19708,4739778,1
12466,2430533,1
12463,2430335,1
12462,2430257,1
12460,2429759,1
12459,2429694,1
12456,2429033,1
12481,2435323,1
12480,2434504,1
12479,2434346,1
12478,2434325,1
12476,2433903,1
12472,2433213,1
19733,4758074,1
19728,4750761,1
19725,4750420,1
19724,4750213,1
12442,2427421,1
12441,2427383,1
19766,4827540,1
19764,4825922,1
19759,4805992,1
19758,4797486,1
19756,4797111,1
19753,4796811,1
19752,4795248,1
19749,4781675,1
19745,4778772,1
19743,4775205,1
19736,4768251,1
12470,2432100,1
12469,2431855,1
12467,2430591,1
12419,2420123,1
12418,2419588,1
12408,2416571,1
12435,2423392,1
12434,2423348,1
12432,2423160,1
12427,2422170,1
12453,2428577,1
12452,2428575,1
12451,2428277,1
12449,2428079,1
12447,2427829,1
12446,2427828,1
12445,2427690,1
12444,2427609,1
12443,2427536,1
12401,2414901,1
12400,2414759,1
12399,2414654,1
12397,2413993,1
12395,2413576,1
12393,2413393,1
12392,2413223,1
12391,2413117,1
19782,4830750,1
19778,4830190,1
19777,4830114,1
19776,4829914,1
19775,4829801,1
19773,4829426,1
19768,4828052,1
19767,4827576,1
19812,4835500,1
19811,4835464,1
19809,4834664,1
19806,4834016,1
19804,4833818,1
19802,4833363,1
19800,4833082,1
12389,2412661,1
12387,2411856,1
12386,2411674,1
12378,2407833,1
12375,2407215,1
19797,4832879,1
19789,4831891,1
19785,4830983,1
12402,2414902,1
19819,4836247,1
19818,4836165,1
19816,4836000,1
12352,2402116,1
12347,2401307,1
12345,2401086,1
12343,2400677,1
12372,2406891,1
12371,2406408,1
12368,2405898,1
12367,2405502,1
12365,2404996,1
12364,2404928,1
12363,2404898,1
12361,2403881,1
19814,4835816,1
19833,4838523,1
19832,4838481,1
19831,4838344,1
12342,2400654,1
12341,2400620,1
12339,2398975,1
12338,2398160,1
12337,2397994,1
12335,2397748,1
12332,2397724,1
12329,2397092,1
19829,4838118,1
19827,4837551,1
19826,4837105,1
19823,4836912,1
19821,4836577,1
12306,2392217,1
12304,2391669,1
12302,2391597,1
12301,2391552,1
12300,2391515,1
12299,2391026,1
12296,2390819,1
12326,2396708,1
12324,2396576,1
12321,2396001,1
12314,2394258,1
12313,2393919,1
12312,2393779,1
19846,4840837,1
19839,4839278,1
19834,4838659,1
12264,2383502,1
12294,2390468,1
12291,2389597,1
12288,2388681,1
12287,2388504,1
12286,2388041,1
12285,2387735,1
12282,2387192,1
12280,2386528,1
19861,4842525,1
19858,4842294,1
19855,4842030,1
19849,4841109,1
19847,4841052,1
12310,2393557,1
12309,2393098,1
12258,2381663,1
12256,2380466,1
12255,2380172,1
12254,2380148,1
12252,2379643,1
12251,2379522,1
12248,2379119,1
12247,2379098,1
19878,4845374,1
19877,4845352,1
19870,4844314,1
12276,2385803,1
12273,2385583,1
12269,2384899,1
12267,2384550,1
12265,2384144,1
19900,4851306,1
19897,4849711,1
19895,4849406,1
12246,2378876,1
12244,2378456,1
12243,2378206,1
12242,2377749,1
12241,2377452,1
12236,2376975,1
12232,2375883,1
19892,4848523,1
19891,4848246,1
19889,4848089,1
19887,4848026,1
19881,4845587,1
12262,2382281,1
19920,4857780,1
19915,4855237,1
12230,2375422,1
12229,2375302,1
12228,2375296,1
12227,2374730,1
12225,2374593,1
12223,2374344,1
12218,2373528,1
12217,2373479,1
12215,2373013,1
19909,4853799,1
19907,4853105,1
19906,4852984,1
19905,4852784,1
19901,4851659,1
12196,2369662,1
12192,2367825,1
12189,2367602,1
12188,2367560,1
12186,2366929,1
12214,2372788,1
12213,2372573,1
12211,2372464,1
12209,2371793,1
12208,2371459,1
12207,2371353,1
12206,2371331,1
12203,2370569,1
12199,2369950,1
19923,4858177,1
19921,4857847,1
12165,2361505,1
12164,2361391,1
12161,2360909,1
12158,2359672,1
12154,2358955,1
12151,2358430,1
12182,2366293,1
12181,2366046,1
12180,2365957,1
12179,2365292,1
12174,2363989,1
12173,2363754,1
12169,2362515,1
12168,2362041,1
12167,2361862,1
19933,4859933,1
19966,4867268,1
19963,4866814,1
19960,4866369,1
12150,2358355,1
12148,2357436,1
12145,2357073,1
12142,2356907,1
12141,2356683,1
12137,2355602,1
12136,2355568,1
12135,2355553,1
19957,4864352,1
19956,4864342,1
19954,4864017,1
19945,4862467,1
19943,4862154,1
19980,4869146,1
19976,4868945,1
12117,2351834,1
12108,2349827,1
12134,2355455,1
12133,2355385,1
12132,2355291,1
12126,2353849,1
12124,2353670,1
12123,2353375,1
12122,2353153,1
19972,4868285,1
19971,4868060,1
19970,4867917,1
19969,4867485,1
19967,4867279,1
19991,4870686,1
12102,2349064,1
12101,2349008,1
12099,2348782,1
12097,2348662,1
12094,2347380,1
12093,2347182,1
12091,2346896,1
12090,2345426,1
12088,2345126,1
12087,2345116,1
19989,4870390,1
19987,4869870,1
19986,4869707,1
19982,4869314,1
19981,4869164,1
20007,4878083,1
12086,2345033,1
12085,2344662,1
12083,2344339,1
12081,2343430,1
12079,2343353,1
12076,2343114,1
12075,2342978,1
12074,2342528,1
12073,2342527,1
20005,4877063,1
20003,4875635,1
20002,4874910,1
19997,4872876,1
19995,4872591,1
19992,4871366,1
20026,4888033,1
20024,4884935,1
12069,2341874,1
12067,2341232,1
12066,2340703,1
12065,2340589,1
12063,2340300,1
12060,2339804,1
12058,2339488,1
12056,2339001,1
20020,4884510,1
20013,4881357,1
20012,4879859,1
20011,4879624,1
20010,4879475,1
20008,4878542,1
12030,2333215,1
12028,2333007,1
12027,2332952,1
12026,2332922,1
12025,2332891,1
12023,2332144,1
12054,2338560,1
12050,2337887,1
12047,2336234,1
12044,2335461,1
12043,2334865,1
12042,2334564,1
20037,4891633,1
20036,4891587,1
20032,4890711,1
20027,4888256,1
12006,2330123,1
12000,2329144,1
11996,2328687,1
11994,2328548,1
11992,2328393,1
12017,2331265,1
12016,2331246,1
12014,2331146,1
12012,2330369,1
12011,2330243,1
12009,2330187,1
20053,4902826,1
20045,4897334,1
20042,4895015,1
20041,4894729,1
12032,2333347,1
20075,4911844,1
20073,4909975,1
11973,2324552,1
11971,2324495,1
11968,2324068,1
11989,2327110,1
11986,2326589,1
11984,2326383,1
11980,2325998,1
11979,2325812,1
20066,4908630,1
20064,4907523,1
20061,4906623,1
20059,4906088,1
20058,4905819,1
20057,4905678,1
11940,2317063,1
11939,2316938,1
11937,2316754,1
11928,2314546,1
11957,2320851,1
11954,2320271,1
11953,2320139,1
11948,2319258,1
11943,2317657,1
20085,4916544,1
20084,4915908,1
20083,4914329,1
20082,4913837,1
20081,4913422,1
20077,4912332,1
20076,4911957,1
20103,4922782,1
11926,2314090,1
11925,2313745,1
11924,2313566,1
11921,2313171,1
11920,2312984,1
11918,2312756,1
11917,2312630,1
11916,2312421,1
11914,2311726,1
11913,2311649,1
20097,4920619,1
20095,4919489,1
20092,4918755,1
20091,4918637,1
11941,2317256,1
11894,2307956,1
11893,2307551,1
11892,2307374,1
11885,2306290,1
11884,2306238,1
11879,2305763,1
11906,2310331,1
11902,2309459,1
11900,2309255,1
11899,2309137,1
11895,2308183,1
20118,4933344,1
20117,4932406,1
20110,4928972,1
20109,4928320,1
20107,4926758,1
11852,2300787,1
11851,2300663,1
11878,2305570,1
11877,2305415,1
11875,2305105,1
11873,2304973,1
11872,2304872,1
11871,2304478,1
11866,2303524,1
11863,2301994,1
20131,4941090,1
20130,4938406,1
20129,4938058,1
20128,4937662,1
20126,4937129,1
20121,4934698,1
20151,4953666,1
11846,2299170,1
11845,2299085,1
11844,2299049,1
11843,2299005,1
11840,2298085,1
11839,2297693,1
11838,2297391,1
11835,2294525,1
11834,2294464,1
20142,4948556,1
20139,4945984,1
20138,4945848,1
20137,4945206,1
11859,2301485,1
11858,2301394,1
11809,2288331,1
11807,2288091,1
11805,2286975,1
11803,2286680,1
11800,2285682,1
11826,2291904,1
11825,2291660,1
11824,2291230,1
11818,2290437,1
11817,2290385,1
11815,2288919,1
20165,4959812,1
20163,4959495,1
20158,4957158,1
20156,4956925,1
20154,4955765,1
11777,2281649,1
11776,2281548,1
11770,2280586,1
11769,2279400,1
11796,2285272,1
11795,2285203,1
11792,2284572,1
11790,2283589,1
11786,2283020,1
11785,2282645,1
20180,4966059,1
20174,4962723,1
20171,4962308,1
11814,2288864,1
11812,2288694,1
11810,2288559,1
11746,2275262,1
11744,2274605,1
11743,2273718,1
11742,2273609,1
11740,2273213,1
11736,2272318,1
11766,2278693,1
11764,2278294,1
11752,2276560,1
11751,2276455,1
20190,4972817,1
20189,4972174,1
20183,4968032,1
11782,2282285,1
11780,2282091,1
11779,2281943,1
20225,4989688,1
20223,4988987,1
20222,4988383,1
20221,4987790,1
20217,4987134,1
11731,2271465,1
11725,2270265,1
11720,2269218,1
11719,2268902,1
20211,4982599,1
20209,4982206,1
20206,4979920,1
20201,4976109,1
20200,4975795,1
20199,4975710,1
11748,2276036,1
20232,4998084,1
11702,2266051,1
11700,2264976,1
11696,2264076,1
11695,2263460,1
11694,2263363,1
11693,2263307,1
11716,2268479,1
11714,2268069,1
11712,2267864,1
11710,2267317,1
11708,2266991,1
11704,2266248,1
20229,4994813,1
20228,4994630,1
20226,4992552,1
20256,5010095,1
20253,5009412,1
20252,5009351,1
20250,5007243,1
11685,2261792,1
11684,2261736,1
11682,2261081,1
11681,2260936,1
11676,2259112,1
11671,2257576,1
20246,5006110,1
20241,5003165,1
20240,5003081,1
20239,5003019,1
20238,5002765,1
20234,4998527,1
20269,5016080,1
20265,5014378,1
11670,2257517,1
11669,2257410,1
11668,2257177,1
11667,2256470,1
11666,2256397,1
11664,2255982,1
11663,2255886,1
11660,2254211,1
11659,2254073,1
11658,2253644,1
11655,2252803,1
20262,5012010,1
20260,5011184,1
20259,5011098,1
20281,5024684,1
20279,5024164,1
11638,2247505,1
11637,2247275,1
11633,2246639,1
11630,2245810,1
11626,2245192,1
11653,2251844,1
11651,2251231,1
11649,2250843,1
11647,2249600,1
11643,2249020,1
11641,2248710,1
20276,5022663,1
20275,5021163,1
20270,5018814,1
20298,5030363,1
20296,5028655,1
20295,5028582,1
11621,2243953,1
11618,2243560,1
11616,2243494,1
11613,2243272,1
11612,2243021,1
11611,2242940,1
11609,2242533,1
11608,2241854,1
20293,5027985,1
20291,5027799,1
20286,5027122,1
20284,5026713,1
20283,5024921,1
20314,5040179,1
20312,5039581,1
20311,5039290,1
11590,2237906,1
11581,2236145,1
11579,2235968,1
11576,2235556,1
11605,2241274,1
11604,2241227,1
11601,2240362,1
11595,2238888,1
11593,2238595,1
11592,2238390,1
20307,5036106,1
20306,5035381,1
20299,5030725,1
11556,2231012,1
11551,2230319,1
11550,2230240,1
11548,2229234,1
11546,2228683,1
11544,2228167,1
11543,2228075,1
11572,2234875,1
11570,2233852,1
11569,2233699,1
11565,2232762,1
11561,2231828,1
20324,5044998,1
20321,5043027,1
20320,5042939,1
20317,5041540,1
20347,5058637,1
11540,2227658,1
11539,2227480,1
11538,2227281,1
11537,2227203,1
11535,2227144,1
11534,2227058,1
11532,2226850,1
11528,2225775,1
11527,2225128,1
20335,5050235,1
20334,5050144,1
20330,5046942,1
20327,5046015,1
11558,2231264,1
11557,2231095,1
20362,5064499,1
11510,2222471,1
11508,2222069,1
11505,2221695,1
11496,2221054,1
11526,2225051,1
11525,2225043,1
11524,2224871,1
11515,2224237,1
11513,2223690,1
20356,5062748,1
20355,5062208,1
20354,5062075,1
20352,5060089,1
20351,5060065,1
20350,5060015,1
20385,5074110,1
20383,5073955,1
20382,5073674,1
20379,5073222,1
20375,5072074,1
11494,2220791,1
11491,2220248,1
11489,2219348,1
11484,2218144,1
11483,2218127,1
11481,2217806,1
20371,5070704,1
20370,5070512,1
20366,5068729,1
20365,5066250,1
20363,5065545,1
20405,5083721,1
20401,5082725,1
20400,5082682,1
20399,5081685,1
20393,5077842,1
11473,2215792,1
11472,2215706,1
11471,2215204,1
11470,2215177,1
11468,2214757,1
11466,2214264,1
11465,2214242,1
11464,2214043,1
11463,2213759,1
20390,5074902,1
20388,5074864,1
20408,5084118,1
11441,2210258,1
11436,2209593,1
11434,2208985,1
11431,2208108,1
11461,2213477,1
11460,2213469,1
11458,2213323,1
11456,2212969,1
11455,2212650,1
11453,2212227,1
11452,2211745,1
11451,2211723,1
11450,2211719,1
11448,2211358,1
11447,2211219,1
20425,5089442,1
20423,5089082,1
11414,2204489,1
11413,2204369,1
11408,2203072,1
11402,2201819,1
11429,2207553,1
11428,2207441,1
11426,2207340,1
11425,2207301,1
11420,2206162,1
11418,2205306,1
11415,2204680,1
20419,5088172,1
20415,5086836,1
20411,5085226,1
20444,5094611,1
11397,2201363,1
11396,2201339,1
11395,2201147,1
11394,2201047,1
11391,2200299,1
11388,2199802,1
11386,2199362,1
11384,2199252,1
20436,5092956,1
20435,5092463,1
20434,5092057,1
20432,5091551,1
20429,5089960,1
20428,5089764,1
20426,5089470,1
20458,5097807,1
11363,2194797,1
11361,2194557,1
11358,2194032,1
11355,2193599,1
11352,2192866,1
11379,2197389,1
11377,2197257,1
11375,2197036,1
11374,2197015,1
11373,2197012,1
11371,2196315,1
11370,2196132,1
20453,5096403,1
20449,5095862,1
20445,5094621,1
11349,2192749,1
11348,2192717,1
11347,2192511,1
11343,2192025,1
11342,2191960,1
11341,2191958,1
11340,2191949,1
11339,2191870,1
11338,2191815,1
11336,2191372,1
20470,5100005,1
20468,5099668,1
20466,5099441,1
20462,5098481,1
20460,5098221,1
20459,5098036,1
20500,5105315,1
20499,5105276,1
20498,5104919,1
20497,5104728,1
20493,5104218,1
20492,5104021,1
20491,5103924,1
20490,5103514,1
20488,5103325,1
20482,5101414,1
20476,5100670,1
20475,5100537,1
20474,5100394,1
20473,5100197,1
20471,5100020,1
11350,2192799,1
20509,5107063,1
20507,5106716,1
20504,5106474,1
20503,5105761,1
11311,2187495,1
11304,2185036,1
11303,2184687,1
11334,2191211,1
11333,2191038,1
11332,2190862,1
11331,2190663,1
11327,2189848,1
11326,2189696,1
11324,2189152,1
20502,5105680,1
20501,5105429,1
11284,2180636,1
11283,2179821,1
11282,2179560,1
11278,2177720,1
11271,2175793,1
11300,2184106,1
11299,2183509,1
11298,2183421,1
11294,2182814,1
11292,2182754,1
11288,2182075,1
11287,2181420,1
20518,5108913,1
20515,5108550,1
20514,5108405,1
20511,5107354,1
20539,5111848,1
11270,2175741,1
11268,2175388,1
11267,2175054,1
11265,2174379,1
11262,2173931,1
11261,2173331,1
11258,2172631,1
11255,2172467,1
20532,5111025,1
20527,5109707,1
20525,5109642,1
20523,5109364,1
20522,5109326,1
11286,2181222,1
11285,2181024,1
11198,2159810,1
11196,2158507,1
11193,2157840,1
11191,2157709,1
11219,2164168,1
11234,2168118,1
11225,2166035,1
11251,2171316,1
11250,2170863,1
11249,2170550,1
11246,2170334,1
11245,2170177,1
11241,2169682,1
11239,2169572,1
20548,5113153,1
20545,5113035,1
11160,2152093,1
11190,2157410,1
11188,2157096,1
11187,2157067,1
11186,2156956,1
11183,2156499,1
11182,2156460,1
11181,2156388,1
11178,2155947,1
11177,2155367,1
20561,5116365,1
20559,5115827,1
20557,5115660,1
20556,5115240,1
11202,2160379,1
11201,2160064,1
20591,5121576,1
20584,5120917,1
20583,5120825,1
11158,2151921,1
11157,2151842,1
11156,2151655,1
11153,2151312,1
11150,2150779,1
11146,2149652,1
11145,2149628,1
20579,5120306,1
20572,5119415,1
20569,5118800,1
11171,2153265,1
11169,2153046,1
11165,2152485,1
20603,5123686,1
20600,5122907,1
11126,2145221,1
11125,2145178,1
11123,2144887,1
11121,2144669,1
11113,2143283,1
11141,2148961,1
11136,2148354,1
11133,2147562,1
11132,2147436,1
11131,2147136,1
11130,2146072,1
11129,2145820,1
20596,5122160,1
20595,5121873,1
20619,5126560,1
20617,5125972,1
20616,5125781,1
20615,5125446,1
11109,2142761,1
11106,2142210,1
11105,2142092,1
11104,2142038,1
11103,2142019,1
11102,2141982,1
11099,2141072,1
20614,5125445,1
20612,5125241,1
20609,5124967,1
20606,5124308,1
20604,5123851,1
11070,2137140,1
11066,2135986,1
11065,2135854,1
11063,2135688,1
11092,2140198,1
11091,2140042,1
11089,2139538,1
11087,2139010,1
11086,2138881,1
11083,2138683,1
11080,2138402,1
20629,5128423,1
20628,5128331,1
20627,5127822,1
20621,5126670,1
20620,5126634,1
11041,2132683,1
11040,2132557,1
11039,2132429,1
11036,2132059,1
11035,2132001,1
11033,2131908,1
11032,2131776,1
11052,2134283,1
11047,2133159,1
20643,5131203,1
20641,5130840,1
20638,5130128,1
11078,2137982,1
11074,2137526,1
11072,2137305,1
11071,2137155,1
20671,5137177,1
20670,5137154,1
20669,5137073,1
20668,5137066,1
20666,5136992,1
20664,5136527,1
20663,5136433,1
11030,2131712,1
11029,2131395,1
11021,2130586,1
11020,2130582,1
20656,5133934,1
20650,5131838,1
11046,2133049,1
11044,2132817,1
11043,2132725,1
11014,2128940,1
11013,2128908,1
11012,2128740,1
11011,2128442,1
11010,2128113,1
11008,2127756,1
11007,2127614,1
11006,2127366,1
11003,2126520,1
11002,2126319,1
10999,2125625,1
20678,5139020,1
20677,5138870,1
20676,5138803,1
20674,5138554,1
20673,5138344,1
20705,5144968,1
20704,5144868,1
20701,5144428,1
20699,5144377,1
20695,5143359,1
10998,2125331,1
10994,2124348,1
10993,2124086,1
10988,2123166,1
10985,2122555,1
10983,2122430,1
20692,5142113,1
20690,5141760,1
20688,5140980,1
20685,5140634,1
20680,5139729,1
20723,5148834,1
20719,5147696,1
20718,5147657,1
20715,5147535,1
20713,5147483,1
20712,5147122,1
20711,5147061,1
10980,2121958,1
10974,2121400,1
10973,2121146,1
10971,2120395,1
10969,2120239,1
10968,2119789,1
10967,2119651,1
20707,5145806,1
20706,5145597,1
10944,2115830,1
10940,2114701,1
10939,2114687,1
10937,2114162,1
10936,2114006,1
10962,2119182,1
10959,2118772,1
10958,2118656,1
10957,2118586,1
10955,2118433,1
10954,2118273,1
10952,2117851,1
10951,2117113,1
20726,5149544,1
20725,5149023,1
20724,5148924,1
10905,2108453,1
10903,2108097,1
10933,2113135,1
10930,2112739,1
10927,2112243,1
10926,2111992,1
10925,2111989,1
10922,2111613,1
10921,2111611,1
20742,5154260,1
20741,5154233,1
20740,5154116,1
20738,5153712,1
10948,2116000,1
10947,2115956,1
10945,2115874,1
10877,2103751,1
10876,2103733,1
10872,2103124,1
10902,2107979,1
10900,2107601,1
10897,2106973,1
10889,2105776,1
10887,2105597,1
20758,5157134,1
20755,5155956,1
20750,5155319,1
20749,5155153,1
10915,2110238,1
10914,2109974,1
10910,2109713,1
10909,2109015,1
10870,2102881,1
10868,2102668,1
10867,2102302,1
10863,2101688,1
10862,2101584,1
10861,2101563,1
10860,2101489,1
10857,2100492,1
10856,2100192,1
10855,2100162,1
20763,5157999,1
20759,5157139,1
10884,2104817,1
10882,2104078,1
10881,2104013,1
10878,2103791,1
20791,5163466,1
10820,2094333,1
10816,2093984,1
10812,2093177,1
10811,2093023,1
10808,2092992,1
10830,2095717,1
10829,2095681,1
10826,2095128,1
20790,5163356,1
20788,5162902,1
20783,5161810,1
20782,5161774,1
20778,5161362,1
20775,5160446,1
10853,2100001,1
20815,5169451,1
20814,5169444,1
20813,5169395,1
20810,5167822,1
20807,5167356,1
10806,2092581,1
10804,2092400,1
10802,2092107,1
10798,2091466,1
10795,2090901,1
10791,2090261,1
20806,5167145,1
20802,5166202,1
20801,5166139,1
20798,5165250,1
20797,5165210,1
10766,2085526,1
10764,2085367,1
10763,2085340,1
10762,2085197,1
10761,2085023,1
10787,2089337,1
10786,2089018,1
10785,2088884,1
10783,2088837,1
10782,2088722,1
10778,2087870,1
10777,2087844,1
10775,2087666,1
20821,5170581,1
20820,5170379,1
20817,5170043,1
20847,5176780,1
20844,5176596,1
20843,5176461,1
20840,5175894,1
10752,2083614,1
10750,2083540,1
10748,2083194,1
10746,2082649,1
20838,5175602,1
20832,5174419,1
20826,5172389,1
20825,5171808,1
10773,2087514,1
10772,2087403,1
10771,2087263,1
10768,2086573,1
20858,5178924,1
20857,5178333,1
20855,5177936,1
10739,2081083,1
10737,2080461,1
10736,2080364,1
10733,2080209,1
10732,2080031,1
10731,2080007,1
10730,2079899,1
10729,2079884,1
10728,2079702,1
10727,2079640,1
20852,5177705,1
20850,5177015,1
20849,5177013,1
20877,5183810,1
20872,5182491,1
10709,2076999,1
10707,2076271,1
10704,2076036,1
10703,2075609,1
10697,2074998,1
10722,2078777,1
10721,2078742,1
10713,2077421,1
10712,2077270,1
20867,5180973,1
20866,5180665,1
20863,5180507,1
20860,5179307,1
20859,5179284,1
10661,2069907,1
10660,2069861,1
10659,2069842,1
10651,2067173,1
10647,2066577,1
10672,2071504,1
10671,2071255,1
10693,2074579,1
10692,2074490,1
10688,2073962,1
10685,2073600,1
10684,2073426,1
10683,2073143,1
10682,2073081,1
20885,5185434,1
20882,5184715,1
20906,5190555,1
20904,5189971,1
20903,5189057,1
10646,2066323,1
10643,2066053,1
10641,2065173,1
10640,2065045,1
10639,2064882,1
10638,2064039,1
10636,2063891,1
10635,2063781,1
20902,5188996,1
20898,5188582,1
20897,5188338,1
20891,5186695,1
10662,2070013,1
10610,2059060,1
10607,2058733,1
10606,2058362,1
10604,2057862,1
10601,2056727,1
10626,2062978,1
10622,2061803,1
10619,2060885,1
10618,2060648,1
10617,2060564,1
10615,2060000,1
20917,5192216,1
20916,5192130,1
20913,5191460,1
20910,5191284,1
20909,5191156,1
20949,5197807,1
20948,5197573,1
20947,5197271,1
20944,5196984,1
20943,5196887,1
20941,5196537,1
10589,2055103,1
10587,2054898,1
10583,2053645,1
20933,5195653,1
20931,5194946,1
20927,5194544,1
20922,5193320,1
10614,2059836,1
10613,2059615,1
10612,2059363,1
10564,2050067,1
10563,2050003,1
10562,2049796,1
10558,2049117,1
10556,2048357,1
10554,2047486,1
10551,2045448,1
10582,2053405,1
10580,2053177,1
10578,2053032,1
10575,2052570,1
10574,2051993,1
10572,2050662,1
10571,2050573,1
10570,2050463,1
10569,2050323,1
10530,2042593,1
10528,2041773,1
10526,2041226,1
10523,2041051,1
10522,2040887,1
10519,2040322,1
10550,2045401,1
10548,2045191,1
10545,2045124,1
10536,2043763,1
20966,5201580,1
20964,5201344,1
20961,5200910,1
20953,5199357,1
20952,5199206,1
20951,5198435,1
10489,2033959,1
10488,2033895,1
10518,2039968,1
10517,2039765,1
10514,2039018,1
10512,2038755,1
10507,2037896,1
10505,2036774,1
10503,2036315,1
20978,5204938,1
20976,5204320,1
20972,5203352,1
20969,5202565,1
10534,2043323,1
10533,2042976,1
10532,2042872,1
10464,2029221,1
10486,2033281,1
10484,2032886,1
10482,2032392,1
10481,2032242,1
10480,2031860,1
10479,2031616,1
10472,2030859,1
20997,5208162,1
20996,5208119,1
20995,5208089,1
20992,5207997,1
20984,5206631,1
10501,2036187,1
10497,2036038,1
10490,2034217,1
10417,2019170,1
10416,2018997,1
10414,2018876,1
10411,2018374,1
10409,2018013,1
10438,2022958,1
10431,2021296,1
10430,2021251,1
21007,5211130,1
10453,2026408,1
10447,2024884,1
10445,2024251,1
10443,2024036,1
10442,2023482,1
10439,2023005,1
10467,2030172,1
21036,5216107,1
21033,5215918,1
21032,5215817,1
10405,2017457,1
10401,2016992,1
10400,2016679,1
10397,2016193,1
10391,2015369,1
21029,5215228,1
21027,5214640,1
21026,5214477,1
21024,5214387,1
21019,5214012,1
21018,5213116,1
10421,2019490,1
10420,2019457,1
21048,5220801,1
21047,5220668,1
10367,2008894,1
10364,2008285,1
10363,2008237,1
10362,2008174,1
10359,2008066,1
10389,2015149,1
10388,2014872,1
10385,2014553,1
10380,2012708,1
10379,2012534,1
10378,2012487,1
10375,2012224,1
21042,5219807,1
21037,5216154,1
10342,2004959,1
10340,2004598,1
10337,2002587,1
10335,2001750,1
10334,2001661,1
10331,2001544,1
10327,2001239,1
10354,2006574,1
10351,2006061,1
21061,5224338,1
21060,5224161,1
21059,5224107,1
21058,5224094,1
21056,5223821,1
21052,5221921,1
21049,5220878,1
21079,5229696,1
10309,1998760,1
10307,1998606,1
10303,1998086,1
10302,1997608,1
10296,1996777,1
10295,1996721,1
10325,2000914,1
10319,1999533,1
10317,1999280,1
21078,5228969,1
21077,5227805,1
21076,5227636,1
21072,5226621,1
21068,5225467,1
21063,5224591,1
10273,1994461,1
10272,1994234,1
10269,1993939,1
10268,1993784,1
10267,1993444,1
10264,1993117,1
10290,1996391,1
10287,1996283,1
10284,1995755,1
21092,5233605,1
21091,5233195,1
21090,5232471,1
21088,5231907,1
21087,5231813,1
21083,5230429,1
21080,5229756,1
21114,5239157,1
21113,5238246,1
10261,1993088,1
10260,1993064,1
10258,1993011,1
10257,1992988,1
10255,1992886,1
10250,1992348,1
21110,5237776,1
21104,5237440,1
21102,5237266,1
21098,5235837,1
21096,5234679,1
10277,1994912,1
10276,1994760,1
10274,1994627,1
21130,5243574,1
10246,1991885,1
10245,1991764,1
10243,1991556,1
10242,1991469,1
10240,1991285,1
10239,1991210,1
10235,1990783,1
10231,1990352,1
21125,5242488,1
21124,5242399,1
21123,5242227,1
21122,5242116,1
21120,5240775,1
21117,5240486,1
21116,5240197,1
21147,5247014,1
21146,5246773,1
21143,5246371,1
10214,1989304,1
10209,1988421,1
10206,1988130,1
10205,1988038,1
10230,1990219,1
10228,1990117,1
10224,1989980,1
10221,1989822,1
10220,1989783,1
10216,1989381,1
10215,1989366,1
21138,5245919,1
21134,5244788,1
21163,5250267,1
21160,5249545,1
10198,1986782,1
10197,1986769,1
10196,1986744,1
10195,1986738,1
10194,1986577,1
10189,1986228,1
10188,1986081,1
10186,1985842,1
10183,1984838,1
21156,5249062,1
21154,5248760,1
21152,5248595,1
21151,5248160,1
21148,5247099,1
10160,1982438,1
10159,1982249,1
10155,1981819,1
10154,1981627,1
10153,1981279,1
10152,1981219,1
10181,1984538,1
10177,1984298,1
10171,1983255,1
10170,1982955,1
10169,1982896,1
10167,1982852,1
21170,5252547,1
21169,5252488,1
21168,5252276,1
21165,5251094,1
10133,1978920,1
10131,1978120,1
10127,1977779,1
10126,1977556,1
10119,1976814,1
10148,1980455,1
10145,1980205,1
10143,1980121,1
10140,1979898,1
10138,1979828,1
10137,1979780,1
21181,5255907,1
21180,5255305,1
21179,5255051,1
10166,1982785,1
10161,1982439,1
10097,1973533,1
10094,1971871,1
10090,1971485,1
10088,1971253,1
10118,1976805,1
10114,1976327,1
10113,1976206,1
10111,1976123,1
10110,1976052,1
10107,1975645,1
21206,5263738,1
21205,5263588,1
21202,5263208,1
21198,5262154,1
21195,5260254,1
10134,1978966,1
10049,1963161,1
10047,1963020,1
10046,1962757,1
10039,1960903,1
10068,1967612,1
10067,1967219,1
10066,1966958,1
10063,1966222,1
21221,5268316,1
21219,5268167,1
21209,5264366,1
10085,1971091,1
10077,1969116,1
10076,1969025,1
10075,1969012,1
10099,1973780,1
21243,5273933,1
21242,5273798,1
21240,5273233,1
10022,1956289,1
10015,1955136,1
10011,1954474,1
10035,1959450,1
10034,1959408,1
10032,1958093,1
10029,1957819,1
10028,1957789,1
10026,1957575,1
21238,5272894,1
21237,5272667,1
21229,5270727,1
10050,1963716,1
21258,5280870,1
21255,5280062,1
9990,1948351,1
9988,1948255,1
9985,1947902,1
9984,1947837,1
9975,1944942,1
10006,1953848,1
10005,1953746,1
9997,1951205,1
9996,1950862,1
9995,1950762,1
9993,1949966,1
9991,1949156,1
21254,5279682,1
21250,5277083,1
9974,1944814,1
9973,1944813,1
9971,1944470,1
9970,1944094,1
9969,1943031,1
9968,1942500,1
9967,1942003,1
9963,1941618,1
9962,1941609,1
9961,1941357,1
21269,5284301,1
21268,5284149,1
21266,5283498,1
21265,5283034,1
21263,5282491,1
21259,5280889,1
21288,5289958,1
21287,5289744,1
9941,1936117,1
9938,1935511,1
9936,1935141,1
9934,1933689,1
9928,1932927,1
9955,1940610,1
9953,1940133,1
9947,1938367,1
9946,1937684,1
9943,1936286,1
21286,5289743,1
21281,5289371,1
21280,5289305,1
21271,5285157,1
9900,1925951,1
9897,1925496,1
9895,1925318,1
9926,1932802,1
9923,1931999,1
9921,1931921,1
9919,1930028,1
9918,1929769,1
9913,1929060,1
21300,5292116,1
21297,5291329,1
21296,5291220,1
21295,5291080,1
21292,5290504,1
21291,5290127,1
21289,5289988,1
21321,5295847,1
21320,5295819,1
9876,1922812,1
9873,1921621,1
9869,1921178,1
9867,1920855,1
9892,1925117,1
9884,1924347,1
9882,1924057,1
9879,1923294,1
21314,5294829,1
21313,5294595,1
21308,5294001,1
9910,1927866,1
9904,1926302,1
9902,1926209,1
21340,5300164,1
21338,5299333,1
9840,1916296,1
9837,1916108,1
9834,1915328,1
9833,1915098,1
9862,1919718,1
9859,1919334,1
9858,1919188,1
9856,1919016,1
9854,1918475,1
9853,1918404,1
9847,1917137,1
21334,5298631,1
21326,5297244,1
21324,5296485,1
21359,5306284,1
21355,5304364,1
21354,5303956,1
21353,5303052,1
21351,5302791,1
9829,1914206,1
9828,1914094,1
9827,1913959,1
9826,1913955,1
9825,1913915,1
9822,1913568,1
9821,1913524,1
9819,1913118,1
21348,5301654,1
21345,5300963,1
21343,5300578,1
21378,5311313,1
21376,5311066,1
21375,5311059,1
21374,5311004,1
21371,5310295,1
21368,5308984,1
9812,1911346,1
9811,1911215,1
9808,1910512,1
9807,1910203,1
9806,1910194,1
9801,1909920,1
9799,1909576,1
21365,5308574,1
21364,5308541,1
21360,5306469,1
9775,1905032,1
9773,1904259,1
9772,1904168,1
9770,1904020,1
9767,1903586,1
9798,1909441,1
9796,1909158,1
9794,1908273,1
9793,1907203,1
9792,1906826,1
9791,1906795,1
9789,1906716,1
9788,1906618,1
9787,1906456,1
9785,1906051,1
9784,1905959,1
9765,1903325,1
9763,1903297,1
9762,1903202,1
9759,1902997,1
9757,1902620,1
9755,1902567,1
9754,1902342,1
9752,1902256,1
21397,5318105,1
21395,5317526,1
21392,5316621,1
21391,5316448,1
21390,5316289,1
21388,5315319,1
21387,5315194,1
9780,1905769,1
9711,1893840,1
9709,1893652,1
9704,1893103,1
9730,1898176,1
9726,1896556,1
9721,1895435,1
9720,1894948,1
9740,1900664,1
21414,5327663,1
21413,5327414,1
21411,5326374,1
21410,5324863,1
21409,5324719,1
21405,5323580,1
21401,5320762,1
21399,5319524,1
9677,1885269,1
9676,1885242,1
9674,1884635,1
9701,1892680,1
9698,1892303,1
9696,1891610,1
9692,1890326,1
9688,1888588,1
9687,1887890,1
21430,5331198,1
21426,5330439,1
21425,5330004,1
21424,5329812,1
9718,1894490,1
9716,1894229,1
9714,1894104,1
9639,1879412,1
9669,1883592,1
9668,1883585,1
9663,1883321,1
9661,1883279,1
9660,1883215,1
9658,1882928,1
9657,1882878,1
21442,5335417,1
21441,5335390,1
21438,5334242,1
21434,5332542,1
9686,1887686,1
9681,1886476,1
9680,1886247,1
9679,1885709,1
9636,1878631,1
9633,1877703,1
9631,1876559,1
9630,1876306,1
9629,1875796,1
9628,1875470,1
9627,1875443,1
9626,1875374,1
21454,5337866,1
21450,5337266,1
21449,5337253,1
9647,1880851,1
9646,1880709,1
9645,1880506,1
9641,1879719,1
9640,1879593,1
21484,5346966,1
9621,1874328,1
9619,1874034,1
9618,1873553,1
9617,1872217,1
9616,1870741,1
9614,1870290,1
9610,1869305,1
9609,1869089,1
21477,5344692,1
21474,5343930,1
21472,5343251,1
21470,5342653,1
21468,5342117,1
21467,5341948,1
21464,5341554,1
21499,5351324,1
9590,1864777,1
9587,1863984,1
9581,1862780,1
9579,1862297,1
9578,1862241,1
9576,1862050,1
9600,1867446,1
9597,1866723,1
9596,1866010,1
9595,1866005,1
9594,1865812,1
21494,5350293,1
21492,5349635,1
21490,5349027,1
21486,5347205,1
21522,5358299,1
21519,5356981,1
21513,5354350,1
21512,5354343,1
9574,1860775,1
9570,1860084,1
9565,1858314,1
9563,1857760,1
9562,1857331,1
21509,5353060,1
21508,5353000,1
21507,5352977,1
21505,5352775,1
21503,5351953,1
21501,5351497,1
21500,5351345,1
9540,1850998,1
9539,1850875,1
9537,1850275,1
9536,1850127,1
9535,1849962,1
9531,1848658,1
9528,1848067,1
9556,1854982,1
9554,1853753,1
9552,1853255,1
9550,1853215,1
9548,1852962,1
9547,1852667,1
9543,1851615,1
21526,5358832,1
21525,5358671,1
9526,1847000,1
9525,1846864,1
9519,1845728,1
9517,1845216,1
9516,1845061,1
9515,1844906,1
9514,1844567,1
9513,1844441,1
9511,1842952,1
21541,5362443,1
21540,5362356,1
21537,5362014,1
21536,5361769,1
21535,5361399,1
21531,5359845,1
9541,1851291,1
21566,5370505,1
21561,5368689,1
9510,1842931,1
9509,1842763,1
9508,1842358,1
9505,1841495,1
9500,1840829,1
9497,1836092,1
9496,1836056,1
21558,5367767,1
21556,5366507,1
21553,5364771,1
21552,5364343,1
21549,5364192,1
21547,5364125,1
21546,5363461,1
9452,1819780,1
9449,1818728,1
9447,1818589,1
9478,1827737,1
9474,1826910,1
9471,1824799,1
9463,1822319,1
9493,1833612,1
9492,1833362,1
9490,1832030,1
9488,1830932,1
9487,1830241,1
9484,1829165,1
21572,5372207,1
21570,5371543,1
21567,5370578,1
9428,1812158,1
9426,1811959,1
9422,1811257,1
9420,1810384,1
9417,1807691,1
9416,1806980,1
9415,1806382,1
9442,1816618,1
9439,1816275,1
9437,1815311,1
9432,1813544,1
21585,5375766,1
21584,5375375,1
9460,1821955,1
9458,1821357,1
9454,1820388,1
21608,5381883,1
21607,5381658,1
9392,1799232,1
9386,1797890,1
9411,1804887,1
9410,1804884,1
9408,1804591,1
9406,1804496,1
9402,1803147,1
21606,5381159,1
21603,5379059,1
21600,5378723,1
21599,5377881,1
21597,5377667,1
21593,5377083,1
9429,1812605,1
21631,5389825,1
21629,5389417,1
21625,5388735,1
9379,1796619,1
9378,1796588,1
9377,1796386,1
9376,1796284,1
9370,1794795,1
9369,1794630,1
9368,1794284,1
9367,1794210,1
21622,5386469,1
21620,5386400,1
21618,5385422,1
21617,5385130,1
21612,5383759,1
9349,1788583,1
9345,1787185,1
9338,1785091,1
9336,1784538,1
9335,1784281,1
9366,1793824,1
9365,1793768,1
9363,1793167,1
9360,1792147,1
9359,1792031,1
9358,1791979,1
9357,1791913,1
9352,1788787,1
21638,5392007,1
21633,5390698,1
21632,5390681,1
21664,5402028,1
21663,5401272,1
9316,1779108,1
9314,1779054,1
9303,1776745,1
9331,1783448,1
9329,1782917,1
9327,1782112,1
9323,1780791,1
9320,1780388,1
21653,5396421,1
21649,5395084,1
21647,5394541,1
21646,5394529,1
21642,5393012,1
21640,5392430,1
21677,5405275,1
21676,5405118,1
21674,5404747,1
21673,5404475,1
21672,5404218,1
21671,5404020,1
9286,1770669,1
9302,1776725,1
9301,1776679,1
9300,1776612,1
9297,1776259,1
9296,1776179,1
9292,1774422,1
9291,1773842,1
21668,5403842,1
21665,5402767,1
9249,1763899,1
9247,1763484,1
9246,1763429,1
9244,1762877,1
9243,1762136,1
9239,1761320,1
9269,1766174,1
9267,1766094,1
9265,1765929,1
9264,1765886,1
9262,1765657,1
9261,1765285,1
9260,1765265,1
9257,1764643,1
21679,5405844,1
21678,5405602,1
9216,1758945,1
9214,1758734,1
9213,1758599,1
9237,1761225,1
9236,1761210,1
9233,1761058,1
9231,1760872,1
9230,1760458,1
9229,1760395,1
9227,1760238,1
9224,1759814,1
21699,5411038,1
21697,5410897,1
21695,5410083,1
21693,5409755,1
9251,1764123,1
21734,5421894,1
21733,5421662,1
21732,5421580,1
21730,5420333,1
21725,5419190,1
21723,5417193,1
21722,5415677,1
21721,5414614,1
21719,5414473,1
21714,5413281,1
21712,5413245,1
21705,5411940,1
21704,5411938,1
21703,5411891,1
9219,1759264,1
9217,1759142,1
21737,5423365,1
9190,1755071,1
9188,1754785,1
9187,1754723,1
9181,1753974,1
9179,1753305,1
9175,1752487,1
9203,1756757,1
9202,1756753,1
9201,1756663,1
9200,1756624,1
9197,1756072,1
9196,1755983,1
9195,1755558,1
9194,1755413,1
9193,1755328,1
21753,5427756,1
9174,1752369,1
9173,1752258,1
9170,1751883,1
9169,1751730,1
9165,1751397,1
9164,1751092,1
9163,1751085,1
9162,1750827,1
9159,1750484,1
21749,5427064,1
21746,5425061,1
21744,5424503,1
21743,5424444,1
21742,5423718,1
21739,5423490,1
9138,1747776,1
9137,1747732,1
9136,1747468,1
9133,1747214,1
9156,1749593,1
9154,1749478,1
9153,1749430,1
9151,1749094,1
9148,1748946,1
9147,1748877,1
9145,1748674,1
9144,1748627,1
21760,5432754,1
21759,5432645,1
21758,5432326,1
21755,5430039,1
9124,1745903,1
9122,1745398,1
9119,1744763,1
9116,1744557,1
9115,1744524,1
9114,1744481,1
9112,1744432,1
9111,1744155,1
21781,5442313,1
21780,5441581,1
21777,5441234,1
21776,5441046,1
21775,5440102,1
21769,5436401,1
9141,1748122,1
9139,1747783,1
21805,5451458,1
21804,5451441,1
21802,5451154,1
9110,1744134,1
9108,1743866,1
9107,1743673,1
9103,1742467,1
9102,1742407,1
9095,1739980,1
21798,5449304,1
21797,5449018,1
21790,5445836,1
21788,5445753,1
21787,5445673,1
21786,5445491,1
21783,5443919,1
21825,5455804,1
21817,5454780,1
21815,5454615,1
9093,1739457,1
9090,1737853,1
9088,1736956,1
9084,1735338,1
9083,1734822,1
9081,1734542,1
9080,1734490,1
9079,1734285,1
21813,5454233,1
21811,5453551,1
21809,5452995,1
21807,5452047,1
21806,5451815,1
9059,1728629,1
9057,1728417,1
9055,1728068,1
9053,1727528,1
9049,1726935,1
9047,1726690,1
9078,1734185,1
9077,1734034,1
9076,1733656,1
9074,1733606,1
9066,1730535,1
9064,1730323,1
9063,1730152,1
21830,5457029,1
21827,5456739,1
21826,5456694,1
9041,1726014,1
9040,1725634,1
9039,1725552,1
9038,1725419,1
9037,1725315,1
9034,1724575,1
9032,1724364,1
9031,1724249,1
21843,5460166,1
21841,5459688,1
21840,5459587,1
21836,5457734,1
21835,5457728,1
9062,1729921,1
9061,1729575,1
9060,1728894,1
21876,5468004,1
21873,5467619,1
21872,5467341,1
21871,5466708,1
21870,5466685,1
21866,5465766,1
21865,5465391,1
21863,5465040,1
21862,5465002,1
21857,5463704,1
21856,5463323,1
21851,5462255,1
21847,5460936,1
9044,1726486,1
9043,1726036,1
9042,1726026,1
21882,5469101,1
21881,5468430,1
21880,5468250,1
9012,1721116,1
9010,1720892,1
9009,1720704,1
9027,1723742,1
9026,1723687,1
9024,1723467,1
9023,1723272,1
9022,1723121,1
9020,1722659,1
9018,1722445,1
9016,1721708,1
21878,5468199,1
21877,5468038,1
8977,1717122,1
8975,1716726,1
8974,1716504,1
8971,1716119,1
8970,1716056,1
8969,1715893,1
8968,1715677,1
8997,1719823,1
8995,1719706,1
8991,1719065,1
8989,1718925,1
8987,1718299,1
21892,5471370,1
21891,5471278,1
21888,5470891,1
21884,5469971,1
8938,1713213,1
8935,1713040,1
8963,1715326,1
8958,1715119,1
8957,1715004,1
8956,1714938,1
8955,1714919,1
8954,1714848,1
8952,1714741,1
8951,1714664,1
21906,5474562,1
21902,5473856,1
21900,5473247,1
21898,5472748,1
21896,5472188,1
8980,1717257,1
8915,1710902,1
8914,1710896,1
8913,1710853,1
8911,1710724,1
8932,1712710,1
8927,1712146,1
8925,1711579,1
8921,1711486,1
21924,5478974,1
21923,5478927,1
21916,5477806,1
21913,5477006,1
21912,5476466,1
8949,1714402,1
8946,1714290,1
8944,1714116,1
8881,1707906,1
8880,1707729,1
8879,1707692,1
8877,1707352,1
8872,1706787,1
8896,1709644,1
8893,1709276,1
8890,1709097,1
8887,1708750,1
21941,5483385,1
21935,5482072,1
21934,5481386,1
21933,5481344,1
21929,5480525,1
8918,1711004,1
8917,1710996,1
8851,1702818,1
8848,1702627,1
8846,1702097,1
8843,1701705,1
8842,1701599,1
8839,1701385,1
8869,1706420,1
8863,1705468,1
8862,1705240,1
8860,1705080,1
8859,1704735,1
8856,1704345,1
21956,5488178,1
21954,5487249,1
21953,5487119,1
8883,1708038,1
21982,5494153,1
21981,5494097,1
21979,5493701,1
8822,1699630,1
8818,1697823,1
8817,1697687,1
8813,1696884,1
8809,1696263,1
8808,1696042,1
21963,5489454,1
21962,5489343,1
21960,5488933,1
8835,1700860,1
8834,1700844,1
8832,1700796,1
8828,1700159,1
22001,5497472,1
21995,5496158,1
21994,5496027,1
21992,5495781,1
21991,5495591,1
8804,1694991,1
8802,1694576,1
8800,1694367,1
8798,1694197,1
8797,1693311,1
8796,1692664,1
8795,1691406,1
21990,5495039,1
21989,5494958,1
21988,5494813,1
21984,5494397,1
8748,1682690,1
8773,1688582,1
8772,1688116,1
8765,1686874,1
8762,1686383,1
8761,1685705,1
8788,1690366,1
8786,1690294,1
8783,1689919,1
8780,1689413,1
8779,1689408,1
8778,1689390,1
8776,1689328,1
8775,1689082,1
22006,5497943,1
22005,5497941,1
8715,1673634,1
8714,1673516,1
8711,1672379,1
8742,1680999,1
8741,1680986,1
8739,1680213,1
8737,1680106,1
8732,1678342,1
8730,1677891,1
8727,1677672,1
22022,5503677,1
22014,5499661,1
22008,5498567,1
8757,1684576,1
8754,1683944,1
8752,1683231,1
22043,5510771,1
22042,5510581,1
22041,5510514,1
8708,1671427,1
8706,1671065,1
8705,1671051,1
8704,1670940,1
8700,1670487,1
8699,1670458,1
22038,5509357,1
22037,5509107,1
22028,5505510,1
22025,5504379,1
22024,5504147,1
8721,1676068,1
8717,1674071,1
22059,5517622,1
22055,5515716,1
8677,1658750,1
8676,1658239,1
8674,1657986,1
8668,1655426,1
8665,1653928,1
8694,1668075,1
8690,1665483,1
8689,1664754,1
8687,1663604,1
8679,1659189,1
22049,5513190,1
22046,5511880,1
22045,5511814,1
22044,5511525,1
22078,5525752,1
22072,5522207,1
8660,1651114,1
8659,1650359,1
8657,1649791,1
8656,1649581,1
8652,1648606,1
8648,1648029,1
8647,1647858,1
22070,5521233,1
22069,5520991,1
22067,5519882,1
22066,5519799,1
22064,5519492,1
22062,5518859,1
22061,5518008,1
22093,5533454,1
22092,5533237,1
22091,5533130,1
22088,5532543,1
22087,5532243,1
8646,1646694,1
8644,1645864,1
8642,1645119,1
8641,1644933,1
8640,1644644,1
8638,1643675,1
8637,1643577,1
8636,1643278,1
22083,5527373,1
22082,5527025,1
22081,5526096,1
8610,1640519,1
8609,1640376,1
8608,1640330,1
8605,1639977,1
8602,1639591,1
8600,1639198,1
8627,1642164,1
8625,1641987,1
8624,1641912,1
8623,1641682,1
8618,1641113,1
8616,1640907,1
22102,5536244,1
22100,5535785,1
22099,5535086,1
22095,5534594,1
8581,1631793,1
8580,1631719,1
8578,1631604,1
8577,1631315,1
8569,1629073,1
8568,1628983,1
8567,1628910,1
8588,1633978,1
8587,1633732,1
22114,5539662,1
22112,5539396,1
22111,5539175,1
22109,5537909,1
22108,5537522,1
22106,5537418,1
22103,5536650,1
22139,5544855,1
8549,1625872,1
8548,1625832,1
8544,1625127,1
8541,1624220,1
8536,1622948,1
8535,1622898,1
8557,1627744,1
8554,1627218,1
8552,1626047,1
22134,5543222,1
22133,5543143,1
22128,5541513,1
22127,5541395,1
22122,5540689,1
22119,5540604,1
8518,1620140,1
8513,1619249,1
8512,1619240,1
8508,1618446,1
8505,1617801,1
8503,1617581,1
8532,1622773,1
8526,1621124,1
8525,1621123,1
8523,1620864,1
8520,1620466,1
8519,1620323,1
22150,5547453,1
22147,5546663,1
22142,5545068,1
22141,5544952,1
8480,1613610,1
8477,1613332,1
8474,1612746,1
8471,1612495,1
8501,1617357,1
8490,1614998,1
8489,1614939,1
8488,1614795,1
8487,1614712,1
22164,5552315,1
22160,5550346,1
22159,5550294,1
22158,5550131,1
22157,5549964,1
22156,5549872,1
22153,5549162,1
22193,5559440,1
22184,5556154,1
22183,5555927,1
8470,1612462,1
8465,1611290,1
8464,1611230,1
8463,1611150,1
8461,1610824,1
8456,1609922,1
22181,5555901,1
22180,5555494,1
22179,5555391,1
22174,5553942,1
22169,5553160,1
22167,5553028,1
8481,1613837,1
22206,5562018,1
22202,5561123,1
22201,5560913,1
22200,5560610,1
8454,1609639,1
8450,1609389,1
8448,1609029,1
8447,1608896,1
8445,1608867,1
8441,1608300,1
8440,1608021,1
8439,1607680,1
22198,5559841,1
22197,5559762,1
22196,5559623,1
22194,5559507,1
8402,1600790,1
8401,1600732,1
8397,1600266,1
8393,1599515,1
8391,1599203,1
8418,1604497,1
8416,1604129,1
8438,1607525,1
8437,1607348,1
8427,1605559,1
8426,1605521,1
8424,1605409,1
22214,5564705,1
22213,5563949,1
22211,5562977,1
22209,5562755,1
22239,5569573,1
22238,5569496,1
22236,5569089,1
22234,5568653,1
22232,5568506,1
8390,1598898,1
8387,1597928,1
8380,1596599,1
8379,1596459,1
8378,1596246,1
22229,5567730,1
22224,5566665,1
22222,5565574,1
22217,5565189,1
22215,5564936,1
8406,1601150,1
8357,1590396,1
8356,1590303,1
8350,1589706,1
8348,1589269,1
8347,1589201,1
8345,1588725,1
8344,1588695,1
8374,1594454,1
8373,1594329,1
8371,1594146,1
8361,1591423,1
8359,1590685,1
22246,5571718,1
22243,5570498,1
22242,5570176,1
22241,5569915,1
8305,1580173,1
8303,1579491,1
8301,1579201,1
8299,1579049,1
8295,1578098,1
8324,1584245,1
8317,1581982,1
8316,1581973,1
8312,1581393,1
22262,5575977,1
22259,5575278,1
22258,5575102,1
22251,5572660,1
22247,5571873,1
8331,1585741,1
8328,1584881,1
8267,1571623,1
8264,1571192,1
8294,1577719,1
8292,1577201,1
8291,1577014,1
8288,1576681,1
8286,1576472,1
8284,1575327,1
22275,5578246,1
22274,5577904,1
22273,5577876,1
22272,5577425,1
22269,5576980,1
22268,5576927,1
22265,5576268,1
8309,1580859,1
22301,5585810,1
22300,5585651,1
8260,1570176,1
8258,1570171,1
8256,1569689,1
8254,1569586,1
8251,1568998,1
8249,1568696,1
8247,1567853,1
22294,5583826,1
22290,5582573,1
22287,5581045,1
22283,5579000,1
22281,5578866,1
22279,5578643,1
8272,1572744,1
8227,1563169,1
8225,1562750,1
8218,1561449,1
8246,1567574,1
8243,1567556,1
8242,1567322,1
8238,1566108,1
8235,1564986,1
8234,1564674,1
8233,1564520,1
22309,5587216,1
22307,5586619,1
22306,5586469,1
22305,5586468,1
22304,5586052,1
22303,5586047,1
8174,1554353,1
8169,1553131,1
8193,1556869,1
8191,1556853,1
8190,1556722,1
8188,1556508,1
8184,1555790,1
8183,1555642,1
22324,5591519,1
22322,5589925,1
22315,5589117,1
22312,5588509,1
22311,5588144,1
8207,1559226,1
8201,1557920,1
8230,1563499,1
22346,5597359,1
22344,5597032,1
22343,5596877,1
8150,1549652,1
8144,1549090,1
8143,1548931,1
8141,1548805,1
8140,1548639,1
8138,1548325,1
22340,5596711,1
22336,5595864,1
22333,5594967,1
8161,1551507,1
8154,1550496,1
8153,1550209,1
8180,1555141,1
8111,1545039,1
8110,1544951,1
8107,1544061,1
8106,1543877,1
8134,1547713,1
8131,1547502,1
8129,1547054,1
8127,1546708,1
8122,1546229,1
8121,1546159,1
8120,1546128,1
8119,1546094,1
22358,5602459,1
22354,5600103,1
22353,5599915,1
22352,5599729,1
22389,5609123,1
22386,5608697,1
22383,5607193,1
22381,5606318,1
22378,5605984,1
22377,5605829,1
8102,1542854,1
8094,1542492,1
8091,1542303,1
8089,1541702,1
22373,5605540,1
22371,5605306,1
22370,5604592,1
22363,5603658,1
22362,5603635,1
8114,1545566,1
8040,1534370,1
8067,1538643,1
8066,1538591,1
8063,1538157,1
8062,1538105,1
8086,1541550,1
8084,1540165,1
8081,1539643,1
8079,1539590,1
8078,1539431,1
8077,1539408,1
8076,1539313,1
8074,1539294,1
8072,1539046,1
8071,1538989,1
22390,5609502,1
22407,5613698,1
8038,1534137,1
8037,1533938,1
8036,1533930,1
8035,1533867,1
8034,1533359,1
8033,1533206,1
8031,1532221,1
8027,1531741,1
22406,5613490,1
22405,5613391,1
22400,5612949,1
22398,5611508,1
22394,5610833,1
8053,1536783,1
8048,1535631,1
8005,1529005,1
8000,1528052,1
7998,1527680,1
7994,1527068,1
8019,1530904,1
8018,1530819,1
8015,1530690,1
8013,1530566,1
8012,1529942,1
8011,1529884,1
22420,5616795,1
22418,5616321,1
22416,5616021,1
22413,5615471,1
22410,5614873,1
22409,5614653,1
22440,5624281,1
7974,1524005,1
7968,1522384,1
7967,1522287,1
7964,1521746,1
7963,1521495,1
7962,1521032,1
7989,1526592,1
7985,1526024,1
7984,1525970,1
7983,1525781,1
7980,1525230,1
7976,1524716,1
22435,5622447,1
22430,5619147,1
22429,5618661,1
22463,5630725,1
22461,5630542,1
22455,5628789,1
7957,1519042,1
7956,1518914,1
7954,1518560,1
7947,1517149,1
7946,1516904,1
22454,5628611,1
22453,5628397,1
22451,5627286,1
22450,5627113,1
22448,5625815,1
22447,5624907,1
22446,5624836,1
22444,5624482,1
22478,5633337,1
22474,5632819,1
7924,1512483,1
7922,1512001,1
7919,1511507,1
7918,1511368,1
7914,1510810,1
7941,1515380,1
7939,1515115,1
7937,1515050,1
7936,1514994,1
7929,1513474,1
7927,1512889,1
22468,5631355,1
22467,5631268,1
22466,5631090,1
22487,5636066,1
7893,1503530,1
7891,1503086,1
7887,1502373,1
7884,1501186,1
7882,1500714,1
7879,1499985,1
7910,1508787,1
7909,1507797,1
7908,1507032,1
7906,1506602,1
7903,1506156,1
7901,1505598,1
7899,1505111,1
22484,5635545,1
22483,5634714,1
7858,1490318,1
7849,1487085,1
7877,1498458,1
7876,1498456,1
7873,1497976,1
7870,1497339,1
7867,1496505,1
7865,1495243,1
7863,1491435,1
22502,5640486,1
22500,5640055,1
22499,5640042,1
22498,5639638,1
22492,5638269,1
22489,5637025,1
22488,5636376,1
22529,5646941,1
22528,5646730,1
22525,5646535,1
22523,5645780,1
7846,1487053,1
7845,1486829,1
7841,1486183,1
7836,1483874,1
22517,5644026,1
22513,5643111,1
22512,5642975,1
22511,5642412,1
22508,5641424,1
22506,5641146,1
7862,1491308,1
7860,1490664,1
22546,5650553,1
22542,5649916,1
22539,5648241,1
22537,5648038,1
7830,1483446,1
7829,1483418,1
7828,1483038,1
7825,1482260,1
7824,1482245,1
7819,1479834,1
7818,1479680,1
7816,1479124,1
7815,1478736,1
22533,5647448,1
22531,5647388,1
22530,5646963,1
7794,1473734,1
7793,1473289,1
7791,1473235,1
7786,1472101,1
7784,1471719,1
7783,1471318,1
7814,1478190,1
7811,1477930,1
7810,1477810,1
7808,1477205,1
7806,1476025,1
7805,1476021,1
7804,1475885,1
7799,1474676,1
22548,5650579,1
22547,5650554,1
7762,1466557,1
7761,1466451,1
7760,1465288,1
7752,1464517,1
7778,1470429,1
7776,1470150,1
7774,1469664,1
7768,1467849,1
22564,5653805,1
22563,5653693,1
22562,5653655,1
22558,5653419,1
22554,5651671,1
22553,5651287,1
22551,5651040,1
7797,1474609,1
7723,1458760,1
7722,1458702,1
7721,1458700,1
7719,1458160,1
7750,1463832,1
7745,1463143,1
7744,1462845,1
7743,1462808,1
7736,1461501,1
22580,5658085,1
22578,5657534,1
22574,5656290,1
22570,5654815,1
22569,5654510,1
22567,5654237,1
7765,1467347,1
7702,1456125,1
7700,1455906,1
7689,1452981,1
7715,1457364,1
7714,1457331,1
7713,1457205,1
7705,1456273,1
7704,1456141,1
22596,5663083,1
22595,5662954,1
22590,5661360,1
22585,5660793,1
22584,5660792,1
7734,1461239,1
7733,1461193,1
7732,1461081,1
22630,5671757,1
22626,5670792,1
22618,5669140,1
22615,5668728,1
7686,1452422,1
7681,1452005,1
7679,1451773,1
7675,1449096,1
7674,1449031,1
22612,5668458,1
22611,5668351,1
22610,5667211,1
22608,5666791,1
22605,5665716,1
22604,5665122,1
22600,5663587,1
7628,1438153,1
7626,1437178,1
7624,1436593,1
7623,1434536,1
7651,1443203,1
7642,1441221,1
7670,1448141,1
7668,1447904,1
7667,1447332,1
7666,1446584,1
7664,1446488,1
7662,1445586,1
7661,1445445,1
7659,1445188,1
7658,1444551,1
7655,1443870,1
7598,1426045,1
7597,1426017,1
7593,1425293,1
7592,1425243,1
7620,1433577,1
7615,1430972,1
7614,1430748,1
7608,1427639,1
22646,5675859,1
22643,5674434,1
22635,5673559,1
22632,5672183,1
7638,1440750,1
7636,1439910,1
7633,1439488,1
7629,1438492,1
7563,1415866,1
7562,1415243,1
7590,1424623,1
7588,1424028,1
7586,1423471,1
7579,1420614,1
7577,1420552,1
7576,1420410,1
22659,5678762,1
22658,5678701,1
22657,5678526,1
22654,5677428,1
22653,5677061,1
22651,5676636,1
7603,1427135,1
7599,1426267,1
7527,1400881,1
7556,1414519,1
7555,1414490,1
7554,1414276,1
7552,1413953,1
7550,1412867,1
7549,1412493,1
7547,1411170,1
7544,1409379,1
22675,5681530,1
22663,5679033,1
7574,1419681,1
7572,1418795,1
7571,1418172,1
7568,1416468,1
7565,1416100,1
22695,5687793,1
7508,1397687,1
7499,1394089,1
7495,1393136,1
7525,1400185,1
7523,1400084,1
7521,1399819,1
7514,1398671,1
7513,1398613,1
22692,5686610,1
22690,5684860,1
22686,5683666,1
22682,5682056,1
7539,1407181,1
7537,1405706,1
7536,1404699,1
7447,1378065,1
7478,1389142,1
7472,1387198,1
7470,1386665,1
7467,1385373,1
7463,1384655,1
7490,1391940,1
7489,1391649,1
7487,1390784,1
7486,1390769,1
7485,1390738,1
22710,5696330,1
22707,5695041,1
22703,5693866,1
22702,5692963,1
22696,5688285,1
22733,5701849,1
22730,5701323,1
22728,5700608,1
7443,1376855,1
7439,1374814,1
7437,1373991,1
7433,1371689,1
7431,1370285,1
22722,5698664,1
22711,5696569,1
7462,1384183,1
7461,1383171,1
7458,1381402,1
7457,1381322,1
7456,1381196,1
7449,1378713,1
22755,5709897,1
22754,5709833,1
22751,5708106,1
22750,5708084,1
22749,5707894,1
22746,5706481,1
22745,5705336,1
22744,5704850,1
22742,5704690,1
22741,5704420,1
22740,5704338,1
22739,5704182,1
22738,5703739,1
22736,5702406,1
22735,5702337,1
22734,5702022,1
22771,5715478,1
22769,5715017,1
22767,5713720,1
22765,5713379,1
22762,5713055,1
22761,5712627,1
7430,1369953,1
7429,1369602,1
7422,1366721,1
7421,1365791,1
7418,1364849,1
7417,1364709,1
7415,1363466,1
22758,5712359,1
22757,5711068,1
22756,5711052,1
22785,5719722,1
22783,5718739,1
22780,5717638,1
22779,5717074,1
22778,5716756,1
22777,5716699,1
7413,1363183,1
7412,1362943,1
7411,1362637,1
7410,1362636,1
7409,1362495,1
7406,1360251,1
7403,1360068,1
7400,1359600,1
22773,5716252,1
22772,5716215,1
7378,1354205,1
7374,1352162,1
7372,1351902,1
7370,1351728,1
7369,1351662,1
7367,1351596,1
7395,1357771,1
7394,1357740,1
7392,1357623,1
7391,1357575,1
7389,1357233,1
7387,1355899,1
7384,1355462,1
22790,5722975,1
22789,5722237,1
22788,5721029,1
7364,1350896,1
7362,1350542,1
7361,1349861,1
7360,1349849,1
7356,1349128,1
7355,1348786,1
7354,1348702,1
7351,1348145,1
22804,5726746,1
22803,5726695,1
22802,5726631,1
22800,5726537,1
22792,5723899,1
22791,5723648,1
7380,1354468,1
7379,1354371,1
22829,5736538,1
22824,5735984,1
7349,1348004,1
7345,1347396,1
7344,1347083,1
7339,1344751,1
7337,1344534,1
7335,1344479,1
22822,5735743,1
22821,5735627,1
22819,5733580,1
22818,5733427,1
22817,5733243,1
22816,5733171,1
22812,5732075,1
7365,1350933,1
7315,1335478,1
7313,1334961,1
7312,1334514,1
7309,1333660,1
7305,1332698,1
7304,1332562,1
7303,1332358,1
7333,1344235,1
7326,1340195,1
7325,1339640,1
7323,1338693,1
7319,1337178,1
22837,5739852,1
22835,5738371,1
22833,5737211,1
22830,5736620,1
7280,1325807,1
7279,1325801,1
7277,1325443,1
7274,1323759,1
7273,1323374,1
7272,1322975,1
7296,1330711,1
7295,1330575,1
7294,1330348,1
7287,1327964,1
22852,5745011,1
22851,5744348,1
22846,5743450,1
22844,5743136,1
22842,5742237,1
7316,1335679,1
7250,1315495,1
7247,1314580,1
7245,1314326,1
7239,1313473,1
7270,1322838,1
7268,1322069,1
7267,1321960,1
7265,1321879,1
7261,1319480,1
7260,1319389,1
7258,1318686,1
22865,5747466,1
22862,5747325,1
22859,5746087,1
22858,5745993,1
22855,5745366,1
7216,1305617,1
7215,1303965,1
7213,1303441,1
7211,1302926,1
7210,1302848,1
7238,1313107,1
7232,1310020,1
7231,1309928,1
7230,1309646,1
22885,5755206,1
22884,5755179,1
22877,5751770,1
22876,5751632,1
22875,5751491,1
22874,5751474,1
7254,1316494,1
7205,1302321,1
7204,1302002,1
7203,1301464,1
7202,1301372,1
7200,1299815,1
7197,1299697,1
7194,1299325,1
7193,1299192,1
7192,1299135,1
7191,1298721,1
22898,5758215,1
22896,5758055,1
22892,5755967,1
22891,5755890,1
22890,5755878,1
22889,5755540,1
22921,5767350,1
7190,1298207,1
7188,1297758,1
7186,1297041,1
7185,1297028,1
7184,1296874,1
7182,1296049,1
7181,1295063,1
7178,1294605,1
7176,1294367,1
7175,1294343,1
22916,5766112,1
22913,5764959,1
22908,5761481,1
22906,5760760,1
22903,5758793,1
7152,1287869,1
7150,1286827,1
7149,1286791,1
7143,1282958,1
7174,1294079,1
7169,1292143,1
7167,1291638,1
7166,1291571,1
7161,1290112,1
22934,5769737,1
22933,5769594,1
22930,5769215,1
22929,5769089,1
22928,5768989,1
22927,5768565,1
22922,5767764,1
22958,5777676,1
22955,5776623,1
22953,5775209,1
22952,5774911,1
7137,1281171,1
7133,1280303,1
7132,1280007,1
7129,1279259,1
7128,1279097,1
22950,5774414,1
22948,5773952,1
22947,5773878,1
22944,5773306,1
22943,5773104,1
22942,5772964,1
22936,5770872,1
7080,1268372,1
7079,1268316,1
7110,1275784,1
7105,1274888,1
7104,1274699,1
7103,1273873,1
7096,1272792,1
7126,1278909,1
7123,1278681,1
7116,1277719,1
7115,1277467,1
7114,1277225,1
7112,1276367,1
22965,5780529,1
22963,5779450,1
22959,5777817,1
22993,5789290,1
22992,5789090,1
22989,5788750,1
22986,5787942,1
7076,1267506,1
7075,1267467,1
7072,1266751,1
7070,1266631,1
22981,5785835,1
22975,5783111,1
22971,5782012,1
22967,5780670,1
7092,1272198,1
7091,1272147,1
7090,1271458,1
7089,1270983,1
23009,5794236,1
23005,5792875,1
23001,5791783,1
23000,5791777,1
7062,1264525,1
7061,1264482,1
7060,1264409,1
7059,1263987,1
7058,1263978,1
7054,1262104,1
7052,1261830,1
7051,1261811,1
7049,1261752,1
7047,1261204,1
22997,5791218,1
22995,5790021,1
23021,5799521,1
23018,5799323,1
23017,5799010,1
23016,5798856,1
7046,1261137,1
7045,1260697,1
7044,1259577,1
7041,1259032,1
7040,1258803,1
7036,1258282,1
7034,1257563,1
7032,1257412,1
7031,1257099,1
23013,5796509,1
23011,5794734,1
23010,5794356,1
7005,1248847,1
7001,1247989,1
6999,1246790,1
7029,1256219,1
7024,1253289,1
7023,1253248,1
7020,1252746,1
7019,1252706,1
7017,1252029,1
7016,1252028,1
23030,5805469,1
23029,5805019,1
23028,5803350,1
23024,5800706,1
23023,5800201,1
23022,5799602,1
6980,1241022,1
6979,1241018,1
6975,1239579,1
6974,1239208,1
6970,1237844,1
6967,1237342,1
6991,1244937,1
6989,1244780,1
6988,1244417,1
6983,1242830,1
23046,5817587,1
23038,5813586,1
7012,1250355,1
7011,1250271,1
7008,1250142,1
7007,1249381,1
6938,1230390,1
6937,1230012,1
6964,1236880,1
6962,1236536,1
6961,1236480,1
6960,1236399,1
6958,1236014,1
6954,1235013,1
6953,1234797,1
6951,1234354,1
23062,5822583,1
23059,5822078,1
23056,5821557,1
23054,5820357,1
23052,5819881,1
23051,5819855,1
23080,5829967,1
6917,1223172,1
6914,1221905,1
6911,1221747,1
6910,1221543,1
6933,1227510,1
6926,1225343,1
6924,1225100,1
6923,1224706,1
6921,1224043,1
6920,1224020,1
23070,5826988,1
23069,5826553,1
6949,1234075,1
6943,1232647,1
6941,1231605,1
6884,1215490,1
6881,1214714,1
6880,1214607,1
6878,1214512,1
6874,1213744,1
6899,1219221,1
6898,1219138,1
6896,1217631,1
6895,1217616,1
6894,1217603,1
6893,1217531,1
23094,5832932,1
23088,5831829,1
23087,5831808,1
23083,5830606,1
23082,5830386,1
23115,5839212,1
23114,5839004,1
23113,5838822,1
6854,1207184,1
6851,1206378,1
6845,1205453,1
6863,1211412,1
6857,1208811,1
23110,5838529,1
23109,5838300,1
23108,5838206,1
23107,5838122,1
23104,5837187,1
23101,5835985,1
23100,5835435,1
23098,5834962,1
6818,1197267,1
6817,1196933,1
6816,1196861,1
6810,1193257,1
6807,1192169,1
6836,1202800,1
6834,1202245,1
6833,1202233,1
6832,1201247,1
6831,1201212,1
6830,1200796,1
6829,1200473,1
6825,1200201,1
23124,5841161,1
23123,5841111,1
23116,5839554,1
6775,1178386,1
6806,1186395,1
6803,1186140,1
6800,1186026,1
6797,1185545,1
6794,1185323,1
6793,1185166,1
6792,1185028,1
6791,1184843,1
23140,5844926,1
23139,5844134,1
23135,5843511,1
23133,5842993,1
23132,5841942,1
23131,5841909,1
23130,5841879,1
23161,5849688,1
6774,1177951,1
6773,1177647,1
6772,1177475,1
6769,1176509,1
6763,1175094,1
6760,1165719,1
6759,1165603,1
23157,5848779,1
23154,5848409,1
23148,5847562,1
23143,5845231,1
6789,1184338,1
6784,1182335,1
6782,1181996,1
6777,1178817,1
6725,1148963,1
6719,1147742,1
6741,1154145,1
6733,1150123,1
6732,1149785,1
6727,1148997,1
6757,1158946,1
6754,1157831,1
6751,1156362,1
6746,1155565,1
6745,1155395,1
23173,5853978,1
23169,5853127,1
23166,5851526,1
23164,5850344,1
23162,5849929,1
23206,5865645,1
23205,5865586,1
23204,5864720,1
23201,5864174,1
23198,5863039,1
23196,5862597,1
23195,5862376,1
23192,5861507,1
23191,5860979,1
23188,5859007,1
23183,5858546,1
23182,5858467,1
23181,5857170,1
23179,5857000,1
23177,5855851,1
6726,1148996,1
23210,5866323,1
23208,5866207,1
23207,5865676,1
6693,1143266,1
6691,1143159,1
6686,1141558,1
6680,1139113,1
6709,1146938,1
6707,1145696,1
6706,1145503,1
6703,1145011,1
6700,1144533,1
6699,1144436,1
6698,1144112,1
6696,1143789,1
6695,1143769,1
23233,5874120,1
23231,5873842,1
23227,5872535,1
23223,5872131,1
6675,1138286,1
6673,1137406,1
6671,1137235,1
6670,1137226,1
6665,1136106,1
23219,5871318,1
23217,5870671,1
23216,5870038,1
23215,5869923,1
23214,5869535,1
23213,5869079,1
23212,5866839,1
6643,1131964,1
6642,1131588,1
6636,1129597,1
6632,1128358,1
6631,1127931,1
6659,1134533,1
6658,1134376,1
6656,1133601,1
6655,1133600,1
6654,1133591,1
6653,1133518,1
6652,1133512,1
6651,1132836,1
6649,1132486,1
23235,5874150,1
23234,5874148,1
23261,5880146,1
23259,5880025,1
23258,5879453,1
6629,1127645,1
6624,1126964,1
6621,1126288,1
6616,1125639,1
6615,1125573,1
23251,5878655,1
23249,5878134,1
23247,5877215,1
23245,5876843,1
23244,5876816,1
23240,5875393,1
6646,1132161,1
6645,1132054,1
23274,5883927,1
23272,5882442,1
23271,5882271,1
6614,1125303,1
6612,1125166,1
6611,1125086,1
6610,1124999,1
6608,1124746,1
6607,1124641,1
6601,1122242,1
23269,5881811,1
23268,5881110,1
23267,5880943,1
23266,5880751,1
23263,5880518,1
23262,5880370,1
23300,5892178,1
23297,5890919,1
23293,5889417,1
23292,5887882,1
23291,5887736,1
23290,5887641,1
6598,1121958,1
6596,1121640,1
6595,1121386,1
6594,1121375,1
6587,1120825,1
6586,1120528,1
6583,1119590,1
23285,5886588,1
23283,5885860,1
23275,5884038,1
23311,5897046,1
23310,5896945,1
23309,5896534,1
23308,5895490,1
23304,5893863,1
6580,1118319,1
6578,1117996,1
6576,1117682,1
6575,1117609,1
6573,1117042,1
6572,1116928,1
6569,1116149,1
6568,1115753,1
6567,1115230,1
23302,5892652,1
23301,5892308,1
23319,5899993,1
6565,1115077,1
6563,1114549,1
6562,1114012,1
6561,1113789,1
6559,1113269,1
6558,1113132,1
6557,1113130,1
6556,1112446,1
6555,1112133,1
6554,1111618,1
6552,1111393,1
6551,1111239,1
23317,5898752,1
23316,5898079,1
23313,5897391,1
6534,1105885,1
6533,1105764,1
6532,1105558,1
6527,1104456,1
6526,1104193,1
6522,1103338,1
6519,1103074,1
6545,1108976,1
6543,1107805,1
6539,1106809,1
6535,1106025,1
23334,5902812,1
23331,5902513,1
23325,5901708,1
23324,5901678,1
23323,5901628,1
23360,5909539,1
23352,5908567,1
23351,5908219,1
6518,1102890,1
6516,1102288,1
6511,1101486,1
6510,1101320,1
6507,1101016,1
6506,1101010,1
6505,1100743,1
23349,5907978,1
23347,5907750,1
23345,5907014,1
23342,5906307,1
23339,5904240,1
23338,5904089,1
23371,5912850,1
23369,5912203,1
23368,5911990,1
23367,5911965,1
6483,1095505,1
6482,1095434,1
6502,1099478,1
6500,1099165,1
6499,1099042,1
6498,1098897,1
6497,1098860,1
6494,1098275,1
6493,1097775,1
6489,1096698,1
6487,1096185,1
23363,5910507,1
23389,5916719,1
23387,5916600,1
23385,5916157,1
23383,5915331,1
6466,1092932,1
6465,1092892,1
6463,1092628,1
6462,1092483,1
6461,1092045,1
6457,1091350,1
6455,1090624,1
23382,5915103,1
23379,5914857,1
23377,5914825,1
23376,5914770,1
23375,5914358,1
6417,1082931,1
6412,1081638,1
6411,1081391,1
6407,1080048,1
6432,1085077,1
6427,1084421,1
6423,1084078,1
6444,1088375,1
6442,1087682,1
6441,1087306,1
6439,1087125,1
23397,5917701,1
23396,5917691,1
23395,5917663,1
23392,5917359,1
23391,5916975,1
23418,5923934,1
23417,5923273,1
6390,1075670,1
6383,1074408,1
6405,1079893,1
6403,1079641,1
6402,1079305,1
6401,1078611,1
6398,1077316,1
6397,1077028,1
23413,5923012,1
23405,5920129,1
23400,5918837,1
6421,1083262,1
6420,1083125,1
6419,1083113,1
23437,5930381,1
23436,5930190,1
23435,5929213,1
23434,5928911,1
6372,1071474,1
6368,1069080,1
6366,1069041,1
6365,1068728,1
6364,1068652,1
6363,1068587,1
6359,1067491,1
23429,5927389,1
23426,5926521,1
23423,5925432,1
23422,5925372,1
23419,5924648,1
23451,5935757,1
23450,5935238,1
6342,1064944,1
6338,1064633,1
6331,1063298,1
6328,1062718,1
6327,1061672,1
6358,1067382,1
6355,1067070,1
6354,1066972,1
6350,1066545,1
6347,1066386,1
6346,1065836,1
23443,5933118,1
23442,5931878,1
23439,5930614,1
6305,1058512,1
6301,1057428,1
6300,1057316,1
6299,1057082,1
6298,1056218,1
6296,1054884,1
6295,1054488,1
6326,1061663,1
6322,1061235,1
6319,1060778,1
6314,1060155,1
6312,1059876,1
23459,5937768,1
23458,5937453,1
23454,5936501,1
23453,5936285,1
6269,1049372,1
6268,1049346,1
6294,1054368,1
6293,1054355,1
6292,1054351,1
6289,1053782,1
6284,1052217,1
6283,1051973,1
6280,1051257,1
23475,5941201,1
23472,5941027,1
23467,5940155,1
23465,5939678,1
23464,5939098,1
23463,5939067,1
6310,1059342,1
23499,5946002,1
23498,5945987,1
6242,1041476,1
6238,1040181,1
6237,1039932,1
6262,1048185,1
6252,1045830,1
6251,1044135,1
23493,5944825,1
23491,5944373,1
23485,5942970,1
23482,5941906,1
6278,1051061,1
6276,1050648,1
6274,1050474,1
6270,1049503,1
23517,5949985,1
23515,5949749,1
23513,5949323,1
6226,1038186,1
6225,1038166,1
6223,1037706,1
6220,1037139,1
6219,1036447,1
6218,1036385,1
6216,1035575,1
6215,1034628,1
23507,5947994,1
23506,5947608,1
23504,5947172,1
23502,5947046,1
23500,5946253,1
6198,1032008,1
6197,1031564,1
6192,1030564,1
6183,1029482,1
6212,1034423,1
6209,1034264,1
6208,1034218,1
6206,1034002,1
6205,1033871,1
6204,1033668,1
6202,1033493,1
6200,1033210,1
23526,5952603,1
23525,5952472,1
23519,5951198,1
23518,5950106,1
6163,1026417,1
6159,1025260,1
6156,1024312,1
6154,1023397,1
6151,1022779,1
6182,1029286,1
6170,1027666,1
6169,1027617,1
6168,1027356,1
23542,5956014,1
23540,5955381,1
23537,5955059,1
23532,5953981,1
23531,5953386,1
23529,5953157,1
23527,5953001,1
23563,5961151,1
23560,5960450,1
6147,1019894,1
6144,1018848,1
6143,1018080,1
6142,1017889,1
6141,1017590,1
6139,1016341,1
23554,5958962,1
23550,5958465,1
23549,5957813,1
23548,5957540,1
23547,5957280,1
23545,5957160,1
23544,5956956,1
6165,1026954,1
6106,1009953,1
6104,1009328,1
23590,5967042,1
23578,5964597,1
6134,1015189,1
6131,1014938,1
6127,1014426,1
6123,1013292,1
6122,1013285,1
6119,1013099,1
23574,5963412,1
23570,5962258,1
23569,5962252,1
23567,5962094,1
23565,5961651,1
23564,5961363,1
23594,5967924,1
6102,1008934,1
6098,1008736,1
6097,1007983,1
6093,1007389,1
6089,1005722,1
6088,1005362,1
6118,1013080,1
6116,1012353,1
6114,1011996,1
6113,1011782,1
6112,1011513,1
6111,1011372,1
6109,1010815,1
6108,1010394,1
6107,1010021,1
6063,998773,1
6062,998525,1
6061,998008,1
6059,997122,1
6055,996521,1
6085,1004706,1
6083,1003874,1
6078,1003192,1
6077,1002989,1
6073,1001802,1
23603,5970277,1
23602,5969745,1
23601,5969742,1
23600,5969572,1
23598,5969166,1
23597,5968843,1
6036,990157,1
6033,989893,1
6032,989303,1
6027,988018,1
6052,996068,1
6051,995291,1
6050,994798,1
6047,994342,1
6043,993036,1
6039,991602,1
23619,5973212,1
23616,5972630,1
6069,1000682,1
6068,1000263,1
6067,1000232,1
6064,999192,1
5999,980288,1
5997,980072,1
5996,980012,1
6019,983899,1
6018,983483,1
6015,983193,1
6011,982061,1
6009,981035,1
6008,980957,1
23638,5975754,1
23637,5975646,1
23635,5975525,1
23634,5975516,1
23633,5975477,1
23631,5974529,1
23623,5973375,1
5966,972473,1
5964,972129,1
5990,979028,1
5987,978033,1
5986,977378,1
5982,975535,1
5979,974628,1
5977,974425,1
5976,973923,1
23652,5978498,1
23650,5978372,1
23647,5978128,1
23646,5977420,1
23643,5976932,1
23639,5975806,1
6003,980639,1
5958,971287,1
5957,971118,1
5955,970510,1
5953,968966,1
5952,968900,1
5951,968663,1
5947,967267,1
5943,966092,1
23665,5981274,1
23657,5979503,1
5974,973743,1
5973,973315,1
5972,973176,1
5971,973014,1
5970,972833,1
5968,972616,1
5925,961108,1
5924,961044,1
5923,960616,1
5922,960425,1
5920,960186,1
5919,960150,1
5915,959893,1
5913,959490,1
23683,5984967,1
23674,5983461,1
23672,5983252,1
5939,965309,1
5938,965298,1
5934,963375,1
5931,963123,1
5930,962611,1
5885,952520,1
5884,952418,1
5881,952308,1
5910,959167,1
5903,957720,1
5901,956376,1
5900,956359,1
5899,956119,1
5895,955402,1
23701,5990430,1
23699,5989601,1
23697,5988671,1
23695,5988489,1
23693,5987513,1
23692,5987193,1
23688,5985296,1
23729,5997526,1
23728,5997217,1
23726,5997110,1
23725,5996418,1
23724,5996334,1
23720,5995397,1
5874,950376,1
5872,949829,1
5865,944183,1
23715,5994359,1
23711,5993245,1
23706,5992242,1
23705,5992172,1
5894,955242,1
5892,954819,1
5891,954816,1
23742,6001180,1
5845,939532,1
5844,939114,1
5843,938691,1
5842,938011,1
5840,937889,1
5837,937523,1
5860,943388,1
5858,943054,1
5855,942470,1
5851,941727,1
5849,941308,1
5848,940548,1
23734,5998310,1
23732,5997774,1
23730,5997648,1
5786,915738,1
5784,914365,1
5812,928914,1
5809,926380,1
5801,922368,1
5830,935514,1
5829,935480,1
5828,934745,1
5827,934623,1
5822,933443,1
5821,933272,1
5819,931842,1
5817,931183,1
23745,6002823,1
23744,6002669,1
23743,6002639,1
5762,910180,1
5761,909892,1
5757,909515,1
5777,911726,1
5775,911578,1
5770,911194,1
5769,910880,1
5767,910862,1
23764,6008091,1
23763,6007866,1
23759,6006726,1
23754,6004896,1
23753,6004890,1
5795,920184,1
5794,918907,1
5787,916163,1
5722,899005,1
5720,898129,1
5719,898089,1
5750,908058,1
5748,906676,1
5745,905824,1
5743,905291,1
5741,904569,1
5738,903303,1
23782,6012204,1
23776,6011734,1
23774,6010878,1
23773,6010432,1
23769,6009877,1
23768,6008710,1
23767,6008627,1
5690,890213,1
5687,888244,1
5718,897470,1
5717,897329,1
5716,896489,1
5713,895732,1
5711,895635,1
5707,895119,1
5704,893359,1
23797,6017615,1
23790,6014137,1
23785,6012847,1
5733,902105,1
5729,900637,1
5725,899278,1
5724,899082,1
5649,871186,1
5639,867021,1
5666,882072,1
5660,875170,1
5656,872964,1
5655,872246,1
5686,887897,1
5680,886935,1
5677,886240,1
5676,885866,1
23806,6020002,1
23804,6019016,1
5702,892776,1
5695,891311,1
5694,891282,1
5691,890535,1
23837,6027841,1
23831,6026242,1
5638,866281,1
5633,864938,1
5632,864592,1
5631,864459,1
5629,863980,1
5627,863659,1
5624,863185,1
23830,6026033,1
23828,6025762,1
23825,6025083,1
23819,6023149,1
23817,6022968,1
23816,6022877,1
5652,871795,1
23854,6030932,1
23847,6030077,1
5604,858201,1
5603,858135,1
5602,857486,1
5601,857428,1
5597,856472,1
5622,862807,1
5620,862382,1
5616,861552,1
5614,860159,1
5611,859291,1
23846,6029941,1
23845,6029903,1
23844,6029214,1
23840,6028393,1
23865,6032946,1
23863,6032779,1
5574,852149,1
5569,851149,1
5564,850405,1
5561,849648,1
5590,854364,1
5585,853345,1
5584,853257,1
5582,852967,1
5580,852873,1
23862,6032760,1
23860,6032519,1
23859,6032430,1
23858,6031771,1
23856,6031131,1
23884,6038716,1
23883,6037860,1
23880,6037636,1
5558,848606,1
5557,848353,1
5556,848238,1
5555,847934,1
5551,847410,1
5547,846885,1
5544,845766,1
23876,6035827,1
23872,6034655,1
23870,6034523,1
23869,6033986,1
23868,6033826,1
23866,6033055,1
23903,6047680,1
23902,6047666,1
23901,6047249,1
23899,6044541,1
23896,6043285,1
5540,845071,1
5536,844656,1
5535,844440,1
5534,844432,1
5528,842015,1
23893,6042579,1
23891,6042166,1
23889,6040540,1
23888,6039780,1
23887,6039264,1
23886,6038808,1
5487,825625,1
5486,825458,1
5483,822501,1
5481,822052,1
5480,821428,1
5505,833060,1
5501,832261,1
5523,839464,1
5521,838883,1
5517,837920,1
5516,837637,1
5513,836175,1
5512,836101,1
23910,6050669,1
23909,6050340,1
23907,6048744,1
23936,6058768,1
23933,6057409,1
23931,6057235,1
23928,6056084,1
5475,817078,1
5474,816728,1
5473,815343,1
5465,811803,1
23925,6055520,1
23923,6054955,1
23922,6053428,1
23920,6052385,1
23916,6052172,1
23911,6050789,1
5494,828054,1
5490,826662,1
5444,805329,1
5440,804015,1
5438,803090,1
5435,802978,1
5434,802954,1
5431,800760,1
5457,809533,1
5456,809175,1
5455,808541,1
5454,808052,1
5449,806008,1
5448,805960,1
23941,6060507,1
23940,6059513,1
23939,6059208,1
23937,6058805,1
23960,6065754,1
5412,796428,1
5400,791716,1
5430,800688,1
5427,799231,1
5425,799216,1
5424,799105,1
5418,797377,1
23958,6065126,1
23956,6064133,1
23953,6063704,1
23952,6063646,1
23950,6063173,1
23949,6063014,1
23944,6061174,1
5445,805634,1
23986,6074326,1
23983,6073454,1
23979,6072265,1
23978,6071914,1
5397,791248,1
5395,790922,1
5394,790718,1
5391,790195,1
5390,790124,1
5388,789867,1
5384,788374,1
23973,6070716,1
23968,6068816,1
23965,6067336,1
23963,6066177,1
23961,6065788,1
23994,6077123,1
23993,6075787,1
5366,784377,1
5364,783743,1
5362,783257,1
5359,782545,1
5358,782337,1
5381,787832,1
5380,787651,1
5378,787131,1
5377,786830,1
5373,785781,1
5371,784944,1
5369,784927,1
5367,784417,1
23990,6075206,1
24015,6083918,1
24013,6083805,1
24011,6083428,1
24010,6083322,1
24009,6082491,1
5347,778835,1
5341,778324,1
5340,778145,1
5337,777375,1
5336,776968,1
24005,6081134,1
24001,6080281,1
24000,6080008,1
23999,6079283,1
23996,6078348,1
23995,6077938,1
24024,6086694,1
5317,771062,1
5316,770808,1
5315,770698,1
5310,769828,1
5307,769356,1
5305,769210,1
5329,774427,1
5328,774022,1
5327,773262,1
5325,773050,1
5322,771868,1
5319,771271,1
24022,6086333,1
24021,6085995,1
24018,6084859,1
5281,764430,1
5280,764269,1
5275,763514,1
5273,763212,1
5271,762110,1
5301,768175,1
5295,767041,1
5294,766696,1
5292,766519,1
5291,766497,1
5287,765889,1
24038,6089798,1
24037,6089737,1
24035,6089547,1
24034,6089505,1
24025,6086740,1
24055,6094997,1
5253,758138,1
5252,757792,1
5248,755759,1
5246,755143,1
5243,753456,1
5239,752722,1
5269,761858,1
5267,761602,1
5258,759788,1
5255,758517,1
24053,6094811,1
24049,6094122,1
24047,6092580,1
24045,6091893,1
24043,6090903,1
24072,6100818,1
5237,752424,1
5236,752384,1
5233,751295,1
5231,750627,1
5230,750456,1
5229,750219,1
5228,750197,1
5225,749565,1
24068,6099700,1
24066,6099582,1
24064,6099157,1
24063,6098713,1
24061,6096944,1
24060,6096171,1
24059,6095979,1
24087,6106033,1
5201,737558,1
5199,737140,1
5198,737005,1
5218,742106,1
5216,741498,1
5213,740431,1
5211,740310,1
24086,6105829,1
24085,6105821,1
24083,6104701,1
24082,6104050,1
24080,6103593,1
24078,6102923,1
24077,6102779,1
24073,6100845,1
5171,731723,1
5169,731522,1
5168,731416,1
5190,735555,1
5186,734513,1
5182,733822,1
5181,733706,1
5180,733675,1
5176,732850,1
24101,6109122,1
24099,6108284,1
24097,6108229,1
24096,6108210,1
24093,6107850,1
24091,6107250,1
24088,6106737,1
24122,6111909,1
24120,6111690,1
24119,6111114,1
5158,730119,1
5150,728111,1
5148,727774,1
5147,727195,1
5146,727060,1
5143,726035,1
24118,6110845,1
24116,6110791,1
24114,6110731,1
24112,6110482,1
24110,6109705,1
5174,732553,1
5173,731921,1
24139,6116615,1
24136,6116395,1
24135,6116306,1
5120,720681,1
5118,720571,1
5117,720031,1
5112,718273,1
5142,726018,1
5141,725956,1
5137,725211,1
5134,724351,1
5133,724262,1
24134,6116146,1
24131,6115363,1
24130,6115014,1
24126,6113446,1
24151,6118760,1
5091,712404,1
5087,712016,1
5085,711413,1
5081,710918,1
5110,717639,1
5109,717295,1
5106,715842,1
5105,715708,1
5104,715703,1
5103,715289,1
5096,713914,1
24149,6118377,1
24147,6118340,1
24145,6117877,1
24141,6116987,1
24171,6126157,1
24170,6125718,1
5060,700454,1
5058,697303,1
5055,697140,1
5054,696658,1
5075,709243,1
5072,708839,1
5071,708654,1
5069,708160,1
5067,705633,1
24166,6123372,1
24160,6122446,1
24156,6121495,1
24155,6120865,1
24154,6119786,1
5024,677805,1
5015,672195,1
5045,692127,1
5043,690904,1
5042,689865,1
5040,688117,1
5038,685966,1
5037,685457,1
5033,683146,1
24182,6128252,1
24181,6127341,1
24179,6127122,1
24178,6127096,1
24176,6126952,1
24173,6126800,1
24172,6126162,1
24209,6135640,1
24206,6135386,1
24205,6135375,1
5014,669995,1
5013,669620,1
5012,669145,1
5011,668774,1
5007,664030,1
5004,661923,1
5003,661516,1
5002,661185,1
24195,6131594,1
24191,6130374,1
5030,682493,1
5028,681731,1
5025,678156,1
24219,6139005,1
24215,6137316,1
4981,630036,1
4977,626750,1
4972,622375,1
4969,616225,1
4968,615328,1
4996,655872,1
4995,650477,1
4991,640915,1
4990,639118,1
4988,637667,1
4985,634356,1
24214,6136797,1
24211,6136655,1
24210,6135713,1
24242,6146131,1
24239,6145344,1
24238,6145337,1
24237,6144708,1
4966,609209,1
4965,608790,1
4963,607886,1
4962,607882,1
4959,606648,1
4958,606133,1
4957,606118,1
4954,605598,1
24230,6141137,1
24229,6140958,1
24223,6139284,1
24221,6139199,1
4934,596290,1
4933,596202,1
4932,596033,1
4930,595612,1
4927,595472,1
4923,594790,1
4920,593459,1
4948,603433,1
4946,602831,1
4944,601366,1
4942,599993,1
4941,598801,1
4940,598508,1
24245,6146938,1
24244,6146752,1
24243,6146736,1
4883,586827,1
4880,586128,1
4878,584948,1
4877,584854,1
4902,590475,1
4900,589996,1
4899,589912,1
4897,589682,1
4896,589593,1
4892,588670,1
4891,588303,1
24257,6148619,1
24253,6148122,1
24250,6147855,1
24248,6147490,1
4918,592698,1
4846,578855,1
4845,578824,1
4870,583761,1
4869,583477,1
4865,582644,1
4863,582538,1
4861,581744,1
4859,581369,1
4857,581028,1
24278,6154513,1
24273,6153643,1
24272,6153602,1
24270,6153556,1
24268,6153438,1
24264,6152351,1
24263,6151891,1
24297,6159529,1
4819,571235,1
4818,571153,1
4814,570740,1
4811,570551,1
4808,569920,1
4836,576823,1
4835,576572,1
4829,574915,1
4828,574583,1
4827,574061,1
4824,573226,1
24291,6157363,1
24282,6155638,1
24281,6155587,1
4850,579058,1
24319,6166309,1
24311,6164368,1
4786,565101,1
4780,564424,1
4778,564349,1
4805,568841,1
4803,568116,1
4797,566969,1
4795,566454,1
4794,566209,1
4793,566190,1
24307,6162682,1
24304,6161854,1
24301,6160701,1
24299,6160109,1
24298,6159918,1
4757,556117,1
4753,554610,1
4752,554276,1
4749,552892,1
4748,552825,1
4744,551423,1
4773,563489,1
4771,562591,1
4770,562311,1
4768,561119,1
4767,560415,1
4766,560383,1
4760,559125,1
24323,6168170,1
24321,6167266,1
24320,6166335,1
4721,548863,1
4720,548785,1
4717,548325,1
4716,547115,1
4713,546193,1
4712,546122,1
4742,551305,1
4739,550940,1
4733,550460,1
24342,6171907,1
24341,6171755,1
24339,6171015,1
24335,6170576,1
24333,6170276,1
24331,6170135,1
24329,6169876,1
24362,6178280,1
24360,6177363,1
24359,6177180,1
4710,546084,1
4707,544702,1
4703,543487,1
4699,541953,1
4697,540533,1
4695,540235,1
24355,6176041,1
24354,6176032,1
24353,6175729,1
24352,6175691,1
24350,6174890,1
24346,6173699,1
4722,548866,1
24376,6180568,1
4657,533320,1
4655,533152,1
4653,532953,1
4649,532336,1
4663,533914,1
4691,538680,1
4690,538457,1
4682,536877,1
4681,536724,1
24370,6179849,1
24369,6179629,1
24368,6179397,1
24365,6178584,1
24364,6178448,1
24363,6178325,1
24393,6184954,1
4627,529338,1
4623,528846,1
4620,528631,1
4645,531807,1
4644,531608,1
4642,531585,1
4640,531298,1
4638,531239,1
4636,530291,1
4634,529694,1
4631,529452,1
24390,6184508,1
24385,6183635,1
24382,6181912,1
24377,6180628,1
24411,6189575,1
4595,524938,1
4593,524747,1
4591,524597,1
4587,524285,1
4583,523804,1
4607,526298,1
4602,525846,1
4601,525795,1
4600,525782,1
4599,525633,1
24405,6187816,1
24403,6187301,1
24402,6186904,1
24400,6186702,1
24398,6186374,1
4559,519258,1
4554,518674,1
4552,518091,1
4582,522817,1
4581,522801,1
4580,522525,1
4578,521778,1
4576,521514,1
4574,521236,1
4571,520803,1
4569,520720,1
4567,520611,1
24422,6194306,1
24415,6191703,1
24413,6190802,1
24412,6190536,1
4529,515028,1
4522,514525,1
4519,514377,1
4550,517651,1
4547,517443,1
4544,517209,1
4542,516931,1
4538,516004,1
4535,515632,1
24434,6196488,1
24430,6195933,1
24423,6194645,1
4566,520590,1
4562,519814,1
4561,519766,1
4560,519403,1
24458,6201525,1
24457,6201393,1
24455,6201308,1
4518,514186,1
4513,513963,1
4512,513882,1
4508,513558,1
4506,513375,1
4505,513369,1
4504,513338,1
24454,6201281,1
24452,6200524,1
24447,6198558,1
24445,6198170,1
24443,6197460,1
4530,515299,1
24476,6207827,1
24474,6206603,1
4483,509401,1
4480,508967,1
4479,508834,1
4478,508777,1
4477,508715,1
4501,511542,1
4497,511171,1
4493,510328,1
4487,509504,1
24470,6205633,1
24466,6204620,1
24464,6203726,1
24462,6203032,1
24461,6202590,1
24498,6215646,1
24493,6213305,1
24491,6212373,1
24490,6211757,1
24488,6211151,1
4467,505577,1
4466,505090,1
4462,503670,1
4459,503103,1
4458,502733,1
4457,502711,1
24485,6210953,1
24483,6210910,1
24482,6210530,1
24480,6209515,1
24478,6208179,1
24508,6217818,1
4437,499254,1
4436,499042,1
4433,498810,1
4427,495537,1
4426,494850,1
4425,494785,1
4453,501967,1
4449,501429,1
4445,500466,1
4444,500131,1
4443,499842,1
4440,499616,1
24502,6216456,1
24501,6216407,1
24499,6215705,1
24528,6221706,1
24527,6221647,1
24525,6221091,1
24519,6219589,1
4422,493358,1
4418,492468,1
4413,490696,1
4412,490685,1
4411,490206,1
4410,490180,1
4409,489801,1
24518,6219586,1
24517,6219424,1
24516,6219307,1
24512,6218927,1
24510,6217883,1
4389,485058,1
4383,483721,1
4382,483718,1
4381,483506,1
4377,482632,1
4375,482079,1
4400,487443,1
4399,487417,1
4396,486261,1
4395,486062,1
4394,485965,1
4393,485877,1
4392,485646,1
4391,485459,1
24531,6222657,1
24530,6221890,1
24559,6228653,1
24557,6228452,1
24556,6228301,1
24553,6227232,1
24551,6227107,1
4371,481036,1
4367,480397,1
4364,479945,1
4363,479900,1
4360,479708,1
24550,6226988,1
24549,6226886,1
24548,6226099,1
24543,6224406,1
24539,6223963,1
24536,6223545,1
24571,6231065,1
24570,6231000,1
24569,6230869,1
24568,6230846,1
24567,6230712,1
4358,478809,1
4356,478265,1
4354,477840,1
4351,477331,1
4349,476825,1
4347,476542,1
4344,475957,1
4343,475910,1
24563,6229792,1
24562,6229648,1
24560,6228657,1
24585,6235698,1
4326,471978,1
4324,471656,1
4319,469818,1
4318,469300,1
4311,468703,1
4340,475447,1
4338,475047,1
4334,474035,1
4333,474033,1
24582,6235207,1
24581,6234962,1
24578,6234123,1
24577,6234054,1
24574,6233520,1
24573,6233039,1
4276,462480,1
4272,461941,1
4267,459212,1
4291,465449,1
4289,465248,1
4286,464012,1
4308,467881,1
4305,467635,1
4301,467079,1
4297,466540,1
4295,466327,1
24597,6238304,1
24595,6237616,1
24593,6236880,1
24589,6235861,1
24586,6235721,1
24615,6243798,1
4246,454330,1
4244,453193,1
4243,453143,1
4241,452805,1
4236,452318,1
4259,458279,1
4256,457321,1
4248,454858,1
24613,6242992,1
24612,6242913,1
24609,6242215,1
24606,6241354,1
24603,6240022,1
24601,6239773,1
24600,6239070,1
4210,447828,1
4207,447338,1
4202,446026,1
4230,450563,1
4229,450186,1
4228,450137,1
4225,450001,1
4218,449418,1
4217,449393,1
4216,449138,1
24629,6247977,1
24627,6247783,1
24625,6246782,1
24619,6244195,1
24617,6243866,1
24616,6243836,1
24648,6255100,1
4198,444652,1
4195,443900,1
4194,443873,1
4191,443688,1
4189,443423,1
4188,443336,1
4187,443272,1
4185,442902,1
4183,442823,1
24645,6254109,1
24644,6254012,1
24635,6252106,1
24631,6248941,1
4213,448168,1
4212,448097,1
24668,6258625,1
24663,6257665,1
4181,442815,1
4180,442794,1
4178,442599,1
4176,442580,1
4173,442194,1
4170,441379,1
4169,441330,1
4167,441146,1
24658,6257001,1
24657,6256441,1
24656,6256237,1
24655,6256108,1
24653,6255481,1
24651,6255162,1
4144,437809,1
4143,437756,1
4142,437711,1
4141,437504,1
4140,437457,1
4139,437350,1
4136,437183,1
4166,440986,1
4165,440919,1
4160,440006,1
4157,439783,1
4154,439462,1
4153,438875,1
24672,6259278,1
24671,6259259,1
24669,6258824,1
4106,434207,1
4105,434180,1
4103,433734,1
4128,436333,1
4127,436234,1
4125,435696,1
4124,435568,1
4121,435306,1
4120,435303,1
24691,6265038,1
24689,6264361,1
24688,6264234,1
24687,6264209,1
24686,6264199,1
24680,6262856,1
4149,438184,1
24716,6275135,1
24715,6275009,1
4102,433674,1
4101,433320,1
4096,432571,1
4091,431932,1
4090,431921,1
4087,431706,1
24708,6271791,1
24703,6270601,1
24699,6269510,1
24695,6267635,1
4118,435143,1
4116,435015,1
4113,434666,1
4108,434499,1
4063,429917,1
4062,429709,1
4060,429357,1
4058,429035,1
4056,428872,1
4055,428708,1
4086,431680,1
4081,431242,1
4080,431108,1
4078,430870,1
4076,430546,1
4072,430368,1
24725,6276900,1
24721,6276702,1
24718,6275379,1
24717,6275353,1
4037,426524,1
4036,425920,1
4030,424593,1
4028,424466,1
4027,424399,1
4025,424337,1
4050,428027,1
4049,427895,1
4043,427518,1
4042,427413,1
4040,427158,1
24740,6281457,1
24733,6278678,1
4070,430319,1
4069,430273,1
4066,430103,1
24762,6287850,1
3999,421139,1
4022,423143,1
4018,422918,1
4016,422821,1
4015,422756,1
4011,422174,1
4010,422169,1
4009,422114,1
4008,422022,1
24756,6287260,1
24755,6286343,1
24754,6286230,1
24751,6284638,1
24746,6282844,1
4038,426796,1
24782,6292502,1
24778,6292105,1
3966,417878,1
3964,417649,1
3963,417555,1
3959,417056,1
3990,419916,1
3987,419604,1
3984,419348,1
3977,418879,1
24773,6289168,1
24772,6289132,1
24769,6288798,1
24768,6288773,1
24767,6288745,1
24763,6287989,1
3941,414935,1
3939,414754,1
3937,414673,1
3935,414544,1
3958,417050,1
3957,416942,1
3953,416084,1
3951,415978,1
3950,415937,1
3946,415797,1
3945,415511,1
3944,415401,1
3943,415315,1
24790,6295841,1
24786,6294337,1
24783,6293177,1
3908,411014,1
3907,410989,1
3906,410973,1
3904,410881,1
3902,410690,1
3900,410631,1
3896,410237,1
3922,412727,1
3921,412667,1
3912,412116,1
24806,6300206,1
24803,6299899,1
24800,6298689,1
24793,6297678,1
24791,6295865,1
3942,415226,1
24829,6307566,1
3877,407405,1
3876,407083,1
3871,406215,1
3869,405727,1
3867,405480,1
3866,405421,1
3864,405127,1
24820,6303410,1
24818,6303278,1
24814,6302533,1
3892,409787,1
3891,409742,1
3890,409699,1
3886,409449,1
3909,411371,1
3816,397997,1
3815,397781,1
3840,402364,1
3839,402331,1
3837,401952,1
3833,401353,1
3832,401331,1
3859,404494,1
3856,404164,1
3851,403727,1
3848,403309,1
3847,403304,1
24835,6310004,1
24834,6309989,1
24831,6308725,1
24830,6308333,1
3791,394773,1
3790,394745,1
3786,394327,1
3813,397081,1
3806,396041,1
3805,395882,1
3804,395632,1
3799,395530,1
24850,6313163,1
24848,6312853,1
24846,6312284,1
24844,6312089,1
3830,401016,1
3828,400873,1
3824,399556,1
3820,398613,1
3761,390556,1
3760,390409,1
3759,390359,1
3758,390313,1
3754,389847,1
3781,393957,1
3774,393366,1
3772,393059,1
3769,391936,1
3767,391836,1
24868,6318626,1
24866,6318416,1
24861,6317346,1
3798,395472,1
3797,395405,1
3794,394936,1
24889,6325110,1
24887,6322755,1
3749,389344,1
3746,389106,1
3745,389077,1
3741,388432,1
3737,387979,1
3735,387757,1
24885,6322641,1
24881,6321808,1
24880,6321781,1
24879,6321743,1
24875,6320479,1
24871,6319370,1
3765,391115,1
3762,390582,1
24907,6329687,1
24904,6328607,1
24903,6328584,1
3733,387419,1
3732,387372,1
3728,386702,1
3727,386587,1
3725,386334,1
24902,6327652,1
24900,6327558,1
24899,6327453,1
24898,6327433,1
24895,6325953,1
24893,6325880,1
24892,6325837,1
24890,6325123,1
3701,383804,1
3698,383650,1
3695,383552,1
3693,383262,1
3717,385440,1
3716,385414,1
3714,385351,1
3712,385162,1
3710,384855,1
3706,384676,1
3704,384147,1
24917,6333237,1
24913,6332580,1
24912,6331700,1
24911,6330927,1
24908,6329865,1
24937,6339761,1
24935,6339362,1
3654,379632,1
3648,379252,1
3639,378251,1
3666,380963,1
3663,380353,1
3660,379910,1
24934,6339336,1
24933,6339214,1
24932,6338185,1
24927,6337662,1
24926,6336888,1
24925,6336073,1
24922,6334740,1
24919,6334393,1
3620,375006,1
3614,373685,1
3636,377933,1
3635,377770,1
3631,377522,1
3629,377195,1
3625,376536,1
3624,376276,1
3623,376229,1
24948,6344967,1
24947,6344872,1
24946,6344185,1
24943,6343529,1
24942,6342831,1
24939,6340225,1
24938,6340066,1
3586,370136,1
3583,369893,1
3580,369304,1
3606,373140,1
3604,373088,1
3597,371894,1
3596,371437,1
3594,371272,1
3591,370998,1
24963,6349261,1
24960,6348224,1
24957,6347391,1
24955,6346734,1
24954,6346647,1
24952,6345968,1
24951,6345949,1
3551,366001,1
3550,365956,1
3545,365027,1
3544,364865,1
3574,368671,1
3573,368609,1
3572,368556,1
3568,367906,1
3564,367418,1
3563,367369,1
3560,367114,1
24971,6352179,1
24970,6351131,1
3590,370996,1
3589,370982,1
3588,370866,1
25003,6362251,1
25001,6361744,1
3522,359233,1
3514,358569,1
3513,358282,1
3537,363147,1
3536,363014,1
3534,362645,1
3533,362332,1
24994,6359523,1
24992,6358529,1
24991,6358326,1
24989,6357554,1
24988,6357174,1
3556,366488,1
3555,366454,1
3489,354072,1
3486,353632,1
3484,353574,1
3483,353507,1
3481,353285,1
3508,357653,1
3506,357002,1
3505,356998,1
3504,356959,1
3502,356312,1
3498,355407,1
3496,355194,1
25013,6365655,1
25010,6364538,1
25009,6363574,1
25007,6363415,1
25032,6372346,1
3478,353169,1
3476,353154,1
3474,352645,1
3473,352250,1
3468,351722,1
3467,351679,1
3466,351584,1
3465,351499,1
3464,351439,1
25027,6371633,1
25019,6368000,1
25018,6366892,1
25017,6366874,1
3493,354287,1
3492,354233,1
3444,349657,1
3440,349384,1
3439,349157,1
3433,348555,1
3456,350330,1
3455,350232,1
3451,350068,1
3450,350050,1
3448,349971,1
25045,6375526,1
25044,6374948,1
25042,6374838,1
25040,6374765,1
25038,6374630,1
25036,6373601,1
25033,6372872,1
25070,6382602,1
25069,6382101,1
25068,6381855,1
25067,6381818,1
25066,6381770,1
3429,348179,1
3424,347674,1
3423,347346,1
3419,347059,1
25059,6378523,1
25055,6376676,1
25053,6376478,1
25051,6376017,1
25050,6375879,1
25047,6375777,1
3445,349685,1
3396,343861,1
3395,343852,1
3386,342915,1
3413,345892,1
3411,345259,1
3410,345233,1
3406,344852,1
3405,344701,1
3403,344601,1
3402,344572,1
3400,344145,1
25078,6385473,1
25076,6385325,1
25075,6385283,1
25073,6383889,1
25072,6383862,1
25100,6394249,1
25099,6393538,1
25097,6392617,1
3366,341580,1
3357,339223,1
3351,338528,1
3378,342391,1
3377,342349,1
3376,342287,1
3373,342119,1
3369,341828,1
25088,6387695,1
25085,6386666,1
25082,6385558,1
25079,6385483,1
3398,343909,1
3315,333433,1
3312,332926,1
3309,332463,1
3334,335630,1
3332,335446,1
3330,335263,1
3325,334732,1
3348,338061,1
3344,336994,1
3343,336919,1
3341,336550,1
3339,336168,1
3338,336082,1
3336,335996,1
25108,6395723,1
25105,6394804,1
25129,6400789,1
25127,6399791,1
3284,329375,1
3279,328834,1
3278,328781,1
3302,331487,1
3299,331263,1
3292,330325,1
3290,329909,1
3289,329779,1
25126,6399731,1
25124,6399679,1
25122,6398688,1
25121,6398536,1
25113,6397595,1
25112,6397039,1
25151,6407882,1
25150,6407671,1
25148,6407538,1
25147,6407368,1
3267,325614,1
3265,325539,1
3262,325224,1
3261,325181,1
3260,325056,1
3259,324902,1
3257,324762,1
3255,324608,1
25142,6405252,1
25138,6404779,1
25135,6403082,1
25133,6402076,1
3213,321876,1
3212,321872,1
3208,321485,1
3235,323038,1
3228,322800,1
3224,322550,1
3254,324569,1
3251,324479,1
3248,324206,1
3245,323720,1
3244,323571,1
3243,323499,1
3239,323294,1
25156,6409826,1
25155,6409565,1
25154,6408768,1
3204,321153,1
3202,321052,1
3197,320174,1
3196,320128,1
3195,320054,1
3194,319666,1
3193,319596,1
3191,317996,1
25174,6413425,1
25172,6413410,1
25169,6412304,1
25161,6411819,1
25159,6411553,1
3222,322498,1
3215,321949,1
3214,321908,1
25191,6419007,1
3173,314352,1
3171,314140,1
3167,313593,1
3165,313212,1
3162,313039,1
3160,312996,1
3186,316756,1
3185,316113,1
3182,315999,1
3177,314689,1
25190,6418673,1
25185,6417016,1
25184,6416707,1
25181,6416495,1
25178,6415574,1
3133,310655,1
3132,310650,1
3127,310236,1
3156,312721,1
3152,312492,1
3151,312445,1
3149,312245,1
3147,312157,1
3144,311994,1
3143,311962,1
25204,6420636,1
25203,6420497,1
25201,6420168,1
25200,6420096,1
25199,6420084,1
25195,6419212,1
3124,310023,1
3123,309979,1
3120,309489,1
3119,309340,1
3118,309306,1
3117,309259,1
3115,309168,1
3114,309079,1
25222,6425575,1
25215,6424880,1
25214,6424531,1
25209,6420939,1
3142,311882,1
3141,311589,1
3139,310932,1
3134,310725,1
3087,306296,1
3086,306090,1
3082,305716,1
3105,307835,1
3104,307715,1
3103,307672,1
3102,307516,1
3097,307343,1
3096,307324,1
25238,6431443,1
25234,6430008,1
25232,6429076,1
25231,6428899,1
25227,6427502,1
25225,6426090,1
3125,310084,1
3057,302954,1
3055,302936,1
3051,302614,1
3050,302255,1
3077,305078,1
3076,305022,1
3075,304913,1
3073,304747,1
3069,304466,1
3064,303491,1
3063,303430,1
25254,6440193,1
25248,6439316,1
25241,6433776,1
25240,6433096,1
3089,306846,1
25282,6448351,1
25281,6448312,1
25280,6447345,1
25275,6446484,1
25271,6445752,1
3045,300607,1
3034,298353,1
3033,298207,1
3031,297734,1
25266,6442928,1
25265,6442658,1
25263,6441654,1
25260,6440766,1
25259,6440558,1
25257,6440527,1
3062,303428,1
3009,294763,1
3008,294608,1
3005,293971,1
3003,293831,1
3002,293813,1
3000,293558,1
3029,297553,1
3028,297534,1
3027,297361,1
3023,296921,1
3022,296795,1
3021,296464,1
3019,296302,1
3018,296294,1
25286,6450836,1
25285,6450799,1
2972,288423,1
2970,287619,1
2969,287508,1
2998,293080,1
2997,292886,1
2995,291469,1
2990,291026,1
2989,290877,1
2984,290220,1
25302,6455465,1
25298,6454353,1
25292,6452066,1
25291,6451923,1
25289,6451126,1
25287,6450842,1
3011,295005,1
2948,283856,1
2942,283310,1
2938,282599,1
2937,282499,1
2959,286013,1
2958,285952,1
2952,284213,1
2951,284130,1
25310,6458881,1
25309,6457718,1
25307,6457207,1
25305,6456187,1
25304,6456185,1
25303,6455815,1
2982,289782,1
2976,288796,1
25342,6469505,1
25341,6469502,1
25340,6469460,1
25339,6468915,1
2912,277640,1
2906,276718,1
2904,276551,1
2922,279586,1
2919,278406,1
25334,6467265,1
25332,6466620,1
25331,6466334,1
25330,6465918,1
25327,6464865,1
25324,6464080,1
25320,6461717,1
2864,269412,1
2859,267941,1
2858,267771,1
2856,267479,1
2883,272388,1
2882,271829,1
2872,270900,1
2896,275307,1
2895,274647,1
2893,274084,1
2890,273596,1
25350,6470556,1
25348,6469970,1
25347,6469777,1
25344,6469685,1
25343,6469527,1
25371,6474104,1
25367,6473199,1
2853,266659,1
2850,266466,1
2849,266415,1
2847,266121,1
2844,265447,1
2841,265195,1
2840,264514,1
25366,6473186,1
25363,6472735,1
25361,6471898,1
25360,6471811,1
25359,6471685,1
2867,269741,1
2866,269737,1
2818,260758,1
2817,260700,1
2816,260685,1
2814,260582,1
2813,260389,1
2808,259121,1
2836,263666,1
2835,263042,1
2834,262661,1
2829,261802,1
2824,261424,1
25382,6477829,1
25380,6476763,1
25379,6476657,1
25378,6475993,1
25375,6475239,1
2759,250567,1
2786,255716,1
2783,255281,1
2780,254443,1
2776,253253,1
2801,258337,1
2795,256640,1
2792,256318,1
25398,6483404,1
25397,6483378,1
25396,6483003,1
25394,6482692,1
25387,6480170,1
25386,6479022,1
25385,6478961,1
2820,260908,1
2732,246426,1
2729,246236,1
2728,245784,1
2727,245684,1
2753,250125,1
2752,249987,1
2747,249160,1
2746,248704,1
25411,6486240,1
25409,6486123,1
25408,6485718,1
25406,6485042,1
25401,6483740,1
2773,252880,1
2762,251090,1
2761,251014,1
25432,6497563,1
25431,6497119,1
2726,245554,1
2718,244632,1
2717,244580,1
2716,244139,1
2715,243745,1
2712,242922,1
25430,6496826,1
25428,6494828,1
25422,6491682,1
25418,6490369,1
2742,248346,1
2741,248141,1
2739,247448,1
2737,247017,1
25455,6506616,1
25454,6506541,1
25448,6504824,1
2710,242904,1
2706,242370,1
2704,241939,1
2701,241575,1
2700,241467,1
2696,241231,1
2695,241117,1
25446,6504156,1
25445,6503240,1
25444,6503077,1
25438,6501592,1
25436,6500945,1
25435,6499888,1
2674,237031,1
2672,236853,1
2670,236427,1
2668,236091,1
2694,241087,1
2691,240339,1
2689,239980,1
2686,239649,1
2685,239526,1
2684,239222,1
2683,238903,1
2682,238816,1
2681,238679,1
25462,6508695,1
25460,6507700,1
25456,6506724,1
25493,6519218,1
25492,6519144,1
25490,6519043,1
25488,6518330,1
25486,6516863,1
25485,6515902,1
25482,6514398,1
25481,6514320,1
25480,6513920,1
25479,6513698,1
25474,6512916,1
25472,6512585,1
25470,6512212,1
25466,6509640,1
25465,6509311,1
2676,237671,1
2644,233064,1
2641,232430,1
2640,232387,1
2637,231994,1
2635,231715,1
2632,230787,1
2662,235144,1
2661,234971,1
2659,234927,1
2655,234022,1
2654,234013,1
2653,234003,1
2651,233982,1
2650,233854,1
2649,233816,1
2647,233387,1
2612,229128,1
2611,228992,1
2610,228451,1
2606,227890,1
2605,227677,1
2602,227457,1
2599,226777,1
2630,230617,1
2629,230522,1
2627,230424,1
2626,230410,1
2621,230062,1
2618,229698,1
25508,6525946,1
25505,6523805,1
25503,6523482,1
25535,6534547,1
25531,6533789,1
25529,6532769,1
2579,223822,1
2574,222860,1
2597,226132,1
2596,226062,1
2593,225767,1
2589,225452,1
2583,224561,1
25525,6532059,1
25522,6529476,1
25516,6528657,1
25515,6528489,1
25512,6527308,1
2614,229317,1
25543,6537963,1
2543,218142,1
2542,218067,1
2537,217565,1
2535,217444,1
2566,221190,1
2565,221146,1
2561,221101,1
2560,221074,1
2559,221035,1
2555,220564,1
2553,220334,1
25542,6537352,1
25540,6537230,1
25539,6537181,1
25536,6534779,1
25561,6540933,1
2534,217150,1
2532,216676,1
2529,216260,1
2528,216160,1
2525,215932,1
2524,215806,1
2523,215667,1
2522,215596,1
2519,215176,1
25558,6540652,1
25556,6540396,1
25553,6539770,1
25551,6539676,1
25548,6538761,1
25545,6538300,1
2501,212773,1
2500,212668,1
2498,212548,1
2497,212217,1
2489,211251,1
2488,211203,1
2515,214796,1
2513,214464,1
2511,213934,1
25572,6541833,1
25571,6541830,1
25568,6541724,1
25567,6541702,1
25566,6541683,1
25563,6541341,1
25562,6541334,1
2466,208577,1
2464,208482,1
2462,208299,1
2459,208017,1
2457,207840,1
2484,210274,1
2480,209740,1
2477,209494,1
25589,6543240,1
25588,6543217,1
25587,6543208,1
25582,6542541,1
25581,6542498,1
25578,6542484,1
25576,6542332,1
25575,6542328,1
25613,6550351,1
25611,6549145,1
25607,6548335,1
2452,207245,1
2448,206924,1
2447,206666,1
2440,205169,1
2439,205151,1
25602,6546604,1
25601,6545451,1
25595,6544015,1
25592,6543480,1
25591,6543465,1
2470,208936,1
2469,208896,1
2467,208620,1
2411,200684,1
2410,200575,1
2409,200548,1
2408,200539,1
2435,204761,1
2434,204608,1
2433,204420,1
2432,203986,1
2429,203475,1
2426,203024,1
2425,202984,1
25622,6552278,1
25620,6552230,1
25618,6551901,1
25615,6550477,1
25614,6550396,1
25645,6557987,1
25644,6557326,1
25643,6556753,1
25640,6556019,1
2403,200040,1
2402,200000,1
2398,199552,1
2395,199269,1
25631,6554826,1
25628,6554247,1
25627,6554205,1
25626,6554110,1
25623,6552590,1
2421,202305,1
2413,201008,1
2412,200791,1
2371,197082,1
2368,196953,1
2367,196916,1
2366,196911,1
2363,196681,1
2362,196457,1
2359,195652,1
2389,198765,1
2388,198752,1
2376,197778,1
2375,197742,1
25654,6561678,1
25653,6561614,1
25651,6560803,1
25647,6558967,1
25646,6558790,1
25674,6565119,1
2356,195489,1
2354,195203,1
2350,194857,1
2349,194827,1
2348,194719,1
2347,194527,1
2344,194267,1
2343,194260,1
25670,6563899,1
25669,6563878,1
25668,6563843,1
25665,6563190,1
25663,6562751,1
25659,6562237,1
25658,6562201,1
25697,6570440,1
25695,6569859,1
25694,6569813,1
25692,6569738,1
25688,6568650,1
2342,194026,1
2341,193946,1
2340,193870,1
2333,193533,1
2330,193392,1
25681,6567309,1
25680,6566968,1
25679,6566317,1
25677,6565727,1
25676,6565388,1
25675,6565345,1
2282,186077,1
2307,190642,1
2305,190516,1
2302,189704,1
2296,189411,1
2295,189399,1
2324,192919,1
2322,192873,1
2320,192287,1
2319,192117,1
2316,191587,1
2315,191477,1
25702,6570910,1
25700,6570563,1
25699,6570533,1
25698,6570462,1
2257,183208,1
2251,182390,1
2278,185498,1
2275,185341,1
2270,184782,1
2268,184537,1
2266,184220,1
2265,184203,1
2264,184070,1
25716,6573747,1
25715,6573723,1
25712,6572623,1
25707,6571215,1
25704,6571021,1
2289,188493,1
2288,186980,1
2246,182064,1
2245,181882,1
2244,181853,1
2241,181565,1
2236,180804,1
2235,180745,1
2234,180632,1
2231,180555,1
25732,6576982,1
25729,6576664,1
25728,6576531,1
25726,6576297,1
25722,6575308,1
25720,6575260,1
2262,183721,1
2260,183578,1
25756,6583665,1
25753,6582996,1
25752,6580929,1
2228,179873,1
2227,179788,1
2224,179561,1
2221,179159,1
2217,178217,1
25748,6580386,1
25747,6580230,1
25744,6578857,1
25743,6578826,1
25741,6578742,1
25740,6578385,1
25736,6577638,1
25735,6577587,1
25769,6587536,1
25767,6587062,1
2198,175125,1
2193,173901,1
2192,173652,1
2190,173127,1
2212,177045,1
2208,176459,1
2207,176414,1
2206,176298,1
2205,176014,1
2204,175974,1
2200,175783,1
25765,6585721,1
25763,6585302,1
25758,6584516,1
25789,6589898,1
25788,6589741,1
25787,6589700,1
25786,6589624,1
25784,6589324,1
2181,172437,1
2180,172331,1
2179,172260,1
2176,171733,1
2173,171678,1
2169,171325,1
25782,6589053,1
25780,6588601,1
25779,6588579,1
25775,6588174,1
25773,6588143,1
25799,6592248,1
2150,169891,1
2147,169561,1
2146,169359,1
2142,169194,1
2139,168822,1
2166,171039,1
2164,170800,1
2160,170634,1
2157,170398,1
2154,170056,1
2151,169935,1
25798,6592105,1
25794,6591304,1
25791,6591062,1
25790,6590355,1
25824,6596801,1
25823,6596403,1
25818,6594759,1
25817,6594752,1
25815,6594480,1
2133,168432,1
2130,168272,1
2129,168183,1
2123,167698,1
25813,6594170,1
25812,6594115,1
25810,6593728,1
25809,6593356,1
25808,6593238,1
25806,6593004,1
25805,6592997,1
2080,164557,1
2072,163922,1
2071,163916,1
2100,165934,1
2093,165208,1
2088,165027,1
2087,164944,1
2114,167043,1
2113,167040,1
2112,167009,1
2110,166721,1
2109,166707,1
2106,166492,1
2103,166147,1
25829,6597291,1
25828,6597271,1
2070,163759,1
2068,163638,1
2067,163534,1
2066,163519,1
2064,163236,1
2061,162896,1
2060,162851,1
2058,162527,1
2057,162423,1
25846,6600520,1
25843,6600226,1
25842,6600109,1
25839,6599703,1
25837,6599024,1
25831,6598147,1
2085,164727,1
2007,157282,1
2033,160294,1
2030,159935,1
2027,159566,1
2053,162303,1
2050,162215,1
2043,161593,1
2041,161420,1
2040,161396,1
25861,6601819,1
25860,6601708,1
25858,6601531,1
25855,6601373,1
25853,6601238,1
25849,6600681,1
25848,6600637,1
1982,154549,1
1980,154392,1
1978,154371,1
1975,154154,1
2006,157149,1
2003,156815,1
1999,156259,1
1998,156115,1
25876,6605025,1
25875,6604872,1
25866,6603541,1
25864,6601902,1
2022,159272,1
2021,159165,1
2017,158562,1
2008,157313,1
25895,6608487,1
1972,153930,1
1971,153927,1
1970,153812,1
1969,153711,1
1968,153495,1
1967,153485,1
1965,153134,1
1963,152995,1
1961,152954,1
1960,152909,1
1959,152798,1
25887,6606939,1
25884,6606297,1
25880,6605605,1
1986,154941,1
25925,6613815,1
25921,6612755,1
25915,6611399,1
1957,152655,1
1956,152646,1
1950,152198,1
1949,152180,1
1945,151800,1
1943,151732,1
25908,6609853,1
25907,6609544,1
25906,6609522,1
25902,6609124,1
25901,6609111,1
25898,6608685,1
25896,6608540,1
1897,148470,1
1926,150449,1
1925,150403,1
1922,150298,1
1919,149808,1
1913,149576,1
1912,149575,1
1942,151674,1
1939,151474,1
1938,151343,1
1935,150961,1
1934,150908,1
1933,150791,1
1932,150763,1
1927,150517,1
25926,6614009,1
25953,6617981,1
25947,6617134,1
1894,148128,1
1893,148039,1
1891,147700,1
1885,147469,1
1881,147006,1
1879,146941,1
25939,6615585,1
25930,6614353,1
25929,6614305,1
25928,6614259,1
1910,149356,1
1909,149311,1
1908,149302,1
1907,149295,1
1860,145537,1
1858,145465,1
1856,145364,1
1847,144520,1
1878,146939,1
1877,146923,1
1876,146672,1
1873,146555,1
1871,146466,1
1870,146446,1
1866,145966,1
1864,145956,1
1863,145927,1
25958,6618377,1
25955,6618174,1
25954,6617985,1
25982,6621078,1
25980,6620769,1
25979,6620601,1
25978,6620582,1
25977,6620570,1
25976,6620565,1
25975,6620534,1
1845,144233,1
1843,144196,1
1839,143747,1
1837,143590,1
25974,6620455,1
25973,6620362,1
25966,6619418,1
25961,6618752,1
1861,145556,1
25997,6622227,1
25994,6622112,1
25993,6622107,1
1807,140332,1
1800,139433,1
1799,139409,1
1829,142873,1
1828,142859,1
1822,142385,1
1821,142351,1
1819,142281,1
25990,6621646,1
25988,6621415,1
25986,6621406,1
25985,6621181,1
25983,6621109,1
26011,6622709,1
26009,6622444,1
26008,6622437,1
26007,6622433,1
1794,138920,1
1792,138824,1
1791,138813,1
1790,138710,1
1786,138361,1
26006,6622428,1
26005,6622422,1
26003,6622416,1
26002,6622411,1
26001,6622408,1
26000,6622354,1
25999,6622351,1
26024,6624347,1
1741,133313,1
1740,133026,1
1736,132454,1
1765,135028,1
1760,134673,1
1781,138041,1
1776,137080,1
1771,135839,1
1769,135324,1
26020,6623864,1
26019,6623452,1
26016,6622876,1
26015,6622719,1
26014,6622718,1
26013,6622714,1
26042,6626389,1
1717,130924,1
1714,130883,1
1713,130868,1
1710,130789,1
1706,130701,1
1733,131974,1
1726,131584,1
1725,131554,1
1722,131426,1
1721,131350,1
26038,6625740,1
26037,6625517,1
26034,6625377,1
26033,6625144,1
26026,6624609,1
1676,127811,1
1674,127586,1
1673,127520,1
1671,127149,1
1702,130081,1
1701,130032,1
1699,129844,1
1690,129070,1
1687,128616,1
26054,6628000,1
26053,6627501,1
26052,6627472,1
26048,6627134,1
26047,6627039,1
26045,6626957,1
26044,6626948,1
26078,6631671,1
26073,6630844,1
1650,125746,1
1649,125676,1
1647,125647,1
1646,125478,1
1669,126961,1
1663,126493,1
1661,126367,1
1658,126158,1
26068,6629608,1
26067,6629580,1
26065,6629213,1
26064,6629172,1
1686,128564,1
1682,128215,1
1597,122684,1
1595,122502,1
1594,122443,1
1622,124135,1
1619,123725,1
1616,123647,1
1609,123006,1
1638,124837,1
1637,124649,1
1634,124562,1
1628,124320,1
1626,124291,1
1624,124201,1
26086,6633209,1
26081,6632104,1
26079,6631981,1
1560,119681,1
1588,121491,1
1587,121466,1
1586,121464,1
1584,121352,1
1582,121204,1
1578,121001,1
1577,120906,1
26099,6635365,1
26096,6634879,1
26095,6634852,1
26093,6634634,1
26092,6634578,1
26090,6634208,1
1606,122914,1
1599,122745,1
26120,6637354,1
1530,116852,1
1528,116714,1
1558,119600,1
1552,118829,1
1550,118650,1
1549,118534,1
1546,118311,1
1545,118249,1
26118,6637145,1
26116,6636658,1
26113,6636477,1
26112,6636405,1
26106,6635753,1
1567,120226,1
1564,120105,1
26142,6641175,1
26138,6640797,1
26137,6640731,1
1526,116690,1
1523,116434,1
1521,116296,1
1519,115940,1
1515,115585,1
1514,115278,1
1511,115003,1
26133,6639840,1
26132,6638937,1
26130,6638719,1
26124,6637953,1
26123,6637600,1
26121,6637498,1
1468,111246,1
1465,111032,1
1493,113586,1
1492,113550,1
1483,112781,1
1481,112330,1
1508,114930,1
1504,114673,1
1503,114672,1
1500,114418,1
1499,114252,1
1497,113858,1
1495,113673,1
26147,6642293,1
26146,6642170,1
26145,6641995,1
26173,6646687,1
26171,6646131,1
26170,6645654,1
26167,6645005,1
1462,110626,1
1458,110439,1
1457,110391,1
1456,110256,1
1454,110198,1
26166,6644942,1
26165,6644929,1
26163,6644446,1
26155,6643177,1
1478,112220,1
1477,112196,1
1475,112130,1
26188,6648134,1
26185,6647576,1
26184,6647545,1
26183,6647377,1
1445,109572,1
1443,109282,1
1442,109084,1
1440,108989,1
1439,108979,1
1438,108734,1
1437,108318,1
1433,108121,1
1431,107966,1
26181,6647261,1
26178,6646881,1
26175,6646731,1
26200,6649464,1
1410,106692,1
1409,106644,1
1404,105874,1
1399,104926,1
1430,107888,1
1428,107764,1
1424,107544,1
1423,107472,1
1419,107387,1
1418,107219,1
1416,107110,1
1415,107103,1
26198,6648822,1
26193,6648376,1
26189,6648150,1
1369,102371,1
1394,104433,1
1390,104203,1
1389,103770,1
1388,103746,1
1386,103609,1
1384,103202,1
1383,103070,1
26214,6650876,1
26213,6650874,1
26212,6650769,1
26210,6650554,1
26209,6650439,1
26207,6650247,1
26203,6649632,1
26202,6649585,1
1346,100632,1
1345,100447,1
1344,100433,1
1342,100389,1
1341,100025,1
1335,99570,1
1361,101638,1
1358,101334,1
1354,101060,1
26230,6652899,1
26226,6651945,1
26217,6651070,1
26216,6650967,1
1379,102738,1
1377,102679,1
1372,102449,1
1331,99268,1
1330,99214,1
1329,99181,1
1326,99027,1
1325,98765,1
1324,98595,1
1322,98322,1
1319,98272,1
26241,6654914,1
26240,6654844,1
26239,6654454,1
26233,6653367,1
26232,6653034,1
1350,100820,1
1349,100802,1
1347,100746,1
1296,96656,1
1295,96621,1
1293,96349,1
1292,96335,1
1289,95925,1
1288,95787,1
1287,95763,1
1316,97891,1
1311,97517,1
1309,97299,1
1305,97145,1
26258,6659871,1
26255,6659184,1
26253,6658582,1
26251,6658325,1
1333,99434,1
26287,6663787,1
26284,6663552,1
26282,6662989,1
26281,6662545,1
26279,6662460,1
1285,95578,1
1281,95454,1
1279,95397,1
1275,95264,1
1271,94957,1
26278,6662455,1
26275,6662269,1
26270,6661276,1
26268,6661142,1
1301,96895,1
1300,96826,1
26302,6666782,1
26299,6665728,1
26295,6664980,1
1268,94444,1
1265,94275,1
1264,94226,1
1263,94150,1
1261,93884,1
1260,93829,1
1259,93805,1
1258,93767,1
1257,93752,1
1256,93657,1
26292,6664657,1
26291,6664644,1
26288,6663913,1
1213,90697,1
1208,90082,1
1237,92427,1
1229,91824,1
1223,91602,1
1254,93407,1
1253,93396,1
1252,93386,1
1251,93311,1
1250,93301,1
1247,93160,1
1246,93045,1
1244,93019,1
26310,6668088,1
26308,6667905,1
26304,6667157,1
1206,90027,1
1203,89860,1
1201,89850,1
1198,89781,1
1197,89690,1
1196,89433,1
1194,89106,1
1193,89044,1
26320,6669289,1
26318,6669189,1
26316,6669088,1
26315,6668971,1
26311,6668167,1
1220,91492,1
1218,91298,1
1215,90883,1
26344,6671477,1
1185,88676,1
1184,88669,1
1183,88553,1
1182,88367,1
1181,88184,1
1180,88175,1
1178,88120,1
1177,88103,1
1175,87683,1
26341,6671354,1
26340,6671337,1
26338,6671091,1
26336,6670674,1
26328,6670192,1
26327,6669972,1
1154,86228,1
1149,85847,1
1148,85815,1
1144,85452,1
1172,87533,1
1171,87525,1
1170,87327,1
1168,87226,1
1167,87202,1
1163,86875,1
1162,86712,1
26355,6672225,1
26353,6672217,1
26351,6672130,1
26347,6671747,1
26346,6671638,1
1125,83850,1
1119,83159,1
1118,83158,1
1115,82501,1
1141,85219,1
1134,84432,1
1133,84378,1
1129,84038,1
26374,6673608,1
26373,6673530,1
26369,6672914,1
26368,6672908,1
26365,6672754,1
26362,6672649,1
1157,86357,1
1155,86310,1
26392,6675582,1
1091,80730,1
1087,80599,1
1085,80549,1
1084,80536,1
1080,80357,1
1109,81859,1
1104,81364,1
26389,6675297,1
26387,6674370,1
26386,6674363,1
26380,6673876,1
26379,6673846,1
26378,6673755,1
26375,6673626,1
1126,83912,1
1077,80200,1
1076,80198,1
1073,79909,1
1070,79825,1
1068,79775,1
1067,79694,1
1065,79638,1
1063,79505,1
26405,6677187,1
26404,6677138,1
26402,6677068,1
26400,6676862,1
26398,6676838,1
26396,6676385,1
26395,6675724,1
26393,6675619,1
1059,79245,1
1058,79194,1
1057,79154,1
1054,78977,1
1053,78871,1
1052,78858,1
1051,78815,1
1049,78707,1
1048,78687,1
26421,6677993,1
26418,6677916,1
26415,6677849,1
26414,6677835,1
26410,6677628,1
26408,6677524,1
1078,80285,1
26447,6679504,1
26442,6679308,1
26441,6679265,1
26440,6679218,1
26439,6679210,1
1009,76778,1
1030,77950,1
1026,77691,1
26435,6678878,1
26428,6678730,1
26427,6678726,1
26426,6678715,1
26424,6678624,1
1038,78361,1
1037,78314,1
1061,79353,1
26459,6679919,1
26457,6679857,1
26455,6679822,1
996,76192,1
994,76116,1
993,76092,1
992,76001,1
990,75851,1
986,75668,1
985,75514,1
26454,6679816,1
26453,6679757,1
26452,6679714,1
26451,6679673,1
26449,6679621,1
26448,6679610,1
965,74062,1
963,73968,1
962,73827,1
957,73568,1
982,75364,1
981,75025,1
977,74893,1
975,74787,1
967,74241,1
26468,6680655,1
26466,6680551,1
26465,6680366,1
26464,6680153,1
26463,6680142,1
26461,6680113,1
26460,6680017,1
929,70750,1
922,70283,1
920,70263,1
947,72338,1
943,72148,1
940,71969,1
938,71557,1
935,71461,1
26486,6681628,1
26481,6681468,1
26480,6681394,1
26479,6681224,1
26478,6681172,1
26476,6681011,1
26473,6680916,1
26472,6680888,1
26507,6682422,1
26506,6682346,1
26504,6682293,1
916,70138,1
912,69935,1
907,69531,1
904,69206,1
903,69157,1
26498,6682073,1
26494,6681924,1
26493,6681910,1
26492,6681880,1
26488,6681736,1
26487,6681679,1
933,71183,1
932,70913,1
26525,6683650,1
26523,6683587,1
26521,6683355,1
902,69076,1
900,68954,1
897,68819,1
896,68683,1
895,68680,1
894,68657,1
893,68587,1
887,68080,1
26517,6683044,1
26513,6682921,1
26511,6682746,1
26510,6682695,1
26509,6682631,1
26537,6685210,1
26535,6685150,1
869,66751,1
862,66399,1
856,66105,1
885,67783,1
883,67651,1
882,67478,1
881,67420,1
880,67417,1
879,67410,1
878,67217,1
875,67060,1
26531,6684091,1
26529,6683743,1
26528,6683739,1
837,64499,1
826,64165,1
854,65827,1
852,65434,1
850,65278,1
849,65158,1
848,65077,1
845,64959,1
844,64860,1
840,64659,1
26548,6686653,1
26546,6686443,1
26544,6685820,1
26543,6685805,1
26542,6685718,1
26540,6685663,1
26575,6688320,1
26574,6688298,1
26571,6688223,1
26570,6688043,1
26568,6687924,1
26567,6687904,1
820,63562,1
816,63443,1
815,63434,1
808,63025,1
26566,6687785,1
26561,6687564,1
26558,6687510,1
26557,6687367,1
26556,6687362,1
26553,6687242,1
790,61772,1
787,61734,1
783,61519,1
781,61279,1
780,61268,1
779,61251,1
775,61024,1
806,62921,1
804,62867,1
802,62819,1
799,62449,1
797,62352,1
796,62266,1
794,61967,1
791,61787,1
26579,6688369,1
750,59272,1
748,59189,1
745,58943,1
744,58683,1
773,60881,1
770,60638,1
767,60367,1
765,60259,1
761,60042,1
759,59906,1
26595,6689690,1
26592,6689453,1
26591,6689439,1
26587,6689279,1
26586,6689035,1
26585,6688748,1
26621,6691884,1
26617,6691680,1
740,58503,1
737,58464,1
735,58386,1
733,58237,1
729,57898,1
728,57826,1
727,57764,1
26612,6691276,1
26608,6690545,1
26604,6690188,1
26602,6690024,1
26599,6689810,1
757,59897,1
756,59824,1
26632,6692552,1
709,57001,1
708,56951,1
707,56932,1
702,56785,1
700,56708,1
726,57725,1
725,57472,1
724,57450,1
719,57241,1
717,57231,1
713,57118,1
712,57113,1
26628,6692391,1
26624,6692015,1
26623,6691968,1
674,54374,1
673,54289,1
670,54211,1
669,53652,1
691,56239,1
684,55668,1
683,55633,1
682,55517,1
681,55457,1
680,55440,1
26646,6693776,1
26645,6693724,1
26642,6693486,1
26641,6693426,1
26638,6692982,1
26635,6692737,1
26666,6695957,1
645,49782,1
637,48043,1
631,47421,1
662,52849,1
660,52837,1
659,52529,1
656,52467,1
649,50784,1
26656,6695063,1
26655,6695024,1
26653,6694505,1
26652,6694502,1
26648,6693934,1
678,55290,1
675,54777,1
612,45969,1
611,45968,1
610,45966,1
606,45624,1
604,45517,1
599,45116,1
630,47170,1
628,47075,1
627,47032,1
626,47022,1
624,46972,1
620,46679,1
619,46644,1
618,46574,1
26675,6697578,1
26669,6696189,1
580,43665,1
575,43082,1
574,42683,1
598,45018,1
597,44986,1
595,44923,1
590,44728,1
587,44311,1
26694,6698998,1
26693,6698900,1
26692,6698747,1
26685,6698207,1
26683,6697969,1
26681,6697931,1
26680,6697901,1
26679,6697893,1
541,40224,1
539,40032,1
536,39929,1
566,42188,1
564,42015,1
561,41747,1
559,41491,1
558,41438,1
557,41432,1
554,41193,1
553,41112,1
26708,6701940,1
26707,6701881,1
26706,6701468,1
26701,6700828,1
26696,6699748,1
513,38289,1
510,38004,1
507,37802,1
503,37585,1
532,39459,1
528,39197,1
526,39121,1
523,39098,1
520,38669,1
26723,6704072,1
26716,6702705,1
26712,6702199,1
550,40963,1
549,40955,1
547,40837,1
545,40730,1
484,36534,1
479,36136,1
478,36080,1
473,35710,1
472,35577,1
471,35485,1
499,37422,1
494,37002,1
488,36721,1
26735,6706383,1
26734,6706347,1
26732,6706287,1
26730,6705973,1
26727,6705338,1
517,38549,1
515,38413,1
447,33092,1
446,33064,1
445,32866,1
441,32632,1
467,35363,1
460,34102,1
458,33919,1
456,33846,1
455,33750,1
26758,6709612,1
26757,6709585,1
26749,6708285,1
26748,6708275,1
26745,6707875,1
26744,6707870,1
485,36630,1
422,31320,1
421,31278,1
417,30985,1
416,30968,1
414,30894,1
412,30885,1
410,30852,1
407,30660,1
26769,6710922,1
26765,6710347,1
26764,6710263,1
26760,6709944,1
438,32412,1
432,31984,1
450,33360,1
448,33135,1
362,26300,1
361,25989,1
386,28498,1
385,28449,1
380,28083,1
379,28024,1
402,30450,1
399,30081,1
398,30048,1
397,29901,1
394,29669,1
393,29592,1
26787,6712523,1
26780,6712151,1
26777,6711753,1
26775,6711679,1
26817,6714052,1
26814,6713958,1
342,24600,1
334,24143,1
331,23810,1
328,23554,1
358,25826,1
349,25086,1
346,24859,1
26802,6713314,1
26801,6713286,1
26797,6713004,1
26794,6712948,1
374,27468,1
368,26876,1
364,26391,1
283,19618,1
281,19592,1
280,19515,1
279,19513,1
310,21880,1
305,21472,1
302,21188,1
324,23218,1
323,23163,1
321,23142,1
320,23122,1
317,23020,1
316,22902,1
315,22786,1
26822,6714423,1
26818,6714064,1
26847,6717716,1
26845,6717335,1
276,19449,1
273,19388,1
270,19335,1
268,19215,1
266,19135,1
265,19031,1
26837,6716484,1
26835,6716334,1
26834,6716273,1
26826,6714925,1
26824,6714587,1
294,21034,1
290,19959,1
287,19753,1
26860,6719573,1
26858,6719455,1
26857,6719004,1
26856,6718974,1
261,18830,1
258,18688,1
256,18625,1
254,18347,1
253,18332,1
252,18311,1
251,18242,1
249,18141,1
248,18114,1
26853,6718418,1
26851,6718221,1
26848,6717720,1
26877,6720528,1
26876,6720502,1
26874,6720490,1
245,17959,1
244,17942,1
243,17938,1
242,17922,1
241,17834,1
239,17753,1
238,17751,1
237,17745,1
236,17739,1
233,17477,1
232,17392,1
26864,6719732,1
26861,6719660,1
26896,6722396,1
26895,6722219,1
26891,6721578,1
26890,6721571,1
26888,6721482,1
228,17110,1
227,17033,1
226,16914,1
225,16901,1
223,16865,1
222,16864,1
219,16758,1
216,16532,1
26885,6721234,1
26882,6720946,1
26879,6720633,1
194,14661,1
193,14632,1
190,14479,1
185,14211,1
184,14210,1
183,14196,1
213,16033,1
210,15632,1
208,15331,1
206,15078,1
202,14816,1
199,14715,1
26902,6722886,1
26900,6722768,1
26899,6722738,1
26897,6722581,1
26920,6724706,1
26919,6724580,1
179,14052,1
177,13580,1
176,13199,1
172,12474,1
170,12425,1
167,12306,1
26916,6724209,1
26914,6724043,1
26909,6723450,1
26908,6723429,1
26906,6723366,1
26904,6723060,1
196,14691,1
195,14679,1
26939,6726221,1
26937,6726212,1
141,10935,1
140,10927,1
136,10633,1
166,12277,1
162,12039,1
161,12003,1
158,11760,1
156,11573,1
155,11557,1
152,11517,1
26934,6726002,1
26926,6725108,1
26924,6725001,1
26923,6724983,1
117,9318,1
111,9145,1
109,9046,1
107,8998,1
134,10462,1
133,10381,1
127,9921,1
126,9906,1
26950,6726733,1
26949,6726684,1
26947,6726478,1
26944,6726425,1
26943,6726376,1
26942,6726348,1
26941,6726284,1
26940,6726224,1
26967,6728966,1
102,8589,1
100,8497,1
98,8448,1
96,8373,1
91,8007,1
89,7876,1
87,7652,1
26966,6728914,1
26965,6728853,1
26959,6728137,1
26958,6727785,1
26954,6726977,1
26953,6726875,1
26952,6726873,1
26951,6726782,1
68,5712,1
66,5686,1
65,5602,1
56,5029,1
85,7449,1
82,7217,1
81,7106,1
80,6943,1
79,6623,1
75,6435,1
74,6398,1
72,6158,1
26982,6730577,1
26977,6730251,1
26976,6730126,1
26974,6729793,1
18,811,1
27037,6734609,1
27036,6734528,1
0,1,1
27034,6734363,1
6,265,1
27032,6734182,1
27031,6734176,1
27013,6733587,1
27008,6732883,1
27005,6732741,1
27001,6732616,1
27000,6732586,1
26999,6732405,1
36,2710,1
33,2557,1
16995,3787449,1
16992,3787210,1
16983,3785608,1
27030,6734174,1
27028,6734072,1
27026,6734031,1
27024,6734002,1
27023,6733994,1
27022,6733985,1
27020,6733907,1
27019,6733887,1
27018,6733801,1
27017,6733762,1
27016,6733731,1
27015,6733675,1
22,978,1
