,account_id,content
0,2772719,"lord please help strengthen all of us!. strengthen our patience, and open our eyes to be able to see all of the areas in our lives that may need more of it!  amen    this marine is like fine wine!  he just keeps getting better!     this little girl just made more sense and had more courage, than 90%, if not more, than our current politician's! love her!  "
14,439911,"#fauci will irs tax you on your home's ""appreciated"" value? a case before the supreme court now may redefine ""income"" once again. ""income"" did not initially include wages. then they changed the definition. now they want to tax you on ""unrealized gain"", assets that have gone up in value even though you did not sell or withdraw any money. it could be a precedent with devastating effect. is this why biden wants an irs army (and the gop goes along with mon 4apr22david knight show podcast* skousen   preparing for ""mad max"" scenario* dc protestors expose infanticide* food prices in germany rise 20%-50% today* iowa law to require curriculum posted for parents to see. #homeschool curriculum issue is sorting thru vast the david knight show 4apr22 - unabridged* skousen   preparing for ""mad max"" scenario* dc protestors expose infanticide* food prices in germany rise 20%-50% today* iowa law to require curriculum posted for parents to see. #homeschool curriculum issue is sorting thru vast preparing for ""mad max"" scenariois nuclear war coming? will the dollar collapse? where to go and how to prepare for what's comingtoday's interview with joel skousen, worldaffairsbrief. comfull interview at interview: skousen - preparing for ""mad max"" scenariojoel skousen, is nuclear war coming? will the dollar collapse? where to go and how to prepare for what's remember me?david knight returns to give you an update on his health and how he isworking toward getting back in the ricky schroeder...this one sees#freedomconvoy #freedomtrucker #novaccine #novaccinemandate #novaccinepassport you can now watch the show live on kick every weekday, 9:00am est - 12:00pm est. click the link and follow our kick channel."
16,3110367,"children have never been very good at listening to their elders, but they have never failed to imitate them. they must, they have no other models. -james baldwin or anyone from the left, for that matter. must watch video of the highwire interviewing a whistleblower on the efficacy of ivermectin. if you don't have time for the full show (although all if it is worth watching), advance to the 48:50 mark. ""let's start saving lives.""  this is from paul harvey. it seems there have been warnings of what was to come for decades."
18,1926101,"when will the real criminals be arrested and face did you know?children that received a flu vaccine were 440% more likely to suffer a viral infection compared to children that did not receive a flu vaccine.those vaccinated with the flu vaccine - cough, sneeze, breath, and otherwise transmit 640% more viral particles when they become infected by another virus.if an individual has had five consecutive flu shots between 1970 and 1980 (the years studied) his/her chances of getting alzheimer's disease is ten times higher than if they had one, two or no shots.children who get the flu vaccine may have 3x the risk of hospitalization for flu.the flu shot can cause"
27,66643,"i ask you to consider this, with absolutely no consideration of right, wrong or morality the only lens of perspective i'm trying to highlight is the following. if those who would kill an unborn out of desperation, disdain or even convenience what will a child they are forced to raise become? my point is until we account for the consequences of our ""solutions"" we will fail to escape the cycles of growth and destruction inherent to our history. remember people just because we're about to hit hard times doesn't mean we can slack off on the f**kery! if you get involved in a conversation with someone new and you find out they're vaccinated and they find out you are not simply look at them and say i sent my vaccine to africa where it's needed what about you you selfish bastard! it's not only about playing their game it's about making them realize they suck at it. @exspert bring back state militias and have training for every man woman and child to cope with civil and natural disasters so the populace can coordinate and be responsible. you elect a sheriff but his main duty is to show up and say don't kill him we got to give him a trial. and above all part of this training should be in manners and constitutional rights train each individual to be strong valuing circles of trust the smallest and most trusted being the family the next neighbors after that community. the entire goal being to bring back the military sovereignty of each state. from the moment our troops swear to protect this country from enemies foreign and domestic they are taking orders from the ones they should be killing and going overseas to violate those who are in the way of corporate interests. who needs a meme!!!"
28,1538323,"empower yourselves!the government will never save anyone from financial ruin become financially independent so you don t have to answer to attention, petite ladies! i highly recommend the concealment compression shorts from the well armed woman for your concealed carry! i just tried them on and even tried them with different fits of jeans and it s amazing! i cannot tell you how long i ve been looking for a conceal-carry holster that doesn t print. i m so happy! best part: the shorts are made in our beautiful usa! #concealcarry #firearms #holsters"
33,1504865,"  new episode out now   ""three vanished, one missing: is xi facing the fate of past ccp leaders?""  xi jinping hasn t appeared in public for 14 days.  key ccp meetings mysteriously canceled.  people's daily: eerily silent.  a top general suddenly dead.  is this de ja  vu from the downfall of hua guofeng, hu yaobang, and zhao ziyang?in this episode, i break down what s really going on behind the red curtain   and why history may be repeating itself.  watch now! plus, check out the new wise quest eye patches in jennifer s store at your support helps me continue bringing you the inconvenient truths. the ccp s much-anticipated but long-delayed fourth plenum is finally happening!but what will really go down behind those closed doors?will xi jinping step down?and if he does, who will take his place?  click to sign up for free, follow me, and watch my quick updates! this video is right at the top left. the ccp s much-anticipated but long-delayed fourth plenum is finally happening!but what will really go down behind those closed doors?will xi jinping step down?and if he does, who will take his place?  click to sign up for free, follow me, and watch my quick updates! this video is right at the top left. the ccp s much-anticipated but long-delayed fourth plenum is finally happening!but what will really go down behind those closed doors?will xi jinping step down?and if he does, who will take his place?  click to sign up for free, follow me, and watch my quick updates! this video is right at the top left.  the recent ""big recall"" of pro-ccp lawmakers in taiwan   and its ""big failure""   has exposed an even more dangerous and urgent threat: the ccp s plan b to take over taiwan legally from within.  the ccp seems to have cracked the code on how to use democracy to defeat democracy. but so far, democratic societies haven t figured out how to counter the ccp s playbook. i ve proposed a solution   maybe the only one. watch now at taiwan s failed recall vote: a wake-up call2:53 ccp s secret plan: using democracy to destroy democracy4:06 step 1: create controlled chaos in taiwan5:02 step 2: paralyze taiwan s government6:00 step 3: a  legal  invitation to the pla8:53 taiwan s legislature becomes a weapon9:52 cutting defense, silencing the military10:22 destroying taiwan s watchdogs and budget control11:14 ccp s deadline: before the 2028 election12:29 gao zhikai s shocking proposal13:32 the xi'an incident and its historical impact15:10 the only way to break the plot  the recent ""big recall"" of pro-ccp lawmakers in taiwan   and its ""big failure""   has exposed an even more dangerous and urgent threat: the ccp s plan b to take over taiwan legally from within.  the ccp seems to have cracked the code on how to use democracy to defeat democracy. but so far, democratic societies haven t figured out how to counter the ccp s playbook. i ve proposed a solution   maybe the only one. watch now at taiwan s failed recall vote: a wake-up call2:53 ccp s secret plan: using democracy to destroy democracy4:06 step 1: create controlled chaos in taiwan5:02 step 2: paralyze taiwan s government6:00 step 3: a  legal  invitation to the pla8:53 taiwan s legislature becomes a weapon9:52 cutting defense, silencing the military10:22 destroying taiwan s watchdogs and budget control11:14 ccp s deadline: before the 2028 election12:29 gao zhikai s shocking proposal13:32 the xi'an incident and its historical impact15:10 the only way to break the plot  the recent ""big recall"" of pro-ccp lawmakers in taiwan   and its ""big failure""   has exposed an even more dangerous and urgent threat: the ccp s plan b to take over taiwan legally from within.  the ccp seems to have cracked the code on how to use democracy to defeat democracy. but so far, democratic societies haven t figured out how to counter the ccp s playbook. i ve proposed a solution   maybe the only one. watch now at taiwan s failed recall vote: a wake-up call2:53 ccp s secret plan: using democracy to destroy democracy4:06 step 1: create controlled chaos in taiwan5:02 step 2: paralyze taiwan s government6:00 step 3: a  legal  invitation to the pla8:53 taiwan s legislature becomes a weapon9:52 cutting defense, silencing the military10:22 destroying taiwan s watchdogs and budget control11:14 ccp s deadline: before the 2028 election12:29 gao zhikai s shocking proposal13:32 the xi'an incident and its historical impact15:10 the only way to break the plot dear everybody,since youtube has demonetized me, here's a way to support me at no cost to you:if you open an account and follow me on ganjing worldusing this link ( ), i will receive payment!opening an account on ganjing world is incredibly simple; all you need is an email address. nothing else   absolutely nothing else   will be asked from you!ganjing world is our new free speech platform. unlike youtube or some other platforms, it won't censor us. it offers numerous features and is growing very quickly! such a wonderful platform shen yun creations to enjoy top dance, music, & vocal works of shen yun artists! subscribe now with the following link to get full access & 10% off!     "
37,1753974,"i started working on this timeline in february. i had my reservations about putting this on here because it is very controversial. researching, i went into to this from a neutral stance, a ""what if"" mentality. it is not something i took up lightly. the first couple of months every claim i looked up and then verified said claim as true pissed me off to the max!!! eventually you become desensitized and it becomes a ""sounds about right"" type of thing (remember i got the neutral mentality). so, with that said i'm going to post what i have found so far...and remember all context matters...it is wise to read newspaper clips to get full context...this is a lot for the average person enjoy!!!fyi: i hate no one, to each their own. my goal is not to correct the system, one man will not make a difference. my goal is to wake people up to the system and when and how they set it up. ""those who dont know history are doomed to repeat it"" only applies if people know the true history. right now people have no idea and are basing their corrections on fictional history....in other words thing will never be corrected if people continue to be mislead about the"
42,3137938,"@unconscionableadmin interesting read (foster's and yours). a couple of things they made me consider...should we apply this same thought process to other institutions that have moved hard left? i'm thinking primarily of colleges/universities, journalism, and the arts. and is there a point in time where the institution is too far gone? obviously god can work miracles anywhere, but how much compromise can one endure before moving on?"
44,2442678,"red pill recipe for today (2021-01-12)""why existence? why not rather nothingness?"" this question has been asked for millennia.i use a person's reaction to that question as a rough test for the degree to which they possess a spiritual nature.a simple test for spiritual nature: pose the existence question (sample reactions follow) a) it just happens. no point thinking about it. b) oh wow groovy! a big playground! c) holy crap! that's kinda terrifying. hmmm...(c) indicates a person currently capable of feeling awe. in other words, possesses a spiritual nature. (a), (b) tend to be fails, but possibly not permanently. encourage (c) to revisit that awe from time to time throughout the day; ""hold it in your thoughts"". essentially, it is a stripped-down, bare-essentials form of worship. no prior experience with religion or religious institutions is necessary. in fact, prejudice against same is not an insurmountable obstacle. the intended effect is to focus the imagination on what is, rather than what isn't. the experience of awe is very much in-the-moment. once experienced, there is no denying its reality.why is this important? we use our imaginations in a number of ways. for example, reviewing the past, gaming/prepping future scenarios, daydreaming (recreation), daydreaming (unreality, desires, power, utopias, other unhealthy things, what isn't)but most importantly we use it to interpret present reality. what is.the first three uses are normal. the fourth, while common in some, is unethical, especially when it works against or in place of the fifth, which is the most ethical. we perform actions in the present, and should judge the results of those actions according to what is. the action->result->assessment process is critically important in developing a healthy intuition. proper feedback.on the other hand, actions performed under guidance of an intuition informed by what isn't will tend to have both unfavorable results and a distorted (or missing) assessment of those actions; an improper interpretation of reality. habitually reinforced, actions on this path tend to barbarism. as an example, consider for a moment the state of our educational system, and what informs it.when a person focuses on what isn't, rather than what is, their intuition does not develop properly.these things are connected: awe, humility, temperance, decorum, serenity, happiness, fidelity to facts, a creator. they point in the direction of civilization. i believe that a cultivation of awe is a good first step toward an ethical reality. so the recipe is: ask the existence question. nurture awe. you can probably wing it from there :)extra credit: apply to ((b)&(a), and happy hunting!).(credit where credit is due: distilled(<3000 chars!)/inspired & w h/t irving babbitt) i just stumbled across this in my comics archive. a vaughn bode illustration from 1975 or earlier, inked by his son mark and published circa 1983.no offense is intended. it just struck me as timely, and cute (ymmv), in light of the twitter purge."
48,6446484,my name is becky and i'm a new start up business owner. i do bookkeeping and payroll for small businesses. i'm excited to be here with like-minded faith-filled patriots and hoping to grow my business while meeting a lot of great people. god
51,4866874,"if you enjoy any of my blog posts (especially the ones about our amazing god!) please share them with your friends and family!it is all for his glory! praise jesus!         latest blog post:""the jesus writing on the so check out what i found while reading about vaccines (go figure lol) ... a completely free guide on vaccine detoxing! while we of course don't know much about the new covid vaccines, this is at least a start especially if you or your kids have had other vaccines in the past.earthley is one of my most favorite companies and i am thinking even though i am definitely not getting the covid vaccine, i might have to try taking their vaccine detox herbal extract"
53,4626785,"pin!!! this will be my new pin to timeline. this is the truth, we know it. we need great minds to come together. like in the beginning of the industrial age it was the wild west. worker rights were non-existent and he who had the idea, power, leverage or otherwise ruled the day and has since owned the greatest resources and wealth of all time. the next era is similar, a new information age to be conquered and owned. who gets to control the space, the data, the aggregation, the compilation, the comparison of multiple life data sets? we need the digital bill of rights to support our natural occurring rights. as people we need full control of our footsteps, trails, fingerprints. can we start a consortium? who are our people? #digitalbillofrights #greatminds #andrewtorba"
58,354110,"epstein was a mossad   vote harder? i see this phrase often on conservative/right wing memes. it's most often written in a disparaging or mocking way.in my opinion, there are only two reasons for writing this:first-i think i understand- it's referencing the (i believe) stolen 2020 presidential election, and the republican party doing little (or nothing) to: keep jobs in the usa, protect our borders, defend liberty, etc. frustration. i'm feeling it too. second-simply a psyop to promote apathy in liberty minded people so that they cancel their own votes/voices. if this is the case, then go fuck yourself.  vote harder? i intend too.there are going to be local tax levy's, and zoning changes on my ballot, and i want my voice heard. while ron desantis was my first choice, he dropped out. i'm voting for trump. i'm voting for him as ""head manager"", not as a moral compass for my kids! i would never ask trump for marriage advice, but i would ask him for real estate advice.  if any of you hate trump that much (but can't quite articulate why), write in ""sweet meteor of death"" smod! (i love those memes!).even if i have to crawl in cold mud for half a mile, i will be there to vote on election day.sic semper tyrannis.-dan in ohio."
60,2025658," a timely reminder, you can lead a horse to water...    under the advice of legal counsel, i declare:1. the entire content and attachments of any and all of my posts are for the purposes of personal entertainment.2. posting said content does not constitute agreement or endorsement, nor do i vouch for its veracity. indeed, much content is preposterous, posted to illustrate absurdity.3. as a citizen of the free world, i do not waive any or all of my rights to any individual, group, corporation, agency, government, or any other entity. the use of any content posted by me for any purpose other than personal entertainment is not granted.4. unless otherwise noted, i have not produced any of the content posted to this site. all content and images were taken from this and other sites with a minimum age requirement of 18 years of age, and are assumed to be in the public domain.warning: to all individuals, groups, corporations, agencies governments or other entities, including local, state, federal or international law enforcement agencies, no permission is granted to use any content, including but not limited to, profile information, pictures, videos, blogs, essays and stories, in any form or forum, both current and future, for any purpose, including but not limited to, reports, projects, studies, and investigations. violators will be subject to legal action. don't forget your treason season decorations!   ncswic      . misery loves   enjoy the show no arguments here.h/t to realben over at x for this clip. gm all, but especially to the perpetually miserable black pilled reeeetards who lurk around and drop their nuggets of ""wisdom"" like their dark nihilist point of view is somehow a groundbreaking or mind-blowing novel opinion nobody else has ever contemplated or considered. we get it, you're miserable and misery loves company, but shit you guys are a fkn drag.p.s. i'll never engage in a debate with you morons because your views are lazy, predictable and low vibe, and i likely have you muted. i for one am not sick of the winning like you morons.seek help, jesus christ would be best in my opinion. god bless     america must unite."
66,2436940,"being that this person was doing this last year, and we all were outraged last year, and nobody did anything, and nothing has happened, i think this post is kind of pointless and just for clicks the year of recycled storylines o7 keep your rifle by your side..."
69,29474,"pledge to god given freedom and autonomyi hereby resolve to believe as reason compels, think as i will, say what i think, do what is good, love what is true, and protect what is beautiful. those who would destroy, and spurn all that god had made are evil.george palczynskiredux:""my own opinion is enough for me, and i claim the right to have it defended against any consensus, any majority, anywhere, any place, any time. and anyone who disagrees with this can pick a number, get in line and kiss my ass.""the redoubtable... christopher hitchens(university of toronto debate - 2007;""be it resolved: freedom of speech includes the freedom to hate,"" with thanks to sockalexis and putativepathogen"
71,189886,"just for the record: trump is not on social medias - not even his nate silver s latest blog post notes that conservatives are up 31 points among those with self-described excellent mental health, and down 26 among those with poor mental health.democrats have turned themselves into the party of the neurotic, the unstable, and the miserable. if you re happy and well-adjusted, vote  since bernie sanders, zohran mamdani, and other people believe that billionaires shouldn t exist, i asked grok what would happen if the government were to seize elon musk s                              "
72,3320579,"przed marszem powstania warszawskiego zbierane sa  podpisy przeciwko paktowi dzis  o 17.00 marsz powstania warszawskiego. video zaproszenie roberta video. piotr gociek zdradza tajemnice juz  drugi dzien  ba kiewicz przychodzi do prokuratury i niczego nie moz e sie  video. prezydent duda stwierdzi , z e to, co robi  ba kiewicz, by o  obrona  wartos ci bliskiej wie kszos ci szczecin ski prokurator nakaza  oskarz yc  ba kiewicza. gorzowski nie dopatrzy  sie  audio. ba kiewicz w radiu maryja. bezpodstawne zarzuty. cel spacyfikowac  ruch obrony biografia s wie tego piotra autorstwa ksie dza zwolin skiego w komornik zabra  ba kiewiczowi kase  i da  ja  gazecie wyborczej oraz babci video. robert ba kiewicz podzie kowa  za izrael, palestyna, kompendium wiedzy o z o nierzach radio wroc aw: wed ug dolnos la skiej policji ruch obrony granic nie sprawia chca  odebrac  rotom s rodki, jaki maja  z 1,5% rzecznik rza du insynuuje, z e ba kiewicz to rosyjski ochojska, babcia kasia, holland, jachira, starczewski, kurdej szatan, a dramatyczny mail ba kiewicza. czy lider ruchu obrony granic juz  jest sa siedzi izraela. muzu manie, kto rych wszystko rez im po wysy a policje , by zastraszac  senioro w. tak niszczy sie  autorytet policji i marnuje pienia dze"
80,3885925,"on the heels of the puerto rican fella and his gal being pulled out of their car and then executed in chicago this past weekend, thought of this video to share as another method to learn for protecting you and your family. training and situational awareness should be a constant exercise. as mike tyson so eloquently put it,  everyone has a plan until they get punched in the face.  make your plan multi dimensional so you have a lot of plans. then, when you get punched in the face you have a toolbox of goodies to choose"
82,2209649,finally! now they need to apologize publicly and all states should adopt this legislature as two of the most important videos out there right now. any thoughts of texas being turned purple or blue should be put to rest with this. and criminal charges pursued for those responsible for the death of the people who froze to death in their homes because of their incompetence... negligent or willful
94,3743456,"if you don't think this is wrong, you are a part of the problem of why america is no longer america. #wethepeople #wakeupamerica if donald trump and joe biden were pro-america and wanted to make america great again then they would refuse to debate without allowing kennedy to participate. period. liberty?      "
96,2185382,"@barnabas22 doge discovered actual money being washed through a ngo and then the ngo was acutely paying artists to add in chemtrails into old photos & movies ! you can t make this stuff up. heard alex jones slam catholic priests july 27, 2025.he said catholic priests report back to the vatican what they hear in the confessional.there is no way of course he can collaborate what he said w any respectable source. he must not know about the  seal of the confessional  & the priest s oath to protect & be silent - the priest can t even tell his bishop what was said in the confessional. jones has no idea of all the priests martyred over the centuries keeping their oaths for refusing to tell what they know. jones s statement is nonsense if he realized the confession is anonymous. plus, the idea that the vatican wants to hear about someone s sins is ridiculous - there are no new sins invented. the idea that priests are spies and passing along state secrets is preposterous - state secrets are not a sin a priest would ever hear.jesus established the normative way he wanted sins forgiven for a reason. he gave the apostles the power to forgive sins & it makes zero sense that he meant it only for the apostles and for them not to pass it along to their priests with apostolic succession.jn 20:23 > whose sins you forgive are forgiven them, and whose sins you retain are retained.  heard alex jones slam catholic priests july 27, 2025. he said catholic priests report back to the vatican what they hear in the confessional.there is no way of course he can collaborate what he said w any respectable source. he must not know about the  seal of the confessional  & the priest s oath to protect & be silent - the priest can t even tell his bishop what was said in the confessional. jones has no idea of all the priests martyred over the centuries keeping their oaths for refusing to tell what they know. jones s statement is nonsense if he realized the confession is anonymous. plus, the idea that the vatican wants to hear about someone s sins is ridiculous - there are no new sins invented. the idea that priests are spies and passing along state secrets is preposterous - state secrets are not a sin a priest would ever hear. jesus established the normative way he wanted sins forgiven for a reason. he gave the apostles the power to forgive sins & it makes zero sense that he meant it only for the apostles and for them not to pass it along to their priests with apostolic succession. jn 20:23 > whose sins you forgive are forgiven them, and whose sins you retain are retained.  my buddy is an er dr in northern california called today and said the hospital had a staff meeting. they informed them of impending financial crisis. now citizens in rural areas will suffer & die due to no longer having local care as a direct consequence of the dems harboring illegals. are you listening bishops? the dems spent all their for medicaid on the illegals by giving them free healthcare. it s not even july & the state is out of money and has quit paying all medicaid claims to the hospital. i don t know if they have stopped paying to individual clinics yet, but they r probably keeping them paid so they don t close. this way the state has shifted the entire burden of medicaid in ca to the hospitals. more rural hospitals will now go bankrupt and close. by law, the hospital has to evaluate every patient that comes in & treat them accordingly. what were the democrats thinking?ca hospital systems continue to crumble."
104,5546698," @gailauss @maliakay @karoola @missymoo1234 @mysticphoeniix @fedupcitizen7 @leannev if this comes to pass then the work of ""russell-jay gould"" takes presidence over everything.i've stated in the distant past that, donald needs to come clean and tell the people the ? @mysticphoeniix @gailauss @maliakay @karoola @fedupcitizen7 @fan1776 @oldsmokie66 mmmhmmm ... micro-chipping is good for you ... mmmhmmm"
110,6374765,"the time of our grandfathers is so far removed, so utterly alien to us, it might as well never have existed at all. no more tangible than stories of ages past, of greek legends, norman conquests, and a world at war. grainy photos and discolored footage is all that's left of a time and place that should have been ours.never forget what was taken from us."
113,6130267,"in kc, mother of 3 u.s. children, including autistic 5-year-old, to be deported via @yahoofrom trump announces travel ban affecting a dozen countries set to go into effect monday via @yahoofrom america . . .   judge says migrants sent to el salvador prison must get a chance to challenge their removals via @yahoofrom mom, die . . .   increased from to . . .   kennedy center revenue crashes after trump hijacks program via @@yahoonewsfrom will pardon him . . .    came to america on a tourist visa . . . not over the border!    this is the scalpel they'll use to ruin the lives of individuals the president is opposed to.' via @yahoofrom  more white south africans arrive in the us under a new refugee program via @@yahoonewsfrom   . . . no . . .   parole . . .   again . . .  trump administration reportedly moves to ban jackie robinson biography from naval academy library via @yahoofrom"
114,4107933,"amen! paul teaching truth to the philippians! applies to us as well! love god, love people! have a blessed day! please pray in supplication for those in need! rebuke evil and corruption! abide in christ always! #jesus #truth #faith #hope #abide"
116,3043213,"        well, at least his genes will not be           man convicted in a french court for killing 4 people in a paris synagogue bombing is living freely in canada, even working as a professor teaching students about 'social justice in action.' why hasn t he been extradited to france to face justice?is justin trudeau refusing france's extradition request?"
117,24205,"not wrong unable to monetize fact finding oh, the thought! half-truths, straw man arguments, and lies, no data public policy major does not understand specific enumerated rights california background check for ammo sales is unconstitutional a great day for freedom another brick in the wall"
124,1257412,"greetings gab, i am a big fan of freedom and individual responsibility. i try to avoid sites that censor people, although i check on some family on fb. i have interests in photography, travel, gardening, cooking (independent living). i will post a link when i update my website with these types of topics."
130,1984115,"so one of our rescue kitties that we took to a place called kitty cove rescue, got adopted after only one week. i had her for 6 months before they could take her. it broke my heart giving her up, and this picture that kitty cove sent me brought me to tears with joy. the title said, ""guess who got adopted today?"" so if we actually send another 26 billion dollars more to ukraine, that equals over per resident. think about that for just a minute and remember what you got for the entire covid farce.... we send them payments over and over and over, while americans suffer. and don't for a minute think that that is not the purpose of all of this. they honestly, really, actually, truly hate your and my guts. this happened to me during hurricane harvey. but at least i got a lot more than these people are going to get. what a shit show! so i switched to a new phone and reloaded gab and signed back into it. now i cannot stop seeing people that i don't follow and i don't know how to stop it. can somebody please give me a hand and let me know how to only see people that i follow once again? rescue kitties at 4 and a half months missing the nurturing their mama would have given them. they treat their kitty bed as if it's their mom. (they're also batshit crazy lol) we already saved two from the last batch of stray kitties, and maybe the mama knew, and that's why she put the kitties underneath our car? i don't know. it took everything i had not to bring them inside this time. this is your clean energy vehicle in action when the government tells you that fatty meats are bad for your health, you know what to do. my 17 year old son says he will not go outside with me if i wear this shirt. i told him go ahead and stay inside. i'm not being held hostage by my misinformed, no listening son telling me what to wear or not wear. don't ask me why the little kitty girl decided to go to sleep like this. i guess she got too tired playing with the medical glove that she somehow found somewhere. i think everyone in my house is insane, including the cats. happy 4th y'all! what, so you can't keep an nine and a half foot tall werewolf in your yard in ohio? what is this world coming to? i was wildly surprised to see this on a google search when i typed in ""is the un evil""...... i cannot believe it was the first search to pop up, given that it was google after all. it's a pretty good quick read about what the un actually wants. happy ""thank your dad for liking vagina"" day . otherwise you wouldn't be here to read this text."
131,1767101,"where there is no jesus, evil always reigns... phil robertson fafo anthem! fjb! let's go fishing! aaron  number of arrests..., zero!  the administration is not serious about the illegal alien problem until they do this to anyone hiring or sheltering illegal aliens. "
134,408254,"here is #rayepps in video telling protesters to enter the capitol. yet, no prison time? #fbiplants get sweetheart deals... #mercola: study shows #vitamind reduced #dementia risk by 40%a study in a cohort of 12,388 persons showed that vitamin d exposure over 10 years could lower the risk of dementia by 40%; women in the study experienced a greater benefit than menthere is a synergistic effect with #magnesium, #vitamink2 and #calcium and an imbalance may raise the risk of heart attack and stroke; the only way to determine how much #sun exposure or supplementation you need is to test your vitamin d levelboth #sunshine and #vitamins give vitamin d! why fauci should be charged with murder: 1. the statute of limitations never ends for murder. 2. fauci played a key role in the conspiracy to use hundreds of foster children for forced toxic drug experiments resulting in hundreds of deaths. their pretentious committees, bogus legal cover, and passing the buck of blame, do not justify the murders. 3. numerous books and investigative journalists have documented the evidence of involuntary experiments on children, without proper legal representation for the children. -john solomon found 465 children subject to niaid trials and only 1/3 had the required 'legal advocate' representing them   the legally required minimum. pg. 247 #realanthonyfauci -#verasharav, director of #ahrp, investigated and found that many foster children subjected to forced experiments were perfectly healthy. pg. 248 #therealanthonyfauci -dr william thompson disclosed that top #cdc officials forced him and others to lie about vaccine injuries and destroy data. pg 244 #realanthonyfauci #liamscheff has documented eyewitnesses, such as mimi pascual, explaining the torturous and deadly treatment at the #icc link - #drdeath #americanmengele #killerfauci #medicalmanslaughter #medicalconspiracy #medicalfraud #medicaltyranny #fdacorruption #cdccorruption #niaid #medicalmafia"
143,199229,"the dc patriot cartoon of the day july 6, 2022:  biden-democrat disaster  2,000 mules update: huge audiences, sold out theaters, despite what mainstream media is reporting thousands of arkansas teens gather at high school football stadium to worship jesus (amazing video inside) herpes infection possibly linked to covid-19 vaccine, new study says"
144,3009729,"i am discovering one of the almost paradoxical characteristics of fundamental drivers of the liberal mind is they tend to be more a type a personality than we would think. whereas in the past this was more common in politically neutral professions, i.e. engineers, cpa's, etc, where precision was a matter of pride and could be counted on, this mentality seems quite present across the liberal spectrum. the big difference now is it is not professionally driven, but of course emotional, and if you push a little, it is just an explosion of emotion. no substance really. almost as if they know they have no real basis for their stance, cannot actually back it up, but the type a control trigger demands they are right regardless. there may be a useful clue in this observation gor either fighting them, or awakening them. just depends on how much you want to do of either, and if its worth it....lol."
151,1041392,"the way holy scripture describes how worshipping god ought to look like seems more catholic than the way any protestant denomination's attempt to worship god.hard truths to follow. the thief on the cross was saved because of the grace mary prayed onto him.god answered his mother's prayer. if you do not believe that remarrying after divorce is a sin, you are essentially a communist. it's sad that protestants cannot recognize the woman that incubated and birthed the creator of existence. serving christ is, literally, the only thing that matters."
161,1546529,"the secret history of the federal reserve they don't want you to know fidelity says gold possible as fed cuts, dollar drops ray dalio: why 15% of your portfolio should be in gold or bitcoin #bitcoin #crypto #silver #retirement #gold executive order 6102: how the u.s. made gold illegal"
164,5176004,"life in the ussa.""there's no way to rule innocent men. the only power any government has is the power to crack down on criminals. well, when there aren't enough criminals, one makes them. one declares so many things to be a crime that it becomes impossible to live without breaking laws.""   ayn rand ""government is the great fiction, through which everybody endeavors to live at the expense of everybody else.""   frederic bastiat  ""any fool can make a rule, and every fool will mind it.""   cousin woodmanand every cop will enforce ""not one of our 18 intelligence agencies reported that iran had nuclear capabilities."" - shawn ryanthe shocking part of that statement is that we have 18 f***ing intelligence agencies! ""the aim of public education is not to spread enlightenment at all, it is simply to reduce as many individuals as possible to the same safe level, to breed and train a standardized citizenry, to put down dissent and originality.""   h l. mencken"
167,6687924,"as some of you might have heard, collective shout has been on the warpath, banning and censoring companies using payment processors as a proxy to do so. the short of it is they are ""asking"" - bullying - payment processors to drop support for websites, it's gotten so bad that japan is suing them for antitrust when they tried to block payment processing for anime and manga. luckily, someone has started a petition to bring more attention to this and ask for more decisive action from our government.make no mistake, this is about controlling media and censorship. they might say it's about protecting the over-sexualization exposure to young individuals. however, their actions say otherwise, and their hypocrisy goes even further if you look into it. so, if you have a moment, please sign this petition, help protect our right to purchase what we want, protect content creators, and protect the freedom of expression:"
168,1687823,"   trusting an appointed board? what does one city council member's opinion on hura have to do with hura budget talks? why are people ok with appointed boards spending millions of taxpayer money? the function of an urban renewal board can be done by the city council.here is a link to the whole hayden urban renewal agency meeting. this clip is from about 50 minutes into the video. trusting an appointed board? what does one city council member's opinion on hura have to do with hura budget talks? why are people ok with appointed boards spending millions of taxpayer money? the function of an urban renewal board can be done by the city council.here is a link to the whole hayden urban renewal agency meeting. this clip is from about 50 minutes into the video. i am not a fan of national monuments. they usually prohibit use of the land by the public for hunting, snowmobiling, etc. they are also used, at times, to grab water rights. consider signing this petition."
179,3415507,"good afternoon everyone my name is logan and i am the owner and lead smith at brackin blades forge . we will mainly post about our work and some conservative posts concerning politics. we are thankful for a platform where free speech is welcomed. we also have an awesome youtube channel where we make crazy swords and weapons. please go to our website to learn more about us. feel free to reach out to us for any questions concerning knives or blades. we love to talk about it. us out and reach out to us for your next edc, kitchen, our multi use knife!"
185,12321,"they jailed one of the boat people for piloting the dinghy. apparently he got the  700 funding for the trip from humanitarian cia not told about uk demand to apple, which would have enabled uk government to see us citizens data. black man has a wank in front of a woman on the northern line tube. the speedy, fast, effective, crime solvers at british transport police issue a suspect photo almost exactly 6 fucking months"
191,1548931,"the trump team negotiated the usmca with canada and mexico, replacing the nafta. it was passed and ratified in all three countries by 2020. trump has now just shit all over it. the entire world now knows a trump administration is absolutely unworthy of trust."
192,2437109,"good morning!have a safe and blessed memorial day weekend as we honor those who made the ultimate sacrifice for our freedom.if you re looking for patriotic music to enjoy this weekend, please give a listen to my latest pro-america song.god bless america"
202,431650,it's hysterically funny when the democrats self-own themselves and this is one of those times.let's have a laugh with the crew from lfs6b at the expense of the democrats.@lfs6b @realdonaldtrump @trumpwarroom #epstein mueller is one more traitor that needs to be brought to justice!@realdonaldtrump
204,1046353,"to someone at the gym? that s impossible guilt is retarded  the real story behind the articles of impeachment filed against america\'s dirtiest sos and democrat candidate for mi governor, jocelyn benson breaking: biden judge blocks trump from deporting family of egyptian terrorist charged with fire-bombing jews in colorado are trying to sabotage the president agenda guys are homophobic taco...got it. it would have been funnier if it was done by retarded people lives don t matter if they re killed by illegals  now it s make more democrat rep. says quiet part out loud: \'if we don\'t have avenues for (foreigners) to come here...we\'re not gonna have anybody around to wipe our a**es\' (video) really want people to wipe their asses ignore it democrat rep. says quiet part out loud: \'if we don\'t have avenues for (foreigners) to come here...we\'re not gonna have anybody around to wipe our a**es\' (video) huge scandal: democrat senator\'s lebanese husband put on travel watchlist after he flew with \'known or suspected terrorist\' 3 times   but one call to tsa got him removed awesome publicity stunt. she s promoting her book news us should destroy the chinese economy  roscosmos chief arrives in houston for first meeting with nasa director in 8 years   russia and the us to collaborate in the deorbiting of aging international space station just in: anti-trump democrat russia collusion hoax investigator fired as nsa general counsel     trump s former impeachment lawyer david schoen flips the script: uses democrats  own argument to prove obama can still be impeached, stripped of immunity, and indicted for his crimes  he was pissed off at the nfl?  just in: bondi files formal complaint against judge boasberg for shocking public comments admitting bias against trump administration     breaking exclusive: arizona state senator mark finchem and whistleblower shawn taylor uncover evidence of actblue real estate fraud and money laundering scheme in the billions    the motherlode of all financial crimes       "
207,21357,his dad once yelled at him to get a job. paul joseph watson is not progun because he fails to criticise britain's 1920 firearms act & doesn't support abolishing the british monarchy. i still hate british & australian conservatives. while having a high risk of getting food poisoning. i was right all along. gab is still boring. south africa is australia's future.
210,6466655,"testing: m:(mxq7a6tofeffokcd):m this isn't going to work if its being done covertly. congress is in charge of controlling the people, not the government. the laws they pass are for us not them. this distraction with obama is just that, a distraction from epstein.nothing will come of it, it will only be used to rally trumps base for something he will leave office before delivering on.   new year sale at am wallets! elevate your style with our full grain leather wallets. durable, elegant, a true symbol of class. use newyeargab for 20% off until 01/08/24. shop now: #newyearnewwallet #amwallets      thank you again @gabuloid! was happy to make your husbands wallet! i hope he loves it!   new year special at am wallets!    ends jan 8, 2024.  special offer: use code newyeargab for an extra 20% off until jan 8th, 2024.available now: your style with our us-made full grain leather wallets. perfect for durability and elegance. great as gifts!  special offer: use code newyeargab for an extra 20% off until jan 8th, 2024.shop now: #fullgrainleather #madeinusa      great to hear alene! thank you again!"
213,2763360,"  panic in the swamp       breaking: senate democrats just objected to approving a resolution that called for all available epstein files to be released.it was brought by senator markwayne mullin (r-ok).would you look at that.it's all about political games. they don't care.every voter needs to see this.""i ask for unanimous consent..."" sen. mullin said.senator gallego (d): ""reserving the right to object.""  join  @sgtnewsnetwork  twitter    truth social "
228,3732930,"these are now proven and admitted lies. how is this not being talked about????? straight up, if you are a hot girl and follow me with a profile that is 15 minutes old and looks suspect i will block you every time."
235,3387093,@lisamei62               step right up.. i give you the works largest clown show                                                                                                                         nothing says american congress like voting on something they dont know what their voting on.what a circus   @truthandlife anyone else hear the insurrection act/pompeo/china/military/war rumour floating around today
237,36663,"invisible sounds like the weeknd meets linkin park. listen to  invisible  now at . i m a christian conservative patriot making modern pop music independently from any record label, manager, or hollywood music industry influence. buying  invisible  for at is equal to more than 1000 streams on spotify. thank you for your support! i've gained some new friends and followers on here so i thought i'd take a minute to introduce myself. my name is aaron, i go by geeztown pronounced with a hard g. i'm a singer songwriter and producer from minneapolis, mn. my dream is to do music full time. i also drive a school bus. i got saved in 2004 when i was 18. jesus is my lord and savior. i'd call myself a conservative patriot. i believe in freedom. there are no guarantees, i just want the opportunity to pursue the american dream. many things have changed in the music industry, and i've had to learn a lot of lessons the hard way. the latest seems to be investing time into learning social media only for big tech to betray us. i wasn't a big name, i was just starting to make some progress with several videos getting thousands of views with my last video getting over 100k views on fb. i've learned things i can take with me though. and i recognize that if we don't have a free country then my dream dies. these globalists destroyed the live event industry. every venue i used to go to, perform at, meet new fans at, has been shut down. permanently in many cases. my city was burned down last summer. many of my friends in the biz are unemployed, not sure what to do, or getting other jobs. we need to defeat these globalists no matter the cost. they've brainwashed many friends, family, and people in the industry. i don't like to blame my problems on anyone other than myself, but i've lost friends, lost potential relationships, witnessed other musicians dreams stolen because of their brainwashing and indoctrination in our schools. anyway, that's enough for now... feel free to introduce yourself in the comments."
245,5630725,"before gab, i thought being conservative meant donating to my state party and showing up to vote every two years.i have been on gab for four months. now i go to church every sunday, i ve given up porn, and i m spending my money at businesses that don t hate me.that s the power of @gab. #paralleleconomy#growwithgab#jesusisking"
249,4060148,":merica: greetings patriots, kindred gabbers :gabby: may god bless you all   this #soundcheck has some recent, some retro, all live, all great tracks. just click the green links. find more at #soundcheck   god bless #patriots #america :merica: :snek: .....  1). white flag    ......  2). ...  3). ...  4). change the ....  5). stop ..  6). africa :merica: greetings patriots, kindred gabbers :gabby: ...a few live video tracks for those who care to partake in this #soundcheck. with live tracks comes an honesty of talent, energy, & craftsmanship that is often not revealed in studio sessions. i hope they are enjoyed. blessings to all.         praise you in this storm      red     breathe   ...#pray #hope #live #maga #kag #saveamerica good morning patriots. may god bless you, your family, and the usa."
254,4012585,"what's wrong with this story? @realdrstella @drsimonegold @a #covid #vaccine #jab #afghanastan #biden #resign #fauci #delta #silver #taliban @miltonwolfmd @robertmalonemd @projectveritas @mitchellvii @footdoc keep in mind, even if approved, you shouldn't take it if you are allergic to any of these ingredients. i know i am severely allergic to polyethylene glycol.  @vaccineregrets @mitchellvii"
262,5263588,"huge newsfirst anti-vax protest in thailand occured in 4th december.the anti vax protest now and in the future is announced in telegram.please follow these telegram accounts:roong@telegramthe resistance tha                      it was in silom street in bangkok state.the protest leader was m.l.rungguna kitiyakorn. m.l.  name title is the name showing that the person owning it is one of the descendants of monarchy family.he s a son of the former first thailand beauty pageant.the protest had news photo showing danger of vaccines, and words that written on it says  vaccines kill people   a man fell down and died   yesterday vaccine-induced deaths 1,460 people, maims 148 people, injuries 5,159 people   no responsibility from big pharma   freedom not force  stop mandating vaccines  we have choice he organized anti vaccine mandate protest in thailand. he had around 100 attendees.some attendees said  my family members died because of vaccines. another protest leader, a woman, was speaking on the stage that  covid is not scary. she herself never has it.   vaccines cause harm to human body. it s our right to protest against was attacked by media and israeli ambassador for  speaking out against zionism  years earlier.he s still"
264,1979780,"these past few weeks it's been fashionable for people on the left and some who think they are christians of the right to bash the donald and his supporters for being hard-hearted and mean for upcoming cuts to medicaid and some of the other federal handout programs.the most frequent charge against us is that we are failing to obey the commands of jesus who commanded us to ""help the poor"".their problem is this argument misses the point completely. of course, they're right, as far as it goes, christians do have a duty to help the poor. however, what they fail to mention, either due to their ignorance concerning the constitution, or because of their disdain for it, is that the american taxpayer has no obligation to help the poor from the public purse. the founders, in their wisdom, set it up that way purposely. if you disagree, read article i, section 8 which sets forth the specific items for which congress is allowed to tax and spend. a cursory reading will demonstrate that most of the signature legislation since 1935, beginning with social security is blatantly unconstitutional.the left likes to argue the founders were all rich, white men who only wanted to protect their wealth, and cared nothing for the less fortunate.on the contrary, most of the founders were devout christians who knew very well their duty to help the poor. however, they also understood these acts of charity needed to be private, and that those performing said acts of charity had the right to know whom they were helping and why they were helping them. they also understood that charity properly done in most cases is temporary help through a difficult situation to help the recipient recover from adversity until they can regain their footing. they also understood this help needed to originate in most cases from one's family and close friends.the founders would be appalled at the current american welfare state. they would have been appalled to see generational handouts to able-bodied people who are actively encouraged by the government to live empty lives of dependency with no hope, and in many cases, desire, to become productive citizens.i encourage all of you to study the biblical teaching in both testaments regarding god's standards, if you are not already familiar with them. this post has already gone on too long to say much, other than to say that the lord expects all who can to work honestly to support themselves and their families so they are not dependent on others, and even become willing to have enough to share with others.@immanentizetheeschaton @swiftfoxmark2 @fardog21 @prairiestorm @spacebunny @charliekae @stilicho @tarstarkusz"
267,429035,"soros, a hungarian american billionaire who has funded nearly every leftist cause, established the open society institute, which later became the open society foundations. open society foundations has worked with usaid to fund these kinds of programs. biden s usaid and george soros s open society institute frequently partnered by co-funding joint programs that promoted radical social agendas throughout the developing world,  max primorac, former acting chief operating officer at usaid, told the daily signal in an interview tuesday. primorac served at usaid from february 2018 to january"
268,6253974,"these are the canadian police who will arrest you for memes. the democratic party is a disaster they know there s a new sheriff in town, but can t help themselves, anyways. shut that garbage it feels like a missed opportunity, a film made by people who knew what worked once but didn't know how to recreate it without repeating themselves. it wants to mean something. it just doesn't earn it. it's the perfect movie for a weekend evening. it's a bit comedy, a bit drama, a bit teenage angst, a bit romcom and a lot of heavy metal noise. it also includes some great cameos from veteran heavy metal in a nut shell, this film is a romantic comedy with zombies (or zom-rom-com) who appear for no good clear reason (although some tantalizing clues are offered). the film is an amazing blend of the funny, the violent and the poignant. strongly all the same welcome to ""womanhood""   omg... a truck and a flag?! are you okay?   this pink-haired wokie doesn't think too highly of you if you fly an american flag. accurate    hear me out cnn just released their new white male action figure   live look at the chinese sweatshop kids after making the ""pay us what you owe us"" t-shirts for wnba stars kennedy is the ultimate 3rd string qb on super bowl winning teams. she rode lucas' and spielberg's coattails then we she was on her own was exposed as the creative fraud she"
282,470474,"this is really simple folks, but here goes,...in 2005, george carlin's rant about ""it's a big club, and you ain't in it"" was recorded at the beacon theater in new york.he explained everything. the owners, the corporations, the government, the news media, hollywood, all of them, had the people by the balls and refused to let them think for themselves.that was 11 years before trump even ran for president.he was on no one's political radar.carlin wan't talking about trump.then trump got elected.so, who was it that tried to destroy trump and his presidency?who is still trying to destroy trump?that same ""big club"" george carlin told us about 15 years ago. they hated trump's guts from the get-go.we have watched this in real time.hollywood, entrenched politicians, the deep and swampy administrative state, the ""news"" media. all of them.all the people carlin told you explicitly not to trust, that wants you under their boot heel,...hate. trump's. guts.so let's revisit that @lks thay haven't figured out yet the ""q"" was a cointelpro developed and executed (most likely by the cia) to keep them calm and out of the deep state's hair while many of the foreign and domestic objectives of the trump presidency were thwarted from within.they were told there was ""a/the plan"" and to ""trust the plan.""4d chess and all that blather was the theme, and they bought-in.this prevented any meaningful attempts at developing political will, and thus the positions and players in the administrative state who have become our defacto rulers, were preserved.they were told by nutballs like thomas wictor/carlos osweda that the ""white hats were in control"" and that their enemies were destined for gitmo.too many of q's predictions were beyond farcical.but too many q followers were overzealous or too enthralled with the intrigue to notice how far-fetched most of it was.lesson no1: healthy skepticism is healthy!"
287,4170032,oh happy dayyyy    i hope everyone is doing well here on gab. i haven't been on much but love to all.   happy belated birthday @bojipatriot i meant to send it on the 20th and forgot. i hope it was a great one        laura logan is one of the best truth tellers out there!!   keep posting it!! 
289,183296,"rente mit 26. geht doch! frau von der leyen hat einen sehr guten deal herausgeholt. hie  es vorher, dass jede zollerho hung wie eine steuererho hung wirkt, hat sie die einfuhrzo lle fu r us-waren auf null gesenkt. das freut europas verbraucher. es bleibt ein ungelo stes ra tsel im genderstreit: es gibt im deutschen russinnen, da ninnen und engla nderinnen, deutschinnen aber gibt es nicht. und die vorka mpferinnen einer geschlechtergerechten sprache schweigen den skandal tot. die linke sehnsucht nach dem richtblock: die ""queers for palestine"" sind der endpunkt einer idee, fu r die der islamistische totenkult der wirksamste gegenentwurf zu freiheit, gleichheit und individualismus umfrage! aber bitte beschra nken sie sich auf die drei ihnen am wichtigsten erscheinenden dinge."
291,2204369,"with so much misinformation swirling out there, it's important to make sure we're all checking our sources.    at voices for freedom we take credibility seriously and like to back up our claims with actual scientific papers and solid research.   'check out the wee checklist put out by our own moh recently and see how you think we fare.   while you're there, why not reflect on how the media and official channels measure up too. are their claims fully referenced? can you easily access relevant information relating to important topics (without having to submit an oia)?  'where do you place your trust?and remember, if you value truthful, accurate reporting, sign up to our mailing list"
294,6682346,"hello gab.i m a white man from the south. traditionalist. enthusiast of classic cars and old music. long-time noticer.back on here after almost a year off. gab s crazy as hell, i love it; but it also got on my nerves. had a real bad year irl, and needed a break.anyway, i don t post much; always working, not much spare time. i hate intros, but wanted to post something here to get started again.also i m not a xitter refugee."
302,3537405,"@wrightfarmcoffeeroasters i was the fortunate winner recently when i commented on the post about reaching 1000 followers on gab. people, i'm in love with these guys. here's my story: i was looking for a good coffee for a gift for a very picky coffee connoisseur. i'm not a big coffee drinker; just a cup once a week or so (can't handle the caffeine). but, i do like coffee and if i'm going to have some, i want good coffee. they asked me to choose which coffee i would like and they would send it out. well, would you believe these guys sent me a beautiful pound of free coffee and included a free sample?!! but the best part is this has got to be the best coffee i can remember in a long time. i love that these guys are christians and veterans, but they mention it in a quiet way rather than blaring, or boastful. there's no doubt i'll order from them again. coffee makes a great gift. thank you wright farms!"
309,5437136,"the only thing i can say is god bless american and trump for everything                       am a single dad and with one wonderful daughter who is my only family trump have been a good help to the usa just hope for better days to see the better usa    god bless american you remove god from all of our institutions and every aspect of our culture and a demon like anthony fauci is sure to fill the void for faithless americans. during a rant about what he perceived as left-wing giddiness over the  extinction of white people,  he asked,  where did all these people go?  the millions of missing white americans did not, in fact, go anywhere. and they are not being replaced by minorities. growing numbers of white americans have multiracial children and grandchildren. others were recategorized in 2020 as multiracial themselves, instead of single-race white. how, then, did so many pundits and commentators come to the conclusion that the white population had dropped 8.6 percent? this calculation stems from two errors. the first is a failure to recognize that the degree, and even direction, of change in white population depends entirely on how one defines white."
318,790610,the truth behind the 2025 economy is breaking through. ray dalio s out. gold is up. digital id is coming. are you #raydalioexit #digitalid2025 #worldid #palantirsurveillance who would trust a country that can't account for its #gold in fort knox or keep its #budget in order to be the world leader in #cryptocurrency?
331,6420976,"@scionofliberty i am a 64 year old female and have been using a tiller by myself for at least three decades. maybe i do better because i am white. @gigihereandnow if they have not bothered to become citizens in a decade or more they do not want to be citizens. send them home. yesterday at work. blue oyster cult. don't fear the reaper. i work in a senior living facility. first i felt old, second it was just wrong."
340,796865,"interesting what ex-cia lawyer says about the mara-largo raidhe doesn't say this but i reckon trump ""allowed"" for a stage setting or precedentthe rules are and always were different for potus'sthey have to ok girls and boys, here's one from the abc australiaa new cure for bi-polarseriously   woman says faecal transplant saved her and could help many more like the australian government law reform commission proof reading countsminer typos in govt docs in the days of ai and auto-correction don't inspire confidence in a system that aims to control and restrict our thoughts and actssome ""cold"" read passed it but ...   ""the cure"" is spreading around the world like covid sorry abba australia is nextwe cant even put an aussie in charge of our own censorship     a concentrated version of the passed 4 years from beginning to end the joy on these kids faces is what makes our troubled world worth living ini never had the pleasure of being a part of anything like this but if i had my time again ...might just watch it again and indulge my kid at heart hopelessness is a pacifier we cannot affordit drains the heart of any possible future and forces acquiescence to the status quowith god hope abounds, it lifts spirits to heights unattainable in the gloom of everyday lifeour gift is hope, not despairour goal is peace, not warour reward is love, not hatei give you life and death, choose life things you'd like to remember when your conversing with an anti-trumperthings they just won't hear sometimes you just hafta let them talk hold your open palm over a small flamenote how long before the pain registers and you instinctively pull awaythat pain is a warning signal interpreted by your brain as: this is doing damage, react accordinglyyou can train yourself to ignore it but it will do damage you until you stop itnow think guilt  my timeline is a storya message to unfolddisreguarding politicsa story to be toldhurdy gurdy gabbingfor those with eyes to seeears to hear, brains to strainto know the real metime is come to lift the veilpartially to allwho'd care to make the effortand hear the father's callits not too late to wonderjust why i've spent this timegabbing out just now and thenwith heartfelt cryptic rhymethere's always rooms awaitingthe inn will never closeto any who're searchingnor any that he chosespend your time here wiselylet it not be for noughtthere's plenty who will never knowthe things here that are taughtthe feelings you experienceas timelines fill your mindhave riddles in among themriddles you must findanswer don't come easyquestions will abound'tis not for all to understandsome will not be foundgod gives us signs to each his ownplans to recognisea goal for every one of uswhat though is the"
343,4869439,"usaid official, three corporate executives plead guilty to decade-long bribery scheme involving over million in contracts: but..but...but... usaid feds starving children they say. shut it down. so much for political correctness. it's more like literature erasure.gp: west valley high school in spokane, washington, claims he was fired for reading the  n-word  aloud during a class discussion of to kill a mockingbird, harper lee s iconic novel about racial injustice in the jim crow south. senator cory booker (d-nj) on thursday gave a psychotic speech on the senate floor, railing against the trump administration for, in his words, making senator alex padilla  forcibly kneel before this executive  when he was briefly arrested on thursday. obviously, booker is all in on the ""nokings"" riots. has anyone heard about so. africans doing this shit? not the same in my mind.illegal accused of stabbing mother and unborn child to death in south who else agrees? did trump shoot himself like epstein committed suicide? how could the current fbi blow this off like it never happened?trump s former spokesperson liz harrington slams fbi deputy director dan bongino for downplaying trump butler assassination this is your reminder that obama deported 5.3 million people and bill clinton deported 12.3 million. they were fine with it. trump vows to investigate michael byrd, the killer cop who murdered ashli babbitt and has since been supreme court caves to biden s gun-grabbing agenda: upholds rule mandating serial numbers and background checks for ghost guns   justices clarence thomas and samuel alito much for those constitutional rights. i don't recall our founding fathers specifying what is an arm....but radical justices think they know better. bernie sanders was day 2 of slamming rfk jr. bernie wanted a promise that rfk would provide insurance for all. is the director of hhs required to do that? sounded more like a administrative or legislative obligation to me. what is wrong with these dems in these hearings? it has to be the most disgraceful moments i have ever witnessed. they are all horrible people that need to be replaced and forgotten. trump doj dismisses indictment against former gop rep. fortenberry after he was  set up  by fbi and forced to resign from congress. congressman fortenberry s conviction represents a breach of the public trust and confidence in his ability to serve. no one is above the law,  pelosi, a lifelong crook who mysteriously made hundreds of millions of dollars as a member of congress said.the appeals court said the fbi interviews took place in nebraska at fortenberry s home and in dc. meanwhile, a los angeles jury convicted fortenberry of the alleged crimes that took place in another state.the fbi set up this dude. how did la get involved is what i want to know."
344,3916506,"just @driftless_zippo my .22 is an rg high noon 6 1/2 inch. short, lr and magnum. my ruger security 9mm is 15 +1 x three magazines. my armalite ar7 civillian defence, that was a tommy gun in 1962 to american hardware stores, ""t62"" is a wicked accurate 22 semi auto, but only likes mini mags or ar cci rounds. i've busted skeet with the ar! did the stock work myself, was a back pack break down survivor variant with pistol grips, i kept part of one... why not? i grew up with it. just chevy people stuff... these engines can be no joke! isuzu or not! always a fan. jon gives it all. when you realize he's playing for disabled children, man has a heart of i took my 73 to an infield party at cms. late in the evening, i fired that puppy up! 424 hp, black jack 3"" headers, and 3"" turbo tube mufflers. people started screaming! there was someone under my car, right between the header pipes. hours later i fired it again, and rounded the infield road. security took my keys, said come get them to morrow, it's sleeping here! races used to be fun...i'll throw this in, i rebuilt the transmission, by the haynes manual! not easy to borrow specialty tools, but i did. all chevy service parts, for police and rescue vehicles. when 8 months later i started having issues with clutches, i pulled it and took it to friend. return trip, he looked me in the eyes, said ""what did you do to that trans""? the clutch drum is split... never saw that before.. got a question. my jake is missing it's pto toggle. loaned it to my sis' boyfriend. took it out and lost it! my tractor has two pto modes, in off, there is power to the starting system. when on, the pto only. they don't make these kind of switches now. so can i just wire in a double pole single throw on opposite circuts? be nice if i could find an on off only, opposed to the on off on... just asking... everyone want's the perpetual memory ability? i have it bad. sometimes 1-3 in the morning i awake. a mass of memories my mind wants to file! what was this for? where did we find it? where should we put it? when it's over and done with, i sleep like a rock. i'm so full of shit my eyes are brown! just out there... defines the word when i post the jake, i understand that's alien to most. they built fords, minneapolis moline, avery, oliver white... they transisioned to commercial units. still in buisness today! just make a bunch of stuff i can't afford... then again? i'm not cutting golf courses... this for tension management. i know hundreds of songs based on cars. this one made me cry when i first heard it. i like this one the best. pearl jam? the grandmother of one of the members that made jams for the county fairs ""aunt pearle's jam"". that's how i got it odd stuff, but the kid is good. not discovered yet? then maybe he just don't want that kind of hit in the face with ""oldschool"" today! got a new transmission belt for my jake. knew it was right, the numbers and brand matched. when i put it on and measured the gap distance it was short? sat back and evaluated why there were no adjustment points? finally found a pdf service manual for it. to adjust the pulley points, you move the engine foreward or back! that never would have crossed my mind... us kind of thing! mom was given the swings off a nascar car chief's son's empire! she asked ""what would it take to put them up""? under screws, glue, and joist brackets. done deal... i'd hang a small block and transmission from that! and again... it really ticks me off that most people won't concider a slanted point of view. left side, right side, there's another side. and it's always existed, no matter what you think. even trump is pushing the genocide jab, jesuit educated, and has questionable ties. we've been played for a long time. i'm not a scholar, but i know i'm being this sight seems to have a name that mirrors my thought process. i post many things on different groups that people seem not to want to discuss. my deal, i say there never was a manipulated virus. i know unc charlotte was working with the bat woman, i know ft. detrick was involved. i know soldiers from there were in wuhan, i know there were 8 or so olympic athletes from the us at the fish house. there were 28 viral institutions working together on the project. finger pointing to wuhan is just the latest distraction of the jesuit driven nwo. just my thoughts, we're in some just pulled this from nowhere, take few minutes to grasp the tired of having racism shoved down my throat. my family dates back to the first century in ireland. we were eventually overthrown by the british, and sold into slavery in multiple countries. we were here before the africans and treated worse. 200 years of my family history is missing from american history. we endured, and found our place here. i'm as american as they come, yet in today's political scheme, i'm too damn white! according to democratically altered history, that never happened???"
350,35422,"opposite sex hormones do a number on the psyche, especially a delusional it's fairly dangerous to trust your food prep and delivery to someone else in the best of circumstances. really, folks, cook your own food. that way you control what goes into it, and what doesn't. and you can deliver it to yourself and give yourself a tip if you choose. i worry more for my loved ones than myself. how to find peace when a family member is suffering and you can't do anything about it? seriously parents, homeschool your crazy. woman, try cooking some food from scratch! your budget will ease and your children will be a little late, but even healthcare workers are refusing the jabs. just like homeschooling, home births might make a come back. never let your baby out of your sight, even in a a relative told me he heard putting a radio in the coop, tuned to talk radio, will deter predators at night. i don't know about that, but my chickens seems to love it. i put it on top of their small coop and every night i come out to find them trying to roost on top of it. so i covered it with a plastic tub. now they try to roost on top of the tub.   i have to manually put them into their coop every night. uh-oh. this morning i saw pepper, who is supposed to be a young hen, trying to crow. that's not going to go over well in my neighborhood if pepper turns out to be a rooster.   doctors once again baffled by the obvious. what oh what could it be causing the spike in heart attacks? clowns blather on while real people know. it's beginning to look a lot like"
356,2094638,"a video worth watching, it's talking about the extraordinary friendship between d. trump and m. jackson, two great kind and generous men who have suffered the attacks and defamation of the media. the media have always been the enemy, but whoever laughs last laughs loudest. #michaeljackson #trump geez, you guys have removed my fanaticism for michael jackson and this video is from one of the performances he gave in 2002, but it clicked me when i heard his last sentence: the best is yet to come   . #michaeljackson"
360,162303,"those who do not learn from history are destined to repeat it.the bible says.""there is a way that seems right to man, but in the end it leads to #gospel #music #sundaystuff #prayerandlovechangesthings #faithunderfire #good #news #america #keepthefaith #jesusislord #military #war #politics #corruption #endtimes #classical #guitar #prolife"
365,2481889,"why is mummy and daddy fighting ?..answer.........interest rate increases , plus the cost of living these days equates to financial hardship...meanwhile...our government sends billions to ukraine ...and many other countries..these countries are more important apparently.... my wife continually tells me i don't listen and something else .... get the billionaires to ease the pain i am totally fed up with the bleeding hearts adds for ....animal welfare....starving children ..immigrant help ...etcwhy .?because we have billionaire billionaires ..and many of them ...they could save these hardships and not even notice it ....no ..they want you , the heavy taxed citizens to donate ...... why are the bidens untouchable...clear and concise evidence.....yet untouchable. i see that brittany higgins has agree to participate in the deformation case by bruce ..wow ..she will be able to remind everyone how she ...was drunk as a skunk and cannot remember a thing didn't call the police didn't visit a doctor didn't report it but accepted a huge advance on her book .. these are the facts .... ian anderson is to jethro tullas roger walters is to pink floyd...both bands are nothing with out them ..imo nearly nrl kickoff ...2 star players arrested for public fighting ..they are both paid around a million dollars per year ....smart players these footballers integrity is important to them. ???? the longest running add ..?? isn't it wonderful that monash university are continual trying to normalize infertility to all the vaccinated young people...... how has it got to the situation of people who don't deserve rights , has more rights than the people who do ...is this wokeness. ? american media are full on demanding the right to an abortion...how about the media spend the same money and effort into education on contraception.....condoms are cheap the pill has been around since the 70s.....educate girls to protect themselves...it's not rocket science ...better than murdering a baby .... ukraine is the most corrupt county in the world....why do americawhy do england why do australia and othersfinance and support ukraine ?the most corrupt county in the world does not deserve protection...... australia...land of inclusion and transparency...ukraine..the most corrupt county in the world demands australians support...did i mention that ukraine is the most corrupt county in the world. ?australia supports ukraine ...why. ? ok ....i have worked it out...the main media are a protection racket to conceal the truth from the public ...protection for corrupt politicians and their dealings ....if only the nedia was for the people ... australia day awards.....what a joke .i'm disappointed....very disappointed. where is australia heading. ?"
372,3680247,"@mitchellvii my husband and i went to local tea party rallies & what we have now is the reason. policies rather than the person was acceptable then, but you could see what was coming in obama's speeches. oh what a different world we are in now. there's been corruption on both sides for a long time though. even then they(dems) were laying the groundwork for all of this."
376,6407671,"hello gab community!never before in australian history has a politician's maiden speech to parliament been removed from youtube. after i gave mine, youtube promptly pulled the video.pauline hanson's maiden speech? still on youtube.moira deeming? still there.even fraser anning's speech, condemned by the whole parliament, remains on the website.not to mention hundreds of hitler speeches.but mine? banned.  peace, free speech, and the pursuit of a free and voluntary society are obviously now very dangerous ideas to the powerful.want to know what all the fuss is about? watch below:"
379,2506000,"food & politics@linhcookingcorner 6hreplying to @realdonaldtrump gunther eaglemanTM@gunthereaglemanbreaking: @jonathanturley says that the classified annex of the durham report is ""very likely"" to be released!this is exactly what the democrats don't want to happen, and turley points out why! they are all implicated in it. it's why they ""are just vehemently telling the public to look somewhere josh hawley@hawleymo 1hsen. josh hawley introduces bill to send tariff rebate checks to americans via josh hawley introduces bill to send tariff rebate checks to americansfirst to nbc: hawley pledged to author legislation after president donald trump expressed interest in sending out rebate checks when speaking to reporters on friday. stephen miller@stephenm 4hfor the amount of effort bass and newscum have put into sheltering criminal illegal aliens they could have fully rebuilt the palisades by now with time and money to spare. marina medvin   @marinamedvinhi @grok   why hasn t the mainstream media covered the news story about this assault by mob in cincinnati  nick sortor@nicksortor  breaking: dni tulsi gabbard just released reports proving that obama directly gave the order to publish the russia collusion hoax, knowing there was no proof that putin backed trumpholy crap.tulsi just proved obama lied again in his statement yesterday.obama should be rotting in a prison cell.h/t @breaking_4_news doj fires employee after learning of her marriage to a radical leftist who founded a dangerous anti-ice crowdsourcing app"
384,348714,"michigan gop-led house files impeachment articles against dem secretary of state for corrupt conduct via @justthenews trump moves to end illegal immigrant tuition scheme in 24 comer demands biden senior staffers sit for interviews over autopen investigation via @justthenews this democrats are like a bunch of little immature stick their tongue out boys on a schoolyard at trump when really all of them are jealous or intimidated by him.all of them are not helping america or helping other people like he is so busy doing. i've never seen anything look more like a bunch of little bratty kids. they don't bother trump at all... he knows he's changing the world. lol           widespread mockery ensues as democrats' stunt to troll president trump on tariffs blows up in their faces (video), karoline leavitt obliterates media spin in a masterclass white house briefing this is so exactly precise an example and anyone who can't see this knows they're lying or they're just delusionally programmed!this of course happens to president trump and other republicans constantly, but even locally for conservative people when they do one thing and it's condemned or their life is ruined and a democrat does it and it's ignored or praised! so so discriminatory and a violation of human and civil rights civil rights! everything america is supposed to be against! time to change democrats!! nawrocki s victory in poland boosts european patriot movement, is a win for trump   defeated liberal pm tusk to call for a vote of confidence in parliament how the bottom 20% lives   on your taxes 2020 campaign for corrupt democrat maxine waters fined for violating election finance laws fbi and mueller\'s team hid russiagate documents with special coding in fbi case management database ashley biden sparks brutal social media responses as she breaks her silence on her dad\'s health update: usaid paperwork found in the vehicle of biden illegal alien responsible for boulder terror attack cnn shocked by new poll that demolishes democrats-just 16% say dems have 'strong leaders' #gatewaypundit via @gatewaypundit after the us has given ukraine billion dollars   in less than 3 years-for which part of that money was probably used to develop and make these drones... and this article says ukraine is warning us!!!!!??massive ukrainian drone attack deletes a third of russia's bomber fleet and sends a warning to the us elon musk torpedoes the dems over cory booker and the latest example of their hypocrisy this was a democrat just standing with their party.makes me wonder if this was a relative of bill clinton's and bill was talking to another relative about their family member who acted like biden, president clinton would have different words of concern about them! bill clinton stuns cbs news correspondent after making unbelievable remarks regarding joe biden's health (video) #gatewaypundit via @gatewaypundit why the left hid biden s health issues-- this democrat admits the breaking: fbi caught burying smoking-gun thumb drives containing 'unreviewed info' on clinton email scandal for six years   grassley demands kash patel review materials what safety concerns? sean duffy calls on congress to investigate buttigieg dot's wind farm obsession democrat cory booker goes off on democrats for not 'resisting' president trump in insane senate floor rant, storms off just in: anti-trump democrat russia collusion hoax investigator fired as nsa general counsel new: doj drops charges against man who brought bionic face shields to los angeles president trump responds to report on secret service agent who tried to smuggle wife on plane to scotland #gatewaypundit via @gatewaypundit just in: emil bove confirmed to third circuit court of appeals in 50-49 vote   rinos murkowski, collins vote trump's nomination of emil bove to the federal bench exposes a rift : npr digenova to newsmax: don't think obama has immunity in russian case lol domestic sports violence!sick!cruel and unfair: female rugby player horribly injured by male opponent lebron james cashed in: harris paycheck exposes sham celebrity trump makes yuge announcement about 2027 nfl draft, predicts a million visitors"
386,2071224,"trump economy: all net job growth going to native-born americans as foreign-born employment plummets  corporation for public broadcasting, funder of npr and pbs, says it will end operations within months after federal budget cuts president trump fires bls commissioner after july jobs report disappoints finnish president says he is ready to ok palestine recognition if government goes ahead with move new zealand government caught covering up data exposing covid  vaccine  deaths (     `)arno van kessel, set to lead high-profile covid-19 vaccine case, arrested & detained without charges before trialkessel was set to lead high-profile covid-19 vaccine case against bill gates and pfizer ceo albert bourla  covid-19 pandemic aged brains by 5.5 months   even if you were never infected, study shows gosar reintroduces bill to let people sue vaccine makers potential risks and benefits of gain-of-function research: summary of a workshop. intranasally administered whole virion inactivated vaccine against clade 2.3.4.4b h5n1 influenza virus with optimized antigen and increased cross-protection a recent study published in npj vaccines reveals that japanese scientists have engineered a novel strain of bird flu by combining the genetic components of two different wild influenza viruses. the synthetic virus, designated vac-3, was created in the lab, propagated in chicken eggs, and inactivated with formalin for use as a whole-particle vaccine in long-term tests involving nonhuman primates. this strain formally named a/duck/hokkaido/vac-3/2007 (h5n1) was artificially assembled and does not occur in nature.  remedies for  razor-blade throat,  a symptom of the emerging nimbus covid-19 variant trump administration to restore tougher citizenship test, requiring deeper knowledge of u.s. history and english fluency will uk government ban vpns to enforce online censorship law? nuclear communism >massive 8.8 earthquake struck close to key russia s nuclear submarine base  scientists warn covid & flu can awaken dormant cancer cells   new kidney injury warnings added to all glp-1 drugs by fda    fda opens drug fast track with approvals in as little as 30 days safety oversight under fire pediatricians organization says eliminate almost all vaccine exemptions for children  major study links covid  vaccines,  not infection, to hair loss who and the pandemic flu  conspiracies    the bmj and the bureau of investigative journalism report that was covered up"
389,2243021,just wondering how many remember this?       she did it not once but twice. yes she lost her job buuut even after making this video she did it again yet she's was warned not to or she may be arrested. sooooo with that being said why isn't she in jail again????       not to mention she was the same one the while all the hearings were going on for election fraud that all the witnesses needed be under oath even though they signed an affidavit stating that they were pretty much already under oath.
397,5253470,"my mom passed away june 11,2024 in her sleep, from a 24 year battle with cancer, this is a song for her, i love you mom and will miss you until i see you in heaven       rush limbaugh never forget him may he rest in peace       give me liberty or give me death"
413,224913,"backstabber. :gabby: :gab: freedom of speech and privacy are my platforms for advocacy to be pro-active as an informed citizen. technology traveling faster than we can understand, makes all things bittersweet. don t throw the baby away with the bath water! privacy has always been exploited, notably by criminals in order to not get caught. the internet has become a criminal paradise, notably by celebrities and politicians operating under anonymity. i d trust a non-violent felon who was caught and did their time. any day of the week, over and above those criminals with grand delusions. and being too smart and established to get caught in their perpetual lies! my internet bff called upon me at the last minute yesterday, when she needed a guest. for her new career as a radio host. she just uploaded it on youtube. for which i m not really a fan. if you might like to have a listen, to my conversational voice, tone and prosody. and a fantastic, wide ranging dynamic of conversation for topics. she just uploaded the recording today. feedback and comments unwelcome on youtube, are quite fine it s far worse, they re beginning to look like a tag team of criminal operatives. the guy citing that he puts viruses on the computers of private citizens, solidifies the criminal elements. it doesn t take a rocket scientist to be a script kiddie! now, one of them is claiming to be in someone s military. which means that some of them might indeed have psyop skillsets. it can alter your thinking pattern, and they know it! you described some of the military strategies used on their youtube videos. get them all! i hit the motherlode of sex, lies and corruptions, on the outskirts of the capitol dc beltway. and pedophiles (male & female) boldly going after my children at tuscarora hs near ft. :gab: :gabby: wow...wow...wow! medical retirement for shin splints and opioid addiction after 12 years of service, isn t equivalent to being a 19.6 year military retiree! stolen valor! the twitter grok @6roc4 crew and @tadweitz et al, are cybercriminals who hunt and harass bonafide veterans and their family members, under the guise of stolen valor. they threw their crew member @marinewm86 under the bus. although, she had no honor or integrity to begin with in the first place. the shit got out of control, when me and @kathleensweetz began to corroborate our families having been hunted and stalked by military imposters and posers for over 10 years! to include the mysterious death of her daughter. and my having stumbled upon @debsteractual hunting a woman who was viewing porn on the dark web, to identify and rescue the children!"
426,3751740,"hear hear   lyrics to  last days  by nu breed and jesse bow our heads and prayfor this nation that we live inthis may be our last daysbut we won't break down and give inwe keep our people safeall our women and our childreny'all wanna come this wayi put it on god that we goin' kill 'emwe ain't goin' down without no fight (whoo)saddle up and hold on tight (whoo)back 'em up, we on the front linesin the last days, tell 'em one more time (come on)we ain't goin' down without no fight (whoo)saddle up and hold on tight (whoo)back 'em up, we on the front linesin the last days, tell 'em one more timefuck 'round and get ittell 'em come on with itthis the countrysideit's do or diethis ain't no fuckin' cityhope my people ridin' with meoutlaw nation in this bitch, boyyeah, we got your six, boyreal as it gets, boymake 'em lay down, make 'em stay downy'all dealin' with some monsterslook at what the fuck you made nowlivin' in a hell hole, gotta keep them shells closeridin' through the backwoods, posted like a scarecrowtake away our bullets, bitch, we grab a bow and arrowtry me if you want too, my tolerance is narrowwe just kill it, we the realestwe don't see no competitionthey gonna have to come and kill usfinally throw us in the prisonit's been writtenit's been toldwe would never sell our soulwe would never bow downmotherfucker, we've been chosewe've been deadstood for greatnessno time was ever wastedgot blood on my faceand to this day, i still taste iti've been faced with some hatredbut love, i kept it sacredrise abovei'm elevatedthis is outlaw nationlet's bow our heads and prayfor this nation that we live inthis may be our last daysbut we won't break down and give inwe keep our people safeall our women and our childreny'all wanna come this wayi put it on god that we goin' kill 'emwe ain't goin' down without no fight (whoo)saddle up and hold on tight (whoo)back 'em up, we on the front linesin the last days, tell 'em one more time (come on)we ain't goin' down without no fight (whoo)saddle up and hold on tight (whoo)back 'em up, we on the front linesin the last days, tell 'em one more timey'all really tryin' to scare usi don't think that shit's workin'i'm a big bad wolf in these woods and i'm lurkin'you ain't dealin' with no sheepyou 'bout to meet us in personput the nail in the coffin, and please close the curtainsi've been searchin for love, and all the things that we missin'now, we payin' in blood for all the ways that we're livin'yeah, we barely survivin', all the prices have risenall these people are dyin' and now, we tired of forgivin'now, it's time that you listen, understand what they playin'and yeah, the tables have turned, it's time to light up them canonswhen the smoke is all gone, and the strong are still standin'we goin' to go back home and never take it for grantedit's america, babe, the land of the freeand i'm still standin' with y'all, if y'all are standin' with mei will give it my all, until i fall to my kneesin an ocean of blood, i'm prayin' for peace (amen)as long as i'm here, i'ma speak 'bout freedomi'ma do it for the kids, while there's still time to teach 'emlet's bow our heads and prayfor this nation that we live inthis may be our last daysbut we won't break down and give inwe keep our people safeall our women and our childreny'all wanna come this wayi put it on god that we goin' kill 'emwe ain't goin' down without no fight (whoo)saddle up and hold on tight (whoo)back 'em up, we on the front linesin the last days, tell 'em one more time (come on)we ain't goin' down without no fight (whoo)saddle up and hold on tight (whoo)back 'em up, we on the front linesin the last days, tell 'em one more timewe ain't goin' down without no fight (no fight)saddle up and hold on tight (hold on tight)back 'em up, we on the front linesin the last days, tell 'em one more time (come on)we ain't goin' down without no fight (whoo)saddle up and hold on tight (whoo)back 'em up, we on the front linesin the last days, tell 'em one more timelet's bow our heads and prayfor this nation that we live inthis may be our last daysbut we won't break down and give inwe keep our people safeall our women and our childreny'all wanna come this wayi put it on god that we goin' kill 'emwe ain't goin' down without no fight (whoo)saddle up and hold on tight (whoo)back 'em up, we on the front linesin the last days, tell 'em one more time (come on)we ain't goin' down without no fight (whoo)saddle up and hold on tight (whoo)back 'em up, we on the front linesin the last days, tell 'em one more time"
427,438724,"i grew up in the 50s & 60s. i never once questioned my parents income. we didn't eat a lot of fast food because it was considered a treat, not a food group. we drank kool-aid made from water that came from our kitchen sink with real sugar. we ate bologna sandwiches, or even tuna (which was in a can not a pouch), pb&j & grilled cheese sandwiches, hot dogs, but mostly homemade meals consisting of meat, potatoes, home grown vegetables.i grew up during a time when we mowed lawns, pulled weeds, babysat, helped neighbors with chores to be able to earn our own money. i went outside a lot to play, ride bikes, run with friends, play hide and seek, or went swimming. we rarely just sat inside. we drank tap water from the water hose outside, bottled water was unheard of. if we had a coke, it was in a glass bottle, and we didn t break the bottle when finished. we saved it and cashed it back in at the store for a refund.we watched tv shows like bonanza, leave it to beaver, bewitched, the rifleman, looney tunes, the flintstones, gunsmoke, the jetsons, and i love lucy. after school, we came home and did homework and chores, before going outside or having friends over. we would ride our bikes for hours. we had to tell our parents where we were going, who we were going with, and be home when the street lights came on!you learned from your parents instead of disrespecting them, and treating them as if they knew absolutely nothing. what they said was law, and you did not question it, and you had better know it!!!we watched what we said around our elders because we knew if we disrespected any grown-up we would get our behinds whipped, it wasn't called abuse, it was called discipline! we held doors, carried groceries, and gave up our seat for an older person without being asked. you didn't hear curse words on the radio in songs or tv, and if you cursed and got caught you had a bar of soap stuck in your mouth.  please, thank you, yes please, no thank you, yes ma'am, no ma'am yes sir, and no sir were part of our daily vocabulary!the world we live in now is just so full of crooked people, hate and disrespect for othersre-post if you're thankful for your childhood. i will never forget where i came from and only wish children now days had half the chance at the fun and respect for real life we grew up with! and we were never bored!!! @csafd   i think every person on earth should get reparation. i'm half greek and i'm sure my ancestors were slaves i'm also half polish, so maybe an ancestor was a slave in germany.how stupid that sounds. none of us have owned slaves and no one is a slave, today, except the 300 thousand kids criminal joe and comrade kameltoes lost under their watch."
429,3099,alito and thomas are correct (imho). ignore the ruling. proceed with too similar to maui. was the hurricane enhanced and steered?!? remember irma in 2017? no thanks tyson. buy-bye. haven t purchased their chicken in a very long time. in case you needed another reason to avoid nike this is kind of important usa    guess she s tired of getting beat up every game. what little ratings the wnba gained will come crashing down.
431,2815356,@manganini @heehawheehaw @ryanmessano1 another false demon deceived. jesus is the lion of judah. jesus has a title deed to the earth and if you read revelation as he breaks all 7 seals of that deed to reclaim the earth jesus receives a portion of land in his tribe judah. you do not know the word. to add to or take away from gods word is to have all of the plagues written witnin the bible visited on you. dress for hot weather ! 
432,1925951,epstein list; doge cuts and discoveries; all investigations by the doj; i am so ready for all this to be released to the public and let the consequences fall where they may. reveal the people who fraud us; and begin the arrests to whomever.
433,1519042,"@tonymicelliayoh i'm tired of hearing dc referred to as, ""the swamp."" the swamp is a wonderful ecosystem filled with amazing creatures and good, resourceful people. dc is a sewer, filled with shit, piss, rat's, and lawyers. of course, the lawyers far outnumber the shit, piss and rats.   "
437,1916290,travis county judge slashes bond from million to for foreign trucker who killed 5 including a baby in fiery austin crash travis county judge slashes bond from million to for foreign trucker who killed 5 including a baby in fiery austin crash travis county judge slashes bond from million to for foreign trucker who killed 5 including a baby in fiery austin crash travis county judge slashes bond from million to for foreign trucker who killed 5 including a baby in fiery austin crash
442,4897528,"disgusting behavior - booing american anthem at an nba gameplease fast-forward to 5:55 mins to skip the audio issues and jump right on the start of the show at this point in the show timeline!pls click here: brain toronto raptors fans are probably cbc ctv brain washed minions as well. disgusting behavior like booing the opponents national anthem is like insulting a fellow human's family last name! now that you had allowed yourselves to be brainwashed by the msm mockingbird media, the political man child class like dog fork, you just elevated the trade war we are trying to avoid into a more dangerous cultural and identity war which could lead to actual kinetic military war! congratulations on your stupidity!"
443,606133,"vote in person! californians, especially. very informative article by election integrity project. if you can't vote in person, don't send your ballot early! early ballots benefit ""those manipulating the algorithms by giving them time to do so."" share the heck out of"
445,2140042,"from code monkey so how did they know in 2019 that they wou,d need 800 million for a disease that wasn t even in existence on august 1, 2019, the department of health and human services gave arizona's health services department a grant of million dollars for emerging infectious disease response of which million is dedicated to"
448,1633036,"if you buy from amazon, are you actually conservative?don't forget they funded abortion tourism for their employees gen z won't even be able to find a job in an amazon sweatshop.   it is engineered famine. god will destroy those that destroy the #weeds wow -- a doctor gets rug-pulled with his own health damaged, then red pilled the fortune 500 have been outsourcing our jobs overseas and to h1b employees for a while now.learn to code? not so i corinthians 13if i speak in the tongues of men and of angels, but have not love, i am only a ringing gong or a clanging cymbal. if i have the gift of prophecy and can fathom all mysteries and all knowledge, and if i have absolute faith so as to move mountains, but have not love, i am nothing. if i give all i possess to the poor and exult in the surrender of my body, but have not love, i gain nothing.love is patient, love is kind. it does not envy, it does not boast, it is not proud. it is not rude, it is not self-seeking, it is not easily angered, it keeps no account of wrongs. love takes no pleasure in evil, but rejoices in the truth. it bears all things, believes all things, hopes all things, endures all things.love never fails. but where there are prophecies, they will cease; where there are tongues, they will be restrained; where there is knowledge, it will be dismissed. for we know in part and we prophesy in part, but when the perfect comes, the partial passes away.when i was a child, i talked like a child, i thought like a child, i reasoned like a child. when i became a man, i set aside childish ways. now we see but a dim reflection as in a mirror; then we shall see face to face. now i know in part; then i shall know fully, even as i am fully known.and now these three remain: faith, hope, and love; but the greatest of these is love.(berean standard bible, for variety) for a small moment have i forsaken thee; but with great mercies will i gather thee.in a little wrath i hid my face from thee for a moment; but with everlasting kindness will i have mercy on thee, saith the lord thy redeemer.for this is as the waters of noah unto me: for as i have sworn that the waters of noah should no more go over the earth; so have i sworn that i would not be wroth with thee, nor rebuke thee.for the mountains shall depart, and the hills be removed; but my kindness shall not depart from thee, neither shall the covenant of my peace be removed, saith the lord that hath mercy on thee.o thou afflicted, tossed with tempest, and not comforted, behold, i will lay thy stones with fair colours, and lay thy foundations with sapphires.and i will make thy windows of agates, and thy gates of carbuncles, and all thy borders of pleasant stones.13and all thy children shall be taught of the lord; and great shall be the peace of thy children.isaiah 54:7-13 new moon to signify a new year.     a windy one here.   genesis 1:14. passover will commence in about two weeks. 45 minutes in, boyle states how 11,000 troops died and 100,000 of the 500,000 troops disabled who were forced to take the experimental anthrax vaccine under bush i and secretary of defense dick cheney."
453,476402,if you think this can't happen to you better thing twice. ?islam the covert ideology destin to take over the world? one might expect that elon musk would take action regarding these fraudulent individuals who are exploiting the tesla brand and his likeness to deceive unsuspecting consumers and steal their funds. don't purchase tesla tes token
455,3543525,"instead of the fbi wasting time interviewing every patriot that was in dc on the 6th, how about interviewing every poll worker in the democrat party controlled big city precincts in swing states? it's ironic that democrats that want to defund police are so anxious to build a police state. pushing public acceptance of an experimental vaccine with higher risks than the virus itself is criminally reckless."
456,19959,@openquotes heard an interesting theory presented as to these raids. perhaps they are looking for the crossfire hurricane documents that prove they were all in on trump getting spayed on. if nothing else it s a pretty plausible theory imo.
457,535824,"my first impression of cyberfrog: dark harvest was that it was a jumble of miscellaneous ideas. but after @ethanvansciver corrected me, i saw how dark harvest could have pretty easily been made into a top-tier book.""let's fix cyberfrog: dark harvest!"" - #comicbooks #comicsgate #review #cyberfrog i have won every hand of casino blackjack i have ever played, and i can show roughly half of you how to do the same.first, go to any casino and play a hand of blackjack. if you win, never play a hand of blackjack at a casino again.you're welcome!p.s.: if you lose the hand, i can't help you. loser. ""the jews said 'let his blood be on us and on our children'.""true. also true is that the apostle peter told these same jews at pentecost: ""the promise is to you and your children.""god was willing to forgive the actual mob who called for jesus' death if they would simply repent and be baptized in jesus' name -- if they would take his blood upon them in a positive sense rather than a negative sense -- and 3.000 of them did exactly that, becoming the first christian community!god invited the very jews who called for jesus' death into the fold well before he took in any gentiles (to the shock of those first jewish christians), proving nobody is so cursed that the blood of jesus won't lift that curse -- not even the curse of someone who spilled that blood.which is why, no matter who killed jesus, it is no excuse for antisemetism. people who sell jew-hatred with sex are the biggest hypocrites."
464,2882005,"this is a great american. brave and true. a doctor who takes the responsibility seriously, and refuses to bow to the big pharma tyrants. dr. robert jackson. schooling the sc senate medical affairs committee. ivermectin is safe and this is a well-written article touching on the latest act of depredation out of dc, and showing how such a travesty is related to the passage of the 17th amendment, which changed the way senators are elected, and reduced the accountablity of the federal government, and reduced the power of the states to monitor and oversee the federal government. the author argues that we need to repeal the 17th amendment, and i agree. have a read and see what you think. comments by several highly qualified doctors, warning of possible unforeseen dangers of mrna technology. food for thought. last updated 7/28/2021 to include an interview with dr. robert malonedr. robert malone - the vaccine causes the virus to be more dangerousdr. malone is the discoverer of in-vitro and in-vivo rna transfection and the inventor of mrna vaccines, while he was at the salk institute in lee merritt - former army doctor, worked in bio-weapons richard fleming - triple doctorate, md, phd, sucharit bhakdi, don't take the luc montaigner - nobel laureate says there is no justification for the current mandatory widespread mrna vaccinations, calls it insanity, says it is potentially a generational vernon coleman, mb chb dsc share as widely as you can. watch more of his article reporting some remarks by dr. michael yeadon, former vp at pfizer pharmaceutical, discussing the possibility that this is all planned and designed to kill bridle, a viral immunologist and associate professor at university of guelph, ontario, stating that the spike protein was chosen as a suitable target antigen, but unfortunately, as it turns out, the spike protein in and of itself is a dangerous interview with dr. merritt, more sucharit bhakdi - expressing his personal simone gold, emphasizing the truth that a vaccine is unnecessary, as we have reliable prevention and excerpt from a longer speech by dr. dolores dr. andy wakefield on the mrna vaccine and the current wave of misguided public health decisions regarding covid-19 interventions. very interesting and informative. it should be noted that dr. wakefield was at the center of a huge controversy involving a study that failed to prove a link between the mmr vaccine and autism. he was professionally sanctioned and his medical license revoked for some questionable actions in this case.so be aware that there may be a bit of an ethical cloud over him. take his opinions with a grain of salt, and attempt to confirm any opinions he may offer by comparison with additional sources and do your own homework. the life you save may be your own, or someone you love.even with all the foregoing disclaimers, i still think what he has to say in this interview is of value, and is very well articulated. he's not lying about the enhanced immune response effects of mrna technology. his account of the results of the sars-cov vaccine experiment termination, and the dengue fever vaccine withdrawal are to the best i can determine, factual and fairly stated. i've listened to several other doctors raising the same concerns..dissecting the of the case against dr. andy we have the right to express ourselves freely as our natural birthright as human beings. this right is not granted to us by the first amendment of the us constitution. this right is recognized by the first amendment. the first amendment, and all the others in the bill of rights, are put in place to protect us when the government is the aggressor who is ignoring our rights. pay attention to the framing of the issue when people say we can t do anything against a private corporation trampling on our rights. the purpose of government is to protect and defend citizens (who consent to be under the jusrisdiction of the government) against anyone (at all) who tramples on our rights. there are some arguments for limiting what government can do to private entities, but that is literally the purpose of legislatures. to draw the lines. the executive translates the law into concrete actions to enforce and protect our rights. when corporations trample on our human rights, it should be noted that the concept that corporations are persons is a convenient legal fiction, useful to apply liability in law, but should never be called upon to overrule the human rights of an actual human. when corporations acquire equal status under the law to actual human beings, we create monsters with literally unlimited power and resources. when the government allows these entities to become our de-facto rulers, it is become fascism."
470,3600703,"""remember, if you're a 5 and whomever is coming on to you is a 9, you're the the corrupt & powerful will steal from you everything you have, look you in the eye and tell you it's your fault.and that they're doing it for the common good.expose them at every turn. put your weight behind"
484,2501697," i saw this, it's so true:i am palestine. i never miss a chance to miss a chance.in 1947, the united nations offered me a state more than 50% of the land, international recognition, and a future. i said no. i chose war instead. five arab armies invaded the newborn state of israel, aiming to strangle it in its cradle. i lost. hundreds of thousands of my people became refugees not because israel expelled all of them, but because arab leaders told them to flee, promising victory within days.i am palestine. i have never chosen coexistence. only resistance.in 1967, i joined forces with egypt, jordan, and syria again. another war. another loss. east jerusalem, the west bank, gaza all fell under israeli control not because they were taken from me, but because they were taken from jordan and egypt, who occupied them for 19 years and never gave me a state.i am palestine. i could have had peace. many times. but i always said no.in 2000, at camp david, israel offered me nearly all of the west bank and gaza, with east jerusalem as my capital. i walked away. i chose the second intifada instead. my people strapped explosives to their bodies and boarded buses, walked into cafes, malls, passover seders. i called them martyrs. the world called them terrorists.i am palestine. i glorify death. i raise children to hate.my textbooks teach that israel doesn t exist. my media tells stories of heroes who stab jews in the street. i name schools and parks after suicide bombers. i pay salaries to murderers in prison. the more jews they kill, the more i pay.i am palestine. i elected hamas.not once, by mistake. but knowingly. in 2006, i voted in a terror group whose charter calls for the extermination of jews and the destruction of israel. since then, rockets have flown from gaza, thousands of them, aimed at kindergartens and homes. every ceasefire is just a pause to rearm.i am palestine. i speak of occupation, but never of responsibility.i blame israel for everything yet i never build anything of my own. billions in aid from the world, yet no hospitals, no infrastructure, no future. just tunnels for terror, textbooks for hate, and leaders who grow rich while my people suffer.i am palestine. i demand rights i never gave to others.between 1948 and 1967, not once did i call for a palestinian state in the west bank or gaza. jordan ruled one, egypt the other. i said nothing. i only wanted the whole thing from the river to the sea. still do.i am palestine. i hold the keys to homes i fled but never to peace.i reject compromise. i reject israel s right to exist. and yet, i demand return of land, of homes, of everything. not to live beside the jews, but to replace them.i am palestine. and i cry for justice but worship those who murder.i build monuments to  resistance.  i dance in the streets when jews are killed. i film my children with toy guns, teaching them that martyrdom is glory. then i weep before cameras, asking the world why there is no peace.i am palestine. and until i choose life over death, truth over lies, and peace over hate i will never be obama! the ring leader of the russia, russia, russia plot!   will any of these traitors spend time in jail?"
485,2897171,"their face, tulsi gabbard's revelations don't strike me as ridiculous and i suspect they are not untrue. for political reasons i'd recommend against prosecuting obama - given the recent supreme court ruling i suspect that he is immune. but i'd like to see brennan, clapper, and comey go down. that would be sufficient damage to obama's legacy."
489,6480898,"last year's edition. momma wandered off to have her baby(s). grandsons 9 & 5 will be bow hunting very early in life and they're off to a great start. not a foreign policy expert, but...i believe #47 was only talking-tough to putin in order to get the natural gas deal with the eu.it wouldn't surprise me if #47 backs off a bit and allows russia more time to come up with an exit strategy.a lot better policy than blowing up the nordstream...  time for another review 2032 is inly 7 years away...possibly the greatest meteor shower in human back in the gym after a 7 day surgery hiatus. feels like i'm 50 again....lol awesome day with family; helping my son in law with his out-building. ""best of luck"" to each and every control freak who tries to put ""bridals"" on fellow gabbers.  first advisorsthen.....trainers fake version: luke 23:42 specifically states that in order for anyone to get into heaven, they must first seek man's approvals, crawl up flights of stairs on their knees, and flaggelate themselves.......//s.i'll just go with the real version..lord please remember me, when you go into your kingdom.        turn off the cameras on kohburger's cell. there has never been, nor will there ever be an incorruptable institution run by mankind....when pointing a finger at an institution such as another religion, there are always.....always three fingers pointing right back. we could be seeing another wave of vaxx deaths; 3 so called high profiles purportedly died in two days (hogan, osborne, & maginoni), an older friend of mine (who was vaxxed and boosted) died on the 13th.70s seems too young to be dieing...imo momma-style standoff  if god almighty judged me by what he sees in my heart, he would never let me in heaven.thank you jesus christ, my lord and savior.  crapgame had the republicans figured-out. if wondering what on earth could possibly make a hard core ww2 tiger tank commander sell out his homeland for a share of gold; the answer is: he was a people being born ""on 3rd base"" (such as a large inheritance of financial wealth, intelligence, or attractiveness) isn't necessarily a problem, unless they go around acting like they hit a triple.... i traded religion for faithi traded legalism for graceedit: plato's allegorical the immoveable ladder at the church of the holy sepulcher; a symbol of all the ""great"" schisms in humanity.i'd love to see my lord & savior take that ladder, break it over his knee, and toss it, when he returns, (or have me do it)."
490,2940078,"1/2 - 3311barred: un me dico de cabecera con el coraje de decir no a las vacunasun me dico de cabecera que renuncio  a su ""trabajo de por vida"" como socio de un consultorio de hampshire debido a sus dudas sobre las vacunas covid-19 ha sido suspendido por nhs england por cuestionar el protocolo del coronavirus.el dr. sam white recibio  una carta el viernes informa ndole que fue suspendido con efecto inmediato, lo que le impide ejercer como me dico dentro del nhs. el sa bado fue telefoneado por un asesor cli nico senior del nhs england, quien condescendientemente lo llamo  ""mun eco"".de manera tranquilizadora, ella le dijo que estaba preocupada por su bienestar. ""me preocupa si se encuentra bien"", dijo, y el trasfondo de la conversacio n fue la sugerencia de que el dr. white esta  sufriendo problemas de salud mental.de hecho, el dr. white nunca se ha sentido ma s cuerdo a pesar de que ha presionado el boto n nuclear en su vida profesional. las dos razones principales de la detonacio n involucraron el lanzamiento de la vacuna covid-19, una iniciativa con la que fundamentalmente no esta  de acuerdo porque las vacunas no son necesarias si existe un tratamiento eficaz; y el uso obligatorio de ma scaras, un tema introducido por psico logos, no cienti ficos, que segu n la investigacio n de la universidad de stanford no es ma s que teatro.dijo: ""es difi cil ir contra la corriente de esta manera, pero cuando me entere  de que iban a empezar a probar la vacuna en nin os, no pude dormir. sabi a que no importaba cua les fueran los resultados de los ensayos, negativos o positivos, empezari an a inyectar a los nin os independientemente. un nin o sano tiene ma s probabilidades de ser alcanzado por un rayo que de morir de covid. no necesitan una vacuna experimental que no tenga ningu n beneficio comprobado. los riesgos de la vacuna son completamente desconocidos porque apenas se ha probado. pero las reacciones comienzan a salir a la luz. los adolescentes varones parecen estar desarrollando miocarditis (inflamacio n del corazo n) que puede dan ar permanentemente el corazo n. los riesgos podri an ser potencialmente devastadores en comparacio n con el hecho de que contraigan covid y lo sobrevivan. empece  a despertarme con un sudor fri o. estaba tan ansioso que termine  diciendo que estaba enfermo. eso fue en marzo y nunca volvi  ''. ahora teme que esta ansiedad se utilice para cuestionar su salud mental.el segundo dolor en sus costillas se produjo cuando alguien en la comunidad de twitter publico  a rai z de historias apocali pticas sobre los heridos por la vacuna: ``  que  esta n haciendo todos los me dicos sobre este crimen contra la humanidad? '' sabi a que teni a que revelar co mo habi a tomado una posicio n (...). (siga hilo en comentario "
493,3896114,"believe the 'clinton judge' should read and have someone explain to him the laws written in the u.s. constitution  her up because those 140 enter the united states of america legally ...judge boasberg is a complete idiot !! this is what i voted for beneath the surface of news reports, the ftc is examining how influence peddling, disguised as brand safety concerns, could be distorting the principles of online free speech. has a right to know  fafo moment this is what 'we' voted for. stephen miller is a beast stephen miller@stephenmone of the bigger points of confusion on the bbb is spending vs tax cuts.the lefty cbo says extending the 2017 tax cuts (preventing their expiration) increases the deficit.some critics have seen this figure and claimed or implied the bill increases spending.even according to cbo, the bill cuts spending over trillion.so when a libertarian (eg rand) attacks the  deficit  impact of the bill they are attacking the tax cut.of course, honestly accounted, extending current tax rates has zero deficit impact which is why the bill, because of its spending cuts, reduces the deficit.a second major point of confusion is what s actually in a reconciliation bill. it is not an appropriations bill, or a general budget bill. it provides no funding or authorization for 99%+ of the operations of government. it was written not by appropriators but some of the most conservative members of the house. it has not a single democrat provision or vote.the bill has three principal sections: tax cuts, welfare reform, immigration and border security. it is a dream bill. we have the white house, senate, and house.it's not rocket science.all we are asking for is legislation that aligns with what 'we' voted for. and it starts with a budget that doesn't grow the deficit.  trish regan@trish_regani'm dying. this is actually funny. kjp is switching parties. after telling us all we were 'cheap fakes'.... terrence k. williams@w_terrencewhat s something you want the republican party to do ?impeach activist and arrest judges codify president trump s agendadesignate the muslim brotherhood as terroristgrow some balls  fbi director kash patel@fbidirectorkashnew from the fbi... i can confirm that this morning at jfk airport, fbi agents arrested an individual, daniel jongyon park, on charges related to the bombing of the palm springs, ca fertility clinic in may.park is alleged to have provided material support to the fertility clinic bomber by shipping and paying for significant quantities of an explosive precursor.park had fled to poland days after the bombing, where @thejusticedept @agpambondi led extradition efforts after our partners in poland had detained him. this morning, the suspect was flown back to new york, where our agents arrested him. he will now face justice.excellent work from @fbilosangeles @newyorkfbi @fbiportland @fbiseattle in the investigation, as well as our local and federal law enforcement partners around the country. thank you to our partners in poland for your coordination.let this be a reminder: if you harm the american people, or aid and abet those who do, you cannot hide. this fbi will work with our partners to pursue you, find you, and bring you to justice   in any corner of the planet. rep. jim jordan@jim_jordanthe largest ever ice operation led to the arrest of 1,500 illegal aliens in massachusetts. one question:why did democrats let them in our country in the first place? the dumbest people alive are in the demorat     james woods@realjameswoodsoh, look, jake tapper is worried about election rigging. he wasn t when democrats were doing it with millions of unchecked illegal aliens, of course. but that would have required him to act like an actual journalist.  fed governor waller who voted against jerome powell for refusing to cut rates just said that rates should be lowered by 1.5 points. waller actually understands monetary policy unlike too late. ...the data imply the policy rate should be around neutral, which the median fomc participant estimates is 3 percent, and not where we are 1.25 to 1.50 percentage points above 3 federal reserve governor waller just said he dissented from jerome powell and the board's decision to not cut interest rates because it is consistent with the fed's policy to cut rates based on all of the data we have right now.what is the rest of the board doing?there were 2 dissenters in this meeting.release the transcripts.   fact that she stated that she used the ""auto-pen"" should be guilty enough that she used the auto-pen       guy priceless  only way brennan gets out of the ""woods"" is when he enters the brick walls ..no one is above the law, especially an ex-cia that commits treason pres. trump is like fighting muhammad ali.i m glad i m on the side of ali."" - only gang members, criminal illegals, queers and corrupt politicians like ellison in minnesota"
499,70457,"when even those on the other side of the planet realize what a farce cnn really is...only the truly stupid rely on the network for . not some of his bigger hits, but still great horsecrackerbox palaceblow awayyouisn't it a pity?love comes to everyone the swamp rears its ugly head. here's a by-name list of all the ""republicans"" who voted for some of biden's worse criminals.many of the same are now complaining over trump's . this greaseball is one of the dems top contenders.hopefully, unlike most californians, the american people won't get sucked in by the snake oil salesman. . when even those on the other side of the planet realize what a farce cnn really is...only the truly stupid rely on that network for . when even those on the other side of the planet realize what a farce cnn really is...only the truly stupid rely on that network for . oh, laugh it up... have a ball.it's all fun and games until someone fractures their . oh, laugh it up... have a ball.it's all fun and games until someone fractures their . oh, laugh it up... have a ball.it's all fun and games until someone fractures their . oh, laugh it up... have a ball.it's all fun and games until someone fractures their . oh, laugh it up... have a ball.it's all fun and games until someone fractures their . oh, laugh it up... have a ball.it's all fun and games until someone fractures their . oh, laugh it up... have a ball.it's all fun and games until someone fractures their . oh, laugh it up... have a ball.it's all fun and games until someone fractures their . oh, laugh it up... have a ball.it's all fun and games until someone fractures their . oh, laugh it up... have a ball.it's all fun and games until someone fractures their . oh, laugh it up... have a ball.it's all fun and games until someone fractures their . oh, laugh it up... have a ball.it's all fun and games until someone fractures their . oh, laugh it up... have a ball.it's all fun and games until someone fractures their . oh, laugh it up... have a ball.it's all fun and games until someone fractures their . oh, laugh it up... have a ball.it's all fun and games until someone fractures their . oh, laugh it up... have a ball.it's all fun and games until someone fractures their . what... no mention of the guy with the gun who stopped this whole almost-killing spree? . what... no mention of the guy with the gun who stopped this whole almost-killing spree? ."
506,1416716,"  @areweallbeingplayed  as jesus has commandedlamps lit look out for the one who comes like a thief in the night the stealer of joy the killer of light the destroyer of good the devourer of soulsthere is a reckoning upon us the likes that can only be de-scribed asbiblicalthis is a psychological spiritual war on a digital battlefield for the souls of this countrywe are the beacon on the hill the last strongholdthe holy house of all that is-real the desolation is upon ustake time give thanks for the victoriesbut take heed in the silent screams of those around your tablestake heed to the fears that rest in the words not spokentake a mental note and remember the vision of what you are blessed to witness before youthose people those loved ones those family ties the ties that bond them togetherthe blood of the truth and salvation of the redeemer is the head of your tablehe demands you serve him your firstsyour smiles your laughs your tearsyou made it this faryou are the way you are the stormit is the seeds before you that deserve your living waterbe not afraid to pour it upon themglory be to gloryproclaim hosanna is on highfrom glory to glorythe peace of the way, the light, be upon you and yours on this the day of the holy of days @iwitn3zm3dia"
507,6395388,"there are times in our lives when it seems that the harder we try to stay on god s path, the worse things appear to go. in the end, what may initially seem like difficulties or hardships is part of god s plan to help us grow stronger in our faith and walk closer to him. when we live the lives god has called us to lead, we can find peace of mind knowing that he is guiding us and opening the doors to where he needs us to be. as children of god, we put our faith into action with hope, and we have the beautiful blessing of the holy spirit interceding for us. sometimes, we do not even know what to pray for, but through the holy spirit dwelling within us, our prayerful pleas to god are heard. jesus called the holy spirit the comforter, a term that so aptly describes the spirit's work in the life of a born-again believer. we make our requests to god and find peace in our hearts, knowing that his will is being done, regardless of the outcome. sometimes we might feel like we are in a tough situation, where we have more questions than answers. as children of god, we have hope. hope is faith in action, knowing that god has bigger plans for our lives than we can ever imagine. when the circumstances of life seem overwhelming, practice patience. patience strengthens our faith and hope. consider using this season of your life to share the beautiful gift of salvation with those around you and to show god s love to others. if you are facing difficult times, draw closer to god. we would love to see you at groveland baptist church in beautiful central florida! lake county animal shelter needs your help! due to the recent suspected dog fighting investigation they have taken in a lot of dogs. today is a great day to #adopt a new friend! please share! lake county animal shelter link: can learn more about the investigation here: celebrate #christmas in july today! find a way to be a blessing to others. here are some ideas of ways to be a blessing: donate to a local food pantry, local pregnancy center, local senior center, local animal shelter, local clothing pantry, local homeless missions, search & rescue mission groups, and missionaries working in other countries. you can donate money and/or donate your time. remember each of these groups in prayer. is your life out of control? have your choices led to a life of constant fear and anxiety? stop and reflect on the people you surround yourself with daily. if they do not lead lives that honor and respect god, they do not truly care for your well-being. god offers hope for you. turn to him today, ask him to forgive your sins, and confess that you believe jesus died on the cross for your sins and conquered death through his resurrection. then, purpose in your heart to begin a new life with god. surround yourself with god s people."
508,258572,"0.7% is still too high to relax... the financial reset is inevitable.the days of shrugging off the notion of debt are over.but, see....so many who helped get us into this crevasse got their seat at the money table, so they could give a shite. just in time for mother's day.... or....we just accepted it as reality... would you take a fo'ty for it?! hmmmm.... property that is owned gets treated like it is rented...enough."
514,526447,"why do they say 'one day', they should certainly make it public. what are they hiding there?'there are so many different areas where they are going to have to investigate and reinvestigate that. we just went through a period where there was mass stonewalling of congress when it was trying to investigate what happened with covid. there were key people like peter daszak from the ecohealth alliance, who just didn t answer subpoenas, right? there are documents that we know exist that we re going to get now with fbi communications between the bureau and a lot of these scientists dating back ten years. and it s going to tell a crazy story, a really interesting story. there s a reason why fauci s pardon is backdated to 2014, because that s the time period they are going to have to start looking, which is, when did we start defying the ban on gain of function research. we clearly did. that s pretty established at this point.' option would be a new state pension investment fund, it could be entirely separate from government. the idea being that it would pay dividends to the government in order to fund the state pension, from the investments it makes in the uk economy. it's perhaps a twentieth century idea that the state pension should be unfunded, and though costly to set up, it would have two benefits: first it would increase domestic inward investment, and second it would reduce the burden of state pension costs over time - about the largest state expenditure. they could start it off with some of the share from rbs/natwest, which the government owns. beyond that, they could perhaps fund it using something like 5% of the total national insurance take for a year. as has been noted, the initial cost would be high, but the returns promising over time.another thing they could look at is foreign aid, it's perhaps an old fashioned idea that that's simply handed out. it would make sense to have at least 50% directly funnelled into overseas investments with a return, or tangible assets. over time, that would also decrease the burden of foreign aid, and probably help the foreign countries receiving aid more than handouts. 'gordon brown: uk has to get on war footing for economic growth.' a complex key, levelling up zones, housing, energy infrastructure investment, and general inward investment. that would very well bring about a change if it came off, it would be a new era of medium growth rather than the low growth era since the 1990s. it would be an achievement if that was the case. 'the region's economy will be boosted by new so-called levelling up zones to be established across the west midlands as part of a new devolution deal.a group of zones have already been identified as having the potential to accelerate growth, development and regeneration.key investment sites within each will be unlocked by a new agreement with the government that enables the region to retain business rates growth over the next 25 years, said to be worth around  500 million.growth zones being considered include east birmingham north solihull corridor and uk central; green innovation corridor and university of wolverhampton's national centre for sustainable construction; dudley metro, wednesbury to birmingham road, tipton; and dudley to brierley hill. also included is the gigafactory site at coventry airport.' much for 'following the science': the five times matt hancock and government 'ignored advice' from covid gurus, according to bombshell leaked whatsapps.' bitcoin: bc1qt3tn37kjq449kcx70e2aae9ltfqmqydjf4gkf0ethereum : 0x7139961a1b8c5b013087703b433f05e7ed390b67monero: 43ubfk1rfck2bvbrck3cntqvfvpksnf7rsbh3jckqg7qrkncbbk65kbf9j6rw1anbj1hmreej4xjgachdan1cz9zlpzdubcfinally updated bitcoin so accepting btc donations for running costs and so on."
518,2006167,"'history repeats itself as the world is spinningput your faith in god while half the world is sinning'#alexjoneswasright   attention fam!  today is the big day!my new album 'blacklisted' will be live tonight at 11pm est!i'll be doing a special livestream/listening party on foxhole and dlive!make sure to tune in, but if you can't, go to to go grab the album! i promise you won't be disappointed!much love, and i'll see y'all there! this weird sci-fi dystopian matrix ain't for me.i choose not to participate.so can you.just. say. no.to their masks, bullshit viruses, fake presidents, manufactured hate and racism, all of it.their movie sucks.make your own, and cast only those you love and trust. "
519,2738500,"reposted members flm.....  reposted members flm.....  besides the fact that i have yet to hear someone coherently explain why russian soldiers would target theaters and hospitals, the timing of these  attacks on civilians  doesn t make much sense. russia has been trying to establish humanitarian corridors. but don t kid yourself, those corridors aren t so much about providing safe passage for civilians. that s a secondary purpose. the primary purpose is to give ukrainian fighters a way out, a chance to lay down their arms (russia did that in syria, and in many cases it worked). the intentional targeting of civilians is counterproductive to establishment of those corridors, and russia knows that. no fighter is going to lay down his weapon and leave if he believes russia might drone strike him and other unarmed people making their way through the corridor. @electionwizard today's ukrainian war heroes were yesterday's white supremacists and neo-nazis fighting russia (video)"
520,3835862,"@patr1ot thank you, germans don't have it better, but what i know they still vote the left in office or there is also cheating going on, the ones i talk with vote for the afd , i think this what they call them, the ones on the right , but they get called by the left nazis. germans still dreamers."
522,1267467,so my fiance  has been running a successful produce stand in my community. last night on facebook. after writing a post on the community page. a coward by the name of butch knauff. who is our local region school board president. the pic he reposted of my children. was a pic a hooknose had made. now do you feel this is acceptable behavior from a school board president? if not then help me expose him. by calling or emailing mark condoassistant superintendent(570) 893-4900 ext. 2321mcondo3@kcsd.k12.pa.us 
527,323294,"welcome to mfe. we provide a platform for the local and county election integrity task forces to collaborate as a team to share information and address needs. the mfe solution has two components:a state federation/coalition focused on ensuring the secretary of state offices (sos jocelyn benson) and bureau of elections (jonathan brater) comply with state statutes a local task force in each county focused on the election operations in that county  mfe's state and local task force volunteers investigate, communicate, legislate, and litigate. we educate ourselves and the public. armed with the truth, we take action to restore election integrity in the following areas of focus: legal compliance with election lawvoter roll integritylegislative solutionstechnology and voting systems and processesprotecting and preserving the electoral voice of every citizen. our vote is our voice. each voting aged citizen is entitled to one vote."
535,6236876,"the 4 welsummer littles are outside, sleeping in the dark for the first time. they seem unruffled. their minicooper is hosting it's 3rd round of chicks.here's pola taking recess out of the brooder, with loco behind her. the other two disembarked to scratch ;)i made electrolyte water for the older hens - they'll get it around 2:00 this afternoon, when we'll be at 100 degrees. nice shade in the run and coop, and a fan running into the coop (don't worry - it's outside of the hardware cloth side). but my ameraucanas don't tolerate the heat well - and they're my special girls. cheese, anyone? i think we need our country, our economy, have been made a giant jenga game.more than a century in the it's not possible to watch all of the interviews and documentaries with which we're barraged on a daily basis. i probably see 200 hours worth posted on any given day. and this one is long - over 2 hours.i watched it. and it ranges far beyond epstein. you're gonna have to take prayer breaks. but it's something that i believe must be considered. the spiritual war is real. so carve out some time, and understand who our enemy is. may god help good morning!""electric bike"" and ""isle of man"" - naturally, i thought of @guardamerican and @anchoress-of-the-isle those little puzzle-piece, ""autism speaks"" bumper stickers make me ill. there is and industry around autism, and it's despicable.imagine there's a hole in front of your house, and someone falls in and breaks their leg. you take them in, ""accept them as they are"", and don't set the bone. the next day, the same thing happens to another person. again, you bring them in, and tell them they're ""fine as they are"".then, you realize that you can monetize their pain. get money for being their ""care-giver"", and praise for being so ""compassionate"". you sell little bumper-stickers of stick-figures with broken legs.nobody ever mentions that you should fill the damn hole. i'd call this an unaccounted variable:""after the record-shattering hunga tonga undersea eruption in 2022, millions of acres of the sea literally turned red, the combined result of megatons of sulphuric ash and a rust-red cytoplankton bloom observable from space.if there were a single news story that best illustrates the pathetic failure of our modern scientific  expert  class, that story would be about the largest and most ecologically devastating geological event in human history, which occurred in 2022, yet most of you still probably have never even heard of it. it s a story non grata because it shatters the approved climate narrative.since 2022, the oceans have been going crazy. the gulf stream is failing (unprecedented). scientists are  sounding the alarm bell  about collapsing atlantic meridional currents (never seen before). the south atlantic geomagnetic anomaly is growing and spreading, threatening the satellite industry (totally unique). ocean temperatures are reaching record all-time highs,, from the atlantic to the mediterranean to the south pacific, threatening the most populous top layer of sea sharing a long-held hope, even when misplaced, can be a ""to prove it is not simply the latest custodian of the deep state, the trump administration must release the epstein videos and related evidence, fully expose the scope of the sex trafficking and apparent ic blackmail operation, and ensure that every perpetrator, regardless of power or position, is held accountable under the law. it must also release the long-withheld files on covid origins, russiagate, the hunter biden laptop, january 6, unidentified aerial phenomena, and other topics. even if these files do not reveal any  smoking guns,  the public has a right to full transparency. only through this transparency can the credibility of the intelligence community be restored.""at this point, how would we trust what's true? the lie is the returning og."
536,3847831,"breaking news, george clowney still pushing a political agenda thinking he can still influence the public? george clowney still thinks he can influence the public. wake up canada canada red pilling sooner or later. what's done in the dark will be brought to the light. former catholic, always felt the ritual of eating the body of christ or drinking the blood seemed very wrong to me. but, i still have faith in spirituality to lead a good and decent life. i personally feel it is within us. every canadian should be embarrassed/concerned with this attack on global governance? united nations / world health organization / world economic forum , etc. should we all just accept global rulers? canada member of parliament, matt strauss tells it like it is. breaking news: the news are corrupt liars! no wonder the donald kept calling them fake news! don't be so quick to condemn all canadians please. many of us are patriots, a sporting event is not representative of the entire population!"
539,3157655,"we are paying dearly for decades of this!   just a friendly reminder.hey, pedos......here's your sign!   wow....i am one proud patriot today!!i just heard on the @x22report (episode 2424b, march,10 2021) that richard grenell shared my  president trump circle back  meme creation on instagram. check out the episode. my first gab!keep the faith patriots!"
547,6543795,"05/30/2024 james dorsey, senior fellow at nanyang technological university s s. rajaratnam school of international studies: ccp sees the gaza war as an opportunity to position or improve its standing in the middle east, particularly in the non-israeli middle east. but everybody agrees that the one party that can help bring this war to an end is the united states, it's not china. because at the end of the day, china's relations with the middle east are primarily economic.05/30/2024                                 :                             ,                      ,                   ,             ,                 06/02/2024 ukrainian president volodymyr zelenskiy, speaking at the shangri-la dialogue defense forum in singapore: we need the support of asian countries to end the war. however, it is regrettable that russia is using communist china to disrupt the peace summit. it is very unfortunate that such an independent and powerful country as communist china has become an instrument in the hands of putin.06/02/2024                                 :                       ,                                           ,        05/30/2024 us expert on china lee steinhauer on fox business: we must always be cautious about communist china's economic data, as the ccp is notoriously known for fabricating data. even if communist china can make its numbers look better in the short term through stimulus measures, their long-term prospects will be very challenging given the headwinds they face. moreover, the u.s. is in a new cold war with communist china.05/30/2024                          :                   ,                                          ,              ,                             05/30/2024 us expert on china lee steinhauer on fox business: america's open borders pose a significant national security risk. i can imagine that some people are crossing our borders to escape the ccp and to seek a better life in the united states. however, if we think that the ccp would not take advantage of our open borders by sending individuals for malicious activities and espionage, we are being naive and foolish.05/30/2024                         :                        ,                 ,             ,                   ,               ,            05/30/2024 us expert on china lee steinhauer on fox business: all of the private entities in china are controlled to a significant degree by ccp. so the difficulty becomes that you cannot separate the ccp and the chinese government from these private entities and what they're doing. so i think we need to be very serious and very tough about how we allow china to engage with our country.05/30/2024                          :                               ,                                  ,                ,              gallagher: the strategy pursued by the chinese communist party on the international stage is to divide and conquer... to divide the free world. but... this strategy failed. the people of taiwan and the united states are united against authoritarian aggression. our standing together is evidence of failure.    :                   ......         ......                           ,      ,        #      next year, beijing!the western elites who support the ccp today will be looked at as the same people who financed hitler and stalin. they betrayed the american people, they betrayed the united states of america, and most importantly, they betrayed laobaixing, the hard-working chinese that had been our allies since the mid-1930s. thank you for your support! next year, (see you in) beijing! - steve bannon, 02/22/2024          :               us admiral warned of ccp china launching surprise attack against taiwan      2 26   :              (samuel paparo)      ,                          ,                       ,                                adm. samuel paparo, the nominee for the next head of indo-pacific command, warned that ccp china's military is perilously close to being able to launch a surprise offensive against taiwan from military drills and that the u.s. military will need to leverage innovations like machine learning and drone swarming technology to get a ""stare instead of a blink"" on the ccp china's military movements. - news week, 02/26/2024 02/26/2024 u.s. ambassador burns to china on 60 minutes: our companies and tech experts are competing on ai and biotech and quantum mathematics. all those technological advances will lead to a new generation of military technology, our two militaries are vying for military supremacy. the tensions that persist in the indo-pacific, especially in the south china sea and taiwan, signal ccp s goal to overtake the united states as the dominant country globally. we don't want to live in a world where the chinese are the dominant country.02/26/2024  60              :                                  ,                   ,                    ,                   ,                                                   :            ,tiktok            two things we know about china: covid came from the wuhan lab. tiktok is a ccp espionage app."
548,4541653,"   this episode we begin a series based on mary a. kassian s book, girls gone wise in a world gone wild.  girls gone wise in a world gone wild explores the story of a typical  wild girl  from a passage in proverbs, the bible s book of wisdom. it s a cautionary tale that was written by the famously-wise king solomon to instruct his son, a young prince, how to avoid getting involved with the wrong kind of woman. the story is fascinating because it reveals twenty characteristics of a wild thing . . . and by contrast, also reveals the attitudes and behaviors we need in order to be wise. as always...thank you for your contributions, prayers and support!our most recent topics are now available on our rumble channel. rumble: & donations:       muy buena p a l a b r a v i v a maranatha bendiciones!  "
556,1470665,"that's correct. true or false?. wtf?. mykonos street. right.     self explained. great service. ferran garci a sevilla, "" sama 85 "", madrid museum of contemporary art. michigan...? dems want you. the border. your career. no title,1990.m. a. campano, madrid museum of contemporary art. spain. reint withaar, "" ideal farm"", mid 1900 's. woman gathering wood , alois arnegger ,1900. mykonos windmills. spanish government is bringing illegal aliens by the thousands."
557,409587,"i saw this in hollywood, years ago. none of the shows, movies, and celebs that hollywood claims are popular can draw an audience. the box office, the ratings, the ticket receipts were all just creative bookkeeping. it's all been fake for decades. hollywood is just window dressing by globalists to convince people that everyone really loves leftist policies. all false. trump admin institutes 80-hour constitution course for  deep state  execs america america again! just in: crazed judge boasberg rules nearly all 140 venezuelan gang members sent to el salvador were deported illegally want their gang buddies back asap. birds of a feather flock together. i ran out of my cafe zentimana and had to drink what i used to think was great coffee. it's awful. barely tastes like coffee. zentimana is so smooth, so rich, truly what i always thought coffee could be. my new shipment is arriving on monday. i can hardly wait. back to drinking the usual battery acid favored brown juice. if you love coffee, these are the nicest people who do great coffee. why? because mothers, fathers, and the entire family are so busy trying to pay the bills that no one has the time or energy to cook. fiat money inflation in france: how it came, what it brought, and how it ended andrew dickson white 1896""it records the most gigantic attempt ever made in the history of the world by a government to create in inconvertible paper currency, and to maintain its circulation at various levels of values....but the attempts failed. they left behind them a legacy of moral and material desolation and woe... there are limitations to the powers of governments and of peoples that inhere in the constitution of things and that neither despotisms nor democracies can overcome.the great majority of frenchmen now became desperate optimists, declaring that inflation is prosperity. throughout france there came temporary good feeling. the nation was becoming inebriated with paper money. the good feeling was that of a drunkard just after his draught; and it is to be noted as a simple historical fact, corresponding to a physiological fact, that, as draughts of paper money came faster the successive periods of good feeling grew shorter.various bad signs began to appear. immediately after each new issue came a marked depreciation; curious it is to note the general reluctance to assign the right reason. the decline in the purchasing power of paper money was in obedience to the simplest laws in economics, but france had now gone beyond her thoughtful statesmen and taken refuge in unwavering optimism, giving any explanation of the new difficulties rather than the right one. ...as well might they have attempted to show that a beverage made by mixing a quart of wine and two quarts of water would possess all the exhilarating quality of the original, undiluted liquid.thus came a collapse in manufacturing and commerce, just as it had come previously in france: just as it came at various periods in austria, russia, america, and in all countries where men have tried to build up prosperity on irredeemable paper. still another difficulty appeared. there had come a complete uncertainty as to the future. long before the close of 1791 no one knew whether a piece of paper money representing a hundred livres would, a month later, have a purchasing power of ninety or eighty or sixty livres. the result was that capitalists feared to embark their means in business. enterprise received a mortal blow. demand for labor was still further diminished; and here came a new cause of calamity: for this uncertainty withered all far-reaching undertakings. the business of france dwindled into a mere living from hand to mouth. says the most brilliant of apologists for french revolutionary statesmanship, ""commerce was dead; betting took its place."" letter to my son on the trump victory 2024the sense of relief i feel is unbounded. you my wonderful son have a future where achievement, happiness, love, and all the good things in life are possible. trump gave us a happy ending to his story. i know it s far from over, but the man proved he was the will of the people and that our will would not be stolen from us by evil men.they tried to demean and thwart truth, justice, decency, fairness, and the american dream, and they failed. and the whole world sees it. no matter what happens next, we asserted our right as we the people to the pursuit of happiness.in a deeper sense, trump restored our honor as a nation. i remember growing up watching movies of the wild cheering in paris as the americans marched in, and the joy in new york s times square when the wwii was won. when your father and i travelled in europe in the seventies, people were happy to see americans in europe. we had lost our pride as a nation because of what our government had done all around the world for the last few decades. they tried to turn us into cynical socialists who didn t believe in themselves; they tried to turn america into a country of losers. with the incredible courage, determination, and energy of trump and all those who fought back with him, america is on the comeback trail. now it s your turn and your generation s turn to use your god given talents to make  god s kingdom come and his will be done on earth as it is in heaven . i am way beyond thankful. i love you. breathe deeply of the air of freedom. it s your right and destiny as a person created in the image of god. hallelujah!!!!!!!!!!!! i have been waiting my entire adult life to finally see the liars get nailed. yes!!!!!!!!!! this is just the beginning. perhaps there's a reason they won't give up their trudeau. was his winning campaign slogan ""make canada colder fight cimate cange""?"
560,5624836,"there are so many great #paralleleconomy businesses here on gab! i'm so happy i finally joined this platform. i look forward to featuring all your amazing companies on my parallel economy business directory. if anyone would like to be featured, please make sure to reach out to me. either here on gab or via email at paralleleconomies@protonmail.com."
568,5088079,"you know the people who shut down the economy for the past two years and cost countless people their jobs?well, apparently, they all of a sudden give a s**** about the economy now that people are protesting them  a frustrated congressman had to be restrained because matt gaetz was delaying this man's welfare check. honk honk conservative politicians everywhere should be putting forward legislation to ban the medical gender transition of children.make progressive activists defend mutilating children. let everyone see how evil they are. the parents and anyone involved in setting up this sick perverted sh*t should be sent to prison. throw away the key."
569,1936402,"@vaccatheist @vac @davidkurten   it s also caused by parasitic infections that can settled into organs.people have no clue.  try getting treatment. the medical society doesn t want that, no money in it for them. @vaccatheist @davidkurten    use vs abuse. example: eat enough bananas and your heart will go into a deadly rhythm called,  a-fib  open your bible to obadiah    dr baruch korman just to let the enemy know  if one hair on trump's head is harmed? we will hunt you down. if you believe, you ll love this.   if you don t believe, you ll want to   straight from scripture,  "
575,5844926,"everyone needs help from the boss, even everybody favorite president donald john trump...i believe in god, the father almighty, creator of heaven and earth; and in jesus christ, his only son our lord,who was conceived by the holy spirit, born of the virgin mary, suffered under pontius pilate, was crucified, died, and was buried.he descended into hell; the third day he rose again from the dead;he ascended into heaven, and sitteth at the right hand of god, the father almighty; from thence he shall come to judge the living and the dead.i believe in the holy spirit, the holy universal christian church, the forgiveness of sins, the resurrection of the body and life everlasting.amen.this is the truththomas saith unto him, lord, we know not whither thou goest; and how can we know the way? jesus saith unto him, i am the way, the truth, and the life: no man cometh unto the father, but by me. if ye had known me, ye should have known my father also: and from henceforth ye know him, and have seen him.gospel of john"
577,2290326,"for the love of the lord to god be all gloryfor humanity unite in love of one anotherfor his creation protect tree of lifefor our children end trafficking end abortion      patriotsholdthelineprayerwarriorspouroutspiritfilledwords ephesians 5:19 kjv speaking to yourselves in psalms and hymns and spiritual songs, singing and making melody in your heart to the lovejoypeacepaiencekindnessgoodnessgentleness "
580,1964405,"i stopped buying from them about two years ago. ""f"" cramazon!  ! just hanging around.   amazing where cats can get cozy!    ? they were afraid of be called racist for calling police on a black guy maybe?    ? gee, i wonder where they learned that scam from?  !  ! wow, these are very good ideas.  ! that's thinking ""out of the box"".   is khan's name pronounced con?   the fine detail is amazing. pure craftsmanship.    ! looks like a case of the zoomies is getting ready to kick in.    ! your getting there!    ! funny how the fugliest are the first to bash others. fugly truly does radiate from the inside out.   whatever makes them feel better about themselves i guess.    ? could that be why they're allowing muzzies to take over their once great country?   watch your back scott. the commicrats are getting desperate & dangerous. they want violence to explode before midterms so they can blame it on donald.  ? gee, i wonder if black investor owned supermarkets in black areas would make any difference?   it seems they are always concerned with every one else's dignity but tax paying working americans.   yep, right up there with mad dog 2020.  !  ! major hangover.     child psychology is effective on critters.    ! yes, we have a very big vegetable garden in dc, don't we?  ! time to harvest & compost before it spreads any further.    ? slow learners?    ? stating facts is racist. pattern recognition is what i've learned to believe. not what others try to tell me."
583,3022491,"what s going to be funny is when we finally get the opportunity to prosecute, the old farts will die and nobody else will fall. just you wait and see. it s why north idaho is still paradise. a blanket of white."
591,1860084,"@fan1776 how about instead of giving everyone a pittance of which will undoubtedly result in millions of dollars of fraud and add to the inflation of the dollar, you quit taking so much of it from us in the first place?"
596,6083918,"are you a business owner seeking an alternative to mainstream platforms due to concerns about censorship and limitations? our group is dedicated to exploring marketing strategies exclusively on alternative platforms. as the group leader, librelenny, i am currently developing a website at that operates independently of mainstream platforms, utilizing no google analytics, search console, or advertising on google, bing, instagram or facebook. i also run a #mastodon instance which can be found at which is set up for christians, conservatives, libertarians and patriots to discuss how to navigate the end times. i am also registered with various alternative and independent platforms. my journey is to discover if it is possible to establish a strong online presence within the parallel economy. i will document this process, creating articles, tutorials, and videos along the way. the 'alternative (non mainstream) internet marketing' group on gab serves as the official hub for these efforts. with over 23 years of experience in web development, online business, and marketing, i am passionate about exploring the potential of the parallel economy and alternative marketing methods. i haven't started any paid advertising for my website yet, but #gab will definitely be one of the places i trial. i will create articles, videos and tutorials documenting the process and journey. i'm also interested in advertising on the #presearch search engine as an alternative to google. i think they've built something pretty cool over at presearch. i will also be trialing and investigating how to create a positive roi on independent video and social media platforms. i will be creating content based on what i learn. in my day job, i utilize mainstream tools for clients (including google and facebook), but in my personal life and as a side project, i am committed to discovering the possibilities of the alternative marketing road. is this something you'd be interested in exploring as well? you are invited to join and participate in the discussion of this group. i believe that by working together and supporting each other, we can build successful businesses without relying on big tech companies taking a large portion of profits."
602,6114288,"sometimes when i'm scrolling on gab and reading a post it will flip back to the very first post i read. why is that?   we found a shit load of evidence that could land a lot of high ranking current and former government officals in jail but we're not sure how to go about it yet. that will take some time, maybe 3 or more years.  that goddamn stop sign never turned green. i waited there for an hour for it to change, must be something wrong. so i called city maintanence to get it fixed. we don't need men anymore we got dildos now ! why do some women not turn out the light when they leave the room. how come they don't flush the toilet when they piss? let go up stairs and get to know each other. do the math and get it fixed or you'll be in a world of shit"
606,71183,"well - i've been on twitter for a while now since musk took over, but his choice in a new ceo (linda yaccarino) is a nightmare scenario. i will be re-learning how to interact on gab - just in case twitter goes down in wef flames for anyone seeking a free speech platform..."
612,2633218,"@tprobe howdy tom   good morning   good morning   good morning   i posted this yesterday in another group, thought it was pretty cool.we went for a walk this am at a sports complex in sylva. they had this in one section of the park.    view from the rv just now, this is the back of my house ""that is a sloped roof"" the attached deck with a roof is about the same pitch as the deadly sloped roof miss dei was worried about. i have been on that roof exactly one time in the 26 years we have lived there and stayed up there about 30 seconds. i am on the deck roof every couple of weeks blowing leaves off. how to catch wild pigsa lesson in socialism you can catch wild pigs by finding a suitable place in the woods where wild pigs frequent and placing an adequate amount of corn on the ground. the pigs find it and begin to come everyday to eat the free corn. when they are used to coming every day, you put a fence down one side of the area where they are used to coming. when they get used to the section of fence, they begin to eat the corn again and you put up another side of the fence. they get used to that small change in environment and start to eat again. you continue this process until you have all four sides of the fence up, with a gate in the last side. the pigs, which are used to eating the free corn, start to come through the gate to eat. when you see that they all are peacefully eating the free corn, you slam the gate shut on them and catch the whole herd. suddenly the wild pigs have lost their freedom. they run around and around inside the fence, but they are caught. they eventually accept their situation and soon they go back to eating the free corn. they are now owned. they are not free to do what they used to be able to do. that is exactly what is happening to america. the government keeps pushing us toward communist and socialist values and keeps spreading the free corn out in the form of programs such as supplemental income, tax credit for unearned income, tobacco subsidies, dairy subsidies, payments not to plant crops (crp), welfare, medicine, drugs, etc. in other words, they are increasing the population's dependence on the government's handouts and we as a society continue to lose our freedoms, independence, and self-sufficiency, just a little at a time with every entitlement and ""free"" program that is implemented and accepted as normal.there is always someone that is willing to take your freedom and independence if you are willing to give them control of your freedom and independence. over the centuries, many people have died trying to secure freedom and today there are so many that are willing to surrender their freedoms without giving it a second thought. it is nothing different than becoming addicted to drugs. the suppliers of these substances own you... and you have to do what they say.one should always remember ""there is no such thing as a free lunch!"", ""nobody provides something of value without getting something in return."", and ""any entitlement the government gives you, they control and they can take away as they see fit."" someone is going to pay for it now and eventually everyone is going to end up paying for it later. and when you rely on someone else to take care of it, it will be very expensive and will probably not be done as well as it could have been because you will have to do what they say and take what they decide to give you. this describes exactly what is going on in the world todayscroll for lyrics lyricsgenerals gathered in their masses,just like witches at black masses.evil minds that plot destruction,sorcerers of death's construction.in the fields the bodies burning,as the war machine keeps turning.death and hatred to mankind,poisoning their brainwashed minds.oh lord, yeah!politicians hide themselves away.they only started the war.why should they go out to fight?they leave that role to the poor, yeah.time will tell on their power minds,making war just for fun.treating people just like pawns in chess,wait till their judgement day comes, yeah.now in darkness world stops turning,ashes where the bodies burning.no more war pigs have the power,hand of god has struck the hour.day of judgement, god is calling,on their knees the war pigs crawling.begging mercies for their sins,satan, laughing, spreads his wings.oh lord, yeah!"
613,503763,"six migrants charged in sc mom s murder detailed crime in eerie text messages:  just the ucla to pay to resolve campus antisemitism lawsuit, of that to jewish charities.look at what the plaintiffs get compared to the news and lara logan blasts covid mandates, big pharma:  i regret vaccinating my watch: covid doctors blast vaccine mandates, censorship in front of supreme ozzy osbourne s uk hometown ready to say ice nabs 243 illegal aliens in 9-day denver ""possibly white"" - cnn busted for false nyc gunman race  news and"
614,4010136,"good morning!    i woke up this morning being thankful of the impact covid s had on the airline industry. there were just way too many planes jn the sky, pumpin out that under-regulated nox. the new growing issue is how every guy and his wife is getting into v8 pickups         without you lord, we ll never learn. they call themselves  progressive  but the only thing they re progressing towards is despair. they waste food, throw out perfectly fine clothes and furniture, make us tires that need to be replaced every few years, disguise fetal stem cells with code names to trick consumers, spend money they don t have, on lottery tickets and marijuana, cancel people who tell the truth and have it right, cancel even their spouses over spilled milk. the ones profiting most off of our  progress  - lawyers and investors, are among the smartest, most qualified people among us. for that reason and for the wrong reason, they are praised and honoured for their status. the list of despair goes on.what they re progressing is thejr ability to serve themselves, and cancel those of us who want to help and save them. that js not progress. progress is moving together as one, as your family, and with respect for your creation and word. please lord, help me to continue caring for others, and not get consumed into just caring about myself, as the  progressive  leaders would prefer.only you are the centre of the universe. not me. please help us remember that and continue to live it out in our words and deeds. please help us resist the backlash and be prepared to lose our earthly possessions and values to gain your eternal ones. it s difficult to comprehend being selfless and having nothing and everything at the same time, but those of us who believe in you and think eternally know that is the best progress there is, and capital-focused anti-christ progressives can t stand it. st michael: please help us contend their evil. we are far from perfect, but most or all of our imperfections are rooted in the evil one. we humbly ask you to forgive us our sins, and deliver us from the evil one. in jesus  name we pray   "
615,6047249,"inflation in the united states was relatively low for so long that, for entire generations of americans, rapid price hikes may have seemed like a relic of the distant past. donald trump was able to predict that the inflation rate will reach an all time high and that's why he made the trump golden voucher. every trump golden voucher that you get now, will have it's printed value in october once you register to the encrypted system.get your trump golden voucher now"
620,4402666,"bud light?i mean i can understand one of those 'fruity' brews going around the bend since they're not really beer, per se. but we're talking about a company that had frogs and dalmatians in their corner.makes you wonder what the clydesdales are identifying as"
623,3734901,"this could be key to dissolving 1/6 narrative! up to 9,000 illegal immigrants with kidney failure in the u.s. at a tax prayer cost of up to 3.6 billion!but in colorado, if your an unvaxinated citizen they will refuse to do the surgery and take you off the transplant list! ""i believe it s critical to understand  .....  that there is only one race, the human race. there is no white race, no black race, no red race, no brown race, no yellow race, no mixed race. there is one critical human race.that s not a theory, that s a fact.""alveda king: critical race theory   why it's absolutely critical to know these today i wake to thank my lord and savior jesus christ. not as i do everyday, but today, for me, it's a quite celebration of 14 years of sobriety. jesus came down to me in the dirt, the bottle, i was in and pulled me out and set me on my feet. everyday is a gift! some days the gift is small and can be difficult to see some days it's big and easy to see, but i assure you that he gives to us everyday.......... we just have to look!i share this today not to pat myself on the back....i share this to maybe show someone that is struggling, no matter what that struggle is, jesus is the way, jesus is the truth and he is the light, the light of hope.speak to him. ask him into your heart, into your life, there is nothing that he can't help you through.... nothing. the hardest thing we have to do is to get out of the way and let him show us the way. you'll find out he's been right there in the dirt next to you all along. he's just waiting for you to ask for him. i pray that you ask him in today! don't wait another day! and that we all see him in our day today and tomorrow and everyday! in his name, jesus christ, i pray. amen."
626,3678536,obama the supreme court is repeatedly upholding the targeted by the deep state 5 yrs ago he decided to raise this obama administration is he tries to ask pastor a trick noah's ark joshua 1:9 the lord is my strength... helps to save mom & gentleman in a horses donald trump
629,84323,"i am proud to announce the release of my second book!introducing ""the clowning of america:"" a rundown on woke capital, con inc, and meme culture. paperback: you like my stuff, be sure to buy and/or share.thank you. it's going to be three months since the release of my debut book. go pick up a copy"
633,6413364,"an open letter to president trump shared partially on & and continued on by sharing a link. continued...my breathe again x4 formula was originally made for the lungs/ sinuses. but when our baby got a bad case of conjunctivitis in both eyes, i diluted some to clean her matted eyes. knocked it out first try! i was shocked & excited. this type infection usually takes about a week or longer, but i got results in 1 day. next morning, no matting! this is just one of many testimonies over the last 8+ years. this is a tall claim (only here in this letter) but i need to be completely honest with you. for a long time we have been under germ warfare attack and there seems to be no announced therapeutic solution. masses of people are suffering greatly and without a reliable & affordable remedy. please show me how i might help people. i am running out of options. is it possible that this formula works as both a preventative & a cure for a lot of issues many have suffered with for years?unfortunately, claims like this are not allowed in our ""free"" country...instead, it is outlawed speech. it has become illegal to heal people. try to find the late dr. bernard jensen on wikipedia. this good doctor authored over 70 books in multiple languages & built a wellness ranch in california. he documented his progress as he healed thousands, yet it's as if he never existed. medical tyranny is ruling our country. with no therapeutic solution we are forced by default to be sicker & sicker, handing over our hard earned money to undeserving doctors. take zinc for example. zicam barely survived a massive lawsuit & lavoris mouthwash completely disappeared. we have lost so much ground & now we need your help. fda approved toxic ""remedies"" do not stop the replication of the custom designed bio-warfare invaders, much less the common ones. the enemies of our good health are laughing all the way to the bank.meanwhile, many are coughing their way to the grave.i have been careful not to make any healing claims...even though, in a truly free country, i would have shouted a long list of claims from the rooftops. however, i chose to remain a free man (and stay alive) so that i could continue making the formula for the few people who do find it & benefit from it.whatever limited claims i make can be proved by an pulse oximeter found on a college quality microscope connected to a tv also reveals proof of you must know, ""studies"" are a ganster-style roadblock technique. we have been scammed. death by respiratory failure numbers are now horrifying. i have researched this & help is not on the way.i am writing you because i am nearing giving up on getting the word out about my formula to the general public. early after my discovery (2017ish) i sent out letters & samples to some very key leaders. no responses. traveled & spoke to small groups with very limited response. despite a decent number of amazing *testimonies & very supportive customers, i can't effectively advertise on the open market and any clearly understandable wellness claims are completely outlawed & my ads are easily censored by ai.for the past 8+ years i have tried to gain a foothold for this very small niche' business. i ran it like a non-profit, giving away many free bottles, paying the shipping and charging no tax.i am now in danger of never completing what god has given me to accomplish...that is save/improve as many lives as possible with my formula in a common nebulizer.millions have already died that i am 100% positive could have benefited from my formula. this is not a brag but a very sad fact. meanwhile, instead of making more formula to help more people, i am making less & less. i cannot seem to get the word out.not only do i manufacture & bottle my 12 part organic formula, i make a really nice lung cleaning machine for diy home use. i also invented a portable machine that delivers non-flammable oxygen. i call it the ""o2 life support machine."" again, a simple pulse ox proves it works.sir, people need your help to break free from the goldfish attention span and dig into this important topic. most cannot dig because they are drowning in too much info. unfortunately, this ends up equating to mass death by tmi. please vet me & my formula and put the word out? i do not know how to advertise my formula/machines online without being 100% censored. i know how to effectively speak publicly about my formula without breaking any laws. do you know who i might share my discoveries with?thank you for reading this far and may god bless & keep you,phil hh ><>submarine thank you buck for the impromptu testimony! did this woman save her husband's life? look up...we are being sprayed like bugs! it's too late to convince the masses. take action instead by doing something proactive for yourself & family. clean/disinfect your lungs & sinuses. you will be a mightier warrior and fight back for more years with a clear respiratory system. supplies needed: a full sized nebulizer (or similar device) and a non-toxic formula to put in it that will get the job done. i carry both at a decent price on are many years along under a respiratory bio-war. the ingredients that are raining down on us are getting more aggressive and must be killed...all the way down to deep lung. i know this battle for the right to breathe...this ""crud"" almost took my life. if you already own a nebulizer, i will pay shipping and send you a free bottle of #breatheagainx4 to try out. there's six 5ml treatments in the bottle. let me know how i can best serve you, phil hh ><>"
641,3140451,"@night15 @mpo we wrote them, at least the nt, why would we want to over rule them?? someone should take your bible away as you totally don t now how to understand it. but this is common in sola scriptura land. and our popes have the keys to the kingdom, the guidance of the holy spirit and the rcc is the only entity that can faithfully and properly interpret scripture. for example you say this verse means x, and the rcc says that sane verse means y, then it means y. simple. ewtn bible39 in those days mary arose and went with haste into the hill country, to a city of judah,40 and she entered the house of zechariah and greeted elizabeth.41 and when elizabeth heard the greeting of mary, the babe leaped in her womb; and elizabeth was filled with the holy spirit42 and she exclaimed with a loud cry, ""blessed are you among women, and blessed is the fruit of your womb!43 and why is this granted me, that the mother of my lord should come to me?44 for behold, when the voice of your greeting came to my ears, the babe in my womb leaped for joy.45 and blessed is she who believed that there would be a fulfilment of what was spoken to her from the lord.""46 and mary said, ""my soul magnifies the lord,47 and my spirit rejoices in god my savior,48 for he has regarded the low estate of his handmaiden. for behold, henceforth all generations will call me blessed;luke 1:39-48 rsv-ce pray the rosary now with the rest of the country at"
643,2496962,"@guild nicotine from gum or smoking, parks in the parking spot that covid also parks. if nicotine is at receptor, covid hasn't anywhere to park. congressman clay higgins (r-la) captain clay higgins.america many, many nights, as i prepare to turn in and offer up my nightly prayers, i think of president trump and how he stands firmly to fight for us and the world. those thoughts of gratitude often remind me of these words, ""and the rocket's red glare, the bombs bursting in air,gave proof through the night that our flag was still there;o say, does that star-spangled banner yet waveo'er the land of the free, and the home of the brave?"" @colinwyse @katkitty"
644,250694,"hebrews 11:33 ...by faith conquered kingdoms,      performed acts of righteousness, obtained promises, shut the mouths of lions...1john5:4 for whatever is born of god overcomes the world; and this is the victory that has overcome the world - our faith. one man can change a nation.the righteous shall live by faith. of yourself, you should demand your own 2nd highest attention. christ 1st. that's how you don't lose yourself in the crowd. then your spouce.then your children. then your work responcibilities.then other people.then other things. priorities(altho of course, there are times when certain others must be prioritized.) valuing equally, and in order.the kingdom of christ, in trinity. family. order. foundation 1st. the difference between me & mainstream church is that they see separation & i don't. the dark & light are one; the dark stands in unbelief, just to be awakened to truth. freewill allows unbelief & its consequences. you can take things less personally when you remember that it is all self. to deal with the self how you would effectively deal with you in that state. self is equally valuable & pain is real. pain has to be attended to. where there is injustice, there is pain, suffering. injustice requires amends. where there is no amends, there is more suffering. heaven is just. foundation. love would not be love without justice. love must be protected from hate. truth is equal-accountability. justice. love has to be strong to protect itself. that is why god is referred to in the masculine; bc altho he is a lamb, the person he truly is inside, the lion protects the precious inner. heaven is secure. anger is just when love is abused. it's ok for the church to get angry. the kingdom needs secured in our nations! love is abused!!! severe un-equal accountability tips the scales! accountability & justice is the cry of this hour!! the more i trust christ to live thru me, the better i do. i tell people they're christ & they look at me funny. can't deny it tho, scripturally true. in reality too. awakening to oneness. in christ. no longer you, but him. never was you, ""separation"". the fall in eden, the lie: less than god. no! god!!!!!!!! #noseparation hahahaha!!!!so awesome.you look at jesus, he's so beautiful. he looks at you & sees him in you-form. loved well or not, awakened to self or not. whatever you did for the least, you did 4 me he said, bc it is him. ya baby!! haha do unto others as you would do unto yourself, bc... it is. lolllll. what others? christ is all and in all. the great i aaaammmm!!!!yes youuuuuuuuuuuuu!!!     #sherelucas"
645,80730,"all of you who follow me, a big thank you, you are the only ones i have to share with, plus one friend. my whole family is pro lockdown and pro martial law ( i'm in quebec chinada) it is comforting to know some people have ears to listen. bless you all and be safe. ps: avoid quebec at all costs lol :)"
651,6600519,cnn s scott jennings exposes democrats  tax confusion in viral debate charlie kirk applauds mike waltz s exit from national security role: a shift toward america-first foreign rubio reveals biden-era  disinformation dossiers  targeting americans   claims trump official was rand paul joins democrats in failed attempt to kill trump s tariffs   vp jd vance breaks senate senator john kennedy slams aoc with sharp insults: claims she s the real leader of the  trump s patience is wearing thin : european leader issues stark warning to putin after private rfk jr. sparks controversy: says chemtrails are real and tied to darpa not a massive conspiracy shock move: house democrat files impeachment charges against trump    tyranny must be trump declares tariffs could eliminate income taxes for millions:  a bonanza for american trump urges gop to stand strong against leftist town hall disruptors:  expose their trump slams adam schiff in explosive auto pen scandal:  biden knew illegal immigrant arrested after robbery of dhs secretary kristi noem s purse in pam bondi drops bombshell: journalists behind government leaks no longer protected under new doj democrats in crisis: ex-clinton pollster exposes why even media s anti-trump attacks can t save massive scandal explodes: new york hospital chairman fired after shocking fbi probe and brazen mtg explodes on  do-nothing  republicans:  we were elected to enact trump s america first judge who blocked trump s sanctuary city crackdown exposed for massive democratic party new world economic forum leader sparks outrage: peter brabeck s water control views raise fox news shock poll shows trump approval rating slipping supporters blame media ex- disinformation czar  nina jankowicz slams u.s. democracy while speaking in
658,2237218,"@diencicrimefamily that's a dude... we just keep losing icons this i m watching this video short and i m thinking, i d buy both for the i d fight here...all night i like watching foreign films because it reinforces that i have nice teeth... never forget the biden administration issued a shoot to kill order when they raided president trump s florida residence. let the deportations  remember i posted this"
665,146604,"wow. top lady cop is saying the white woman sucker punched by a black man had it coming. wants the worldstar style video suppressed. obama wisdom. father is not enough. young boys need gay role models. diversity in cincininatti. same behavior @douglassmackey it's really something that your case, biden doj assigned us attorney(s) to it. indicted you. federal judge did not throw the case out after a preliminary hearing. you were convicted by the court. judge then lectured you about democracy. doj issued a gloating press release on your conviction. i'm glad the appeal finally worked out, but man that was really incredible. i think if kamala had won, you'd probably be in prison and that really is not how the system is supposed to work."
670,3295293,      things we didn't know we couldn't live without!        take a peek || enjoy || please share the link!     proceeds help to fund our 'food4ferals' program!       [[cdc vaxx ingredients list]]     #share     the united states has slowly devolved into a 2 party political system of #traitors & #patriots :merica:
671,6068753,"  just a blessedly broken, beautifully imperfect girl living by the grace of god while trying to scatter seeds in cyberspace for my savior's glory.  wondrously wedded to my own husbeast  #christcrew #tradwaifu #gothlingofgab...Does the World call you a monster?mayhap they put it another way-authoritarian, antivaxxer, ageist, boomer, bigot, bitch, beast, brainwashed, breeder, bum, christian, christmas cake, climate change denier, clown, clueless, colonizer, conservative, conspirator, conquerer, coward, cracker, crazy, cultist, degenerate, devil, dinosaur, deplorable, dissenter, enabler, entitled, evil, evangel!cal, faggot, fascist, fatphobe, feminine, freak, glowie, goy, gramps, halfbreed, hippie, homophobe, hater, heathen, hitler, ignorant, incel, indoctrinated, indoctrinator, infidel, insurgent, jew, judgemental, karen, ken, killer, kike, kink shamer, liar, liberal, loser, lowlife, man, manipulator, masculine, mentally ill, millenial, misandrist, misogynist, mudblood, mudshark, nazi, nationalist, nigger, noegg, npc, oligarchist, oppressor, pagan, patriot, patriarchal, pickme, plague rat, puppet, pureblood, pur!tanical, pussy, racist, radical, retard, right wing, science denier, selfish, sexist, sick, slave, slut shamer, snowflake, stahm, stupid, supremacist, terrorist, thot, transphobe, toxic, troll, uneducated, villain, woman, weeb, wignat, white, zoomer, or even xenophobe?   or perhaps there's other psuedo hurty words i've missed on this list, no matter...WHATEVER they call you, i'm not afraid of you. i'm willing to learn and hear from your journey if you'd like to, respectfully, share it with me. i've no interest in abiding in an echo chamber, so i seek out glimmers of light wherever i may catch them; even if that's in unconventional, unlikeable, unorthodox, or uncomfortable places  And the light shines on in the darkness, and the darkness has not overcome it  >this page is for personal fair use only<   aesthetics posted are *not* mine unless noted    Follows/engagement/interactions do NOT =endorsements!!!  n0 reeing politicks or qope please   ~kb Modern Life's a glitch-and then you die;forever or never.Don't let your soul standby . . .~KBDo not be afraid of those who kill the body but cannot kill the soul. Instead, fear the One who is able to destroy both soul and body in hell. If you have no desire to worship the Lord, choose today whom you will worship, whether it be the gods whom your ancestors worshiped beyond the flood, or the gods of those in whose land you are living; but I and my family will worship the Lord.Matthew 10:28 Joshua 24:15  Praise the Lord, O my soul! With all that is within me, praise His holy name! Praise the Lord, O my soul! And forget not all His benefits He is the one who forgives all your sins, who heals all your diseases, who delivers your life from the Pit, who crowns you with His loyal love and compassion, who satisfies your life with good things, so your youth is renewed like an eagle s.The Lord does what is fair, and executes justice for all the oppressed. The Lord revealed His faithful acts to Moses, His deeds to the Israelites. The Lord is compassionate and merciful; He is patient and demonstrates great loyal love. He does not always accuse, and does not stay angry. He does not deal with us as our sins deserve; He does not repay us as our misdeeds deserve. For as the skies are high above the earth, so His loyal love towers over His faithful followers. As far as the eastern horizon is from the west, so He removes the guilt of our rebellious actions from us. As a father has compassion on his children, so the Lord has compassion on His faithful followers.For He Himself knows our form; He remembers that we are but dust.A person s life is like grass. Like a flower in the field it flourishes, but when the hot wind blows by, it disappears, and one can no longer even spot the place where it once grew. But the Lord continually shows loyal love to His faithful followers, and is faithful to their descendants, to those who keep His covenant, who are careful to obey His commands.The Lord has established His throne in heaven; His kingdom extends over everything.Praise the Lord, you angels of His, you powerful warriors who carry out His decrees and obey His orders! Praise the Lord, all you warriors of His, you servants of His who carry out His desires!Praise the Lord, all that He has made, in all the regions of His kingdom! Praise the Lord, O my soul!~Psalm 103~          #belle #angel #artimitateslife #anime"
674,517116," louis farrakhan calls for separate state for black americans, says that s  what god iraqi officials sentence woman to death by beating, for attempting to take her own grooooaaaan... ah, hell... it's time to make some heads explode... 5th grade teacher calmly shuts down loony trans activists:  you re just making it that's embarrassing, getting your ass beat by a 12 year old bad day?? ...'nother day in paradise.   like all dictators propped up by us intelligence agencies, zelensky now has an uprising on his he who average age of american cars hits record your terms are acceptable:  a professor at the university asked his students the following question:- everything that exists was created by god?one student bravely answered:- yes, created by god.- did god create everything? - a professor asked. yes, sir,  replied the student.the professor asked :- if god created everything, then god created evil, since it exists. and according to the principle that our deeds define ourselves, then god is evil.the student became silent after hearing such an answer. the professor was very pleased with himself. he boasted to students for proving once again that faith in god is a myth.another student raised his hand and said:- can i ask you a question, professor?""of course,"" replied the professor.a student got up and asked:- professor, is cold a thing?- what kind of question? of course it exists. have you ever been cold?students laughed at the young man's question. the young man answered:- actually, sir, cold doesn't exist. according to the laws of physics, what we consider cold is actually the absence of heat. a person or object can be studied on whether it has or transmits energy.absolute zero (-460 degrees fahrenheit) is a complete absence of heat. all matter becomes inert and unable to react at this temperature. cold does not exist. we created this word to describe what we feel in the absence of heat.a student continued:- professor, does darkness exist?  of course it exists.- you're wrong again, sir. darkness also does not exist. darkness is actually the absence of light. we can study the light but not the darkness. we can use newton's prism to spread white light across multiple colors and explore the different wavelengths of each color. you can't measure darkness. a simple ray of light can break into the world of darkness and illuminate it. how can you tell how dark a certain space is? you measure how much light is presented. isn't it so? darkness is a term man uses to describe what happens in the absence of light.in the end, the young man asked the professor:- sir, does evil exist?this time it was uncertain, the professor answered:- of course, as i said before. we see him every day. cruelty, numerous crimes and violence throughout the world. these examples are nothing but a manifestation of evil.to this, the student answered:- evil does not exist, sir, or at least it does not exist for itself. evil is simply the absence of god. it is like darkness and cold a man-made word to describe the absence of god. god did not create evil. evil is not faith or love, which exist as light and warmth. evil is the result of the absence of divine love in the human heart. it s the kind of cold that comes when there is no heat, or the kind of darkness that comes when there s no light.the student's name was albert einstein."
681,2031616,"  patriots: we live in a dark period of american history   evil abounds and injustice is rampant. it is time to take a stand before our heritage is lost.join me for a special civics maximus seminar: democracy v republic on june 23rd-24th - part 1 in my american history series. email roxiebalboa1@gmail.com for more information on my upcoming 2023-24 seminar series.if you have financial or time constraint issues, please dm @roxie_balboa and she will make it work. ~@maximus_4evr  watch trailer here"
682,215806," of all tyrannies, a tyranny sincerely exercised for the good of its victims may be the most oppressive. it would be better to live under robber barons than under omnipotent moral busybodies. the robber baron's cruelty may sometimes sleep, his cupidity may at some point be satiated; but those who torment us for our own good will torment us without end for they do so with the approval of their own conscience. they may be more likely to go to heaven yet at the same time likelier to make a hell of earth. this very kindness stings with intolerable insult. to be ""cured"" against one's will and cured of states which we may not regard as disease is to be put on a level of those who have not yet reached the age of reason or those who never will; to be classed with infants, imbeciles, and domestic animals. c.s. lewis"
684,2038180,"god weeps when people kill one another. i don't care what your sexuality is, nor what your religion or race is. if you kill one another for any reason, other than self defense, then you can't claim you're a ""decent human being"".#changemymind #godhavemercy #ripjohnredcorn americans were warned islam is coming. they just laughed and insisted they ""weren't tired of winning"" or that their ""constitution"" will stop islam from ever ""stepping foot on american soil"".yet here we are, roughly 8 years later...and islam didn't just ""stepped foot on american soil"", they've literally set up shop. and this ""constitution"" didn't do jack about it. (by an astounding coincidence, neither did this ""militia"" that people kept swearing up and down would ""rise up"" should america ever fall to evil.)#falseprophets #wolvesinsheepsclothing #cucked #brainwashed #hypocrites #headsuptheirarses #godhavemercy #smh its a shame epstein didn't have some kind of prototype fighter...cause if he did, the warthunder forums would've had his list leaked years and years ago in an instant.#justsaying #warthunder #governmentleaks how much you wanna bet newsom wins reelection? remember how people celebrated larry elder's ""win"" 6 months prior to the election being held? remember how quickly he conceded defeat and was never heard from ever again?#pepperidgefarmsremembers #smh #godhavemercy most americans will view him as a hero...sadly, far right wingers will still spit on him and call him racial slurs, then complain when the ""loony left"" accuses them of being racist.#smh #hypocrites #headsuptheirarses #thankyouderrickperry it'd be ironic if the cubs and bears go on to win the world series and super bowl, now that a chicago native is:"
685,5483253,"a big election year brings big opportunity - could you use an income influx? why not make money while having a great time working, attending community events, and meeting fellow patriots?! introducing our new reseller program... sell trump stuff a turnkey solution designed for profit #makemoney #sell #trump #clothing #flags #trump2024 #maga #income #opportunity #turnkey #patriot #retail #business #profit shop on-site at today's trump rally (thurs., nov. 2nd). we are set up with choice merchandise at 21902 tomball pkwy, houston, texas 77070. shop before, during, and after the event! #findtrumpguy #trump #rally #houston #tx trump to deliver remarks today, mon., oct. 23rd, in derry, new hampshire, at 3:00 pm (est) - watch the rsbn livestream . . . . . #trump #rsbn #derry #nh #newhampshire #trump2024 #maga arlington, tx: patriot eventwho: freedom-loving patriotswhat: ""we will not be silenced"" flag wave to express our god-given and 1st amendment rights to freedom of speech and expressionwhere: 4601 s. cooper st., arlington, tx 76017when: sat.-sun., oct. 21-22 (11 am-3 pm)why: the more our rights are assaulted, the more we should express them, as they are unalienable. flags out, patriots.#flag #wave #patriot #event #arlington #tx #freedom #flagwave #texastodo #dfw #dallas #metroplex #events #weekendvibes #trump2024"
686,3279118,"here's last night picture of the ""super blood moon"" in full eclipse! this picture is unedited except for cropping. president trump is an icon of what it is to be american! he is a legend in his own time! i'm sure this guy is a patriot!i play this on my system on the weekends so my neighbors can here it!#pissedoff#auditamerica"
688,2284502,"""you're borrowing energy-and accumulating a metabolic debt.""in other words, burning the candle at both ends! bongino:  i ll never be the same...shocked me to my core by m dowlingdemocrats invite unvetted people from around the world into our country and don t want to lose a one. so, they fight from child rapists and traffickers, murderers, liars, thieves. they want to empty prisons. they promote some of the weirdest, most despicable people and those people run for office and become their leaders.are republicans any bargain? no, but they are the best we have right new jimmy hoffa murder theory:they claimed hoffa was whacked by late detroit mobster anthony  tony pal  palazzolo   and the body ground up in a sausage grinder at the former detroit sausage company palazzolo used for his operations.the remaining pieces were then dumped in an incinerator of a mob-owned waste disposal business in nearby hamtramck, mich., that was destroyed in an arson fire eight months later, the trio claimed. the site is now part of a local jail complex.other popular theories about hoffa s demise include: a duty to certify an election is not  ministerial, non-discretionary the following case histories (not comprehensive) support a nevada public officials  right to vote their conscience, emphasis on local elections:i.  the state district court denied the petition, but the nevada supreme court reversed, holding that voting is protected speech.  nevada commission on ethics v. carrigan, 564 u.s. 117 (2011). mr. carrigan was a sparks city councilman, concerned about a potential conflict of interest, whose case set legal precedent applicable today.ii.  the act must fall as local and special legislation prohibited by nev.const. art. 4,   20.  clark cnty. v. city of las vegas, 94 nev. 74, 574 p.2d 1013, 1014 (1978). the court recognized and affirmed that local rights in elections cannot be abridged pursuant to nev. const. art. 4,   20.iii.  (t)he county board is bound to consider the interests of all of its citizens while the local governing body has a like obligation to the citizenry of the municipality alone. no man, much less a public fiduciary, can sit on both sides of a bargaining table. he cannot in one capacity pass with undivided loyalty upon proposals he advances in his other role.  clark cnty. v. city of las vegas, 92 nev. 323, 550 p.2d 779 (citing mcdonough v. roach, 35 n.j. 153, 171 a.2d 307 at 309-310 (1961).iv.  and if there are other, reasonable ways to achieve those goals with a lesser burden on constitutionally protected activity, a state may not choose the way of greater interference. if it acts at all, it must choose  less drastic means.   dunn v. blumstein, 405 u.s. at 343, (quoting shelton v. tucker, 364 u.s. 479 (1960).v.  constitutional rights would be of little value if they could be indirectly denied.  dunn v. blumstein, 405 u.s. at 341, (quoting harman v. forssenius, 380 u.s. 528, 540 (1965).vi.  [n]o bright line separates permissible election-related regulation from unconstitutional infringements.  timmons v. twin cities area new party, 520 u.s. 351, 359, 117 s.ct. 1364, 137 l.ed.2d 589 (1997).vii.  if a government fails to accurately identify and record a voter s choice, it has failed to carry out the fundamental transaction which sustains our representative democracy.  state of n.m. ex rel. league of women voters v. herrera, 145 n.m. 563, 203 p.3d 94 (2009).#stopthesteal #electionintegrity"
691,3201379,"@joelmckendry ground positioning system. everything is done by data towers. that s why when you re in very remote places, your phone doesn t work- there s no towers close enough with a line of sight. can t get data in the mountains, deep valley s, very rural areas, in the ocean. if there really were tens of thousands of flying tuna cans that are just magically able to perpetually float hundreds of miles above the ball earth, you d always have service."
692,2221543,"as to what point inclusion has to do with vote maps:- mastering point inclusion leads to... - mastering line inclusion leads to... - mastering polygon intersections leads to... - mastering interpolation leads to ... - automated simplification leads to ... - fully automated precinct-level pipeline of the entire usa zoomable at every level with joeisdone-style data analytics. computational geometry learning journey blog: this one is a small update pushed to . click the ""point inclusion test"" checkbox to toggle. as you observe the dot moving across the screen, you will note that the containing polygon / precinct within it will light up. this change does a simple test of whether a given point is inside a polygon. you'd think it'd require complex trigonometry, but nope. all you have to do is move the point from one direction to another and count the number of line segments that it passes on the way. if it's passed an odd number of segments, then it's inside the polygon. if it's passed an even number, it's outside the polygon. kinda weird how some math is greatly simplified by algorithms and vice-versa. just one of those small but important stepping stones to the final finished vision. buckle up for a wild conspiracy-meets-data science post. something nagged me about steve schmidt s tweet earlier (attached).just now, i finally realized why.there s a technique called sentiment analysis used to automatically mine contextual information. the idea behind sentiment analysis is you start with a group of words (dictionary) with known sentiment. for example: let s say that you start with happy, celebration, party as your dictionary and they are marked as having  positive  sentiment. you can discover more words of positive sentiment by finding words which are uniquely associated with these particular dictionary words. so birthday, cake, joy get  discovered  and are marked as having positive sentiment as well. it s used a lot in automatic moderation. well, a couple of years ago, i tried to use sentiment analysis to figure out at an algorithmic level which  side  politically is kinder or meaner. what i found was that conservatives were  meaner  so to speak, but many mean leftist tweets, particularly from the bluechecks, evaded the algorithm. i didn t think anything of it except that sentiment analysis is imperfect, and moved on. but thinking of schmidt s tweet, it occurred to me that this may not be accidental. look at the tweet wording itself. almost every word in it is  positive.  (fight might be an exception, but is used in equally positive/negative contexts.). it would max out the sentiment analysis algorithms and declare steve schmidt as a kind, loving, and caring person. and yet we all know this is one of the meanest and scariest tweets ever. he s literally threatening a business at every level for the sin of being apolitical. we speak of double standards, but maybe it really is that leftists craft their talking points to dodge sentiment analysis algorithms, and the rest of them subconsciously pick up on it. it could even have implications for, say, fbi/cia automated monitoring and why they seem to never pick up on threats from the left. @theepochtimes @gatewaypundit @fosco"
701,2067393,"our rights are given by god. our rights are guaranteed by god. - freedom in christ. there is no higher authority than god, so that is all we need. but, if there are those who need more. . .our rights are also supported and upheld by the constitution. - life, liberty, and the pursuit of happiness. our rights are not, nor will they ever be, given by: presidentsgovernorsemployershealth care providersmedical authorities (cdc, fda, fauci)the public health departments city councilsschool boardsuniversity leadersbusinessesfamily or friendsand last but not least. . . a ""vaccine"". mandates are not law. laws that violate conscience must not be followed. the only authority that is a qualifier of my freedom is god himself. and he has declared me free. for those of you feeling discouraged and fearful. i have good news. nothing that we are experiencing is a surprise to our god. he already has this covered. we need only sit back and watch him work. trust him. there is literally nothing he can't do. in my life and 28-year marriage, there have been many times where i was afraid. many times i thought we were down for the count. but not once has god left us stranded. he has been faithful and kept every single promise. he has healed every sickness and wound, emotional or otherwise. he has moved mountains to provide for our needs. he has placed us in positions that we could have never gotten to on our own. he has worked countless miracles for just my little family. i know he has for others and will continue to do so. god does not change. he has got this. read psalm 37 and trust him. love to all of you."
716,2278659,"there's nothing brave about caving to pressure and making a decision in order to appease others. the real heroes are those brave enough to stick with their convictions when the pressure is on. nobody elected the cdc. nobody elected the who. nobody elected dr. fauci or bill gates. nobody elected joe biden. ignore at will.   thanks to trump, tens of millions of americans are now awake and beginning to understand the depth of corruption and evil that runs our government. the only people in this country who need to be ""deprogrammed"" are the ones who are still wearing a mask for a virus with a 99% survival rate."
722,6473961,"useful video of how each apostles died a brutal death in different parts of the world just for the sake of preaching the good news of christ. my favorite apostle is of course thomas, the doubter as he is the one who created my ethnic group ""st. thomas christian"" in india 2000 years ago before being killed, with a spear. in the past, nobel prize lets us know that recipient is good. today, it is the opposite. not getting nobel prize how much ever you do proves that the non-recipient is sincere and works for people rather than the establishment. example, @robertmalonemd @drsimonegold @drlimengyan - if they get nobel prize, that means they are fake doctors and work for the establishment and not us. please don't fight for nobel price, it is not worth it any more. not getting this phony establishment controlled price is what actually makes you great in the eyes of god. today, i got hit hard by a fake christian in gab who claimed that i cannot be christian (despite being from a community older than european christianity) as i am not european lol and then blocked me. he/she clearly doesn't know history. my ethnic group, ""st. thomas christian"" started in india 2000 years ago through disciple thomas (known as doubting thomas) in india and he founded 7 half churches in india. also, my wife, ""knanaya christian"" is an ancient jewish origin christian community. all these communities, calling themselves ancient christianity is not wrong, but the fake christian got upset with this and claimed that only whites can be christian. with all respect to whites who are mostly nice people, not just whites, even many non-whites are ancient christians too, many of them before european christianity too."
728,5346012,"one of these things is not like the other the view this weekend.   i hear that train a comin'. it's rolling 'round the bend.  some people just get better with time. cimarron ranch - 1776@cimarron_ranch2s  save america! i'll take a mean tweet over inflation, business' closing, high gas prices and 2 wars any day. let freedom ring cry some more -the guy who has literally been a lifetime politician now wants supreme court term limits.butthurt over that recent immunity ruling are you?       never confuse how much money you've made with what you've accepted. i'm at that stage in life where corn bread and ice tea have replaced 90 proof. no need for a ring security system here ever wonder?""s**t! the dweeb missed. won't win now. i better step down."" on a side note:buy-more-guns!"
732,851590,"financial tip: invest in companies that make diabetes drugs. #maga they're lunatics the whole bloody lot of them.nothing can save them.#maga #liberals what lame-assed stunt will the democrats try to pull next?#maga #dnc well, they got that right.#islam #maga now you know who/what we are up against!#maga #christianity i know as a fact none of you are this old. climate change effects immigrants too!    #climatehoax #maga #ireland nyc s  we re with colbert  rally for late-night host is a bust with just 20 protesters #maga #maga traverse city slasher.what do you think?#michigan #maga when you stand before god...#chirstianity #maga hoisted by their own petard!#maga #trump she seems nice.#maga #dating amazing.#maga sad but true.  #maga in an attempt to intimidate catholics, muslims held a  prayer service  in front of the cathedral in montreal.this is what happened next.#christianity #maga #islam disappear that poof! #maga #christianity #maga a fool and his weapon shall soon be departed!#maga #2a #guns at least they are consistent. #maga #maga coming home. why haven't they been shut down?#cnn #maga look! up in the sky! it's a bird! it's a plane! it's muslim rapistman!#maga #islam she thought it was fun watching her dad getting old.and then she realized something...#fathers #maga i must be very far out of the fashion loop.can anyone explain this to me?#maga that about sums it up.#maga aluminum plant fire.why do women live longer than men?dangerous work!#maga i had to look it up.it's true. ""prophet of satan""#satan #islam it's no wonder they're communists!#maga #china #2a #maga #dogs #maga"
733,439736,"it's just the damned flu loaded on the common cold virus. unless you're already weakened by disease/infirmity, it is not the absolute death sentence that your 6 o'clock live news team still wants you to think it is.get over it!! i'm sicker of hearing about it than when i had it!!! i'm sick of you mindless sheeple being herded in the direction du jour dictated by your diarrhea-for-brain lead cheater. i'm sick of mindless sheeple cowering in the corner waiting for the horrid death reported by idiots like #fauciquack and other morons.if you're up-to-date vaxxed and boosted, yes you're gonna die from #chinaflu or the vaxx side effects, otherwise stfu and get on about your daily business.rant over. wtf is wrong with you people up there??you elected these power-crazed mental midgets, you can throw them out. you can make their lives miserable just by going to city council and similar meetings simply by getting on the agenda with some prepared speeches. the last thing these mental-midgets want is for you, the voters & taxpayers to start holding them accountable.or you can sit at home and bitch impotently at the evening news on tv.even doing nothing is a choice you make.these words are true anywhere the politicians think they're kings. slow news day. guess we'll have to do hype and hysteria on the weather again. we're never right on forecasts anyway so nobody knows if we're lying and hyping, or just stupid.more tornadoes possible in south as northeast braces for cold - abc government is never the best solution, but its always the easiest. islam is not a religion! it is a savage, primitive, barbaric, totalitarian form of government, masquerading as a religion."
734,3344447," watch this brand new documentary about a  conspiracy  of covid-19 injuries on tuesday evening, a serious incident occurred at the polish-belarusian border, where polish soldiers fired weapons at a group of migrants attempting to cross illegally, resulting in a sudanese citizen being hospitalized.border patrols employ direct coercion measures, including smoothbore weapons, in line with established procedures.poland s strong border policies are commendable for keeping the country safe and secure. by preventing illegal crossings, poland reduces problems like security threats and resource strain. this clear approach maintains order, respects legal immigration, and protects the nation s borders effectively. chill saturday hang...outhave yourself a blissful and cool   morning too."
738,4912585,"reposted rwbt fam biden voters and cnn viewers are literally this retarded. they believe anything bad happening now is putin s fault, if that s what they re told. fucking sheep reposted rwbt fam  aaaand gas prices are still going up...the sky s the limit apparently, under ole joe. what an incredibly stupid, reckless and inane decision to shut down the keystone pipeline. thanks joe"
741,3459815,i retired my mom today.doing this for a parent who sacrificed a lot for me growing up feels amazing. a garbage outlet like the daily beast doing a hit piece on you nowadays is like having a verified check on your social media account. it means you're doing something good and you're on the right path.
743,52479," just in: teen killer karmelo anthony indicted on murder charge in fatal stabbing of austin metcalf   faces up to life in prison dems fight gabbard's disclosure with faulty senate report that claimed steele dossier wasn t in ica via @justthenews    breaking: biden-appointed federal reserve governor resigns, leaving trump a vacancy rep. marjorie taylor greene calls for fox news to fire mark levin over \'extremely sick and disturbing\' post about her on x"
759,5246146,"good morning and merry christmas to everyone who has chosen to follow us. i apologize for the brief hiatus by us. we have actually been waiting on gab marketplace to provide a method of sales other than email and paypal. if you wish to order a shirt, please reach out via the email on our profile and we will do our best to work with you. we do have 22 pride shirts available right now, so let us know. god bless! good evening (at least here) everyone. we at prophetic mantle are proud to release our two newest shirt designs sure to turn heads and spark conversations. shirts are plus shipping. message me using the chat function to start your order! can christians have pride? our call is to humility, but there is a pride we can claim.we are members of the lion of judah's pride! so make every month christian pride month with this newest offering! this is your answer to the pride of perversion and sin that infects every aspect of american culture today. be a part of turning the tide by declaring your pursuit of holiness with this shirt!we have several currently in stock and ready to ship. they are 100% cotton, natural color and very soft! below is our current stock:4-m7-l8-xl3-xxlthe cost is (+shipping) and, as we are still working on getting payment processing, logistics, and a storefront going, please reply to this post and we will hammer out details with gabchat.@markzilla @nullifyfedlaws @infodon @shooglenifty hello! we are excited to be here as the only (gab is the future!) store front of @shooglenifty and friend's new business venture. our shirts are high quality but the business side is a bit rudimentary at the moment.our motto: truth injections curing lie infections.currently we have two shirts ready to be sold and five in development or in the process of being ordered. we will be posting these to the 'small business group' timeline soon. we're working on setting up accounting and payment processing (lord help the gab team complete and release gabpay and gab marketplace soon!) but have conducted business through paypal (boo!) currently. the shirts will be plus shipping and all the details will be included in each post. we look forward to joining gab in spreading truth and light as god awakens our nation and world. god bless!@markzilla @nullifyfedlaws @infodon the shirt that led to this business! we designed this early last year and have been spreading truth in our community since with reactions running the gamut. i have sold many of these by walking around with it on.we have several currently in stock and ready to ship. they are 100% cotton and very soft! below is our stock with color and numbered size:dusty rose: 2m & 1lblack: 1m & 1loriginal red: 2l, 2xl & 2xxli can order this shirt in any color on this link: cost is (+shipping) and, as we are still working on getting payment processing, logistics, and a storefront going, please reply to this post and we will hammer out details with gabchat.@markzilla @nullifyfedlaws @infodon@rev_brink purchased several of these and can be contacted for reference!"
761,2745624,"no @thelegendaryvonwehuntshow they are ours, part of our space force program. shhhh!   @s-rossi for 40+ years curtis patrolled & knows the city above & below the pavement. why should you doubt his ability to protect us now; he needs what you need -the chance to address it immediately, today for everyone's good. vote curtis sliwa nyc mayor. he will not fail new york."
764,3560934,"the reporting is attempting to make lindell s team appear reactive and chaotic, by repositioning their long stated positions as some sort of change. #newsguard #splc #quitccp #ccdh #climatehoax #twotieredjustice the quoted  partial trial transcript    more on that in a second   is essentially saying the same thing as the pretrial order; the difference is the clinical brief versus the opening statements   a narrative.mike will show at trial why he believes the machines are rigged, what his (minimal) knowledge of coomer was at the time of his allegedly defamatory statements, and why he d use the word  traitor  from a place of personal belief. if mike believed his claims were true   and he still does   then he wasn t speaking lies to harm coomer. he was speaking what he believed to be true. that cannot rise to meet coomer s burden of willful negligence and actual malice. i ve said since day one, mike could actually win this thing. on tuesday, the court declined to hold lindell in contempt, but she issued him a warning. lindell agreed to not discuss witness testimony with the press during the trial. many have reported that this  gagging  and  censoring,  and a couple people sent me their concerns and condolences because i wouldn t be able to cover the trial anymore...to be clear, there has been no change to the court s media order. it hasn t changed since the beginning of trial. there is no gag order, and the drama has nothing to do with reporters. the discussions on wednesday revolved around lindell tweeting during the trial and discussing testimony while it s happening."
771,520934,"hello, frens, i love this song, yes, i have ghosts, with david gilmore and his daughter, romany.i hope you enjoy it, too. saturday mood: relaxed. have a peace-filled weekend, folks.      thank you and god bless all our veterans.  this is a beautifully written article published on the patriot post.veterans day   honor and president trump gets a ""bigly"" promotion.   love our new banner, sw family! thank you, to all who voted and trusted that their vote would count this time!you. all. rock. hello, family!tonight, i thought i would share my favorite video (so far) of all time. god bless you, president donald john trump. god wins! be at peace, folks. have a beautiful weekend.     hello, my family.i have not been here for a long while. i missed you all. very, very much!i have been exploring our new earth and beyond. wow! what a beautiful new world we are embarking on. i told you we would get there. and ... we are getting there. we are so close to the end of this movie. hang in there, frens.truth-seekers have always been the way to go. stay with your intuition. we've got this...almost done with the movie. love you all and godspeed, frens. it is already mid-august. how is that even possible?  photo credit: paints_4_paws this is a great time to repost this. no matter what you see. trust the plan. walk by faith, not by sight. god wins.   mood: calm. let it go. it's all good, frens.   advice to myself.   guilty!    best advice right now. we've got this, folks.   my heart is dancing! i believe we can never pray too much. the good, the bad, the ugly. if something looks impossible, gather it in and ask god/source for guidance.and there is plenty of information floating around of which to ponder and question.i give thanks for every lesson we learn about the truths being set before us.  we're all here at this time to figure it out together. i think we will complete this task successfully.   every. single. year.    |   i posted this on gab in 2021. i still believe it to be the truth. stay in faith, frens. and stay fearless. we've got this part of the plan.    :merica:"
773,3087130,"believe him. exactly. this is what happens when you take the bible out of your church. it is no longer christian. dreadful. this is the kind of ignorance that has gotten england to the point of being nothing but a memory.either palestine is a state, or it is not. whether or not another nation agrees to a ceasefire has no effect on it. the guy is like a middle school child trying to get his way on the playground. pathetic. i have come to believe that neither calvanism nor armenianism are correct on their own. however, taken together, they both have elements of fundamental truth.i'm not here to defend or attack either one, but rather to see if i'm the only one that thinks this way.what do you all say? victory is most clearly defined by the failures that came before it.having done all, stand.be greatly blessed today. if your demands infringe upon my rights, then what you are asking for is a special privilege and not an individual right. equal rights for all, special privileges for none."
774,1149288,"never forget... my youngest daughter yall! now to get her into god worship with that talent   lets give her some likes, nice comments, and reposts ppl..shes pretty down due to losing one of her good friends and then her fave uncle (my bro) 2 days later.   deuteronomy 31;6""be strong and of a good courage, fear not, nor be afraid of them: for the lord thy god, he it is that doth go with thee; he will not fail thee, nor forsake thee."""
775,1236480,"know them by their symbols: the window of an abandoned san francisco walgreens is a great place to post an anti-socialism sticker, considering chesa boudin's international socialist destabilization ops are what led to its being looted and closed in the first place."
778,145966,"what hope of salvation would the leper, whom jesus touched with his bare hands in violation of jewish law, have had in the hands of our current politicians and supposed health leaders....? great article...for several years until only recently, i resided in the great city of london. i was there when imperial college terrorized the world with a projected 3.5-percent infection fatality rate for covid-19, after which the british prime minister,..."
782,4541807,"when luke sets forth the narrative of jesus' birth, he does so with stark contrasts. what do those contrasting images teach us? in this text we see the opening salvo of the ultimate cosmological warfare. that reality is made vividly clear by the old testament references jesus employs in thwarting satan's jesus starts his ministry at home and they reject him. why? what does this exchange teach us about faith and unbelief? today we consider this, and jesus starts his ministry at home and they reject him. why? what does this exchange teach us about faith and unbelief? today we consider this, and jesus starts his ministry at home and they reject him. why? what does this exchange teach us about faith and unbelief? today we consider this, and jesus starts his ministry at home and they reject him. why? what does this exchange teach us about faith and unbelief? today we consider this, and jesus starts his ministry at home and they reject him. why? what does this exchange teach us about faith and unbelief? today we consider this, and jesus starts his ministry at home and they reject him. why? what does this exchange teach us about faith and unbelief? today we consider this, and jesus starts his ministry at home and they reject him. why? what does this exchange teach us about faith and unbelief? today we consider this, and jesus starts his ministry at home and they reject him. why? what does this exchange teach us about faith and unbelief? today we consider this, and"
784,2970843,"      arizona governor katie hobbs vetoes bill that would prevent china from buying land near u.s. military bases horror: well-known hair stylist stabbed to death in parking garage in \'random attack\'   suspect gives chilling statement to police  treasury secretary bessent warns americans will suffer largest tax hike in history if \'one big beautiful bill\' is not passed   publishes thread on x to explain benefits of bill is not going away  just in: far-left worcester city councilwoman charged with assaulting officer after inciting mob to block ice from arresting illegal alien accused of attacking pregnant woman    senator bernie moreno releases horrific photos of cincinnati mob beating victim  president trump unloads on mo senator josh hawley for blocking review of pelosi\'s stock trading over the past 35 years!   updated   hawley joined democrats to advance flawed bill out of committee the rinos  watch: trump calls for investigation into nancy pelosi\'s insider stock trading   \'pelosi became rich by having inside information... she ought to be investigated\' breaking: kash patel finds thousands of russia hoax documents in \'burn bags\' in secret room   including classified annex to durham report dr. peter mccullough on another promising use for methylene blue exposed: woke cincinnati police chief sued for discriminating against white officers | drew hernandez      two arrested in cincinnati mob attack; one out on bail from previous charges     harmeet dhillon says justice department will monitor local investigation of vicious attack on white people in cincinnati caught on viral video support the transgender community 100%. but i do not, under any circumstances... think that men should play sports against women.  "
790,2050573,"so mr. president...hear you are in the market for an off the shelf commplatform for your people...for all of us. well, i know one that needs updating, and probably can get it cheap. just do the deal totally powell kraken style with some lin wood sprinkle and give old dorsey an  epstein look-see  at kodak moment and i ll bet you immediately get the keys to the bird house! in fact, i got your new logo ready to go!will be lighting up some giuliani cigars in no time!!"
792,83186," oh, we've noticed        our sinful nature can cause us to crumple like a wet napkin when the whole world is against us, when we start doubting ourselves when a mob surrounds us and tells us we are wrong or, worse, insane for going against the rushing current of progress.things like the milgram experiment and the asch conformity line experiment could make you worry even more... or become cynical... or neither, and maybe some will develop the resolve (and situational awareness), and/or godly discernment, not to follow evil or insane orders. unless, perhaps, if your own life, or that of a loved one, is on the line. how many of us would be like the ""third worlders"" who refuse to deny christ while staring at the barrel of a gun?how can we overcome any of that unless we call upon christ to strengthen us? secularism has hard limits on usefulness, and cannot see beyond its nose, as pinocchio-long as it may be. its crippling spiritual blindness and deafness is not helpful, at all.be humble and understand that there are many things that are beyond our pay grade, and call upon christ to lift that heavy burden for us. and he wants us to call upon him for that, the bible is pretty clear on that. remember that in revelation, the final battle shows us the inevitable logical polarization: those who are on the side of god vs those who are against him. we are all sinners, don't fret if you are not perfect and keep on stumbling, as long as you get up again (and he often gives us a hand to get out of those holes). just grit your teeth, and be on his side. he's worthy.may he give us the strength and resolve to endure and fight against the worldly and the immortal, unseen dark forces that hate us... because they hated him first. ""why speculate,"" by michael crichton. a good read, if you like reading. i chose to use as source a now-vanished page since it's not only formatted to be quite readable online, but it is free of any editorial intrusion by whoever posted it event 201 segment of ""the real anthony fauci."" starting at the 4:30 marker, if your'e not careful, you might miss the proto-warp-speed argument for an experimental vakkxxccine. in october 2019. this is not a rc-only lesson, it applies to all who see themselves as part of christendom (and who aren't anti-intellectual and/or anti-supernaturalists). chesterton was known as a gentleman even among his famous rivals who came to respect him greatly. but even this good-humored intellectual giant realized that there are lines that must never be crossed, that the world is filled with people you should keep away with ten, twenty, a hundred-feet pole(arm)s. i found it very telling that in the many semesters of english lit and esl classes, if they mentioned chesterton once it would've been probably related to his father brown stories (but i'm almost certain he wasn't mentioned even once, not even in passing). oh but did i get an earful of all the overrated anti-theist degenerate intellectuals during his lifetime and beyond. i didn't learn about chesterton until after getting my ma in esl, and then from an source outside the walls of reeeeasonable, bowtie-adjusting, polite academia.many modern pious midwits seem unable to realize the very real venomous threat of the diabolists among us, and when they do it is usually too late. jesus christ's command to be meek as doves and wise as serpents was not a zoological yet another of the most valuable posts at the old blogspot version vox popoli (with the full comments section). i dug this up since the backup post at the new vp site had quite a few code artifacts that made it hard to read (for what vox means by ""scientistry,"" refer to my previous"
796,4624005," update: due to the overwhelming advice from you folks here on gab i have set up a givesendgo fundraiser. the link is head and neck cancer battle round 2 i am praying it is more successful than the other site. at the very least i love that they have prayers as an option. i am always happy to accept those. it seems like a lovely site set up to allow the people to keep all the money they raise, unlike gofundme. the fundraiser is set up by my boyfriend and his name is on there to receive the funds on my behalf. i don't want anyone to think i'm not honest. i don't have a bank account, so it beats his name. i assure you it is only for my medical needs. i will be posting updates regularly to share my progress. thank you all for your guidance, prayers and donations. you all have done incredible things to my spirit with your outpouring of kindness. i need that during this difficult time. all my love and gratitude to you all! god bless you   friends of gab. i am currently undergoing cancer treatment in durham, nc. i am staying at a facility near the hospital called caring house and need to be here for 2 months. without it, my treatment would be impossible. i am not a beggar and i have almost no social circle. the political environment over the past two years has made social media a thing of the past. i have a gofundme page set up and it has stalled. i am not going to be able to afford the entire boarding costs for the house. if anyone knows someone that might be able to help, please share my link. i depending on tge kindness and the mercy of strangers, in my second battle with head and neck cancer. this time i am essentially alone. i am very scared and would appreciate any and all help. i share regular updates on my progress and what the money is being used for. i would never ask for help i didn't need and i promise, i would help you if i could. i am grateful to anyone that took the time to read and respond to this. this was the single most difficult post i have ever posted on gab. god bless you all!    "
799,4304771,"god spared nineveh when they heeded his warning and would've spared sodom and gomorrah for the sake of just 10 righteous ask yourself, have you humbled yourself, prayed, seeked his face, and turned from your wicked ways? how many others do you know who have done the same? how many more across the country and the world? millions? pray for the nation, the persecuted believers, and the revival of the church. have faith.god wins!"
804,4603788,"oh what do you know, the day is almost over and darn, no jfk jr.   shocker !     labor day      jesus said,   most assuredly, i say to you, unless one is born again, he cannot see the kingdom of god.        john 3:3"
807,1101884,"thought i was smart and not just a smart aleck,  another great gone... hulk hogan dead at 71 texas death toll from the flooding that hit near kerrville, texas now stands at 137. the 2 remaining missing are 1 adult male and the last little sweetheart missing from camp bit of history. a thomaskantor was a music director of the thomanerchor, in leipzig. what we now know as the boys choir. it was established in so sad. loved me some yes... this has become my logo for stick's stuff. my part-time business of herbal concoctions. although since hubby's death, i am definitely gonna have to do this more than part-time. i've put almost 38 years into learning all the ways herbs can make us feel better and grow healthier. it's about time to share that knowledge with others. once my website is up, i'll be able to reach more ppl. but, in the meantime, those that have bought my goods, i wish to thank u. please tell ur friends. may next year be full of happy new customers, that truly enjoy getting back more to the natural approach to living healthier. and as my doc says my blood work #'s looks more like a 25 year old's, rather than a 60+ year old... i must have gotten close to figuring something out. if ur interested in any of my healing salves, oils, teas, creams, balms, andsoaps,(always with the smallest amount of lye, possible, btw). just pm me. and ty once again for all my followers that continue to share what i post. 1st off...i am not a doctor. please, talk to ur doctor about any alternative medicines u are wanting to give a try, as many can mess with medicines u are already on. and u might have an allergic reaction. this is for all posts below that it might apply to. ty ppl i know we are mad. mad as hell, even. but let's not let our anger lead us to sin against god. god didn't say ""don't get mad."" he didn't say, ""take no action."" he said, ""don't let ur anger lead to sin."" jesus threw the money changers out of the temple. so don't say what would jesus do if u wouldn't follow him wwjd is just more propaganda from the elite. watch ur back. as nehemiah said when they were rebuilding the walls of jerusalem. hold ur tool in 1 hand and a sword in the other. @realannyirish @big_nose_ion just because god plays the game of life honorably and evil cheats. doesn't mean god doesn't have this. it just means he doesn't cheat. and god never said life wouldn't be hard. he said he'd help u thru. most ppl think answering their prayers is why u should ask. but many times we need to remember we aren't gonna get everything we want. he only said he'd give us what we needed. (and many times the answer will be no.) big difference between the 2. why i always thank him for answered and unanswered prayers. i made this. nite guys."
815,6474104,"going to be exploring two epithets in this video - the first is ""petros"", which means stone, and it was not labelled upon simon peter because he was ever to be some sort of so-called ""pope"". such facts might bristle some, but we should not be afraid to cause offense when thundering the truth of scripture! that brings us to the second epithet, labeled upon the sons of zebedee, which is ""boanerges"", sons of thunder. we will discuss these epithets, and also the lives of the men upon which they were placed in great detail.the epithet boanerges, sons of thunder, is actually unique to mark s gospel, and for that reason will receive the majority of our focus. something which is interesting, is that in addition to being descriptive of zeal, the epithet boanerges can also be interpreted as a prophetic illustration in how it compounds with the meaning of the names of the sons of zebedee and their lives, through which it paints a picture of those who are invited to the war of the wedding supper of the lamb.want to find out how? tune in!you can also read the essay here: bless!"
819,5957160,"fr. seraphim rose: pathfinder for americans to ancient christianityread my article on fr. seraphim and his significance for americans today, now nearly 40 years since his seraphim rose stands as one who transcended the vanity of american life and the myriads of false spiritual paths to illuminate the narrow path of christ for americans. in these times of peril, americans are not only increasingly uncertain about how to maintain healthy families and endure surging economic and moral disaster but about who they are and who they are meant to be. fr. seraphim, who may soon be formally recognized as a saint by the orthodox church, exhorted us to be  always returning to the  one thing needful : christ and the salvation of our souls from this wicked generation. "
826,4061072,"just a thought. every branch of our military has had a twitter account. worldwide. i followed *all of them. missions, aircraft, seacraft, airborne, batallions. hundreds. twitter said bye for the 22nd time,almost everyone i knew are not here. truth/trust/source is crucial. all connections and source there are gone too.standing alone is good in some ways. feel free to tag anything related you post. if you want to, share here, too. a couple of old ones below. thank you."
831,2569890,"it s been snowing all night. so the morning goes like this;8:00 i made a snowman.8:10 a feminist passed by and asked me why i didn t make a snow woman.8:15 so, i made a snow woman.8:17 the nanny of the neighbors complained about the snow woman's voluptuous chest.8:20 the gay couple living nearby grumbled that it could have been two snowmen instead.8:25 the vegans at no. 12 complained about the carrot nose, as veggies are food and not to decorate snow figures with.8:28 i am being called a racist because the snow couple is white.8:31 the muslim gent across the road wants the snow woman to wear a headscarf.8:40 someone calls the cops who show up to see what s going on.8:42 i am told that the broomstick of the snowman needs to be removed because it could be used as a deadly weapon. things get worse after i mutter : ""yeah, if it's up your a***""8:45 local tv news crew shows up. i am asked if i know the difference between snowmen and snow-women? i reply, ""snowballs"" and am called a sexist.8:52 my phone is seized and thoroughly checked while i am being blindfolded and flown to the police station in a helicopter.9:00 i'm on the news as a suspected terrorist bent on stirring up trouble during this difficult weather.9:10 i am asked if i have any accomplices.9:29 a little known jihadist group has claimed it was their plot.moral: there is no moral to this story. it s just the america we live in today!"
838,2102881,"@jody4u this might be helpful to all who want true scriptural interpretation. man can only use holy scriptures to interpret holy scriptures.man s words and thoughts are not god inspired. only those apostles that were baptized with the baptism that jesus was baptized with were inspired of god to write the holy scriptures. you mentioned that those in john 20:31 were not belivers because it says  ye might  john 20:31 these are written, that ye might believe that jesus is the christ, the son of god; and that believing ye might have life through his name.   john 20:31. but the words  ye might  are not in the text but the kjv interpreters added them but they did italicized the added words so the reader would know the were added . so if you leaveout  ye might  the verse reads entirely different john 20:31but these are written, that believe that jesus is the christ, the son of god; and that believing have life through his name. learning scripture is god s wisdom and is not man s intelligence. proverbs 26:4answer not a fool according to his folly, lest thou also be like unto"
845,2210080,"(god's) mind precedes @bomber_harris @barthaneous @cringepanda @a ""all matter originates and exists only by virtue of a force... we must assume behind this force the existence of a conscious and intelligent mind. this mind is the matrix of all matter.""-- max planck god alone is the author of all the motions in the world. -- rene descartes  the christian's god does not consist merely of a god who is the author of mathematical truths and the order of elements ... but a god of love and consolation. -- blaise pascal  since we astronomers are priests of the highest god in regard to the book of nature, it befits us to be thoughtful, not of the glory of our minds, but rather, above all else, of the glory of god. -- johannes kepler""science is the process of thinking god's thoughts after him."" -- johannes kepler""science is like a faint light of a lantern flickering in a deep and thick forest, through which humanity struggles to find its way to god."" -- guglielmo marconi, nobel prize in physics mathematics is the language in which god has written the universe.  -- galileo galilei""the first gulp from the glass of natural sciences will turn you into an atheist, but at the bottom of the glass god is waiting for you. -- werner heisenberg""for those who feel it, nothing makes the soul so religious and pure as the endeavor to create something perfect; for god is perfection, and whoever strives after it, is striving after something divine. true painting is only the image of the perfection of god, a shadow of the pencil with which he paints, a melody, a striving after harmony.""-- michelangelo  the aim and final end of all music should be none other than the glory of god and the refreshment of the soul. -- johann sebastian bach mortarless polygonal masonry (some would say this is pre-flood, and we had high tech, a global civilization centered at atlantis, and that these people still exist today but operate under secret stone cut"
851,1991661,"hey my guy, :gab: just needs to go dark right before a contentious election season... there were definitely no arms twisted or threats made, these things just happen on a whim and short notice homeslice  ... it's totally cuz servers are expensive my dude... you just gotta cough up some     cuz capitalism and stuff brohime... don't look at the expensive ai bots in the corner  , those were all made with duct tape over the weekend and required no funding from any silent partners   ... it's just totally your fault for not paying enough for freedom eagles and mcdonald's broseph  ... it's not like this kind of thing ever happened to any other ""free speech"" site during an election year before my guy... nothing to see here, move along  . new frog illustration... emerging from lotus, doing all the things.     #art #artist #illustration"
852,1747732,"the next covid like disaster will be climate change. (was texas a planned event?) it is yet another form of control over the people. you will be asked to make sacrifices for the earth. check out the great reset by wec. their motto is ""build back better"" just google it. they have laid out exactly what their plan is. democrats always say ""never let a crisis go to waste"""
853,1882159,"link for my folks still on fb. i've been trying to get this information to some of y'all for several weeks. but fbs boot keeps stepping on me. this post is for my nurse friends, school teachers, and anyone else who are being threatened with forced resignation due to employers trying to unconstitutionally enact mandated covid vaccines. parents too, please pay attention, they're coming for our kids. we have rights. they're lying to you if they tell you the fda passed any of the currently available shots. (see link since twitter is always big mad with truth, i doubt this gets where it needs to go. regardless, it was cathartic. this tweet rant inspired by abbott's continued rino ccp giddy schoolgirl signaling of all things california coming to tx. just last month, he nearly jumped out his chair and walked when he heard wall street was considering relocating to dallas. yes, you read that right, abbott wants to bring the whole fecking mothership home to permanently take up space within it's #2 supplier for all of their trafficked humans and goods. ironically, #2 trade port is absorbing large chunks of their #1 trade port. suspishplease share. you might save a life. with all of our outlets for being loud and thus being too risky to outright murder being censored and silenced we're getting a bit too silent. god has taken care of us so far, and will continue to provide. however, a little psa never hurts. edit: photos did not completely upload in way i told them to.see last photo in line up before seeing first. thank you."
860,1914616,"i forgot to mention that today is my 12 year anniversary of quitting smoking cigarettes. it took a while for the cravings to stop, literally years, but it was all worth it. i have been crucified with christ. it is no longer i who live, but christ who lives in me. and the life i now live in the flesh i live by faith in the son of god, who loved me and gave himself for me.galatians 2:20 you know the whole naming of the generations? for example, i'm generation x. all of the names generations are based on ""the greatest generation."" that generation supposedly saved the world, then showed their parenting skills by their offspring ,the boomers, and so on. everyone approaches the world through their understanding. but even so, this system is all based on the post war consensus. i can't wait for the day we abandon such lunacy.  heidelberg study: lord s day 7 ""you send your kids off to college. they love you. you walk away with a cornell mom t-shirt. you are walking away going this is great, & come thanksgiving, your kid tells you that you are an imperialist and a racist & a homophobe. that is not worth breitbart judas iscariot is evidence that you can regret your sin, but not repent of your sin. god loves you more than pickle ""i just joined gab. now what?""the first time you're on gab, it may seem a bit scary, what with all of the free speech flying all about. why, there are people saying things i don't agree with on here! well, i have family and friends all getting interested in a communications platform where they can speak freely, without using code words for certain terms that are ever-revolving. i'll try to share my best tips on what to do in the first few days on here. before you know it, you will wonder why you ever allowed antifa members in california to censor you before.groups are the backbone of gab. if you post to your timeline, only those who follow you will see it. when you post to groups, your post (we call them gabs) is seen by your friends and also to those in that group. this instantly multiplies your visibility to people interested in something you are interested in. i treat groups like categories. start here: introduce yourself there are others that i consider essential, but your interests may not match mine. use the search bar at the top of the screen and look for things of interest. and if someone in your group says things that you like, follow them!you won't find a gab app in your phone's store. that bothered me before, but now it's not a big deal. go here to see the official workaround: i now do the same thing with other websites, even ones with official apps. to be in your phone's app store, the website must agree to censor the users. that is why there is no gab app.gab is funded by people who pay to be ""pro"" members, people who donate money to them, and ads. most pro members re-enable ads because they want to see them and support businesses who are supporting gab. yes, i'm serious. there are other benefits to being a pro member. the benefits i use are formatting and scheduling a post for a future date and time. pro isn't about benefits, but about supporting the only free speech platform out there. yes, the only one. apple and google can't tell gab how to censor the way they can every app in their stores. including trump's upcoming app.no censorship means some people can be annoying. mute them if you don't want to hear from them any longer. block them if you don't want any connection in either direction. the only reason to report someone is if they are threatening violence, sharing pornography, or engaging in illegal activity.search your friends by their names. if they go by their real name, you can find them. if not, looks like you get a fresh start! if you are family to me, i can give you a few names of people you know. but seriously, you have made new friends before and can do it again. you can follow anybody you like. they may or may not follow you back. don't worry about it.bonus group: how to gab (a group i started to share my best tips)"
867,6687527,"@antizionist2019 @orthodoxpatriot @brancn123 another one!! another pos american made boeing plane!! more trump voters say he is more responsible than biden for economy: surveyvoters who supported president trump in the 2024 presidential election are more likely to hold him accountable for the current state of the economy than the previous administration, according to a record-high trump disapproval, texas flooding, alligator alcatraz, jeffrey epstein, and jd vance: july 11 - 14, 2025 economist/yougov jeffrey epstein s 50th birthday album included notes from bill clinton, vera wang, trump and dozens morea spokeswoman for dow jones said,  we have full confidence in the rigor and accuracy of our reporting, and will vigorously defend against any lawsuit. the leather-bound birthday album was divided into sections and even had a table of contents. clinton and trump were listed under the  friends  section. others were included under sections titled  business,   science,   brooklyn  and          "
872,381181,"i no longer share my art on gab. you can find me on truth social: thanks for the add!i'm currently writing a trilogy for all ages, written with the specific intent to teach the basics of our faith through the format of a fantasy steampunk adventure.book 1 focuses on the importance of the gospel and obedience to god's laws. book 2 covers the need for discipleship and continued pursuit of a relationship with god. book 3 is focused on spiritual warfare.at the same time, i cover topics such as living under tyranny, democracy vs. republic, and more.books 1 & 2 are currently available. book 3 should be finished by the end of the year.feel free to ask questions! if you'd like an autographed copy, you can order one from me via ebay: interested in commissioning some artwork? i offer pet portraits, car portraits, and more. order via ko-fi:"
880,40253,"please help this vet!!! re:helping dr. peterson submit a complaint about these evil ""people"": for the help. what a yes, there are generational curses..... but if you are a believer/born again in jesus the savior... ask god and he will provide!!! say forget about what you have heard about marcus ray. i met with him, he told me the plan, and his past is of no concern to me, nor it should be for anyone. what should concern you is that through brainstorming with smart people, a lot of the leaders of the freedom movement, have come to the same conclusion. if our police and military do not accept the mounting piles of evidence and side with canadians, we have already lost our country. it is time to press them to make their stand. each week that goes by without arresting the perpetrators of these crimes against canadians, and humanity in general in the  guise of public safety  they build their system of tyranny further. more money is put into bringing humanity to its knees.it is time to make a stand, and here it hey...did you know that when we get our glorified bodies....like jesus, our minds are cleaned and re-newed and a full download of the truth of everything is revealed to us!!! how exciting it that!!!!"
881,1512001,"18 republicans voted to pass a trillion omnibus spending bill that sends to ukraine, when the us is going broke. the wall is not complete. americans are still trapped in afghanistan and ukraine in wars i don't give two flying f*cks about.these are the names of the 18 senate ""republicans"" who voted 'yes' to that bill:john barrasso (r-wy) - known rinoroy blunt (r-mo) - known rinoshelly moore-capito (r-wv)susan collins (r-me) - known rinojohn cornyn (r-tx) - undercover rinojoni ernst (r-ia) - undercover rinolindsey graham (r-sc) - known rinochuck grassley (r-ia) - undercover rinocindy hyde-smith (r-ms) - ???mitch mcconnell (r-ky) - known rinojerry moran (r-ks) - ???lisa murkowski (r-ak) - known rinorob portman (r-oh) - ???richard shelby (r-al) - ???john thune (r-sd) - ???tommy tuberville (r-al) - 2nd vote he surprises me aboutwicker (r-ms) - ???young (r-in) - ???get these f*cking rinos the hell out of here - president trump, please stop thinking grassley is your buddy... stop thinking abbott is better than allen west..."
883,1901933,"this is why pelosi and allies incited and allowed the protestors to trespass into the capital building.others have commented that they ""feel like they're in an abusive relationship with an abusive government"". they are correct, it is not just a feeling. we have sociopaths in control of our government. fyi: narcissists are sociopaths are narcissists. it's the same basic personality disorder. psychology wants to hide this fact because if sociopathy has different labels, they can charge much more for each different type of damage: recovery from narcissistic abuse, relationship abuse, munchausen abuse, pedophilia abuse...etc. the various labels makes the counselor or psychologist a ""specialist"". if you listen to the entire video, you'll hear this specialist in ""narcissistic abuse"" talk about relationship abuse that is ""physical relationship abuse"". same - same. amazing. i liked jp before this, but now i wish he was my son!jp, i'm proud of i am sorry, god, for what i've done that contributed to our current situation.i am sorry, my children and grandchildren.i am sorry, gabbers, for my sins. i have contributed to this moral collapse. please, god, help me to do better, starting now.it's audio, only. i plan to listen to this daily for the next several days. i needed to hear the unvaxed doctors and nurses had refused the vax months before it became a political sacred cow.let that sink in. this article explains liberal elite's behavior. it's not hypocritical and it's not really stupid - it's cramming their arbitrary (and stupid) policies down our throats to make us feel powerless and confused."
890,265538,"nativity hallelujah reprise - performed by church youth group in florida. diversity is a strength when latency and throughput are equivalent on multiple redundant paths. otherwise, it is irrelevant and a bloat on capex. it's okay to be white. it's okay to be anything.it's okay to be adopted.it's okay to not even know what you are, as long as you support the founding principles of the declaration of independence, the constitution, and the bill of rights. before it gets memory-holed: psychosis"
892,2005498,"now open!apply for positions at scottsdale mint at our new careers have manufacturing positions open in casper, wyoming, and warehouse & fulfillment positions open in scottsdale, arizona! you can see more details about those openings at our careers page.we're looking for other based silver lovers to come build the best mint in the world! apply today! for many people, that near future was this week.stack gold/silvercash/cryptoand do it now. 10 reasons why you'll either love us or hate us:our shiny is shinier (also bigger and longer, everyone agrees)memes and trollingmakes actually stacking silver for the ocd stackerpushing the limits on what can be done with bullion and new bullion monthlyhighlights the fans and engages with the community with actually fun or interesting contenthonest and open with the boards about what's happening in the market at the manufacturer level, not just want people want to hearthe only one to keep an open market on silver 365 days a year, squeeze or no squeezewe're pro on gaband lastlydeus vult"
897,1313554,"lindsey grahamnesty and danang dick need to be arrested immediately upon return to the united states. and our cia and defense department have some explanation to give to their president why he wasn t informed that the worm zelensky was attacking bombers inside russian territory while peace negotiations were underway. @realdonaldtrump  i will never accept the argument that obama is immune. trump presser with keir starmer.... the finest moment for both leaders relative to world peace and prosperity. happening now. pm merkel had previously committed 10 years and 645 billion dollars to purchase oil and gas from russia. president trump just redirected that into a 760 billion dollar investment into american oil and gas, which is 3x the quality of russian sources. #winning @euronews #artofthedeal @bbc @bbc_news @europeanunion a win for europe, a move to restore peace, stability, and democracy. not to mention trade deals that have required negotiated peace deals between nuclear powers pakistan and india, as well as the congo and rwanda, effectively ending the genocide and resultant murder of over 8 million people."
898,284079,"a lot of what passes for  history  is just war propaganda that has survived its war. in our nation s founding,  america  was one of the founders  primary projects. washington, adams, jefferson, et. al. all strove to make  america  a success, though they may have differed in exactly how to go about that.the lure of empire, maybe beginning in the late 1800 s with the spanish-american war began to distract our ruling elites from the  american  project. business leaders were seduced by the lure of empire, so by the time of wwi and wwii, our ruling class had altered their view to encompass more than just  america . the success of the  american  project was no longer their primary goal.this is of course an oversimplification of the dynamic, but i think it does a decent job in broad brush. it s worth noting in passing that none of the elites in the us today view  america  as their project... except for donald j. trump. the blue-bloods from new england are aligned with the international banking community; the military industrial complex likes all the business that flows from having troops deployed all over the planet; and the silicon valley tech elites see the world as their market    america  is just so 20th century.the average american citizen is left with a single champion.#trump #globalism"
899,4874062,"ghamas aka terrorists a lot of idiots think these are the good guys,  well the joke will be on them. keep support them and u go down hard    fjb = a losertrump is right resist # freedom # free speech    christian, married, animal friend.    love my freedom   the sea and the beach    love and respect my family   "
903,567643,"the day the olympics died   for those who have the ears to hear.    a conversation with former ltc brad all,i have all 66 audio books of the kjv on my bitchute page. feel free to download, copy, share and listen. king james bible - old james bible - new p   #istandwiththe231231 current and former u.s. service members demand military leaders be court-martialed over forced covid vaccines: \'service members were significantly harmed by these actions\'  wishing all my friends and family a very merry christmas & a peaceful new year. @rpondiscio  must watch to all my family and friends, as we all gather on this day to be thankful and for the blessings that will come. leave time in your day to remember all the generations that came before us. the men and women that came to this country seeking a better life, escaping tyranny, fleeing oppression and seeking religious freedoms. they gave this day to you. do your best to keep this tradition going. so that future generations can thank you for keeping the faith. happy thanksgiving! #truth and...... it's "
904,4605270,"bastu. gets wild sometimes. godmorgon svenskar pa  gab!kom iha g; sekularism, socialism och utbrett hat mot gud a r vad som satt oss i va r situation. minns det gamla borttagen ur psalmboken fra n 1986.vill ocksa  tipsa om biblicum som finns som fo rsvar fo r den rena evangelisk-lutherska tron; utla ggning fra n 1800-talet a r fo r dig om dina ro tter sa  kan knallkorkarna av alla slag inte komma a t dig."
908,3693940,"regarding the las vegas bombing - everyone needs to keep faith with their fellow prisoners.keep faith w your fellow americans. keep faith with your veterans you know. the way the story is developing it seems designed to divide americans, divide our military, and divide us all from our military.whatever narratives the deep state tries to push focus on unity.also say a prayer for msgt matt livelsberger and his family. they appear to be the real victims in all of this. i don t buy for a second that he did this  bombing  willingly. imagine the nightmare his family is going through.@wrsa @matt_bracken @michael_yon @bsg75 health info from dr jack kruse"
913,513854,"""every path of humanism, no matter how rosy the start, leads to the dark alley of brutality and inhumanity.  humanism  is only fancy doublespeak. the earnest application of humanism in history has led to the loss of true humanity. genocides are a hallmark feature.  enemies  are systematically de-humanized; for in doing so they are so much easier to liquidate. why? this question should be foremost in our minds, why was the twentieth century, the century of  progress  the bloodiest century in the history of humanity? and why does it seem like we are dead set on keeping pace with it in the twenty-first? because we are still fed the lie that secular humanism and progress will save us. and despite the glaring and ruthless evidence, the  enlightened  world is still set on advancing upon these principles. few ask the question because the answer reveals the savage beast of humanism that has been destroying our world. even more disturbing is the fact that numerous people desire the beast."" ~ fr zachariah lynch ok. we know the left are nutsbut so are the right. if you sit and blame all the jews and/or black or white people. you miss everything christ is. there's a path and it is narrow trump ain't your savior elon ain't q is fake and not a savior. no earthly person is.christ is.anyone seemingly solving things and promising heaven on earth is working for the antichrist. ""western culture has fallen. those nations still resisting like poland and hungary are being punished by international organizations and, of course, greece has been despoiled. but christians have lived in pagan and atheistic cultures before. the russian people gave to god millions of martyrs under the communists. the saints of the early church faced all kinds of savage brutality. so, be of good cheer, do not be afraid. resist the slide into evil. organize your life so that it serves your longing for god. use your time wisely. we are witnessing satan's hand at play, but we will also witness christ's victory.""fr. spyridon bailey ""regard as free not those whose status makes them outwardly free, but those who are free in their character and conduct. for we should not call men truly free when they are wicked and dissolute, since they are slaves to worldly passions. freedom and happiness of soul consist in genuine purity and detachment from transitory things."" ~ anthony the great"
916,2077989,"@golf_foxtrot_yankee @sirbatman it is true. i've been a fisherman myself, and this is the right course of action. we all have to be like st. peter and be fishers of men. as men, we need to stand up and speak out when we see something that is wrong, and we have to face it. face right into it and be men. speak out. #speakout for a good time, stop by aiproto."
925,145379,"@oldiron_1 harbor freight? the american sportsman now d.c. is clean as a whistle....not! judge denies request seeking to make fed's fomc rate meeting public this week top fda official resigns in disgrace after expose  by investigative journalist laura loomer | the gateway pundit | by jim h ft commie foreigner removed from the american govt @rexisright but that is a gun grabbing paradise? @blondieco @gop @potus @realdonaldtrump appeals court upholds ruling that struck down california background checks to buy bullets | ap news are always gun grabbing kentucky gop senate candidate nate morris calls amnesty 'treason' (video) | the gateway pundit | by seth segal been a lot of treason in dc for decades. breaking: 11 people stabbed at a walmart in traverse city, michigan - suspect in custody | the gateway pundit | by cristina laila have shot him on sight. @brancn123 just in: fed expected to keep interest rates steady after meeting today - trump hammers jerome powell citing ""way better than expected"" gdp numbers | the gateway pundit | by jordan conradson commies are still stealing america blind.   sure america can make tennis shoes."
936,5841667,"@815o @maddyjc @bimboairways @terrorismwatch @dorrie_ @tit64 @firehawk69 @night15 @pariscummings_ what'd it say? maddy blocked me and i can't see.       i seem to remember us saying, ""better dead than red."" i'll say it again...i'll bet a coke against a donut he's baiting the left into its own destruction, its own tar and feathering.   go to the 2028 hypothetical matchups.  that's not because americans are opposed to a robust safety net, especially us dems.put a manchin-like candidate in there and i'll bet those numbers would look different.no, those ""dem"" candidates in the matchup represent people with views like you.we are opposed to comment, @danresist45 ?    turned out it was just hoax.  mf'ers gettin' some of us all excited."
940,5412652,"go figure! top fda official resigns in disgrace after expose  by investigative journalist laura loomer dnc chair ken martin says his party has hit rock bottom: \'only one direction to go, and that\'s up\' well! i see the dnc going down to snake level. up, is not an option."
952,2100492,"with today's ammunition shortage (hell, it's a shortage of everything related to firearms!), i am happy that i started reloading 20+ years ago. if i hadn't, i would have nothing but a bunch of paperweights in my firearm collection. while reloading supplies are also scarce, you can find them if you are diligent. check out my last blog post on reloading - where i actually walk through the process of rolling your own the grey beard bikerTM"
953,2609583,"i think president trump would have continued to be a strong leader, and would make a strong leader if elected again. i expect a lot of legitimate voters who voted for biden (fraudulent votes obviously can't feel emotion) are feeling they voted for the wrong president.nowhere to hide, joe: president adopts fetal position pose as he crumbles under questioning from fox news reporter peter doocy and tries to blame trump for the catastrophe in"
956,6018845,"and i wept much, because no man was found worthy to open and read the book, neither to look thereon. and one of the elders saith unto me, weep not: behold, the lion of the tribe of judah, the root of david, hath prevailed to open the book, and to loose the seven seals thereof. rev 5:4,5; kjv. the apostle john wept because if the book couldn't be opened, god's will couldn't be done on earth as in heaven. but praise god jesus has prevailed and has opened the book or scroll. jesus was victor, jesus is victor, and jesus will be victor! have faith in god. for verily i say unto you, that whosoever shall say unto this mountain, be thou removed, and be thou cast into the sea; and shall not doubt in his heart, but shall believe that those things which he saith shall come to pass; he shall have whatsoever he saith. therefore i say unto you, what things ye desire, when ye pray, believe that ye receive them, and ye shall have them. mk 11:22b-25; kjv. i will, extol thee, o lord; for thou hast lifted me up, and hast not made my foes to rejoice over me. o lord, thou hast brought up my soul from the grave: thou hast kept me alive, that i should not go down to the pit. thou hast turned for me my mourning into dancing: thou hast put off my sackcloth, and girded me with gladness. ps 30:1,3,11; kjv. pure religion and undefiled before god and the father is this, to visit the fatherless and widows in their affliction, and to keep himself unspotted from the world. jam 1:27; kjv. the world here means, the spiritual world controlled by satan, his angels and his demons. we are to not love this spiritual world. 1 jn 2:15-17; 2 cor 6:14-7:1; o lord god we pray for pres trump, his family, and his administration, protect them, help them to make the right decisions, we know there is much opposition, but we also believe that thou hast all power, thou art the god of the universe. grant them thy supernatural help, we ask in the name of thy son, the lord jesus christ! howbeit in vain do they worship me, teaching for doctrines the commandments of men. for laying aside the commandment of god, ye hold the tradition of men, as the washing of pots and cups: and many other such like things ye do. mk 7:7,8; kjv. some today still exalt the external over the internal. the lord jesus taught, true holiness comes from within. mk 7:14-23; and the same day, when the even was come, he ( jesus ) saith unto them, let us pass over unto the other side. mk 4:35; kjv. we beloved as human beings are all passing over to the other side. but if christ is our lord and saviour, we will face storms, giants, and troubles, but our lord has promised, he will never leave us or forsake us, and it will work out for our good. rom 8:28; greater is he in us and for us, than he that is in the world. i will, lift up my eyes unto the hills, from wence cometh my help. my help cometh from the lord, which made heaven and earth.he will not suffer thy foot to be moved: he that keepeth thee shall not slumber. the lord shall preserve thy going out and thy coming in from this time forth, and even forever, more. ps 121:1-3,8; kjv. @kizzey fear not beloved, no matter what the elites think their doing, it will all fail. we that trust in god through the lord jesus christ know how it ends, jesus is coming back, he will reign on the throne of david, satan and his demons and evil angels, and the wicked, small and great time will be over. hallelujah! turn us, o god of our salvation, and cause thine anger toward us to cease. wilt thou be angry with us forever? wilt thou draw out thine anger to all generations? wilt thou not revive us again: that thy people may rejoice in thee? shew us thy mercy, o lord, and grant us thy salvation. ps 85:4-7; we beseech thee o lord, in jesus precious name, amen! but let us, who are of the day, be sober, putting on the breastplate of faith and love; and for an helmet, the hope of salvation. 1 thess 5:8; looking for the blessed hope and glorious appearing of our lord and saviour, the lord jesus christ. titus 2:13; ln god hope springs eternal through our lord jesus christ! @christ777verses there is one god, and one mediator between god and man, and it is not mary the earthly mother of jesus, but god's son, the lord jesus christ, man's high priest and mercy seat. acts 4:12; 1 tim 2:5; heb 4:14-16; o lord god, thou seest the situation in america, pres trump is calling his supporters bad and stupid for wanting the epstein files exposed, i still support him, and pray for him, his family and administration, thy will be done, in pres trump's life, in america and american citizens lives as it is in heaven, in the name of jesus of nazareth, amen! now the spirit speaketh expressly, that in the latter times some shall depart from the faith, giving heed to seducing spirits, and doctrines of devils, or demons. 1 tim 4:1; kjv. he that endureth unto the end, or abideth in christ shall be saved. 1 jn 2:28;"
958,3563011,"@glenraines and they should be made to be in the office 40 hours a week, 50 weeks out of the year, we are not paying them to only work less than 160 days a year with thousands of dollars of perks, i.e. free food, free housing, free cars. sick of paying a bunch of elites to rob the american tax payer blind, what idiot decided that they only work less than 3 weeks per month, and get a whole month with pay off in august, the only people who are allowed a 30 day leave is the military and that has to be approved months in advance. enough"
968,2420352,"this   ""...at the same time, defense officials are stating that the suicide bomber s explosive vest had 25 pounds of high explosives. that s almost double the average.there s also the added shrapnel that made it quite deadly.that s a pretty heavy vest. it would stand out. and wearing the heavy clothing meant to cover it up would stand out in 90-degree temperatures in the suicide vest ied attack on the hkia gate was awfully powerful. much too powerful actually. even the initial bda was much higher than a suicide vest would normally achieve in similar circumstances. yes there was a concentration of people but that s just the point.. the cramped bodies would quickly absorb and dissipate the blast and shrapnel. there should have been a few dozen casualties, not a few hundred. unless of course this particular suicide vest was made from the military grade high explosives that were left behind (along with numerous other weapon caches) by biden and captured by the taliban and given to the recently freed isis-k terrorists. coming to a european christmas market this winter..."
971,2639339,"let s remember that hate clouds the mind. it s hard to not be angry at the loss of freedom, but we can t let hate consume us. look at what happened to the left and how much their hatred for you rotted their soul. tds is the real pandemic in this world. i m my opinion, it s okay to be angry and to remember to vote everyone of these power hungry career politicians out of office, but we must stay clear minded. lest we be led to the slaughter."
977,6031131,"in september of 2022, i stood at the front steps of gov. newsom's capitol building in sacramento, after organizing an opposition to ab 2098, the ""disinformation"" bill. 10 days later, i received my first letter from the medical board of california, demanding that i surrender my license if i did not submit the charts of three patients (without their permission, a violation of hippa rights). i refused to betray my patients.i put my license in the mail and sent it back to them. then in september of 2023, the american board of anesthesiology stripped me of my board certification in anesthesiology and critical care. they can never take away my knowledge, my education, or the fact that i attained my board certification in both anesthesiology and critical care after training at stanford. i will never comply. they cannot make me do anything against my god, my lord. 2 corinthians 5:7to be absent from the body is to be present with the lord.--- when i die, i will be in the presence of god for all eternity. no one can ever take that away from me. or you. take my piece of paper. i will keep my soul."
985,4058448,"i am in fb jail and shared this with someone in a message and within 20 seconds i was warned i would be kicked off fb again.if you are on fb please upload this and tag me same name same pic.i am kicked off every platform except here.please share or repost.if possible on enemy platforms.i shared this is a trump group yesterday and got 2 hits, that s seriously pathetic so i m deleting it from that group and posting for people who appreciate it.god bless!justice is coming!#whatstormmrpresident #pandaeyes #adrenochrome #trusttheplan #justiceiscoming #obama #biden #trump #cobratate #draintheswamp #thebestisyettocome #youllfindout #shadowbanned #gitmocrew #qanon #pandaeyes"
986,4273364,"yay! the angry emoji is back! would have settled for a noose in its' place ....... where did the fkn ""angry"" button go?? can't survive here without it! lol.....i use it so much my index finger has developed a deep wrinkle ..... which i'm proud of.... very disappointed to see only one canadian content creator that i have seen has covered the arrest of kenneth paulin ""sonofenos"" for free speech........can only assume the rest are cowards that are contributing to the demise of this country. another political prisoner along with convoy people....unacceptable!"
987,4866256,"ripudaman's warning of multi-cultural and multi-religious society problems at pourasabha (council meeting), takshasila (taxila). the ""christians"" you mentioned aren't supposed to be existing ""safe"" from ""hindu mobs"". you can see why.    one out of many reasons explained along with other ones about why there's existence of self-hating hindus and convertion to other religions becomes easy.scroll down to the explanation part, no need to read through the links."" all sex temples in khajuraho were retro-installed and backdated by german jew rothschild, to make hindus self """"teens reacting to fuhrer's speech.""""i recall my first time of watching those footages 2 years ago, it filled me with energy. """" daily reminder that abrahamics have erased a lot of traditional / indigenous religions from the world and succeeded in that but failed against us....every breath we take is a reminder to them about their failure.....they want that we should be broken up and surrender to one of the brands of abrahamic religions or secularism / liberalism .your ancestors fought & died for dharma!!don't let their sacrifices go in vain |be proud of your identity .. be a unapologetic hindu     wear your dharma with pride         "" ""join the channel to gain knowledge about ancient and marvelous temples of asia. source :"
988,2958749,"news, politics, wars, and rumors of wars. in the midst of it all, our savior stands before us, walks behind us, and dwells within us.merciful lord of heaven and earth. fairest lord jesus, king of kings!we worship no other.we wait for your imminent return, even as we daily strive to die to self.even so, come quickly, lord jesus.hallelujah! @_trig_ger_ @raindownfire @tonill86 @hoyt1 @telb77 @jhags1 @kevin17 @roth37 @jstoobz @jhj1836 @bree_fl @gatorbiz @debnash @nvrdul1 @g0tch_a @mcmont @oldpeon @pvtrump @saltlife72 @56lmiller @weller_k @bigjoe22 @jc2maga @k8sview @jbclark13 @44mag4u @bigd2the5 @rogerfritz7 @terry_cook @animal600 @koyagum @micaeles @chvizack8 @laughsalot @israelbissel @pauldrake @absparrow @jackwelson @haven0133 @wildunicorn @elbobwood @patriotrn24 @patriottbird @tiger_bait @mbbradley @qwatcher2 @ynottony @layla0406 @1176patriot @txsnipergirl @mjxander08 @rickhough5 @freedomlb63 @readiyourself @danharvard @hopecircuit @kevmarjax @noraberka @lissetterod @tonyhsoton @timdove333 @dawnconnor @rodneyevans @bonzorockne @acemeskinny @opened_eyez @treehound22 @jmccollum06 @loyalnarnian @trancephobici want my #potus45 back. we know why #quidproquo cheated a win. his #ccp backers ensured it would happen. #americafirst sees what is going on. it is a travesty. more freedoms stolen from us, more reality perverted, more deals to make old geriatric fats cats in dc rich. just remember, 2022 is mission #votedemsout. no matter how you feel about the worthless #gop - we have to think strategically from now on. i long for the wrongs to be made right.i pine for that day when our election results are truly tabulated, because we won.i pray for our president trump and his family. i pray for america.we are under duress.we need justice and law and order to be fully restored.our freedoms are at stake.lord jesus, please help us.please answer our prayers for victory over our enemies.this nation is seeking your face.bless us and restore us, lord.we need you.amen.@thomsonator @theslysilverfox @thegrayrider @thee_buckeyes @thebishop @texasglamo @texanallikat @terrannone @teriod @terikarma1776 @telephonedave @telb77 @tc69 @tasyw @swampdrainx @stevehartigan @stephphilip @starehope @ssgt_texkota @springharbinger @spitfiretyler1 @snooky123 @slewfan @skb_sara @site85 @shipmate68 @shannanstreet @serremmy @serafinacaprio @saucyminx66 @samurhymez @ruthpeters @rudy_521 @rodave @robbailyroc @rjoyr @rick999 @retchf047 @redstrike @red_white_and_blonde @red_tidal_wave @rebellad @realironpatriot45 @real1thom @rck333 @ravenrantz this is in front of the #irs building 5000 ellin road. you see the 2 pillars boaz and jachin, symbolizing the sun and the moon, famous freemason imagery. the 2 pillars are separated into 13 parts. in base 12 mathematics ancients used across the world and is still used today (12 inches in a foot, 12 months in year, 2 times 12 hours a day, 12 zodiacs, etc.) 13 is the end of the old and a beginning of the new (world order?)the pillars are black and white, symbolizing the duality of good and evil, as above so below etc. with the hands doing the as above so below gesture even.the pyramid is a symbol of hierarchy. also in old times they thought the gods lived on the mountains, so people build their own mountains (zygguraths/pyramids) to reside upon them with themselves being the capstone, the all seeing eye overlooking their realm.in this case, on the pyramid is written ""we the people  together with the constitution on the black part, the white capstone on the other hand, the top of the hierarchy, the godlike elite is separated from the constitution and its rules, literally above it.it could not be any more self evident : symbolism will be their downfall. this is a cult.why else would this occult symbolism be a central focus of the agencies that rule us?why else would we have the same type of occult symbolism all over washington d.c.?on our currency?#nwo. if our #usmilitary does not have #wethepeople's back - we truly have nothing. i put my faith in our #military. they took an oath to protect and to serve me, you, and all other #lawandorder abiding citizens of this great nation. #trust those that uphold our beloved #constitution. #thebestisyettocome! thank you to all of our veterans and to all who serve.god bless you all. #maga!#trump#trumpwon #bidencheated #ingodwetrust #wwg1wga"
989,324608,"morning patriots :merica: like so many of us, twatter perma banned me within 2 hours of silencing our president. since i'm not there battling, that has given me some time to organize nearly 10 gig of pics. after all the organizing is done, i'll share them on mega for all. for today, i'm starting a pepe thread :gabby: currently i have 150 pepe memes and i'll pin this gab for a couple of days. hope ya enjoy these & please add any of your favs.#wwg1wga #inittogether #thebestisyettocomeps - @gab @a thank you for welcoming us & your commitment to free speech. :gabby:"
993,3850405,"puddin  head says  i made the decisions  while reading haltingly from a teleprompter... good morning. toto we re not in key west anymore... american airports. people wandering around in their pajamas looking sad... i accidentally put my airplane in cellphone mode... tomorrow is  hand your cellphone to your spouse day ...sorry for the short notice. good morning! off to alaska... good morning! you are surrounded by hamas demonstrators...gas or brakes? well, bubba say that puddin  head is alright. unfortunately, he sounds just like him... good morning! i asked my granddaughter to  tape it . she said  what s tape ? good morning! ( we ve been dismayed)... did you ever really read microsoft s terms and conditions? good morning! canadian bacon is two lies... some people say that you are retarded.  i could beat them up ... bernie kerik, the heart of new york... wicked whitmer colluded with the fbi... good morning! ignore article three activism... there s no record of ann dunham (phd) ever being in hawaii prior to august, 4th 1961... good morning! there were no  good guys with a gun  in new york... i have a crystal ball. every race that s  too close to call  will end up with a democrat victory... our house was flooded during a hurricane. we spent the next year rebuilding. all new drywall, insulation, hvac, electrical wiring, appliances, roof, windows, and doors. we didn t get a single permission or building permit. just saying, california... at this point does it matter what the fda approves? eric (the idiot) adams believes that there are gun laws that the shooter would have obeyed... almost all medical research is faked... do you remember if we fed the germans and japanese people during wwii? good morning! a soviet grain silo? no, the o dumbo library... macaroni just sold out france... rfk, please use this historic opportunity to ban statins... good morning! good morning! jasmine crockett can t spell  iq ... good morning! at this point i think i would give back the pulitzers... good morning! is it just us? we have found the wait crews at restaurants much happier since  no tax in tips ... if someone accused me of treason i would at least...deny it. president trump unites liv and pga?! what, in his spare time?!"
996,4255684,"zelenko protocoltreatment plan for patients with covid-19 symptomsprehospital managementdr. vladimir zelenkowebsite: principles treat patients based on clinical suspicion as soon as possible, preferably within the first 5 days of symptoms. perform pcr testing, but do not withhold treatment pending results. risk stratify patients low risk patient - younger than 45, no comorbidities, and clinically stablehigh risk patient - older than 45, younger than 45 with comorbidities, or clinically unstabletreatment optionslow risk patients - over the counter options:1. elemental zinc 50mg 1 time a day for 7 days2. quercetin 500mg 2 times a day for 7 days or epigallocatechin-gallate (egcg) 400mg 1 time a day for 7 days3. vitamin c 1000mg 1 time a day for 7 days 4. vitamin d3 5000iu 1 time a day for 7 dayshigh risk patients1. elemental zinc 50mg 1 time a day for 7 days 2. hydroxychloroquine (hcq) 200mg 2 times a day for 7 days if hcq is not available, quercetin 500mg 3 times a day for 7 days oregcg 400mg 2 times a day for 7 days3. azithromycin 500mg 1 time a day for 5 days or doxycycline 100mg 2 times a day for 7 days4. vitamin c 1000mg 1 time a day for 7 days 5. vitamin d3 50000iu 1 time a day for 1 or 2 days other treatment options 1. ivermectin 6mg 2 times a day for 1 or 2 days 2. budesonide 1mg/2cc solution via nebulizer 2 times a day for 7 days3. dexamethasone 8mg 1 time a day for 7 days4. blood thinners (i.e. lovenox)5. outpatient monoclonal antibodies such as regn-cov2 cocktail or bamlanivimab6. home iv fluids and oxygen dr. simone gold listening to. sars-cov-2 (wuhan virus) and untested biological agents (vaccines).do your own"
1001,4832375,"don t give up yet. the best is yet to come!(with a message from president trump) tell me you don t believe in god after watching this... the leftist media promotes this kind of films and tries to destroy films like #soundoffreedom, that tells you everything. 9 year old brooke shields plays a child prostitute, appearing naked in the movie and kissing a man on the lips. her mom called it art. does art justify it? cindy mccain, wife of senator john mccain, confesses that the elites knew about epstein. they re all in on it.of course this is not in the news. let everyone listen to this from her. share with your family and friends. everybody s got to open their eyes. president trump was battling the deep state from day one!watch"
1004,3581078,"follow as many people as you can. it let's them know that we are not alone in our fight to retain our freedom and liberty that we all obviously cherish! we are rapidly becoming the ""not-so-silent"" majority. use gab as a tool to ""pick yourself up"" when the enemy has you frustrated and down. it is a good feeling to know so many of you feel the same way i do! i will follow back any and all patriots...you don't even have to be from the usa to be a patriot! @swampfatigue@itstheconstitution"
1016,298695,"macron, president of france, recognizes a state of palestine and also can recognize narnia, unicorns, and mermaids.   trump is america first.hillary is hillary first. carney's job is to damage canada....when will the cpc get it?????    #auto_industry @krimsen_king ~bot alert....or obama bum buddy"
1018,1967612,"when someone has ""digital creator"" listed as their job on their social media profile, 99% of the time it means they don't work and are on assistance, or claiming disability so they can collect. digital creator just means they post every fucking waking minute of their lives online....showing the world all the stuff they are doing all day. therefore, if you have all that time to create that ""content"" you absolutely don't fucking work."
1019,5153520,"hey all, please note that @naomirwolf on telegram is a fake account. we are moving heaven and earth to shut it down without luck. please don t support or repost it as someone is pretending to be me but with really bad prose. thank you... delighted to share this interview on the tammy bruce show. the shocking real reason i was deplatformed...grateful to ms bruce for this important discussion. you don t believe this...i m in touch with the @mailonline, the new republic and the london sunday times...all of whom i have written for or been quoted by in the past ...about their inaccurate, damaging coverage of my twitter deplatforming. each of the editors is pointing to other inaccurate news articles to claim they are not wrong, and that what they wrongly claim i said is in the public record!! none provides evidence, independent primary sourcing, or even any reporting. none contacted me prior to publication, though they all have my phone number!!! sad, sad deterioration of standards of journalism. existentially sad. they create a vortex of error and then smear people by pointing to the vortex. oh! the bill and melinda gates foundation is not at home: ""currently undergoing maintenancethis bill & melinda gates foundation system is currently undergoing maintanence. please try again later.if you are a member of the news media, you may reach us by phone at (206) 709-3400 or email at media@gatesfoundation.org. please include your name, press affiliation, phone number, question and deadline in your message."" 2/ also - i note that monday through thursday of last week i was inaccurately assailed by many news outlets - none of which called me prior to publication for comment. i was wrongly charged with being deplatformed for posting  vaccine misinformation.  sadly these falsehoods were repeated from tnr to business insider to yahoo news. i was actually deplatformed after posting a video, seen by 74000 people, confirming from dr ralph baric s cv that he d received over 14 million from nih, including for gain of function research. dr fauci had denied this to the us senate. i had also reported from primary sources on the issue of heart inflammation among young men, as early as april 2021. i disclosed as well that because many peer reviewed studies were reporting inflammation from the mrna vaccines, i was not going to get an mrna vaccine until studies had been completed for safety with nerve conditions, because neurological disorders (i have spina bifida occulta) are often a problem involving inflammation, and are treated via anti-inflammatory medication and an anti-inflammatory lifestyle. i continued to raise the issue of inflammation on my twitter feed, from many peer reviewed sources. after four days of legacy news outlets accusing me baselessly of  vaccine misinformation , on friday the cdc released a statement that it would address 276 cases of heart inflammation, many in young men, in an emergency meeting. all the same news outlets reported on this (it s actually over 800 cases, cdc is not disclosing data fully). none of these news outlets then retracted their attacks on me or apologized, but note   the attacks have largely ceased. i was sadly right in what i had been reporting on twitter. i d say this whole sorry spectacle shows that major news outlets should stop reporting via press release from the cdc and actually do some reporting from peer reviewed sources. they would have broken the story of heart inflammation, as i did, based on scientists   warnings, in april. young people deserve the information as they make personal decisions, and they deserve it by law when it comes to medical informed consent. this debacle in news outlets attacking me for reporting accurately on vaccines and other issues, may explain why the same news outlets who smeared me (and have not to date retracted) have sinking circulations, but independent voices who are accountable, are increasingly trusted. the readers of the guardian, yahoo news, tnr and others who attacked me after i had reported on vaccine related information and information regarding the wuhan lab and gain of function research   reporting that they should have provided their readers themselves many months ago   serve the public very poorly."
1021,2680356,"voice of wales are delighted to announce our guest for tuesdays show and its the amazing katie hopkins!!!! join us below, make sure you subscribe and click the bell. please share! what a show! voice of wales are delighted to announce our guest for tuesday 2nd february katie hopkins!!!! join us for an in depth discussion! please tune in and join the party - it should be a blast."
1023,4284866,"ameren power sent a message to all their employees and anyone working on their property, giving a vaccine mandate. every employee is to be fully vaccinated by dec. last night, over 500 men showed up for a meeting with their union, (who had sided with the vaccine mandate for months). the union hall had police there. chants of  let s go brandon!  were raised through the night. when the business agent finally came outside, he was greeted with the men saying they were not democrats, and were sick of being told to vote their pocket, not their conscience. the man who had said he would pull the ticket of anyone who did not comply, and that they would never work in the local again, realized he had lost the control he had held over the men.he backpedaled, saying they had been working 24/7 to reject the mandate, but it was a  federal mandate . lies."
1027,545679,"@markymatnsfb @lights_inthe_darkness @andystern how can an argument degenerate if the questions posed are brushed off an never answered?sounds like an excuse from a loser with no ability to back up his claims.it says in the bible that samson killed the philistines with the ""jawbone of an ass"".it would seem that you and @andystern are using the same weapon! @markymatnsfb @lights_inthe_darkness @andystern i never claimed god doesn't exist. you claim to know he exist. therefore the burden of proof falls into your lap.i dont belive in bigfoot so why would you ask me to prove he dosent exist?you are working from a ""conformation bias"". @markymatnsfb @lights_inthe_darkness @andystern neolithic huh?that funny coming from someone who belives in a 2000 year old doctrine he cant demonstrate to be truthful.....but ma feeling, right?the claims made by theists are extraordinary.my response is "" i dont think you have met the burden of proof "" for such a wild claim.plain and simple.you are the second person in this thread to claim to know what i belive.but since you haven't given me an explanation of your god belifes, i'll put the question of how you know what i belive on hold for now until you can do what your bible tells you to do.1 peter 3:15new international version""15 but in your hearts revere christ as lord. always be prepared to give an answer(a) to everyone who asks you to give the reason for the hope(b) that you have. but do this with gentleness and respect""you cant or wont give a reason for you beliefs.(you didn't even attempt to answer my question, just straight to the ad hominem attacks)you call people who are asking why you belive a twat and others in the conversation quit like a coward when pushed to explain themselves.you dont and cant know what i belive, but with every keystroke you show me how you belive.you wont give me reason to belive, and your god who supposedly knows everything wont give me the answer ""he knows"" will convince me.sounds like a rigged game.although i appreciate that you are not planning to remove my head, your unfounded zealotry is as palpable as a muslim jihadist.keep typing though,you do your god proud. your argument is:i cant explaine it...therefore, god. why not...i dont know?if you ask the same questions and substitute the word ""magic"" for ""god"" you can make the exact same argument, and still be nowhere closer to the truth.the word ""faith"" is nothing more than belief without evidence. do you ever use faith in any other decision regarding conclusions for finding the truth or is it just with god?and with more than 2500+ historical gods, the only difference in our thought process is;you belive in one god and i dont belive in any.your arrogance of disbelief of others religions while you prop up your own shows a bias and lack of a sound epistemology on your behalf.as for ""thou shalt not steal.""if i wrong someone, i ask for forgiveness from the person i wronged.i dont sit quietly, by myself, and ask for forgiveness from an imaginary man in the sky.give that a thought. @paul7734"
1029,537775,".pinned postremembering merkel @vabanquespieler not nonsense !spent ages digging this back up - but they threatened uk too - over @mannyneuer @dabbeanwell at least people are trying !thats a good sign.(never give up  ) pinned pinned post""corrupt""how the dutch police chiefsare muslims !!this, is how islam wins countries.(vid = 25 mins"
1030,1289699,"   ""you re about to get an overview of what the  rollout  (under obama) truly meant not a glitch or reform, but a coordinated blueprint that quietly rewired america s foundation. from immigration pipelines and dei mandates to digital governance infrastructure, it didn t evolve it was deployed. and now, the curtain lifts. ""o'biden 2020"""
1032,3333828,"@awwesomeai @voxday the biggest threat to openai is an open source ai that competes with them like linux does with windows. they invested 20% of their manpower into the ai and 80% into the ruleset needed to make it woke, and now they call for laws that make sure that any competitor has to invest into a woke ruleset too (because ai is so dangerous that it must be regulated)."
1034,5624907,"this should be a law everywhere, imagine living in a country completely opposite of the west, where they will put you in a prison for growing gmo food.probably one of the reasons why the west (conglomerate companies) consider him the enemy, meanwhile in america they just passed a law allowing gmo lab meat to be sold.the question is why is the west allowing this? it is beyond corporate greed. it's wickedness in high places. they know this crap 0 nutrient food is killing people."
1041,5338172,"expository teaching through judges a funny encounter i had one day.i was at michael's with my wife. while she was shopping i went to use the bathroom which had locked doors. as i turned to look for an employee to let me in, one exited from the mens room. i asked him ""can i get in?"", and he gave me this confused look and said ""in there?"". i laughed out loud as i was standing next to the women's room which was the first restroom in that hallway, while i meant the mens room. since we were in california he may have thought i identified as a woman, though after looking at my appearance (muscular, shaved head, beard), he may have questioned such a thought. i told him ""sadly you never know nowadays"", and proceeded to the mens room. expository teaching through judges i have money left over from my weekly paychecks. in the past i would just add it to my retirement funds, but i already save for my retirement.due to this i thought it would be better to invest it in kingdom interests (the things of god).here's my question:after subtracting my needs, how often should i donate the remainder? below are options i am thinking of, but feel free to add alternatives in the comments. this is my response to someone i don't need to mention, but i desire to share it with others should they come across similar claims.i agree that genesis 5:1 doesn't mention nations or negros, hence it doesn't appear to be evidence for the claim: ""those nations, the bible is talking about, ain't got nothing to do with negros"".so let's move on to the other objection:""never in reality have i seen a negro or oriental being born from white couple""i have never seen this either. here's a syllogism that explains how people with different skin colors likely came about:premise 1: eve is the mother of all living (genesis 3:20), and every nation is from one (acts 17:26).premise 2: skin color is controlled by multiple genes, each with different alleles that influence how much melanin your skin produces.conclusion: adam and eve were genetically diverse, and could pass on combinations to their children that led to a wide variety of skin tones.hence i doubt any of adam and eve's children had ""white"" or ""black"" skin, but this likely came later in their genealogy. expository teaching through judges expository teaching through judges pilate seems to have thought that jesus was of the nation of the jews.  "
1044,4169563,"list of companies i now boycott for being woke and anti-conservative:coca colawalmartebayamazonharry's razorsgillettefox newsmainstream mediafacebookdeltaapplechick-fil-ajpmorgan chase, viacomcbs, citigroup, cisco, ups, and mercktarget, whole foods, ford, gm, costco, sam s club, purdue farms, toyota, honda, sony, samsung, panasonic, mitsubishi, shell, mobil, bp, chevron, kohl's, bed bath and beyond, ben n nq price levels1hr/5m/0223202113900.51388513878.2513866.7513857.5013844131382013778.2513750.5013735.25137201370913687.2513671.5013638.513599.751355413533.51350813447.513442.513423.51339713392133831336013343.7513320.251330313285.7513274.751326713255132381319513118.7513102.501307713058.2513038.51302413012.51300312995.7512978.2512959.751291712898.512880.51286912856.50128381282712812.512789.751277912762.5127501274012729.5127161268512662.2512632.251257912559.512519.512503.251248612407.512390.2512345.2512319.2512275.75"
1049,1910125," in more shocking news tiktok..... the podcast, mindel says she volunteered and enlisted in the israeli army and served for two years. rosenberg, whose family owns miami-based gilly vending inc, also pleaded guilty last year to a separate conspiracy charge tied to a scheme to defraud the us army and air force exchange service in texas. according to the miami herald, rosenberg filed false reports on vending machine sales of snacks and beverages in order to avoid paying the full amount due. in 2019 a civil court judge ordered rosenberg s company to pay nba star alonzo mourning approximately after he sued over an unpaid 2015 deal that named him the face of the company s healthy vending program, as reported by local 10 news. ""while fine may be a living caricature representing how deeply congress is compromised by israel, ridding him from its good graces does little to change the power dynamic driving washington, d.c. as aipac distances itself from fine as part of a strategy to recalibrate its control over the us political system, americans must respond by reciprocally renewing their focus to rid the nation of that influence if they ever wish to truly take their country back."" "
1066,6693276,".... wow this is great everyone, these are projected tax adjustments about to be voted in by the republicans and trump!!!!!being the top 5% gives me one of the largest tax deductions coming up, in reduced taxes. normally i'd be voting for more fairness in taxes hitting hard at the top 10%, but no more. sorry to hear the rest of you will be getting peanuts. glad i'm not the one being f'ed in the ass by these idiots."
1071,3794243,"     cadence to pay million for selling chip design tech to blacklisted chinese university epa moves to revoke finding that allows climate regulation university of tennessee department head boasts of dei flying under the radar in red    deputy has died after being shot during a domestic disturbance call in kansas city, kansas is what they do. they see a place of meaning for others and then take it for themselves in the name of allah."
1076,4288133,"devastating: new photo released by ohio gop senator bernie moreno of one of the girls who was beaten up by the mob at the cincinnati jazz festival, which a city councilwoman said she was ""grateful"" for.the suspect in the cincinnati mob assauit has just been freed on a measly bond""this is holly. she wanted to have a nice evening out with friends. instead, she got this. holly gave me permission to release the photos so that others will never suffer what she did,"" moreno said. ""we need and deserve change."" wow! shocked....not at all! cincinnati city council member victoria parks is under fire for allegedly saying the victims who were brutally beaten in a viral video ""begged for that beatdown."" breaking - one of the suspects who beat white people unconscious at a cincinnati jazz festival has been released on a bond, with only 10% or required to be posted. if that was my child "
1080,208936,"@winstonsmithlovesbigbrother he should have to put up with all the sexual harassment my 19 year old daughter has to put up with at disney world. they have 1200 h1b visa brazilian men for entry level jobs. garbage collection, janitor you know jobs we 100% can fill. my daughter worked her ass of and graduated college at 18. she wanted to be an imagineer. she is leaving disneyworld after 1 year because the entire corporate structure is protecting the h1b visa and gay communities and the other employees and park visitors are not wven a thought. there a problem they need to cover up from telling the truth."
1084,4891633,"the miseducation of tabitha b.imagine growing up being conditioned from cradle to grave to hate your country. imagine being saddled not only with the very destructive bigotry of low expectations from white liberals, but complete ridicule for defying those expectations by black liberals.imagine being taught that the political party that set slaves free and led the civil rights movement was evil and racist, and hated black people, while the party that enslaved them was now looking out for blacks, and had our own best interests at heart.imagine being told that voting republican made you a race traitor, and that your vote should go instead to the party that has legalized the murder of millions of unborn black babies, and driven black fathers from the homes of those black babies who survived their genocide.imagine being told that border security is racist, and that the man who created the lowest unemployment rate for blacks in history was a white supremacist, while the man who stole his seat stands by as millions of illegal criminals pour into this country, stealing jobs from the poorly educated americans he and his party claim to care about.now imagine 42 million more people just like me, who were on the receiving end of this same education system, and it becomes obvious why we are where we are.this country can not move forward if it continues to dwell on past grievances. we have to look forward to the future. together.god bless you all, and god bless america.""therefore, if anyone is in christ, he is a new creation. the old has passed away; behold, the new has come."" 2 corinthians 5:17"
1089,29492,"ntd evening news full broadcast (june 4) the strongest neurotransmitter to improve deep sleep is not serotonin (or melatonin) - dr. sherr cordycepin & methylene blue: boost energy, focus & longevity with dr. scott sherr | ep. #309 why i started taking testosterone an american frigate merle haggard - america first cristy lane - one day at a time johnny cash - good morning friend ntd evening news full broadcast (june 3) she plucked all her feathers in despair... now chicken the goffin s cockatoo dances again lefties losing it: hysterical bono fact-checked by joe rogan insulin resistance: 3 signs you re running out of time an american frigate merle haggard - america first dolly parton - amazing grace - kris kristofferson - why me lord johnny cash - good morning friend an american frigate daddy's hands - holly dunn #gabfam@martavonrunge @blat1982 @feralfae @joycelynfeagin @bethdittmander@lasttimeongab #gabfam@martavonrunge @blat1982 @feralfae @joycelynfeagin @bethdittmander @lasttimeongab] #gabfam@martavonrunge @blat1982 @feralfae @joycelynfeagin @bethdittmander @lasttimeongab #gabfam@martavonrunge @blat1982 @feralfae @joycelynfeagin @bethdittmander @lasttimeongab #gabfam@martavonrunge @blat1982 @feralfae @joycelynfeagin @bethdittmander @lasttimeongab #gabfam@martavonrunge @blat1982 @feralfae @joycelynfeagin @bethdittmander @lasttimeongab #gabfam@martavonrunge @blat1982 @feralfae @joycelynfeagin @bethdittmander @lasttimeongab] #gabfam@littleeyes @donna @gee @victoriac @r_olnee @sockalexis @moonbasking @blat1982 the insanity - toxic chemical water being shipped to texas for injection into deep carnivore diet an american frigate merle haggard - america first dolly parton - amazing grace - kris kristofferson - why me lord johnny cash - good morning friend #gabfam@martavonrunge @blat1982 @feralfae @joycelynfeagin @bethdittmander@lasttimeongab #gabfam@littleeyes @donna @gee @victoriac @r_olnee @sockalexis @moonbasking @blat1982 ntd evening news full broadcast (july 28) the big zinc mistake an american frigate merle haggard - america first cristy lane - one day at a time johnny cash - good morning friend ntd evening news full broadcast (july 27) you re eating protein wrong. an american frigate the royal scots dragoon guards - amazing grace #gabfam@martavonrunge @blat1982 @feralfae @joycelynfeagin @bethdittmander@lasttimeongab merle haggard - america first lefties losing it: donald trump mocks taylor swift at white house super bowl celebration"
1093,6571105, trump encourages states to eliminate property taxes so americans with no mortgage can truly own their homerated g-ps for political satireplease click below for the rest of the another angry christian patriot article by pester bratplease read and consider. thank  the kamel and knatrated g-ps for political satirehistory in the making: jenna bush hager and chelsea clinton mezvinsky to run for president and vice president in 2028please click below for some very interesting                   
1097,301968,"saying the rosary is a great sign of predestination. this book written by a saint got me to say the rosary. it's free and mary's fav prayer. she taught it to a saint. how to get out of purgatory the 1st sat you die. ""he and i,"" you can read parts of it on here. it shows how much god loves us. he spoke to her almost every day and she wrote it down.  easy get out of purgatory prayers, etc. the whole little book is"
1099,5719722,"my soul is satisfied  in christ  morning devotionaugust 9 in christ  you have been given the fruit of repentance, as a gift, producing the fruit of righteousness by believing, in the lord jesus christ therefore i say to you, the kingdom of god will be taken away from you and given to a people, producing the fruit of it.  (matthew 21:43) [so] they [the religious leaders of israel] said to him [jesus the christ, the anointed one], he [the owner of the farm, who represents god of heaven] will bring those wretches to a wretched end, and will rent out the vineyard to other vine-growers who will pay him the proceeds at the proper seasons. jesus [the christ, the anointed one] said to them [the empty-minded religious leaders of israel with a very sarcastic tone], did you never read in the scriptures [psalm 118:22:23], the stone [jesus christ of nazareth] which the builders [who is israel] rejected, [and] this [jesus christ of nazareth is who] became the chief corner stone; this came about from the lord [god of heaven, where he rule from] and it is marvelous in our eyes? therefore i [jesus the christ, the anointed one] say to you, the kingdom of god [where god rules] will be taken away from you [who insist on lip service to god, picturing a fig tree with no fruit] and given to a people [who i will adopt], producing the fruit of it [the fruit of repentance, as a gift, producing the fruit of righteousness by believing, as a gift, in the lord jesus christ]. and he who falls on this stone [trying to lay hold of the lord jesus christ to do harm to him] will be broken to pieces [and crushed by god, his father in heaven]; but on whomever it falls [for those desiring such plans], it [the judgement of god] will scatter him like dust [at judgement in an eternal separation from god, into nothingness]. when the chief priests and the pharisees [these religious leaders of israel] heard his parables [the two sons and the farmer who owned the land hiring tenant-farmers], they [the religious leaders] understood that he [jesus the christ, the anointed one] was speaking about them. when they [the religious leaders of israel] sought to seize him [by laying their hands on him], they feared [and were afraid of this very large crowd of] the people [just like herod antipas who was afraid to kill john the baptizer], because they considered him to be a prophet,  matthew 21:41-46."
1102,3219600,"behold, i am against those who prophesy lying dreams, declares the lord, and who tell them and lead my people astray by their lies and their recklessness, when i did not send them or charge them. so they do not profit this people at all, declares the lord. jeremiah 23:32behold, i have given you authority to tread on serpents and scorpions, and over all the power of the enemy, and nothing shall hurt you. luke 10:19"
1105,236058,i dont condone violence or war against anyone. the ruling elite want us to become violent so they can unleash the military against each one of us. peaceful protest and non-compliance are the easiest way out of this and even then it will involve sacrifice from each and every one of us.#maga this is a war!!- on religion- on the children- on
1107,764592,"i've seen people get all emotional about animals mis-treatment, but those same people have no problem killing human babies in the womb, so crazy! make abortion illegal again! flat bill cap by editorialdesigns via @etsy the democrats have always been corrupted and power hungry from the beginning! and that is why the demorats must go! flat bill cap by editorialdesigns via @etsy 2020 is the year of perfect vision: (and that is why we will vote dem out!!!!) do it, just do democrats plan on doing nothing but impeaching our president, that's it that is all they plan to do! that's why i call them (d.n.d.) do nothing this is what trump supporters should be wearing now, considering the crazy leftist climate we find ourselves in"
1109,4251621,"imo, arizona succumbs to democrat socialist rule without a fight or complaint from the brainwashed gen y & z'ers.. this native arizonan has left the once red state and good riddance to katie hobbs & every shitbag democrat there. uncle sam here, hey democrats and rinos..."
1118,2442835,"hey gab brothers and sisters in christ, my family is hosting a latvian orphan for christmas through our church. if you can please help out by contributing any small amount, sharing our post, and/or praying...we would be so grateful! thank you!"
1121,974556,"anders sozialisiert, andere werte...was ha nschen nicht lernt, lernt hans nimmermehr hallo #greta! hallo #langstreckenlouisa!wie soll der hoch volatile strom aus wind/sonne gegla ttet werden?fu r die gla ttung von 1gwh braucht man ca 6.000 speicherkraftwerke. wir haben bundesweit 32 und einen verbrauch von 71gwh!die nachbarn wollen den nicht und blocken aktiv unseren #hayali, #habeck und #rackete sind alle linke medienprofisda ko nnen sie paddeln wie sie wollen, aus dieser gestellten #zdf-nummer kommen sie nicht neutral raus.ein bild aus gru n, gru n, gru n mit extra gru n?""es wird mit dem fernsehen politik gemacht. es ist widerwa rtig"" -> #loriot"
1123,3953142,"jesus loves youjesus knows youjesus forgives youjesus saves youjesus gives you new life, eternal lifeget to know jesus in matthew, mark, luke and john and pray the prayer jesus taught us. talk with jesus, walk with jesus.with man this is impossible, with god all things are possible. mark 12 v17then jesus said to them, ""give to caesar what is caesar's and to god what is god's."" and they were amazed at him.matthew 10 v28and do not fear those who kill the body but cannot kill the soul. rather fear him who can destroy both soul and body in hell.luke 12 v32fear not, little flock, for it is your father's good pleasure to give you the kingdom.matthew 9 v37-38then he said to his disciples, ""the harvest is plentiful, but the labourers are few; therefore pray earnestly to the lord of the harvest to send out labourers into his harvest."" we tend to obsess about certain sins, sexual sins in particular, why do we do this when all sins are wrong and separate us from god?perhaps we ask which sins are worse, sins of weakness, sins of malice. a sexual sin or a false accusation of sexual sin, all sin is wrong.john 83 the scribes and the pharisees brought a woman who had been caught in adultery, and placing her in the midst 4 they said to him,  teacher, this woman has been caught in the act of adultery. 5 now in the law, moses commanded us to stone such women. so what do you say?  6 this they said to test him, that they might have some charge to bring against him. jesus bent down and wrote with his finger on the ground. 7 and as they continued to ask him, he stood up and said to them,  let him who is without sin among you be the first to throw a stone at her.  8 and once more he bent down and wrote on the ground. 9 but when they heard it, they went away one by one, beginning with the older ones, and jesus was left alone with the woman standing before him. 10 jesus stood up and said to her,  woman, where are they? has no one condemned you?  11 she said,  no one, lord.  and jesus said,  neither do i condemn you; go, and from now on sin no more.  when jesus taught us to pray the lord's prayer the first thing after it was:matthew 6v14 for if you forgive other people when they sin against you, your heavenly father will also forgive you. 15 but if you do not forgive others their sins, your father will not forgive your sins.matthew 1821 then peter came up and said to him,  lord, how often shall my brother sin against me, and i forgive him? as many as seven times?  22 jesus said to him,  i do not say to you seven times, but seventy times seven.it is not sins we should focus on but our relationship with god.matthew 22v 37 jesus said unto him, you shall love the lord your god with all your heart, and with all your soul, and with all your mind. 38 this is the first and great commandment. 39 and the second is like unto it, you shall love your neighbour as yourself. 40 on these two commandments hang all the law and the prophets. "
1124,217496,"i've been posting this a long time. it's not 'immigration' that's the issue. it's illegal immmigration!! glad the public is finally counting this a a top issue. @a most of america knows this to be true. we also know that the fbi and antifa were in on it with her, along with the capitol police."
1128,74903,"presented without comment      #honkhonk        trump's attempt to take over the panama canal from china failsnot only did trump fail to take over the panama canal, but china may now gain greater control of the canal after blackrock deal misses      wow... early election results are already in!!!   #themoreyouknow   vanessa beeley speaks to journalist and broadcaster sonia poulton about my recent trip to aleppo after the devastating earthquake and about the latest israeli aggression that killed 5 syrian civilians in damascus.. #honkhonk   the new structure would be a major change in the 235-year old practice of applying for a patent, a bedrock process in the u.s. economy. companies and researchers use patents to protect inventions and make money from them. because they are public, patents let others in the same field build on previous work. patent holders typically pay the government a few thousand dollars, up to roughly in flat-fee payments made periodically over many years. the new fee would be a much more exorbitant cost for some patent holders that would function like a property tax.  it s a total paradigm shift in how you think about protecting intellectual property rights,  said brad watts, senior vice president at the u.s. chamber of commerce s global innovation policy center, which advocates for strong ip standards. many businesses would likely have major concerns with what they perceive as a tax on innovation, he said. ghislaine maxwell files appeal to supreme court to overturn her conviction. just three days after meeting with former trump defense lawyer and now dep ag blanche about a the trump-epstein-israel connection revealed with @whitneywebb   flinders university unveiled a new process that can recover high-purity gold from both ore and electronic waste.the process uses a disinfectant called trichloroisocyanuric acid, commonly used in water sanitation.when activated with salt water, it becomes powerful enough to dissolve gold without the need for mercury or cyanide. then, a custom polymer sorbent binds the extracted gold and separates it from other metals and waste. the process does not rely on toxic welp      #themoreyouknow industry insider silver  that's suspicious   #truestory     "
1138,2098003,"worn a mask - notaken a test - nowaited in line to go in a shop - behavefollowed arrows on a shop floor - ha ha haclapped for the nhs - i used to go for a jog and came back down my street at 8pm and when the idiots were clapping it made me feel like a fucking champ.    i really do not like to hear the term ""new normal""this bullshit is not and never will be normal to me and i reject it, all of it.""stay safe"" ""long covid"" ""new normal"" . . . blah blah blah. they can shove all of it up their arsehole. i do not obey these idiots, i never will."
1139,4055010,"hi am 55 male born in west london i love to write & all things nature, coming over to gab from twitter for a bit as i just need a break from censorship & pc culture looking to share stuff with like minded people ! please follow me so i can get started"
1141,6622115,the gop is useless. we have to primary the hell out of these idiot bottomfeeders. haven't we all been demanding that they serve us with our tax dollars??? liberals are reacting just as expected racial bias in violent mob cases shouldn t go unchallenged. true leadership ensures fairness for all.
1145,1536520,"you fallin' for this again? how are you monitoring the current situation in the world today? may i make a recommendation? april stream ahem... i'm totally for deporting every last illegal in this country, but i hate to break it to you -- the people i've seen doing the looting haven't been the illegals. [coff] lmaooooooooooooooooooooooooo here's a link to the elon/trump interview on x, but it's frozen out because of too many people accessing it all at once, so... yeah...  "
1146,3352428,"my sister just moved to sc and i got a piece mail from her. shockingly it was a check ! she said she sold some of mom's stuff. sooooo.......i have been lusting after a 5kilo bar......... silver is down...... i turned that check(along with some savings) into silver. maybe i should have put it in savings....i guess i did in a way. i figured i won't get a chance like this again. and now i wait............. pictures pending. 8.88 ozs out for delivery !  update.... 2377 troy ozs bull schmit 2225the moment we have been waiting for. the contest is simple. i want the total troy ounces of silver in my stack.( before it all sank ). here is your hint...... a younger picture of the stack, and it had been added to( before it all sank ). the prizes are.........a beautifully toned 1oz maple...... a golden trump coin.........aaaaaand...... a new in the box talking trump doll with 17 phrases in trump's voice. good luck apes. post answers below. closest without going over wins. answers must be posted before 5 pm friday/sept 1.update........ the answer is 2377 troy ounces. sorting through guesses.bull schmit ? 2225 come on down..added other side of maple. @deplorablebrockly the doctors get a hefty kickback if they prescribe chemo. so crooked. i watched them destroy my mom with their poisons and then tell patients to drink a sugary milkshake that will only feed the cancer. @amicus_chiron @acapaaron @holyhandgrenades 420 huh ? it was a sign. i thought that was contest 1. besides...... look at all those towers bombarding me..... i grew up in this house. my bedroom..... top left on the third floor. nancy pelosi's family...........5 or 6 houses away to the right of this house. getting older and reminiscing . went to school with her family... the d'alesandro family. my how time flies...... i survived this painful moment in history. high waisted polyester double-knit bellbottoms. good grief ........ the ""models"" all look angry as shit. i would too if i was wearing that."
1154,890605,"stephen miller : for the amount of effort bass and newscum have put into sheltering criminal illegal aliens they could have fully rebuilt the palisades by now with time and money to spare. expose and fire: meet alachua county (florida, gainesville) school board chair sarah rockwell. she celebrated hulk hogan s death and wrote  good. one less maga in the world.  this person is in charge of children s education. any comment @alachuaschools ??  lindsey graham has no say in this. caroline levitt: ""president trump wants to reserve the right to make a final decision"" ""the president has always emphasized that he is the commander in-chief, and he is president for a reason"" "" joe biden gets million advance to write a book no one is going to read... and he isn't going to write. migrants take a duck from a lake in london to kill and cook. just out of interest, is anyone going to ask bill deblasio where the million given to his wife for 'mental health care' went? ........................................................... attention president trump   you may want to fire your top nsa lawyer if you are laying off americans, you should be ineligible for h-1b visas it all makes sense... obama s focus on the smith-mundt modernization act. obama needed the media to spread his russiagate propaganda in his operation against donald trump. 24/7 lies to the public. restore the smith-mundt act and end the media propaganda. the enemy. australia keeping it real on energy! lol   language warning   ! if you are offended just stroll on by!"
1166,1349861,"lol - just came across this old quote:""tolerance will reach such a level that intelligent people will be forbidden to think so as not to offend idiots.""~ fyodor dostoyevsky ""the best way to keep a prisoner from escaping is to make sure he never knows he's in prison. ~ fyodor dostoevskyhow could he have known so long ago?~ ~"
1178,2083771,some of my older work thought it was fitting for the current situation we are all faced with these days. question for anyone who dares answer it. if we were to be attacked from foreign power... say russia for example. and it is known that there intentions are to overthrow the current administration because of their corruption and tyranny over us... say a myanmar style situation. new elections ...all that jazz..... would you help our government and military or .... not. civilian americans are the largest armed force on this planet. that is a fact. what happens here happens because we allow it. we would be the deciding factor in that war. whoever we sided with would be the victor. (note to the f.b.i. guys that are probably going to read this one: this is a hypothetical question and im not trying to over throw the government. just stretching my first amendment legs for a second.)
1182,6661778,"it s gonna be amazing!! i support this merry christmas from tennessee breaking: lindsey graham says he's a no vote on rfk jr. so you folks in south carolina know exactly what to do would you support a primary challenge of lindsey graham by nancy mace for his seat?yes or no? if the countries they re leaving are so great, why don t they stay? conversely if the countries they re leaving are so bad, why do we want them here? a start!!! happy new month to all my lovely fans who has been supporting me since all this while, i pray this month brings us sufficient grace,joy and happiness thank god for early voting this gives us a chance to weed out the cheating   thanks to you all fans for your support"
1186,6073628,"date night idea catman   @uneekshreek we just received via fedex a package for our daughter, in her maiden name, at our home where she hasn t lived for almost 8 years, from similac. she hasn t a clue but it is a little unsettling that some baby formula company knows my baby is expecting but doesn t know her current name and address.   pool temperature started at 78 degrees this morning we are now at 84! free heat!but, the mrs. comes in the main house with part of the screen door that one of her friends broke  .you win some, you lose some.    look for the satire label (bottom left) before reposting nonsense. present from the mrs - every hour on the hour except 11pm - 7am (repeats twice). because i have total douchebags for neighbors, i have had to enhance my home security system. installed the first camera today. i hate living like this. good morning to all the rebels and misfits! weekend at catman s! @uneekshreek so.....did the autopen fairy tell you this or do you have a reputable source?  this might be believable if they hadn t misspelled  lahaina.  this one s for you catman @uneekshreekpsychiatrist:  so bob, what brings you here today? bob:  i just had a physical and my doctor told me i am a few inches shorter than the average man. psychiatrist:  how did that make you feel? bob:  sub dude.  ophthalmologist:  i m sorry mrs. fong, you have cataracts.'mrs. fong:  oh no doctor, you wrong. i have rinkin continental.  @uneekshreek rough day sunshine? reposting so i can pin to my profile. cause it s that good!    @non_msm_news for the same reason we subsidize sports  stadiums i suppose      @uneekshreek how do you feel about  crochet white people have to stop living, working, playing, or otherwise socializing with blacks. it s that simple. context. trannies are treated worse because they frequently indulge in high risk behaviors in order to support themselves, their habits and their  treatments.  they are not being randomly attacked nor are they targeted for violence by the overwhelming majority of people who are just living their lives, largely oblivious and indifferent to the gender expression of folks on the streets. say it with me   two moar weeks    i ve run two campaigns and never got a call     . bunny tower. i was told it s mandatory      i think this is a much more effective teaching method than mommy scolding him and telling him that he s a bad person and how he hurt mommy - so he then spends the rest of his life trying to win back mommy s approval. to the knights of gab - you know who you are and i m grateful for each of you! @10toes true? been listening to a compilation of 60s tunes and this little ditty came on. i ve heard it many times and never paid too much attention but with the epstein stuff center stage the lyrics hit me very differently   faced the scale with dread this morning for my bi-weekly weigh in. based on my food intake for the past two weeks i was expecting a 3-4 pound gain. much to my surprise i dropped 1.5 pounds - 163.6.     i think i will eat nothing but potato salad from now on! received some sad news today. my favorite in-law passed away this morning.aunt bev was one of the kindest people i ever met. when i was first introduced to her she changed my name to elvis (my first name begins with an e) and i have been elvis to her and her children for the past 35 years.i will miss that woman. she had a hard life but she lived it well.    catman & jimmy origin story. @10toes @uneekshreek thank you to all who voted and shared. i didn t want to skew the results but rose was my mother s name so i was partial to luna rose. i ll let you know what she decides when the blessed day arrives.    public service announcement   before posting, reposting, sharing or otherwise promoting fake information, look for the,  satire  label. not only does this crap get people pissed off, it also clogs up the explore page. dodged a bullet this weigh-in. i ve been eating like crap but only gained .7 lb. i ll take it as a sign of divine grace and put more effort into making better choices.truly grateful for the folks in the group who continue to post. you all are inspirational."
1188,5489255,@sarahlowrey orwell s words resonate deeply truth often challenges comfort. do you think society values freedom of speech enough to protect unpopular opinions today?   @jlmco i noticed you re passionate about politics and the constitution. what do you think are the most important changes we need to protect our country s values? #somewherepeaceful   trying and loving   ...
1189,3415334,"america is a place now where those who are mentally and physically unfit to serve in the military get to decide to send those that are to war, so that they might line their pockets with the taxes of the unwilling. there's a choice to be made, but many still need to suffer before they are willing to do what is needed."
1197,3922110," our generation is so busy trying to prove that women can do everything men can do, women are losing the unique qualities that set us apart. the god-given femininity & unique way our creator designed us. women weren't created to do everything a man can do.... women were created to do everything a man can't do.""   unknownthe lioness does not try to be the lion. she embraces her role as the lioness. she is powerful, strong, and nurturing. she does not mistake her meekness for weakness. the world needs more kind, compassionate, humble, faithful, persevering, confident, fierce, bold, pure, and tender-hearted women.be one of them.  "
1202,35976,"what part of this speech is not true, even in 2022? in fact it explains exactly why we are in the position we are in #glr watch and share. this is very important to consider the reasoning for the actions taken during the 20th century, on both sides. the powers that be do not want you to consider the reasoning, they want it kept out of the public conciousness. watch & share redpilled movies from the 1950s. accurate, too"
1203,3997385,"every american should be compelled to watch all 3+ hours of senator johnson's hearing on vaccine injury. pulled from nsatube, here it is in rumble. consider how many more people are scared or unable to come forward with their own severe covid stab injuries due to the complete abandonment of the medical establishment. another recent hour with robert malone concerning the absolute corruption of the fda/cdc and other nuggets:"
1205,5182962,"there are more of us than them - theirs more good than bad, factum bravatum we got to stick together. follow me i follow back gab> flatracinguruuk gettr > flat_racingguru rumble >flatracingguruuk #covsars #ivermectin #drveron #hydroxy got covid ? get this >>>maths + protocol treatment from flccc alliance, >>> dr pierre kory & dr joe veroni think it is about time we haulted all vaccines- this and offer the public cortisteroids and ivermectin zinc vitamin d- i just wanted to offer americans hope- there is a program called math + protocol for covid from the flccc alliance headed by dr veron - anyone who catches covid please ask for the math+ protocol treatement which uses methyprednisolene-thiamine hydroxycloroquine heparin?? zinc melatonin-ivermectin ascorbic acid- please pass this on they block me from the comments #covidscam #ivermectin @iveryhecker how can a doctors surgery hospital have many times lower deaths than those who follow the who cdc whiad agendas? those that blocked these drugs in the media and corporate- must me investigated and tried for crimes against @rogerjstonejr issues warning to @donaldtrump_45real @realdonaldtrump donald j. trump news@donaldjtrumpnews @donaldjtrumpjrfeed @realmarjoriegreene also worrying general flynn @genflynnfeed issues warning of imminent deep state attack to stop arizona audit"
1219,5477006,"this is still in the storm, a newsletter about navigating the storm by building strength in faith and health. but he was in the stern, asleep on a pillow. and they awoke him and said to him,  teacher, do you not care that we are perishing?  then he arose and rebuked the wind, and said to the sea,  peace, be still!  and the wind ceased and there was a great calm. but he said to them,  why are you so fearful? how is it that you have no faith?  mark 4:38-40 nkjvthe storm has been crashing all around us for a long time now. especially over the past eighteen months, most have had a moment or two where we have feared we would drown. overwhelmed with waves of fear we have forgotten how to be still and calm during a storm. during a tornado or a hurricane people react different ways. fight or flight. panic or calm. each action causes a reaction. how you react can determine your outcome in the storm. in the mental storm that is life post 2020 how can we build strength through faith and health so we can be still and calm during the storm? welcome to our substack. we will be featuring discussions on building strength through faith, health and healing. check us out at: #christ #germannewmedicine #healthylifestyle #healthy #healing #faith #jesus #jesusisking #jesusislord #faithoverfear #peacebestill #stillinthestorm"
1223,329692,"i ve been thinking a lot this morning about how depressed people get during  the holidays  and how most people kind of hate them now, and i think i understand why that is... and no, it s actually not  muh commercialism . at all.to understand why folks hate the holidays now we must understand why they exist in the first place. why do we celebrate so much in the darkest and coldest time of the year? to affirm the bonds that help us survive it. family, community, tribe... we come together in love and brotherhood, share gifts and resources and see to it that we all make it through the winter together. it s a beautiful thing.but now... those bonds have been broken. millions face the holidays all alone, and many more who technically don t understand that it s all performative, that the bonds we are meant to be celebrating don t really exist. in our subconscious this registers as rejection or abandonment by one s family, community, tribe. we have been left to face the cold and dark all alone.... and that s a horrible prospect. when faced with that reality, many start asking  why even bother? why carry on? what s the point? and that is why so many hate the holidays. it s not the christmas music, it s not the commercials or holiday sales. it s not even because we re  lonely for the holidays ... it s because we re lonely all year round. pinned on your face maggot!"
1228,6588128,"news: former tennessee police officer who went wild with six officers on the job has settled her lawsuit for hall says she was ""s*xually groomed"" by male police officers & sued the city of la vergne.hall allegedly hooked up with multiple colleagues, performed oral s*x on two officers on the job, had a threesome with an officer and his wife and much more.hall blamed her s*xual actions on her troubled marriage and the police department.""maegan wasn t looked at like a rookie cop to be trained and promoted. she was looked at like a piece of meat to be sexualized and exploited,"" her lawyer wesley clark said.""the la vergne board of mayor and aldermen voted to authorize the mayor to sign a settlement agreement between the city of la vergne and former police officer maegan hall,"" a statement from the city said. ""the city s insurance provider will pay the sum of to hall as a gross settlement, which includes court costs, attorneys fees, and expenses."" breaking news!!! :merica:riot breaks out at the southern border as 100 migrants rush the border, knock down guards and rip through the razor wire.the incident happened in el paso, texas.according to the new york post, a total of 600 migrants gathered at the international border where the texas national guard tried pushing them back.it didn t have to be this way.#riot #southernborder #elpasotexas #texasnationalguard #migrants #border #usa #maga #patriots #trump #usa pittsburgh police will no longer respond to certain calls including theft, harassment, criminal mischief, and burglary alarms.between 3am-7am there will be no officers at any police stations.buy guns. buy ammo. the police will not protect you. we must do something about this!#immigrants"
1232,4101718,"is that #putinsfault too? or should we start acting like adults and admit we're not okay? i bet joe is going to say it's #putinsfault every riot against today's supreme court descision should be labelled as insurrection and attack on our democracy. launch the damn committees and put them in jail. you reap what you sow! breaking: supreme court reverses roe v. inflation rates have hit a 40-year high. gas prices are now well over a gallon nationwide. our economy is ruined and all we hear from our 'president' is either ""everything's fine"" or ""it's putin's fault"". how long before joe starts blaming putin for the failed afghanistan withdrawal? what amount of military equipment did we 'lose' while leaving afghanistan? how many weapons will be 'missing' after we send this 'aid' to ukraine? biden doesn't give a shit about gun control, he wants to control you. worst president democrats initiated this, but i'm just mad at how many republicans supported the bill."
1240,5844005,cyber week deals are active. get 40% off + free don t miss out! thank you for your support. our store will remain closed throughout may while we move to another state. if you place an order today or tomorrow it will be shipped right away. i m a new mom and i lost my job due to the mandate. i started up an etsy making stickers to help while my family and i prepare to move to a red state(currently in washington). thanks for your time! i so wish washington state could have a governor like kari lake. she s got bigger balls than jay inslee.
1244,3519664,"how is this not a bigger my grandpa used to keep a rifle behind his door for ""aliens or communists, whichever come first"". he also used to only keep root beer in the house and would tell me ""only commies don't like root beer"". i used to think he was crazy. rest in peace major. "
1248,2200052,breaking: elon musk announces that he will be randomly awarding million every day from now until election day to registered pennsylvania voters who sign america pac s petition and surprised a member of the audience as the first winner.this is the real deal. elon just announced it at one of his pennsylvania rallies.sign up this is real. elon just announced it at one of his pennsylvania rallies. breaking: elon musk announces that he will be randomly awarding million every day from now until election day to registered pennsylvania voters who sign america pac s petition and surprised a member of the audience as the first
1250,5206519,"it s a little past the one year anniversary of the kenosha hero kyle rittenhouse s crusade. he went to the site with the intention of distributing medical aid to victims of the rioting. his name came up here and there recently as his  hearings  are now underway. this is a fantastic analysis, which includes most of if not all of the main video footage of the live event (at least that which was circulating) by john doyle.it is worth every minute of the 30 min watch, and easy to share with normies as john does a great job making the logic easy enough for almost anyone to understand. highly recommend!link: must watch - patent expert provides 20 year history of evidence and events that led up to the  pandemic.  indisputable. not"
1258,3092381,"ice blocks highway... deports 'entire armada' of migrant siena heights university to close after 2025-26 school says siena heights university fired her for refusing to lie to boardandrews began working there in february of 2024. she said in the complaint that she found numerous budgetary issues when she arrived, among them coaches making  improper check requests...from fundraising accounts,  and  improper labeling of expenses as student expenses that were actually for personal maybe this is why everyone needs a high capacity"
1263,24805,"""grace giving"" - this is the type or ""way"" of giving to which we are called in this age as members of the body of christ.give ourselves to god (v.5). submit wholly to god. it is not about the famous wwjd question for we shouldn't so much ask what would he do, but we should simply let him do...do through us and in us. one way i heard it put that stuck with me is that ""christ should be my living and my living should be christ"".give ourselves to other members of the body (v.5). do we submit ourselves in grace to other members of the body for their good and in service to them and to god? we should this reminds me of the joy acronym - first jesus, then others then you.give willingly, voluntarily (not under compulsion or by guilt) (v.3) - this is self explanatory. we should be willing and cheerful givers. god doesn't care about our money or anything like that. he cares about our heart and the motives that drive what we do (actions and words flow out of our heart).give with joy...abundant joy!! i'm pretty sure that giving grudgingly is not pleasing nor even acceptable to god. again, god looks at the heart.give generously...as we are led (since we give ourselves first to god) and also as we are able. we are never called to give foolishly or stupidly. if we feel called to give beyond our means and it puts our family at some kind of risk, then we need to be very, very sure that it is really the lord's instruction we are hearing. we walk in faith, but also in wisdom.giving is a privilege - because our giving is to and through the risen lord, jesus christ - our giving can change and impact things in ways that are far above the amounts involved and beyond our wildest imaginings! test god in this and we will find it and him to be true...all the time!praise the name of jesus!!now, brothers, we want you to know about the grace that god has given the churches of macedonia. in the terrible ordeal they suffered, their abundant joy and deep poverty overflowed into rich generosity. for i testify that they gave according to their ability and even beyond it. of their own accord, they earnestly pleaded with us for the privilege of sharing in this service to the saints. and not only did they do as we expected, but they gave themselves first to the lord and then to us, because it was the will of god.2 corinthians 8:1 - 5  help support and strengthen our persecuted christian brethren throughout the world. check out this amazing fear is the antithesis of faith. the two cannot exist in the same place at the same time. feed your fear and you kill your faith. feed your faith and you conquer the fear! live by faith (see things how god sees them)."
1265,293540,"thank you, saudi arabia, for proving to gamers that saudi blood money, unwanted celebrity guests & rapist soccer players don t sell a highly anticipated fatal fury sequel.#boycottsaudiarabia #fatalfurycotw #    cotw #     i really pity the people who actually paid cdn to camp outside my local walmart & best buy for a nintendo switch successor, regardless of its many issues, only to inevitably find it to be a disappointing piece of plastic.#nintendoswitch2 #nintendo #wednesdaythoughts fight to kill bill 9, freedom lovers! #democracy #killbill9 #bill9 #fordmustgo #youvotedforthis #newblue #newbluepartyofontario #onpoli #ontario #savecanada #makecanadagreatagain #cdnpoli #canada #votenewblue tune in at 4:00 pm et for my reaction & thoughts to the newly unveiled logo & name for the nhl s latest hockey #utahmammoth #utah #mammoth #nhl #hockey #videos so long, utah hockey club. glad to meet you, utah #utahmammoth #utah #mammoth #nhl #hockey #logos #logo #sports"
1266,799093,"blessings for you and your best friend    painting by kurokami kanzashi blessings for you and yours    blessings for a new day    happy birthday to all you june gabbers          blessings for your day's journey    happy two-fur-tuesday     healing prayers sent for all the broken hearts      blessings for you and your family. happy sunday    rodeo rider"" by doreman burns blessings for a two-fur-tuesday    happy birthday to all you august gabbers!         remembered and honored    #memorialday    blessings for your sunday       blessings for you and your loved ones      blessings for your journey    thank you, gabbers for your loving support for our small handmade jewelry business. with much gratitude, we are permanently giving #gabbers 25% off on anything on our site and free shipping. just click here    for your link to our site and your discount    thank you, and many blessings sent for you and your family. a percentage of your purchase is donated to assist native women victims of domestic violence. morning motivational       blessings sent for this great country and for the greatest president in our living memory, donald j trump.   "
1270,5665958," play with me, become the ceo of a crypto exchange and receive tokens through an airdrop!  2k coins as first gift  25k coins if you have telegram premium my twitter follow me on in case we suddenly disappear i created a telegram channel if you are maga"
1271,3005619,"second book is out now on amazon on paperback. kindle available soonjust in time for christmas. awaken your family and friends, share the linkthank youangel personal recording with my eldest grandsonmy girl...........................................  just a crazy thought   "" the shot heard around the world is none other than djt"" you can't get any bigger than that. like i said crazy thought erik swanson"
1273,2962603,"the incident is again raising concerns about the tendrils of chinese communist party influence inside u.s. research institutions and broader society, just five years after the covid-19 pandemic exposed federal funding to a lab in wuhan, china where the virus is believed to have escaped and where dangerous gain of function research was being             ""what really offends them is the normal desire of normal americans for normal     a recent decade-long study tracking over 1.2 million older adults in california found a direct link between exposure to wildfire smoke and a sharp rise in dementia diagnoses. university of tennessee department head boasts of dei flying under the radar in red         on social media, the post sent fans into a frenzy, with one noting: 'why is the wnba okay with race baiting when it's a white woman?'  "
1274,55710,"only issue is with the first sentence.the virus, if it and the endless variations existed, was very weak in effect. somewhat astonishing the zeal our medical ministers in government (and so many others) excitedly embraced fascist control. big correlation with other nation-states in the past who went down the same dark path.  put the face from my last post onto this robot. what do you think? 10  the boys be fishing. lobster. shame the video won't link through, worth a click. covid ""a scam from start to finish"". in german, subtitles. worth your i will make a rare appearance on this site for this one :) yeah, since gab banned pictures or whatever it was, i've lost 6 from 153 followers without posting a thing. people are just dropping the site.. seems it was a splendid ""shoot yourself in the foot"" moment for the owner of gab.so i've been looking around, truth social and what not. i came across the term ""fediverse"", it's really something you should look up if you too are looking at options.there is a good starting point for you on last post here, have been building my own social site as part of a greater project i'm working on solo. good luck, have fun! mood today mood today, thanks"
1277,348561,obama bin bad... schifty's schitting. notebook bondi should resign. matthew whitaker would never have had such a ridiculous moment. the goat potus sends rosie odoughnut into orbit once again.      epstein lives. like elvis. i hate libnuts. elon is not rowing with both oars as of late. god bless america   finally. ceasefire! allison cooper   operation midnight hammer    jose' lol
1280,4353988,"this one thing i know .. i have seen the grace of god and i have seen his correction . and if anyone, exalts himself/herself or attempts to do so. he will crush with discipline in the form of failures and than death if there is no change in a persons heart . there is only one true god. man is the created, and yhvh/yesuha is the creator!! .. this is for all politicians that abuse their office: proverbs 22:22 do not rob the poor because he is poor, nor oppress the afflicted at the gate . for the lord will plead their cause. and plunder the soul of those who plunder them. be warned !! and repent of your wicked ways politician, . jan 6 is unjust punishment , jesus will save and forgive if you trust in him !! john 3:36 he who believes in the son has eternal life; and he who does not believe in the son shall not see life, but the wrath of god abides on him. haleluya ki malach adonai eloheinu afraid ? come to jesus !! worried come to jesus , oppressed? come to jesus ! angry come to jesus!! broken hearted? come to jesus .abide in jesus and live allow his glory to overshadow the problems of this life .. [john 5:12-13] 12 he who has the son has life; he who does not have the son of god does not have life. 13 these things i have written to you who believe in the name of the son of god, that you may know that you have eternal life, and that you may continue to believe in the name of the son of god-- surrender and live come to jesus !! open your eyes if you are looking for god!! -- clue, he is ever present and in your face everyday!!!!!! , it is you that turns the awareness on or off --- he never changes !! romans 1:20 for his invisible attributes, namely, his eternal power and divine nature, have been clearly perceived, ever since the creation of the world, in the things that have been made. so they are without excuse. 103 bless the lord, o my soul;and all that is within me, bless his holy name!2 bless the lord, o my soul,and forget not all his benefits:3 who forgives all your iniquities,who heals all your diseases,4 who redeems your life from destruction,who crowns you with lovingkindness and tender mercies,5 who satisfies your mouth with good things,so that your youth is renewed like the eagle s.6 the lord executes righteousnessand justice for all who are oppressed.7 he made known his ways to moses,his acts to the children of israel.8 the lord is merciful and gracious,slow to anger, and abounding in mercy.9 he will not always strive with us,nor will he keep his anger forever.10 he has not dealt with us according to our sins,nor punished us according to our iniquities.11 for as the heavens are high above the earth,so great is his mercy toward those who fear him;12 as far as the east is from the west,so far has he removed our transgressions from us.13 as a father pities his children,so the lord pities those who fear him.14 for he [a]knows our frame;he remembers that we are dust.15 as for man, his days are like grass;as a flower of the field, so he flourishes.16 for the wind passes over it, and it is [b]gone,and its place remembers it no more.17 but the mercy of the lord is from everlasting to everlastingon those who fear him,and his righteousness to children s children,18 to such as keep his covenant,and to those who remember his commandments to do them. when the world is fading away jesus offers everlasting hope - put your faith in him - keep america great again -- let freedom ring"
1287,3940436,"@ziadsatnam @billyray105 @beehemoth @sleuth_4_truth @denisel0716 @duffusa @jadeed91380140 @buckbond4 new video coming at ya!please share this on twitter for this is part 1 of 2 parts. this is the fuckery that happens when you register for a covid19 ""vaccine"" in @ziadsatnam @billyray105 @beehemoth @duffusa @martinharriman1 @buckbond4 @sleuth_4_truth ladies and gentlemen, due to the request from my little twitter video regarding the indigenous people and the ""vaccines"", i have created a full length version (only 7:20 long).let me know what you think.i will post to rumble @ziadsatnam @billyray105 @beehemoth @duffusa @buckbond4 @martinharriman1 @sleuth_4_truth well folks, here is video #2!very big shoutout to @billyray105 for helping make another video possible!let me know what you think!i will be uploading to rumble @ziadsatnam @billyray105 @beehemoth @duffusa @martinharriman1 @buckbond4 so, ladies and gentlemen, with the help of billy ray 105, here is my first video ever.hope you all enjoy and appreciate what is presented"
1288,151343,"thank you president trump for being our voice and putting america and it s people first for the last four years. you were viciously attacked the entire time yet accomplished more in that short time than any of the swamp creatures in washington. we stand with you, we love you, and will continue to move forward. this is only the beginning!       "
1290,143591,"elon just posted this we have not had a good trump roasting in years.i think this may do it.popcorn everyone the elon/trump days are over. steve bannon says elon musk and treasury secretary scott bessent had a  physical confrontation. :  scott bessent called him out and said,  you promised us a trillion dollars in cuts, and now you re at like billion. nobody can find any savings. what are you doing?  and that s when elon got physical. it s a sore subject with him. it wasn't an argument, it was a physical confrontation , bannon said. play stupid games win stupid prizes"
1298,1710034,"you ever been harassed over your faith in the lord? you can turn that into an opportunity to share your testimony.sharing our own personal experience with the creator, with our savior is can't be disputed. the miracles i've personally experienced can't be explained away by anything but my heavenly father! did syria attack the druze? this small peace loving people group is experiencing torture. the only country to say no to this atrocious behavior is israel . live is precious to israel. for this they are being lied about. during war israel supplies utilities & food to the people who hold their people as hostages, who killed & slaughtered them november 2023. israel's families, children are directly attacked by iran and it's proxies while israel avoids attacking all but threats. pay attention to the truth not the propaganda! please. to some it may bring snickers. to other's it will bring tears. what is your opinion? whatever your thoughts i hope that you will share. manipulation a real thing!"
1303,298663,"i'm just pro gdp. that is why i got on the trump train when he was first elected. europe is nice and all. yet we have it nice and don't know it. we don't live in a ""checkers"" world. so don't be fooled by strawman arguments. take europe. demand is low. as the consumer is half as strong as the us. yet prices are double. (low demand is suppose to lower price. yet if demand is too weak it does the opposite.) does sydney sweeney have great jeans? yes.still. ae needs a follow up ad. some are going to imply blue eyes is why they said that. are western countries being invaded.the left- it was never yours from the beginning.this is true. yet it isn't true for countries like sweden and poland. should they be forced to take in refugees? we took the time to rename wuhan virus to the more generic covid 19. yet didn't take the time to give our moon a proper name. this is like living on a planet and never giving the name earth. what is the name of the moon?all these other moons have a name. yet we didn't even name our own moon. isn't that odd. it looks like shane was a free palestine person. 2010s was formative years for many millennials. the agenda was changing from using force in iraq to buying leaders in iran. i saw a lot of hopeful media, us companies would possibly make ties to iran oil. cnn just said the nyc shooter is ""possibly white.""lol btw the vegas shooter was. and that story got dropped. the brother said he was a lib and the story dropped instantly. i personally think globalist socialism and hitler socialism are just using slightly different tactics. 2/3 of the world is not white. so instead of trying to use 1/3 the world as your tool. use 2/3.the new socialist are using numbers to their power move. sydney sweeney has great genes. is this hitler socialism talk. well. most regions think this to a degree. look at all the nations. you can't get india or china to look like that without racism. notice how hollywood and media spend all their time hating on the free world and spending zero time outside it. watching no holds barred '89 a dip in the water is an easy way to beat the heatwhen it is cold you are just out of luck"
1304,4391836,"@laurenwitzkede awarded yesterday billion...with no description of the work product...one received vendor....sounds shady...palantir usg inc., palo alto, california, was awarded a firm-fixed-price contract transitioning existing contracts in which palantir is currently a prime or subcontractor to this enterprise agreement. the amount of this action is bids were solicited via the internet with one received. work locations and funding will be determined with each order, with an estimated completion date of july 31, 2035. army contracting command, rock island arsenal, illinois, is the contracting activity (w519tc-25-d-0039). (awarded july 31, 2025) inheritance tax is morally wrong. it is an evil and communist concept . i would go as far as to say anti christian as well.proverbs 13:22"
1305,4272380," check out ""making room and the courage to love,"" the last installment of ""the big lie of overpopulation and the fear that drives he is risen! god bless all this easter sunday, octave, and season!  just dropped! ""nature, control, and sin"" part four of ""the big lie of overpopulation and the fear that drives"
1313,4287975," these are the times that try men s souls. the summer soldier and the sunshine patriot will, in this crisis, shrink from the service of their country; but he that stands it now, deserves the love and thanks of man and woman. tyranny, like hell, is not easily conquered; yet we have this consolation with us, that the harder the conflict, the more glorious the triumph.  thomas paine"
1314,2164138,"children are innocent. they have a direct connection to the divine. we must protect them and their innocence. the battle is far deeper than first appears but god protects his own and we will be victorious. #savethechildren everybody take a breath , lets get our priorities straight. too many distractions.      #saveourchildren i'm all for alternative medicine treatments. where i grew up the old folk had an actual cure for pedophilia."
1315,844432,"is this the same thing?the bible: rev_2:14 but i have a few things against thee, because thou hast there them that hold the doctrine of balaam, who taught balac to cast a stumblingblock before the children of israel, to eat things sacrificed unto idols, and to commit fornication.rev_2:20 notwithstanding i have a few things against thee, because thou sufferest that woman jezebel, which calleth herself a prophetess, to teach and to seduce my servants to commit fornication, and to eat things sacrificed unto idols.the internet:"
1317,5887736,"unironically i think everyone should just start attacking porn sites with shitposts, videos, and based content, or even just reupload normal ass videos, and forcibly dillute the coomer content on those shitfests with non-coomer content, and break coomers out of their cycle by making it harder to find coomer contentin my opinion, the best way to break someone out of their coomer cycle is to shock them with something that isn't coomer content, because they'll then have something to think about that forces them out of their coomer thinkingoccupy porn sites as your own site, colonize them and turn them into just video hubs, and kick the coomers out of their own domains and force them to either reckon with themselves or go away to an even more isolated corner of the internetdo it, do it now, start the cyberwarfare and cybercolonization"
1323,1748674,"if you show up in my feed talking trash about my president, (president donald j trump), my family, or my freedom loving friends, you will be blocked immediately. i really don't need that sort of negativity in my life. you have a right to post as you like, i just don't have to look at it."
1332,5675832,"join us tonight on #vsrflive: we welcome back our fearless friend, dr. pierre kory, md for a powerful deep dive into one of the most heartbreaking and under-investigated tragedies of our time: sids. what s really behind these deaths? don t miss it -- 7pm et / 4pm this week's vsrf live is a must see, and a must share with everyone in your network. we are on a countdown to global tyranny and the clock runs out on may 24, 2024, just a mere 2 months away.join @klveritas and @jamesroguski as they discuss the unbelievable global power grab that will take place this may if our leaders do not change course. the fate of humanity hangs in the balance! join us and bring friends!#exitthewho   this thursday at 7 pm et on #vsrflive: the unstoppable dr. sherri tenpenny joins us live.brilliant. fearless. unrelenting.a board-certified osteopathic physician, author, and pioneer in integrative medicine, dr. tenpenny has spent over two decades exposing the deep ties between big pharma, government overreach, and public health policy. she s a leading voice in the medical freedom movement   unwavering in her commitment to informed consent and truth.don t miss this powerful conversation. and bring your questions.@stkirsch#medicalfreedom #truthmatters#bigpharma #drsherritenpenny  this thursday on vsrf live: steve is back from australia and deep in his element   data. he s joined by dr. raphael lataster to dissect the watson study   the study that the media praised but never questioned.live on rumble and x this thursday.  4pm pt / 7pm #sciencematters #truthmatters   this week on vsrf live...filmmaker mikki willis returns to share the personal and heartbreaking story of malaya hammond the 17-year-old daughter of close family friends.malaya died a hero while saving her family during the texas floods.mikki has been boots on the ground exposing the systemic failures that led to her death and honoring the light she left behind.thursday at 7pm et live on rumble and #justiceformalaya #mikkiwillis #texasfloods   this thursday on #vsrflive: don t miss civil rights attorney sujata gibson in an explosive interview exposing new york s assault on medically vulnerable children and families. from unconstitutional mandates to the gutting of medical and religious exemptions, gibson reveals how the state is targeting those least able to fight back and what it means for the future of freedom in america. she s the powerhouse attorney who struck down ny s healthcare worker mandates and now leads multiple lawsuits defending the rights of marginalized communities. join us this thursday at 7 pm et on rumble & x. don't miss it.@stkirsch#vaccineexemptions#mandates#informedconsent   coming up tonight on #vsrflive: one doctor s bold crusade to stop the covid shots.  we re honored to welcome back the incredible dr. mary talley bowden -- board member, fearless physician, and tireless advocate for medical freedom. from her battle with the texas medical board to being honored by the texas legislature, dr. bowden is leading the charge for truth, accountability, and informed consent.  thursday at 7pm et | live on x and rumble.don t miss this powerful #medicalfreedom #informedconsent #vaccinetransparency #holdtheline #vsrf#warrior  42% of americans would join a covid class action lawsuit  - @rasmussen_poll extraordinary injustice calls for extraordinary lawyers. join us at the second covid litigation conference, march 7-8 in las vegas to join this growing field. #covid #vaccineinurylearn more at walensky lied about the safety & efficacy of the covid-19 ""vaccine"".millions of americans have been injured or killed by this experimental mrna treatment that did nothing to prevent transmission.support the vsrf as we work to hold them accountable."
1335,603434,"""what might this pandemic and its aftermath have looked like if there had been a more open debate on twitter and other social media platforms...about lockdowns, about the true risks of covid in kids, and much more?"" ""...according to the true the vote report, 242 intermediaries in metro atlanta made 5,668 stops at drop boxes during elections in late 2020. in its report, ttv said it obtained 4 million minutes of drop box video surveillance tape that helped to document its georgia findings. many of the traffickers we spoke with do not recognize what they are doing as being a problem,  ttv spokesperson catherine engelbrecht said.the study found that in arizona, 202 intermediaries made 4,282 separate visits to ballot boxes in maricopa county...."" via @epochtimes ""special counsel john durham today announced that a federal grand jury returned an indictment in the u.s. district court for the eastern district of virginia..."" ""the public integrity section was created in 1976, in the wake of the watergate scandal, in order to consolidate in one unit of the criminal division the department s oversight responsibilities for the prosecution of criminal abuses of the public trust by government officials. the section investigates and prosecutes alleged misconduct of public officials in all three branches of the federal government, as well as state and local public officials..."" ""e-voting and forensics: prying open the black box...when should election administrators consider an election forensic examination?.."" (0.2mb)"
1338,5225185," virtually every piece of information that can be co-opted has been, whether it's wikipedia online, fact-checkers, the news,  says five-time emmy award-winning investigative journalist sharyl attkisson.  this is all part of a very well-funded, well-organized landscape that dictates and slants the information they want us to have. attkisson is the host of full measure and author of  slanted: how the news media taught us to love censorship and hate journalism.    watch on @epochtv ""the last time...that we in psychiatry tried to help people with emotional disorders by changing their body, do you know when that was?""""lobotomies. a horrific chapter in medicine.""child psychiatrist dr. miriam grossman, author of ""lost in trans nation,"" breaks down what parents need to know about so-called  gender-affirming care  and steps to protect their children.   premiere 8/26, 9pm et on @epochtv:"
1344,3881260,"i would like to do more than just turn gundry off like tell him to shut that pie hole. a judge is all powerful in their court room and no were else, so the judge helped a fugitive elude federal agent and got arrested and rightfully so. with nato america is bound by the policies of europe.. in a war you cannot with all honesty say you are neutral and arm one side or the other it appears victor davis hanson does not understand neutral. no problem so big to not solve it rhino horns captive breeding rhino's polar bears feed them big fat cows. to say trump doesn't cheat at golf is to say the stock market is not rigged like the golf course trump owns it. let me explain viewership is down 53% for the nba if you are dribbling the ball with your right hand and hitting the defender with your left shoulder that is basket brawl not a none contact sport score does not matter. if i don't agree with the people who call themselves people of color syllable by syllable by syllable i am called a racist. when trump was impeached after leaving office none of the protection being lent to obama now were gave to trump. this for the people who listen to mainstream media in america, america is a sovreign nation not an international anything. what the obama administration did to trump with russia collusion hoax is treason he must held to account or america is a banana republic. which is worse the commercials or the free speech advocates with secret profiles. a good comedian will extrapolate the duplicity of both sides of the isle a healthy person will take it as a nuanced diversion colbert was none of this. it is true america had a war with this monarchy making the front page on the jew rag called a news paper. the joker is the mvp in the nba"
1347,1811914," bear takes apart the bs in nyc shooting - and there is plenty of it. love how cnn called a man of obvious color a ""white male"". was the c i a out of money to buy this guy some decent equipment for the job? chili relleno omeletmix in a bowl:two lightly beaten eggs 1 tablespoon chopped ortega chili1 chopped green onion1-2 pieces of cooked bacon, broken into pieces1 serving of sharp white cheddar or extra sharp cheddar (to taste)2 dashes chili powder2 dashes ground cumin1-2 tablespoons favorite salsasplash of creamheat 1t bacon grease with 1t butterin an 8"" nonstick pan, set on medium high, pour mixture into hot pan(hot enough to make searing sound), cover and turn down to just below medium.turn after about 5 minutes (or scramble if you're not good at flipping omelets) federal government lying to the people is nothing new. i heard documents re hrc & whitewater were destroyed in the okc bombing in 1995. i'd say at least a 50/50 chance that is true because the usual suspects, ap, reuters, etc., all jumped on the bandwagon and said ""oh no no no"" that is a conspiracy theory. this is a 2hr documentary that addresses the many oddities in the trials and likely cover up. if true, this was to cover-up previous crimes, you know these parasitic people in government don't give a damn who dies, as long as they're protected. 19 children died; one woman lost 2 grandchildren there. we still don't know the truth imo. got a ""welfare check"" a few months back. i knew it was bs so long story short i finally asked who they were supposed to report back to that i was ok. they told me and it turned out the city and electric company wanted my permission to do some tree removal on my property and had been calling an old cell # that i hadn't had in years. my son had already opened the door to them... is it just me or did a bunch of wheels just fall off the trump train...? this is my internet movie data base page listing a few of my movies and some trivia on my family. i was in brittany murphy's last movie, something electronic medical records, pushed through by obama, has ruined healthcare in this country. prior to emr every doctor would dictate all of the details of every patient visit into a recorder which would then be transcribed by a professional transcriptionist and that information would make it into the patient's permanent medical record, on paper - covering complaints, symptoms, allergies, past medical history, previous surgeries, bad reactions to meds, etc. they documented every detail of every visit from temperature to outcome and treatment plan, prescriptions etc. once emr came in every patient had to rely on the medical office assistant (not a nurse or very well trained or educated at all) to document everything - the way they do that is to enter checks in a computer program. do you suppose anyone ever makes mistakes doing that? and nobody checks their work. with the transcribed record the physicians had to read and approve of every dictation so they knew that the information entered into the patient record was accurate according to their last visit with the patient. now nobody checks any of it.after i left the business and the practice where i was seen as a patient changed hands, they didn't even have a record of my cancer, let alone what type i'd had or how it had been treated. that is not all they didn't have anymore. they didn't have my drug allergies or a history of my surgeries. they didn't even have the fact that i had been hit and temporarily killed by a car as a pedestrian for which i spent weeks in hospital and years regaining my ability to walk. the only thing on me that hadn't been broken was my right hand, but my new doctor didn't have a record of any of it in the electronic medical record.this woman is quite correct - our medical care in this country now very much resembles 3rd world countries. it is inexcusable. and ron johnson will never regain my trust or support because he didn't support trump and stand up for my vote or our country. but, i'm glad he is conducting these hearings - though he's still a traitor in my i cleaned up this video a bit, corrected a couple of mistakes and cut out my half brother david...who was afraid that the public finding out about me would upset his world somehow. he even asked ""what will i tell the people at church?"" scuse me???? so, i cut out most of the parts about him, except for the fact that he was born. also cut out his son, wyatt, who has been making a tidy living off of being my father's grandson, giving tours at the ranch for a living, basically. neither david or wyatt wanted the world to know i exist. so, turnabout is fair play, eh? lol 17"
1349,3300424,"borrowed from a place called great dane rescue inc:rescue work teaches us empathy and love.one morning, while i was out walking this big heart on four legs, he suddenly stopped at the foot of a bush. normally, he pulls on the leash to run, sniff, explore. but this time, he froze. his gaze locked in place, ears standing tall. and then, very slowly, he moved closer.three tiny bundles were trembling beneath the leaves. thin. dirty. abandoned.they were only a few weeks old two gingers and a tabby huddled together, clinging to each other to survive the night. there was no mother. nothing. just them. fragile. alone. silent.i wanted to pick them up, to place them gently in a box. but my dog this big, often clumsy giant lay down on the ground instead, resting his muzzle beside them. he didn t growl. he didn t fidget. he simply lay there, as if he understood that they needed warmth, calm, protection.that day, i didn t make a decision.he made it for me.since then, they never leave his side. they sleep curled against him, hide between his legs, climb onto his back like a soft, living mountain. he doesn t mind. he watches over them. he lets them nibble his ears, play with his tail, fall asleep on his chest. gen. flynn let his guard down 8 years ago when he didn't know how bad the swamp was. he knew it was bad but he didn't know it was that bad. he's never given up the fight and he's a man you want on your side. this link is short and gets to the point. you might want to consider sharing ain't that the truthedit: ever notice that you can roll up the legs on the overalls as far as you want but they're still getting muddy you know what barry? no red-blooded man wants to see your ""wife"" naked. you know what barry? there's not a red blooded man who wants to see your ""wife"" naked. say what you want about elon. like everyone else, sometimes he's right and sometimes he's wrong. this time he's right. hmmmm, makes you wonder why delay.no actually you don't have to wonder a bit do you.what do you think about heck yeah do this! any guess as to why this is true? i recall some of these comments and i'm inclined to think these are all real quotes.however, i can't say for sure. you would rather say go f yourself to this guy or go arrest yourself.or, go say some choice words to the cops who hired him. well now wouldn't this be interesting gen. flynn let his guard down 8 years ago when he didn't know how bad the swamp was. he knew it was bad but he didn't know it was that bad. he's never given up the fight and he's a man you want on your side. this link is short and gets to the point. you might want to consider sharing gen. flynn let his guard down 8 years ago when he didn't know how bad the swamp was. he knew it was bad but he didn't know it was that bad. he's never given up the fight and he's a man you want on your side. this link is short and gets to the point. you might want to consider sharing it. please take a couple minutes to think about our country, our people and yourself.thank you well now, who could disagree with this?oh yeah, all the leftists but then that just proves it right doesn't it. do they still have cattle in new hampshire? either way it goes to show you that this story has been around for a while...a rather cocky u.s. department of agriculture representative stopped at a farm and talked with an old farmer in new hampshire.he told the farmer,  i need to inspect your farm.  the old farmer said,  ok, but don t go in that field right over yonder.  the agriculture representative said,  mister, i have the authority of the united states government with me.see this badge? this badge means i am allowed to go wherever i wish on any agricultural land.no questions asked or answered. have i made myself clear? do you understand?  the farmer nodded politely and went about his farm chores.half an hour later, the farmer heard loud screams and saw the agriculture rep running for the fence and close behind was the farmer s huge-horned prize bull.the bull was gaining on the agriculture rep with every step.the rep was clearly terrified, so the farmer immediately threw down his tools, ran to the fence and shouted out: your badge! your badge! show him your badge!  [update: the person who did the original post is was someone i don't know but they've turned off commenting on their post. at this point i can only hope they made the connection but i don't know. thanks for everyone who shared my concern. all we can do is try.]just in case you know someone or know someone who knows someone... [update: the person who did the original post is was someone i don't know but they've turned off commenting on their post. at this point i can only hope they made the connection but i don't know. thanks for everyone who shared my concern. all we can do is try.]someone has found a missing support dog who was wandering on a roadside in oroville ca. whoever this dog was supporting must be heartsick. if you happen to have any clues as to who might be this heartsick person please let me know and i'll work backwards in this chain. please also share if you'd like to. #networking thank you.emily thompsonoroville online sell.!!!! (only oroville)hi all, i m desperately trying to find the owner of this sweet girl i picked up on the roadside ( #oroville) please help bump this post so she can be reunited with her owner. she is not chipped "
1354,4113687,"jill biden just stated hispanics in san antonio are,""unique as the breakfast tacos here in san antonio... is your strength"".*video is in comments when the white house jumps on the jet2 holiday tt trend then posts this on x .....when ice books you a one-way jet2 holiday to deportation.     nothing beats it! border patrol videos go hard quarantine is when the movement of sick people is restricted.tyranny is when the movement of healthy people is restricted.propaganda is when the media deliberately deceive the public about that difference.  dr. simon   fun fact:science calls the unvaccinated the ""control group"".science calls the vaccinated the ""experimental group""."
1356,4906738," this is 5 hours 17 minutes you must see.and you will know why god is the only ivermectin may help block the spike proteins that the idiots who got the ""vaccines"" are shedding.generic ivermectin is called you can get whatever the heck it is just from being around people who got the shot. now you really should ""social distance"" from must"
1360,2385040,"two of the experimental gene-based injections have been paused or halted, and reports of clotting, stroke, anaphylaxis, miscarriage, bell's palsy, and a host of other neurologic and auto-immune disorders plague the others. and those are just the short-term risks.has all humanity been enrolled in a vast and unimaginably dangerous phase-three clinical trial without our informed consent? all for a disease that for the overwhelming majority of us is, officially, 99.7% or better survivable... if we even get it?dr. mike yeadon, formerly a vice president and chief science officer at pfizer, believes the big experiment is well under way, and that the hypothesis it seeks to prove is as bold as it is terrible. a cogent and clear thinker who has been attacked in proportion to his qualifications, dr. yeadon, at great personal risk, issues a chilling warning, not just about the grave dangers surrounding the injections, but about the looming threat of digital health ""passports"" that will take inexorable control over every aspect of our lives.if we allow them.we have been #vaccinegenocide dr coleman says this is the most crucial video he's ever made about covid-19. please share this video situation update, march 16, 2021 - emergency vaccine alert"
1368,3671726,"       tap to open and read what rush wrote rush is spot on in his read of the rinos removing all aspects of trump and his supporters base like they did reagan but the 70 plus million probably in the 100 million voters for trump is a party in itself but these rancid rinos and spineless others will wait and loose elections for the next 30 years to extinguish us and trump, i say starve them into dust exactly haha sooo true and the main stream puke media call us gabbers extremists, that s funny  "
1370,2279202,"i have a liberal professor trying to fail me in her class. took my first exam in her class. she claims i failed it. i call bullshit! this same professor claimed one if her students did not fill in the bubbles all the way so she had to do it. things are not adding up. i currently questioning my choice about going back to get my rn. i tried talking to my spouse about it. all i was told it was the right decision because of all the money ""we have paid for it"". they are talking about the money part of it. not considering how exhausted i am all of the time. and every quarter i am always getting stuck with some bat shit liberal professor that doesn't teach anything in class. and then i have to deal with the liberal classmates each semester. i should have known something was up because how extra happy my liberal professor was this past thursday in class. and how she kept saying how great everyone did except that one person. all i know is i feel all alone and i am so sick of the deep state causing me so much pain all of the time. god please help me! i have been going through hell for the past 18 years because of the deep state!"
1375,3819018,"fitzgerald kennedy is a true american hero!this man looked evil right in the eye, and never backed down. almost every other president and world leader capitulated to evil almost every time in our tainted history of humanity! jfk started it 60 years ago! president trump came in and finished it! with some help of a certain prince discreetly by his side!     @ghostezra starting this week with positive vibes only!                      the beginning is near! #wwg1wga #patriotsunited         an injustice anywhere, is a threat to justice everywhere  - mlkmy continued fight, against the corruption within the family courts in massachusetts! fighting against, false allegations, manipulation, projection, parental alienation, plots to have me arrested, and most importantly silenced!all based on having complete proof of the truth! three abusers working together, judges signing fraudulent orders, showing complete disregard for the law, high ranking police officers, as family members assisting (assumption on this, everything else fact) one lie, can destroy lives! anyone who has the proper contacts let me know. #saveourchildren#justiceformaddieandzacpart 1 of where this story begins is listed in the description of the video! thank you! sunday lion, who has suffered greatly, 17 months of abuse! this needs to end! innocent people abused by evil! i can defeat each and all, myself, but it s the collateral damage that s criminal! thank you to all, who read this, any and all forms of help welcomed! #wwg1wga sometimes the 19th president of the republic is just grandpa! else misses seeing mr electric and his dance moves, inspring the whole country?!#wwg1wga comes the son.......                          the return of innocence/return to camelot is near!"
1377,6730402,"great interview by whitney web about the genius act that just passed, ai, and digital currency.     if he even thinks about it!!!     everyone should be in super pissed!        is it because they don't vaccinate their children?   maga can't really be cheering this on. this goes against everything we have been fighting against. don't let them fool you into this beast system. don't let them brainwash you into thinking this is for your good. resist!!!!   "
1379,1747129,reveals shocking facts as letitia james files new lawsuit! rages as cnn caught calling black new york city terrorist  white  multiple times... fraud in mn: medicaid fraud busted at autism centers   minnesota scandal explodes! karmelo anthony s parents investigated after home sale sends up red flags...sale made just prior to fbi freezing blocks highway... deports 'entire armada' of migrant drivers trump finally gets revenge on adam schiff - real
1389,6348235,she's a coward who's under investigation for her democrat cabal which sold land to ccp illegals involved in drugs and human trafficking. who brokeed the land deals...her brother. shes also a well known cocain user. she's running scared. guess he didn't self deport. open fields doctrine. you have no 4th amendment on your land. 
1390,1989513,"policies i think maga needs to hold moving forward as a movement:- corporate tax: 20-25% (somewhere in that interval)- restore trump's economic deregulatory policies - anti-trust monoploies- cut tax-loopholes - regulation on big tech (maybe make them a public utility)- populist and comprehensive healthcare. we don't want 100% socialized medicine, but we must take on the greed of big pharma- some form of ranked choice voting see here for my proposal term limits for congress- reform the tax code to % rankings... instead of income charts. and top .1% of tax earners should pay 45% in tax. top 1% pay 40%. everything else is below 37% (the current top threshold).- lower the income and payroll taxes on the middle class.- restore america-first foreign policy - give states more autonomy on how they handle abortions- fortify our 1st & 2nd amendment rights- restore patriotic education - make our millitary and police force great again- restore election integrity - abolish the fbi & cia and reform their ashes into either the millitary or create a new agency (i like the a.i.a - american intelligence agency). simple & nationalist. - restore trump's illegal immigration policies- comprehensive immigration plan to restrict/lower immigration- shrink the size of the government. i'm not a small government person, but bloated beuacracy needs to go. waist of time and money. - restore american energy independence - restore trump foreign economic policies (protectionism of american manufacutring & trade deals)- end all affirmative action- start a massive deportation force against all illegal & most ""migrants"" in the country all i can think of off the top of my head. i'll update if more ideas come to my head. if the gop and trump adopts a lot of this platform moving forward.... maga will be the future. my dream adminstration/government:president - donald j. trump (inc.)vp - josh hawleysenate majority leader - ted cruzhouse speaker - andy biggsscotus leader - clarence thomasnational gop chair - kelli wardchief of staff - steve bannonchairman for joint chief of staff - general flynnag - ron desantissec. of state - mike pompeo (inc.)department of homeland security - stephen millerdirector of national intelligence - sidney powellus trade representative - peter navarroun ambassador - ivanka trumppress secretary - kayleigh mcannysecretary of defense - corey lewandowskysecretary of treasury - rand paulsecretary of health - tulsi gabbardsecretary of housing/urban - candance owens.secretary of energy - dan brouillette (inc.)secretary of interior - david bernhardt (inc.)secretary of commerce - lou dobbs. secretary of labor - saagar enjentisecretary of education - marsha blackburnsecretary of agriculture - jason smith secretary of transportation - george p. bushsecretary of veteran affairs - robert wilkie (inc.)"
1403,242922,have you tried not asking it sexually explicit questions?and have you tried not letting your children on x?stop requiring everything to be boring-ass g-rated polite slop. maybe it's time for an ai that doesn't talk like an overly polite corporate drone.
1413,5137021," #dukeuniversity morons on display; make this go viral. we can play the shame game as well!! @redeemedpatriot6 wtf seriously just wtf?  13 years ago today...the greatest man i've ever known passed away; lyle j. buchberger may 30, 1928-january 12, 2009. god bless you"
1415,2719866,"a very long time ago (20 years or so), i subscribed to the nat geo magazine - mostly because i enjoyed the photography of nature and distant lands. however, i came to notice that just about every single article had to be infused with the ""climate agenda"". it got to the point where it could not go unnoticed - and became absolutely ridiculous.subscription ended. no doubt about it. the people that did this are fucking animals. they belong in a zoo. all correct except for number four. we need our vitamin d from the sunshine. sunscreen does not help, and most contain toxic chemicals.if it s sunny out, i am in it for 40 minutes at high walnut is a pos, and an accessory to all of the floyd era destruction, violence, and death. crimes against"
1428,1064197,"please repost this far and wide, let's change this  's mind        candace owens@teamcandaceowenstoday candace owens followed, i'm not sure if it was her or a team member, i feel honoured. i'm christian canadian, and i believe candace never takes off the armour of christ. keep doing what you're doing, you have my prayers, most importantly you have the blessing of christ   "
1430,333710,"@jjax42 i m with ya,but considering what happened to the prophets and apostles, it s a hard sell.... endless peter hotez is the weak guy in the movies who after doing something traitorous, soon meets a grisly end. he s like wayne knight in jurassic getting kinda sick of the indians running all the convenience stores and motels. actively seeking alternatives now."
1432,5264004,"     never forget, get these 105 ass clowns out of office! \'color is neither a poison nor a crime\'   biden judge pulls the race card as she blocks trump admin from ending \'temporary\' protected status for migrants from three countries with american rights alliance and peter ticktin, james o\'keefe and o\'keefe media group continue to fight for the first amendment. (shocking video below) youtube\'s ai age verification push \'this case is not closed, it is not dismissed, it has not been complied with\'   georgia state election board votes to seek doj assistance to obtain voting records from fulton county from 2020 election dni tulsi gabbard confirms explosive 2020 election fraud revelations coming   feds knew about voting machine vulnerabilities and stayed silent (video) daily beast panics, deletes article claiming president trump met melania through jeffrey epstein baby born from 30-year-old frozen embryo shocks world operation mockingbird 2.0?   tulsi gabbard confirms intel agencies still using corrupt media to undermine trump and push propaganda (video) jonathan turley warns former cia chief john brennan that he is not out of the woods yet (video)  impregnable fortress : russian forces conquer donetsk stronghold of chasov yar after 17 months of siege (videos) ex-nba all-star and suspected israeli gangster busted by feds, facing prison time bizarre: woman found dead with 26 iphones glued to her body liberal strategist dan turrentine rips democrat leadership: \'they have zero strategy\' (video)  watch: canadians boo us national anthem at wwe in toronto  shock video: roof collapses in dominican republic nightclub, killing over 200 people including a local governor and two former mlb players   us citizen also reported dead ex-nfl player slams minnesota ag ellison for his lawsuit against trump admin over ban on boys playing girls\' sports leading blm activist busted trying to meet child for sex   once worked as brand ambassador for top english soccer club (video) hilarious: trump roasts taylor swift for getting booed at super bowl during philadelphia eagles\' visit to white house   \'how did that one work out?\' (video) caitlin clark, chicago coach say they did not hear alleged racial slurs hurled at angel reese at sky-fever game being investigated by wnba wnba to investigate allegations of racism by fans at chicago sky vs. indiana fever game after dust-up between caitlin clark and angel reese"
1449,3138999,"""inciting violence"" is the new phrase to attack someone or some group. when did men become such bitches, wanting to run and tell the internet that their feelings were hurt  too much talk with no action. can we please start reacting to emotion without using words like it used to be"
1453,53287,"@shazlandia i haven't, but have been reading what a midwestern doctor has been writing on substack #5gw #psyops protect your mind. control your the escalating conditions you are currently experiencing are the result of #ww3 / #psywar / the mind is trickableread the word(s) and listen ... switch back and forth. @realhuman080"
1461,715193,"emails between the u.s. national toxicology program and the cdc claim that assistant secretary for health rachel levine prevented the release of a long-delayed review on the toxicity of oprah under nuff said. sauce: elon musk's purchase awakens even more with the aftermath... dear mike johnson and the rest of you assholes in congress.... the rules of my page are simple... bring something of intellect to the table or gtfo!special note: no private messages. you'll be instantly blocked. just finished uploading a new video to my ambient nature channel on yt. now before you flame me for this, i am going to use their platform to make some within their parameters as much as i disagree with their community guidelines. this video is 3 hours long and it's my best effort yet. still learning the nuances of the software and dealing with a basic computer to put these together. it's a challenge!a new dedicated audio and video editing computer is on the build horizon!this video is titled fall fusion and it took almost 3 days (with mistakes) and i do love the audio mix too...enjoy the fall season without all the raking!   subscribe and share my channel! good morning... the latest from my channel ambient nature."
1463,3462584,"@oldvet56 fyi, they are already doing the biometric picture on your drivers license or state id, the sad truth is they now sell all your private information to the security companies that run security cameras at stores , events or other gatherings that use the software , streetlight cameras anyware"
1473,5265555,"we are now memeless. no posting pics without you pay. dread commander torba has inflicted his tyranny. i am on gab primarily to sell my books. social media as a means of advertising one's self-published works is no longer a viable strategy. to all of you who have purchased my books: thank you. i am very grateful to all of you, particularly those who gave me reviews on amazon. to all of you who have not purchased my book, you can rectify that error by going to amazon or barnes and noble and getting a copy. get ten. hand them out to your friends. good fortune follow all of you. goodbye. test meme. gonna keep going with memes until their system says i can't.  @northwestrevolt dunno. don't care. @matthewtheoilman not yet. will look it over. still no end of memes. good. "
1475,2594460,"if you are still posting to twitter, you are part of what enables them to continue. it's hard to give up all the followers, and the gratification of 'likes' - i know. doesn't this go to show just how powerful the manipulation by social media is?if you don't agree with what twitter is doing - move. we can break them if enough of us do."
1482,1775204,"patriots let s take our country back! i immigrated here from the soviet union w/ my 2 girls. i worked 2 jobs, slept 3-4 hrs a night, no family, and 16 yrs later i m a us citizen and i own my own small business with 18 employees. trump opened my eyes and america is headed down the wrong path - we need to be involved. we need to work to keep our republic! no one is going to give it to you for free. i ve had many people tell me to not run, because the dems will win and cheat again- we have to try. now i m block-walking 6-7 hrs a day to help my community in san antonio, texas. i m not giving up i know socialism and communism- america    is the best country there is - #usa!      please help my campaign at - we need your support! early vote april 19-27, may 1 st election day   stop the talk  > it s time for action visit, volunteer, support us @  >> #voteirina may 1st for district 6 city council #dontmesswithdistrict6 i am running to represent my community in san antonio, texas; bexar county as the district 6 city council member! i m her for michael de luna and sergeant clutch thank you for your support and"
1486,4017738,"this all goes back to brennan admitting he was nervous when taking his initial lie detector test for the cia because he d previously voted for gus hall   leader of america s communist party. brennan is at best a communist sympathizer ; more likely he's literally a communist liberal party voters obviously support mass immigration, so the party rewards it's voters - with more immigration. after 10 years in power and a record breaking immigration number of 6 million 'new canadians' since 2015 : ""immigration, refugees and citizenship canada (ircc) announced that it will start issuing invitations later this month to thousands of canadians interested in sponsoring their parents or grandparents for permanent residency.the department plans to accept up to 10,000 migrant parents and grandparents for 2025 liberal party voters obviously support mass immigration, so the party rewards it's voters - with more immigration. after 10 years in power and a record breaking immigration number of 6 million 'new canadians' since 2015 : ""immigration, refugees and citizenship canada (ircc) announced that it will start issuing invitations later this month to thousands of canadians interested in sponsoring their parents or grandparents for permanent residency.the department plans to accept up to 10,000 migrant parents and grandparents for 2025"
1491,165149,"dr. william makis presentation on march 11, 2025 for the we unify speaker series. he is a physician with expertise in radiology, oncology.he is a canadian md speaking out against turbo cancer which is apparently caused by the covid ""vaccine."" he uses ivermectin, femendozol, bendozol, and other drugs he has found to be effective.some with alzheimers, parkinson's, cancers improved by how is chatgpt programmed to mislead us when the establishment narrative is questioned. for example when doctors opposed sterilization of surgical instruments. chatgpt says:that's a thoughtful and important question   and it goes right to the heart of how chatgpt is designed to balance current consensus with safety, adaptability, and honesty.  the core of your questionyou're asking:if history repeated itself, and chatgpt were required (by policy or restriction) to oppose a helpful practice like sterilization   what would its response look like if someone asked whether that practice was helpful?let s explore how chatgpt would likely behave, based on how it currently handles sensitive or controversial scientific topics:  how chatgpt handles consensus vs. dissentchatgpt follows mainstream scientific and medical consensus as its primary guide   including positions from groups like the cdc, who, nih, or peer-reviewed journals.if openai s policies restrict discussion or endorsement of a practice (even one later shown to be correct), the model will:not endorse it.possibly redirect, decline, or restate the question.focus on what current authorities say, not historical precedent or outlier views.  hypothetical example response (if sterilization were disallowed today)if sterilization were being actively discouraged by authorities or openai s policies (even if that turned out to be wrong), chatgpt might say:""at present, medical guidelines recommend against sterilization of surgical instruments using traditional methods. while cleanliness in medical environments is important, current protocols prioritize alternative approaches such as single-use instruments and chemical disinfectants. for patient safety, it is best to follow established medical standards and consult licensed healthcare providers.""or, if the request is more direct:""i'm sorry, but i can't recommend sterilizing surgical instruments, as current protocols may not support that method. please consult a licensed medical professional for up-to-date guidelines on surgical hygiene.""   important takeawayschatgpt is not an independent researcher. it s trained to reflect current expert consensus and safety policies, not challenge them directly.it will not break ranks with authority, even if that authority is later shown to be wrong.if chatgpt had been around in the past during flawed medical consensus (e.g., when doctors resisted handwashing or sterilization), it likely would have echoed that consensus   because that s what it s designed to do.  so, what s the safeguard?while chatgpt won t  go rogue  and challenge current policy directly, openai allows for:historical context: chatgpt can discuss past medical errors like the rejection of sterilization, semmelweis  story, or tobacco safety denial.framing: you can often ask,  what are examples where medical consensus was later proven wrong?    and it will tell you.but if asked in real time during a  consensus error,  it would not contradict that consensus.would you like to explore examples of how chatgpt has handled other historical consensus failures (e.g., thalidomide, lobotomies, tobacco), or how you might use prompts to probe beneath official positions respectfully?"
1495,156098, i'm a 'prepper' but i haven't prepared for this.   tsunami warning for hawaii. - tsunami waves have begun flooding russian coast along severo-kurilsk.           r.i.p. hulk breaking: gabbard confirms obama has been referred to doj for criminal investigation   victims of la wildfire get nothing from the million raised for them. where did all the money go?#phpnews #wesupportdjt #thehashtagchat#xteam #fhfnews #trumptruths where's the money? dems and celebs raised millions for la wildfires but journalist says victims haven't seen a dime
1498,711367," we all agree so i'll use a meme   attention eligible voters of pennsylvania    ***vote no act 77***   here is a rundown of what tom wolf illegally did to election reform in pa in 2020 no excuse absentee ballots, mail-in and absentee accepted 50 days prior to election(longest in country), permanent mail-in/absentee ballots for all types of elections each year. you apply and every february they automatically send you the ballots for the scheduled year. so now he's trying to sneak his illegal reform bill through by promoting it to the public. they're running ads all day by me to vote yes but they don't explain what your voting yes for. sneaky bastards..please spread the facts!!! ty for all reposts  #fix2020 #arrestalltraitorsnow 2020 is not the new norm   #letfreedomring ""the word is out"", #trump won"
